online_staker_keys,public_key
HashShark13491,B62qn6ghXPBifu9hCtwMGvTe3TGjz15NTKVNZkXdMxUoBj5VzMuBoCV
ParallelLion8488,B62qrVMUhb5Z27fVYKn17gt1wyd77ejEzJ5w27Dq9ZgZdodFESHzm6e
RandomBear8404,B62qjzpBzbusLDbTjq6JWj8EuVwLMLGXcQUJVyw3f2Bbm42dHtU3hey
LightEmber15277,B62qr7TUWfXtxGsX37i85VWSHVjR1dU1d3b6eFMPiUbpamLGFKozWjk
SyncSpark3330,B62qoLttv68JCimC8m6xhR3sVa8VaonerKCE3i4oFh6Pz8KvUbRhHQa
StrongHacker603,B62qmcP7bGzTNBCtPyS1UTYVrgE8zcZV87iPurGp92CiPFyw7UYXXVn
TurboBreaker6303,B62qibacR5X8AjgKw4LpXjUAPuyweNoBHpEVc7CaoPMFRagjVGFGFSV
AsyncHacker30997,B62qpsMPenqZ3QKkWk1RgEcSZQJFH65izDwuhFSo4KFUY4HbabTKnMA
LambdaMiner22516,B62qphqzCd2L2kTNPaew9SQGADQX3aTSv11wFm1Ga4vnsV6QD94yWpk
RollupShadow26183,B62qnUM4gm8d5AoaQJ6xArRvVAkBwpLsCeKxVNNCUTThH9t1uhAV8Gc
