--
-- PostgreSQL database dump
--

-- Dumped from database version 12.4 (Ubuntu 12.4-0ubuntu0.20.04.1)
-- Dumped by pg_dump version 12.4 (Ubuntu 12.4-0ubuntu0.20.04.1)

SET statement_timeout = 0;
SET lock_timeout = 0;
SET idle_in_transaction_session_timeout = 0;
SET client_encoding = 'UTF8';
SET standard_conforming_strings = on;
SELECT pg_catalog.set_config('search_path', '', false);
SET check_function_bodies = false;
SET xmloption = content;
SET client_min_messages = warning;
SET row_security = off;

--
-- Name: internal_command_type; Type: TYPE; Schema: public; Owner: steck
--

CREATE TYPE public.internal_command_type AS ENUM (
    'fee_transfer_via_coinbase',
    'fee_transfer',
    'coinbase'
);


ALTER TYPE public.internal_command_type OWNER TO steck;

--
-- Name: user_command_status; Type: TYPE; Schema: public; Owner: steck
--

CREATE TYPE public.user_command_status AS ENUM (
    'applied',
    'failed'
);


ALTER TYPE public.user_command_status OWNER TO steck;

--
-- Name: user_command_type; Type: TYPE; Schema: public; Owner: steck
--

CREATE TYPE public.user_command_type AS ENUM (
    'payment',
    'delegation',
    'create_token',
    'create_account',
    'mint_tokens'
);


ALTER TYPE public.user_command_type OWNER TO steck;

SET default_tablespace = '';

SET default_table_access_method = heap;

--
-- Name: blocks; Type: TABLE; Schema: public; Owner: steck
--

CREATE TABLE public.blocks (
    id integer NOT NULL,
    state_hash text NOT NULL,
    parent_id integer,
    creator_id integer NOT NULL,
    snarked_ledger_hash_id integer NOT NULL,
    ledger_hash text NOT NULL,
    height bigint NOT NULL,
    global_slot bigint NOT NULL,
    "timestamp" bigint NOT NULL
);


ALTER TABLE public.blocks OWNER TO steck;

--
-- Name: blocks_id_seq; Type: SEQUENCE; Schema: public; Owner: steck
--

CREATE SEQUENCE public.blocks_id_seq
    AS integer
    START WITH 1
    INCREMENT BY 1
    NO MINVALUE
    NO MAXVALUE
    CACHE 1;


ALTER TABLE public.blocks_id_seq OWNER TO steck;

--
-- Name: blocks_id_seq; Type: SEQUENCE OWNED BY; Schema: public; Owner: steck
--

ALTER SEQUENCE public.blocks_id_seq OWNED BY public.blocks.id;


--
-- Name: blocks_internal_commands; Type: TABLE; Schema: public; Owner: steck
--

CREATE TABLE public.blocks_internal_commands (
    block_id integer NOT NULL,
    internal_command_id integer NOT NULL,
    sequence_no integer NOT NULL,
    secondary_sequence_no integer
);


ALTER TABLE public.blocks_internal_commands OWNER TO steck;

--
-- Name: blocks_user_commands; Type: TABLE; Schema: public; Owner: steck
--

CREATE TABLE public.blocks_user_commands (
    block_id integer NOT NULL,
    user_command_id integer NOT NULL,
    sequence_no integer NOT NULL
);


ALTER TABLE public.blocks_user_commands OWNER TO steck;

--
-- Name: internal_commands; Type: TABLE; Schema: public; Owner: steck
--

CREATE TABLE public.internal_commands (
    id integer NOT NULL,
    type public.internal_command_type NOT NULL,
    receiver_id integer NOT NULL,
    fee bigint NOT NULL,
    token bigint NOT NULL,
    hash text NOT NULL
);


ALTER TABLE public.internal_commands OWNER TO steck;

--
-- Name: internal_commands_id_seq; Type: SEQUENCE; Schema: public; Owner: steck
--

CREATE SEQUENCE public.internal_commands_id_seq
    AS integer
    START WITH 1
    INCREMENT BY 1
    NO MINVALUE
    NO MAXVALUE
    CACHE 1;


ALTER TABLE public.internal_commands_id_seq OWNER TO steck;

--
-- Name: internal_commands_id_seq; Type: SEQUENCE OWNED BY; Schema: public; Owner: steck
--

ALTER SEQUENCE public.internal_commands_id_seq OWNED BY public.internal_commands.id;


--
-- Name: public_keys; Type: TABLE; Schema: public; Owner: steck
--

CREATE TABLE public.public_keys (
    id integer NOT NULL,
    value text NOT NULL
);


ALTER TABLE public.public_keys OWNER TO steck;

--
-- Name: public_keys_id_seq; Type: SEQUENCE; Schema: public; Owner: steck
--

CREATE SEQUENCE public.public_keys_id_seq
    AS integer
    START WITH 1
    INCREMENT BY 1
    NO MINVALUE
    NO MAXVALUE
    CACHE 1;


ALTER TABLE public.public_keys_id_seq OWNER TO steck;

--
-- Name: public_keys_id_seq; Type: SEQUENCE OWNED BY; Schema: public; Owner: steck
--

ALTER SEQUENCE public.public_keys_id_seq OWNED BY public.public_keys.id;


--
-- Name: snarked_ledger_hashes; Type: TABLE; Schema: public; Owner: steck
--

CREATE TABLE public.snarked_ledger_hashes (
    id integer NOT NULL,
    value text NOT NULL
);


ALTER TABLE public.snarked_ledger_hashes OWNER TO steck;

--
-- Name: snarked_ledger_hashes_id_seq; Type: SEQUENCE; Schema: public; Owner: steck
--

CREATE SEQUENCE public.snarked_ledger_hashes_id_seq
    AS integer
    START WITH 1
    INCREMENT BY 1
    NO MINVALUE
    NO MAXVALUE
    CACHE 1;


ALTER TABLE public.snarked_ledger_hashes_id_seq OWNER TO steck;

--
-- Name: snarked_ledger_hashes_id_seq; Type: SEQUENCE OWNED BY; Schema: public; Owner: steck
--

ALTER SEQUENCE public.snarked_ledger_hashes_id_seq OWNED BY public.snarked_ledger_hashes.id;


--
-- Name: user_commands; Type: TABLE; Schema: public; Owner: steck
--

CREATE TABLE public.user_commands (
    id integer NOT NULL,
    type public.user_command_type NOT NULL,
    fee_payer_id integer NOT NULL,
    source_id integer NOT NULL,
    receiver_id integer NOT NULL,
    fee_token bigint NOT NULL,
    token bigint NOT NULL,
    nonce bigint NOT NULL,
    amount bigint,
    fee bigint NOT NULL,
    memo text NOT NULL,
    hash text NOT NULL,
    status public.user_command_status,
    failure_reason text,
    fee_payer_account_creation_fee_paid bigint,
    receiver_account_creation_fee_paid bigint,
    created_token bigint
);


ALTER TABLE public.user_commands OWNER TO steck;

--
-- Name: user_commands_id_seq; Type: SEQUENCE; Schema: public; Owner: steck
--

CREATE SEQUENCE public.user_commands_id_seq
    AS integer
    START WITH 1
    INCREMENT BY 1
    NO MINVALUE
    NO MAXVALUE
    CACHE 1;


ALTER TABLE public.user_commands_id_seq OWNER TO steck;

--
-- Name: user_commands_id_seq; Type: SEQUENCE OWNED BY; Schema: public; Owner: steck
--

ALTER SEQUENCE public.user_commands_id_seq OWNED BY public.user_commands.id;


--
-- Name: blocks id; Type: DEFAULT; Schema: public; Owner: steck
--

ALTER TABLE ONLY public.blocks ALTER COLUMN id SET DEFAULT nextval('public.blocks_id_seq'::regclass);


--
-- Name: internal_commands id; Type: DEFAULT; Schema: public; Owner: steck
--

ALTER TABLE ONLY public.internal_commands ALTER COLUMN id SET DEFAULT nextval('public.internal_commands_id_seq'::regclass);


--
-- Name: public_keys id; Type: DEFAULT; Schema: public; Owner: steck
--

ALTER TABLE ONLY public.public_keys ALTER COLUMN id SET DEFAULT nextval('public.public_keys_id_seq'::regclass);


--
-- Name: snarked_ledger_hashes id; Type: DEFAULT; Schema: public; Owner: steck
--

ALTER TABLE ONLY public.snarked_ledger_hashes ALTER COLUMN id SET DEFAULT nextval('public.snarked_ledger_hashes_id_seq'::regclass);


--
-- Name: user_commands id; Type: DEFAULT; Schema: public; Owner: steck
--

ALTER TABLE ONLY public.user_commands ALTER COLUMN id SET DEFAULT nextval('public.user_commands_id_seq'::regclass);


--
-- Data for Name: blocks; Type: TABLE DATA; Schema: public; Owner: steck
--

COPY public.blocks (id, state_hash, parent_id, creator_id, snarked_ledger_hash_id, ledger_hash, height, global_slot, "timestamp") FROM stdin;
1	3NKcRsVVWXsQHwPALqib16KEqBwuEtKEBZ6TmFypP3WKjyewga9B	\N	1	1	jxxn2NK3QjGLWkuUyxt1EvtyWGRipkXkFsQJ8xKRZ4QtNUc6ZGu	1	0	0
2	3NLJ2Fg82rfQwKemUbucELaxUCpFE2dCAgj612mXikkRpNaFCEW2	1	2	1	jxi9HSZuyt9tFx4oq3CNEjHzGYEibUL4cGh2CEyxsX5XV4FDrsQ	2	2	1548878404193
3	3NLRqgvYyXmKfMJgpThQWvBjfVDBrBibSqE1D9GY5FPcSSZuN84e	2	2	1	jxKCEWheLZ593k5EWozPyMzi3oLdbmQZairFUkJvs6sr2CfgicZ	3	3	1548878406000
4	3NLrp6gXm51EfyAKYJ8GXSk9Xvzjh2famsisCgkPX2yGDFsCkiKi	3	2	1	jx9C9xsMqybhx4V3g7CVMqA3ZvqdNYc9hnXr8yoWST2PQAfjiRE	4	4	1548878408381
5	3NLpq2Nmrhim3BVJNLQNi4mUyC5shySNavrKWSRkwdfgDSk5WuTJ	4	2	1	jy2z9XNZDnpYkuLsKNvqispfR6inPVDigNYVr3iqJN1qvmBJTjk	5	5	1548878410828
6	3NLTgmhoyaYVDyJoNefPXej3E1GaZGJpGPVGBtJdQGn8oZkM9q4N	5	2	1	jxBM1aWwVekVCbuow2FKAPopdMQ1BfnTHC3Fu6gBb5EygJAbFEQ	6	6	1548878412000
7	3NKNjBVSENkfVGWJsCkonYZyBm7AtzWG3F3yJLYygEeVZxidYX2E	6	2	1	jwHQiGQYWGsve5Q4YhwTeS1kJHpmdVtH9J3tKdZDmwmPDjpcA9A	7	7	1548878414000
8	3NKCLChjBdXGeu2K9vurMEHDdYiqkY1jowe85nudKPE6NJpuYb9Q	7	2	1	jwWF5HiwUQzC8j1vMoHZTCeYJ3PbNP2iQYqFZkfKPwuu6S7DBh9	8	8	1548878416128
9	3NKty4Dx3cJkZ519kJFaWLaGkefoWF8yTcDrYy89x7114jEaCVmc	8	2	1	jwFv7mLv1uMio8R3suFK2ihpnWzzAW8xXLRs523u87QDBVGYsca	9	9	1548878418939
10	3NKmdYbXX4mpHZWRQcX6ppHkrYQxDomfYapGyucTFHkBt2cGPpct	9	2	1	jwEqkcaXkXndnQm6hzYmcAX3H2ojESjdBTiV5raANJkC6ZprrJN	10	10	1548878420000
11	3NLPzMRM6uyxCxoVNghxrY5RjkuELF5mk8oNJLf8DHuncNkGWKt8	10	2	1	jwzwYAaD15kwdfcf3VDt7wcn2JxBcNZuxpogJFEN2G8MBstTmZz	11	11	1548878422421
12	3NKA6jFxn58jJBLeu4pCcthgUopwbFJ5gDcfP4Y4YtzaozeLnFx3	11	2	1	jwpwewpuCp9Rw6ZsqpJLYSZLeFMHvXDYQzT6m9E2tM3hehDQcTz	12	12	1548878425255
13	3NLrXe4dToRxoB691QB1MJuea6yepNJNYQrW8VaEausdbadejBjH	12	2	1	jwtb4YTGrYDHqKUmH3PGCDeApPBnri9mNoAhunoFrxduzui5Rej	13	13	1548878426276
15	3NKYpZfgEgrXRmNHRMMXEkmtZicLH8TuMrdHSH8waoQhX1zhnnKP	\N	2	1	jy1zAGchRiP2QFnomnzM5jfCeCdJRwF12ZJNiV33b6RynK4Z8Em	15	15	1548878430000
16	3NKC7aHbK3GCzjRxKeJDzynzKCBZhzqwhVpR1H2XBLRTTiWMmD8F	15	2	1	jxvzbhNFGrTocNBij12gyRb3rhMmhVyUdCzjf8RBCWthEmRmmLB	16	16	1548878432000
17	3NKjZQM7XnQuYDntFdEc4TXxdWc9oY818guGurHz1MXsEunEc9mM	16	2	1	jw6cf2jYXkTGsuiuFNXVLePH8b2EyxG323iQV6X82oXzJiQ6dZ6	17	17	1548878434000
18	3NKJp8wb28HawAoy5UWrmgxkXPSQbfuEKZZcCbgb1DFHJFGBNQ3a	17	2	1	jwTF4K7vxJhg3t1n1SG6xrdt4o1oyZooGX3cFuwkrSW8gfbsF96	18	18	1548878436000
\.


--
-- Data for Name: blocks_internal_commands; Type: TABLE DATA; Schema: public; Owner: steck
--

COPY public.blocks_internal_commands (block_id, internal_command_id, sequence_no, secondary_sequence_no) FROM stdin;
2	1	0	0
3	1	0	0
4	1	1	0
4	2	2	0
5	1	1	0
5	3	2	0
6	1	0	0
7	1	1	0
7	4	2	0
8	1	1	0
8	2	2	0
9	1	0	0
10	1	1	0
10	5	2	0
11	1	1	0
11	2	2	0
12	5	1	0
12	6	2	0
12	7	2	0
13	6	0	0
13	7	0	0
15	1	0	0
16	1	0	0
17	1	0	0
18	6	0	0
18	7	0	0
\.


--
-- Data for Name: blocks_user_commands; Type: TABLE DATA; Schema: public; Owner: steck
--

COPY public.blocks_user_commands (block_id, user_command_id, sequence_no) FROM stdin;
4	1	0
5	2	0
7	3	0
8	4	0
10	5	0
11	6	0
12	7	0
\.


--
-- Data for Name: internal_commands; Type: TABLE DATA; Schema: public; Owner: steck
--

COPY public.internal_commands (id, type, receiver_id, fee, token, hash) FROM stdin;
1	coinbase	2	40000000000	1	Ckpa2EQd58cbXppykFkzrfd8ZQb23vn2MzygCtfaPqtR9aV6Xb2nL
2	fee_transfer	2	2000000000	1	CkpZJrqX9PEwUjQMs1FSMK2w1FZpm7oSu4nswLbj9opqF6nWT1PEX
3	fee_transfer	2	7000000000	1	CkpZJXfP8LGaHKeekLrWeQq9W1TJcNyfSZZTxwAfJ8oKmGpCTqszZ
4	fee_transfer	2	3000000000	1	CkpZZrMnrsBQKEqstbgDpRiNghkTsTJ3T287pKQQ9R9CGGbSW1osG
5	fee_transfer	2	5000000000	1	CkpZEcKtYZ1Lj72FajpBBEYJo84zZcLaBvd8bgthxN7JCRNFfKdRw
6	fee_transfer_via_coinbase	5	1000000000	1	CkpZbEkwzGAMCH9dbGKP4QRzpWGHmHfL7kNmQkyyjfCS9yhgnep9J
7	coinbase	2	40000000000	1	CkpZ3DyKUxhuzWsqSJqkdWUi59kkNpfy1WTdk8q9snXwSnPPPoSzA
\.


--
-- Data for Name: public_keys; Type: TABLE DATA; Schema: public; Owner: steck
--

COPY public.public_keys (id, value) FROM stdin;
1	B62qom56dHZvJvuZRZ2cCGRqB2UdCjoDRQjQRKfZyxX1SBTbF24L7Pt
2	B62qrPN5Y5yq8kGE3FbVKbGTdTAJNdtNtB5sNVpxyRwWGcDEhpMzc8g
3	B62qoDWfBZUxKpaoQCoFqr12wkaY84FrhxXNXzgBkMUi2Tz4K8kBDiv
4	B62qokqG3ueJmkj7zXaycV31tnG6Bbg3E8tDS5vkukiFic57rgstTbb
5	B62qiWSQiF5Q9CsAHgjMHoEEyR2kJnnCvN9fxRps2NXULU15EeXbzPf
\.


--
-- Data for Name: snarked_ledger_hashes; Type: TABLE DATA; Schema: public; Owner: steck
--

COPY public.snarked_ledger_hashes (id, value) FROM stdin;
1	jxxn2NK3QjGLWkuUyxt1EvtyWGRipkXkFsQJ8xKRZ4QtNUc6ZGu
\.


--
-- Data for Name: user_commands; Type: TABLE DATA; Schema: public; Owner: steck
--

COPY public.user_commands (id, type, fee_payer_id, source_id, receiver_id, fee_token, token, nonce, amount, fee, memo, hash, status, failure_reason, fee_payer_account_creation_fee_paid, receiver_account_creation_fee_paid, created_token) FROM stdin;
1	payment	2	2	3	1	1	0	5000000000	2000000000	E4YM2vTHhWEg66xpj52JErHUBU4pZ1yageL4TVDDpTTSsv8mK6YaH	CkpYRAGMejrNWHi33o7MK53rCheAdnCneWxZS4dCDsGfj6Pb4xZ9Q	applied	\N	\N	2000000000	\N
2	payment	2	2	4	1	1	1	1000	7000000000	E4YM2vTHhWEg66xpj52JErHUBU4pZ1yageL4TVDDpTTSsv8mK6YaH	CkpYyg4J5GMh1yHS4Ma5G8TLqSASbC9xxDSCrTTwgFduGScnryX7L	failed	Amount_insufficient_to_create_account	\N	\N	\N
3	payment	2	2	3	1	1	2	10000000000	3000000000	E4YM2vTHhWEg66xpj52JErHUBU4pZ1yageL4TVDDpTTSsv8mK6YaH	CkpZoqTD6JQJ9Y4Bk8ACtB5YAdkdPVjQqUQNAiKbCfR6wNvXtT96i	applied	\N	\N	\N	\N
4	delegation	2	2	3	1	1	3	\N	2000000000	E4YM2vTHhWEg66xpj52JErHUBU4pZ1yageL4TVDDpTTSsv8mK6YaH	CkpZdmNoLw1DmqBw8uBg2XRhtscy6rGsMvM2tHecVi1RMku8VU5XJ	applied	\N	\N	\N	\N
5	delegation	2	2	3	1	1	4	\N	5000000000	E4YM2vTHhWEg66xpj52JErHUBU4pZ1yageL4TVDDpTTSsv8mK6YaH	CkpZEQQNbF674faP4D3sAoSfGiKgL5NyMDZCqz3oCq5V8V2iHVfpZ	applied	\N	\N	\N	\N
6	create_token	2	2	2	1	0	5	\N	2000000000	E4YM2vTHhWEg66xpj52JErHUBU4pZ1yageL4TVDDpTTSsv8mK6YaH	CkpYghaqmP3yQctxkZ2zuzcCpVmopAbvoAN5o5StQ7sZb3GKVuPWm	applied	\N	2000000000	\N	2
7	create_token	2	2	2	1	0	6	\N	5000000000	E4YM2vTHhWEg66xpj52JErHUBU4pZ1yageL4TVDDpTTSsv8mK6YaH	Ckpa69YXYNx4sY62mciZXLeAqSJFZd3PsTW8Yxppqn1TqyseMEPun	applied	\N	2000000000	\N	3
\.


--
-- Name: blocks_id_seq; Type: SEQUENCE SET; Schema: public; Owner: steck
--

SELECT pg_catalog.setval('public.blocks_id_seq', 18, true);


--
-- Name: internal_commands_id_seq; Type: SEQUENCE SET; Schema: public; Owner: steck
--

SELECT pg_catalog.setval('public.internal_commands_id_seq', 8, true);


--
-- Name: public_keys_id_seq; Type: SEQUENCE SET; Schema: public; Owner: steck
--

SELECT pg_catalog.setval('public.public_keys_id_seq', 5, true);


--
-- Name: snarked_ledger_hashes_id_seq; Type: SEQUENCE SET; Schema: public; Owner: steck
--

SELECT pg_catalog.setval('public.snarked_ledger_hashes_id_seq', 1, true);


--
-- Name: user_commands_id_seq; Type: SEQUENCE SET; Schema: public; Owner: steck
--

SELECT pg_catalog.setval('public.user_commands_id_seq', 8, true);


--
-- Name: blocks_internal_commands blocks_internal_commands_pkey; Type: CONSTRAINT; Schema: public; Owner: steck
--

ALTER TABLE ONLY public.blocks_internal_commands
    ADD CONSTRAINT blocks_internal_commands_pkey PRIMARY KEY (block_id, internal_command_id);


--
-- Name: blocks blocks_pkey; Type: CONSTRAINT; Schema: public; Owner: steck
--

ALTER TABLE ONLY public.blocks
    ADD CONSTRAINT blocks_pkey PRIMARY KEY (id);


--
-- Name: blocks blocks_state_hash_key; Type: CONSTRAINT; Schema: public; Owner: steck
--

ALTER TABLE ONLY public.blocks
    ADD CONSTRAINT blocks_state_hash_key UNIQUE (state_hash);


--
-- Name: blocks_user_commands blocks_user_commands_pkey; Type: CONSTRAINT; Schema: public; Owner: steck
--

ALTER TABLE ONLY public.blocks_user_commands
    ADD CONSTRAINT blocks_user_commands_pkey PRIMARY KEY (block_id, user_command_id);


--
-- Name: internal_commands internal_commands_hash_key; Type: CONSTRAINT; Schema: public; Owner: steck
--

ALTER TABLE ONLY public.internal_commands
    ADD CONSTRAINT internal_commands_hash_key UNIQUE (hash);


--
-- Name: internal_commands internal_commands_pkey; Type: CONSTRAINT; Schema: public; Owner: steck
--

ALTER TABLE ONLY public.internal_commands
    ADD CONSTRAINT internal_commands_pkey PRIMARY KEY (id);


--
-- Name: public_keys public_keys_pkey; Type: CONSTRAINT; Schema: public; Owner: steck
--

ALTER TABLE ONLY public.public_keys
    ADD CONSTRAINT public_keys_pkey PRIMARY KEY (id);


--
-- Name: public_keys public_keys_value_key; Type: CONSTRAINT; Schema: public; Owner: steck
--

ALTER TABLE ONLY public.public_keys
    ADD CONSTRAINT public_keys_value_key UNIQUE (value);


--
-- Name: snarked_ledger_hashes snarked_ledger_hashes_pkey; Type: CONSTRAINT; Schema: public; Owner: steck
--

ALTER TABLE ONLY public.snarked_ledger_hashes
    ADD CONSTRAINT snarked_ledger_hashes_pkey PRIMARY KEY (id);


--
-- Name: snarked_ledger_hashes snarked_ledger_hashes_value_key; Type: CONSTRAINT; Schema: public; Owner: steck
--

ALTER TABLE ONLY public.snarked_ledger_hashes
    ADD CONSTRAINT snarked_ledger_hashes_value_key UNIQUE (value);


--
-- Name: user_commands user_commands_hash_key; Type: CONSTRAINT; Schema: public; Owner: steck
--

ALTER TABLE ONLY public.user_commands
    ADD CONSTRAINT user_commands_hash_key UNIQUE (hash);


--
-- Name: user_commands user_commands_pkey; Type: CONSTRAINT; Schema: public; Owner: steck
--

ALTER TABLE ONLY public.user_commands
    ADD CONSTRAINT user_commands_pkey PRIMARY KEY (id);


--
-- Name: idx_blocks_creator_id; Type: INDEX; Schema: public; Owner: steck
--

CREATE INDEX idx_blocks_creator_id ON public.blocks USING btree (creator_id);


--
-- Name: idx_blocks_height; Type: INDEX; Schema: public; Owner: steck
--

CREATE INDEX idx_blocks_height ON public.blocks USING btree (height);


--
-- Name: idx_blocks_state_hash; Type: INDEX; Schema: public; Owner: steck
--

CREATE INDEX idx_blocks_state_hash ON public.blocks USING btree (state_hash);


--
-- Name: idx_public_keys_value; Type: INDEX; Schema: public; Owner: steck
--

CREATE INDEX idx_public_keys_value ON public.public_keys USING btree (value);


--
-- Name: idx_snarked_ledger_hashes_value; Type: INDEX; Schema: public; Owner: steck
--

CREATE INDEX idx_snarked_ledger_hashes_value ON public.snarked_ledger_hashes USING btree (value);


--
-- Name: blocks blocks_creator_id_fkey; Type: FK CONSTRAINT; Schema: public; Owner: steck
--

ALTER TABLE ONLY public.blocks
    ADD CONSTRAINT blocks_creator_id_fkey FOREIGN KEY (creator_id) REFERENCES public.public_keys(id);


--
-- Name: blocks_internal_commands blocks_internal_commands_block_id_fkey; Type: FK CONSTRAINT; Schema: public; Owner: steck
--

ALTER TABLE ONLY public.blocks_internal_commands
    ADD CONSTRAINT blocks_internal_commands_block_id_fkey FOREIGN KEY (block_id) REFERENCES public.blocks(id) ON DELETE CASCADE;


--
-- Name: blocks_internal_commands blocks_internal_commands_internal_command_id_fkey; Type: FK CONSTRAINT; Schema: public; Owner: steck
--

ALTER TABLE ONLY public.blocks_internal_commands
    ADD CONSTRAINT blocks_internal_commands_internal_command_id_fkey FOREIGN KEY (internal_command_id) REFERENCES public.internal_commands(id) ON DELETE CASCADE;


--
-- Name: blocks blocks_parent_id_fkey; Type: FK CONSTRAINT; Schema: public; Owner: steck
--

ALTER TABLE ONLY public.blocks
    ADD CONSTRAINT blocks_parent_id_fkey FOREIGN KEY (parent_id) REFERENCES public.blocks(id) ON DELETE SET NULL;


--
-- Name: blocks blocks_snarked_ledger_hash_id_fkey; Type: FK CONSTRAINT; Schema: public; Owner: steck
--

ALTER TABLE ONLY public.blocks
    ADD CONSTRAINT blocks_snarked_ledger_hash_id_fkey FOREIGN KEY (snarked_ledger_hash_id) REFERENCES public.snarked_ledger_hashes(id);


--
-- Name: blocks_user_commands blocks_user_commands_block_id_fkey; Type: FK CONSTRAINT; Schema: public; Owner: steck
--

ALTER TABLE ONLY public.blocks_user_commands
    ADD CONSTRAINT blocks_user_commands_block_id_fkey FOREIGN KEY (block_id) REFERENCES public.blocks(id) ON DELETE CASCADE;


--
-- Name: blocks_user_commands blocks_user_commands_user_command_id_fkey; Type: FK CONSTRAINT; Schema: public; Owner: steck
--

ALTER TABLE ONLY public.blocks_user_commands
    ADD CONSTRAINT blocks_user_commands_user_command_id_fkey FOREIGN KEY (user_command_id) REFERENCES public.user_commands(id) ON DELETE CASCADE;


--
-- Name: internal_commands internal_commands_receiver_id_fkey; Type: FK CONSTRAINT; Schema: public; Owner: steck
--

ALTER TABLE ONLY public.internal_commands
    ADD CONSTRAINT internal_commands_receiver_id_fkey FOREIGN KEY (receiver_id) REFERENCES public.public_keys(id);


--
-- Name: user_commands user_commands_fee_payer_id_fkey; Type: FK CONSTRAINT; Schema: public; Owner: steck
--

ALTER TABLE ONLY public.user_commands
    ADD CONSTRAINT user_commands_fee_payer_id_fkey FOREIGN KEY (fee_payer_id) REFERENCES public.public_keys(id);


--
-- Name: user_commands user_commands_receiver_id_fkey; Type: FK CONSTRAINT; Schema: public; Owner: steck
--

ALTER TABLE ONLY public.user_commands
    ADD CONSTRAINT user_commands_receiver_id_fkey FOREIGN KEY (receiver_id) REFERENCES public.public_keys(id);


--
-- Name: user_commands user_commands_source_id_fkey; Type: FK CONSTRAINT; Schema: public; Owner: steck
--

ALTER TABLE ONLY public.user_commands
    ADD CONSTRAINT user_commands_source_id_fkey FOREIGN KEY (source_id) REFERENCES public.public_keys(id);


--
-- PostgreSQL database dump complete
--
