--
-- PostgreSQL database dump
--

-- Dumped from database version 12.4 (Ubuntu 12.4-0ubuntu0.20.04.1)
-- Dumped by pg_dump version 12.4 (Ubuntu 12.4-0ubuntu0.20.04.1)

SET statement_timeout = 0;
SET lock_timeout = 0;
SET idle_in_transaction_session_timeout = 0;
SET client_encoding = 'UTF8';
SET standard_conforming_strings = on;
SELECT pg_catalog.set_config('search_path', '', false);
SET check_function_bodies = false;
SET xmloption = content;
SET client_min_messages = warning;
SET row_security = off;

--
-- Name: archive_db; Type: DATABASE; Schema: -; Owner: -
--

CREATE DATABASE archive_db WITH TEMPLATE = template0 ENCODING = 'UTF8' LC_COLLATE = 'en_US.UTF-8' LC_CTYPE = 'en_US.UTF-8';


\connect archive_db

SET statement_timeout = 0;
SET lock_timeout = 0;
SET idle_in_transaction_session_timeout = 0;
SET client_encoding = 'UTF8';
SET standard_conforming_strings = on;
SELECT pg_catalog.set_config('search_path', '', false);
SET check_function_bodies = false;
SET xmloption = content;
SET client_min_messages = warning;
SET row_security = off;

--
-- Name: internal_command_type; Type: TYPE; Schema: public; Owner: -
--

CREATE TYPE public.internal_command_type AS ENUM (
    'fee_transfer_via_coinbase',
    'fee_transfer',
    'coinbase'
);


--
-- Name: user_command_status; Type: TYPE; Schema: public; Owner: -
--

CREATE TYPE public.user_command_status AS ENUM (
    'applied',
    'failed'
);


--
-- Name: user_command_type; Type: TYPE; Schema: public; Owner: -
--

CREATE TYPE public.user_command_type AS ENUM (
    'payment',
    'delegation',
    'create_token',
    'create_account',
    'mint_tokens'
);


SET default_tablespace = '';

SET default_table_access_method = heap;

--
-- Name: blocks; Type: TABLE; Schema: public; Owner: -
--

CREATE TABLE public.blocks (
    id integer NOT NULL,
    state_hash text NOT NULL,
    parent_id integer NOT NULL,
    creator_id integer NOT NULL,
    snarked_ledger_hash_id integer NOT NULL,
    staking_epoch_data_id integer NOT NULL,
    next_epoch_data_id integer NOT NULL,
    ledger_hash text NOT NULL,
    height bigint NOT NULL,
    global_slot bigint NOT NULL,
    "timestamp" bigint NOT NULL
);


--
-- Name: blocks_id_seq; Type: SEQUENCE; Schema: public; Owner: -
--

CREATE SEQUENCE public.blocks_id_seq
    AS integer
    START WITH 1
    INCREMENT BY 1
    NO MINVALUE
    NO MAXVALUE
    CACHE 1;


--
-- Name: blocks_id_seq; Type: SEQUENCE OWNED BY; Schema: public; Owner: -
--

ALTER SEQUENCE public.blocks_id_seq OWNED BY public.blocks.id;


--
-- Name: blocks_internal_commands; Type: TABLE; Schema: public; Owner: -
--

CREATE TABLE public.blocks_internal_commands (
    block_id integer NOT NULL,
    internal_command_id integer NOT NULL,
    sequence_no integer NOT NULL,
    secondary_sequence_no integer NOT NULL
);


--
-- Name: blocks_user_commands; Type: TABLE; Schema: public; Owner: -
--

CREATE TABLE public.blocks_user_commands (
    block_id integer NOT NULL,
    user_command_id integer NOT NULL,
    sequence_no integer NOT NULL
);


--
-- Name: epoch_data; Type: TABLE; Schema: public; Owner: -
--

CREATE TABLE public.epoch_data (
    id integer NOT NULL,
    seed text NOT NULL,
    ledger_hash_id integer NOT NULL
);


--
-- Name: epoch_data_id_seq; Type: SEQUENCE; Schema: public; Owner: -
--

CREATE SEQUENCE public.epoch_data_id_seq
    AS integer
    START WITH 1
    INCREMENT BY 1
    NO MINVALUE
    NO MAXVALUE
    CACHE 1;


--
-- Name: epoch_data_id_seq; Type: SEQUENCE OWNED BY; Schema: public; Owner: -
--

ALTER SEQUENCE public.epoch_data_id_seq OWNED BY public.epoch_data.id;


--
-- Name: internal_commands; Type: TABLE; Schema: public; Owner: -
--

CREATE TABLE public.internal_commands (
    id integer NOT NULL,
    type public.internal_command_type NOT NULL,
    receiver_id integer NOT NULL,
    fee bigint NOT NULL,
    token bigint NOT NULL,
    hash text NOT NULL
);


--
-- Name: internal_commands_id_seq; Type: SEQUENCE; Schema: public; Owner: -
--

CREATE SEQUENCE public.internal_commands_id_seq
    AS integer
    START WITH 1
    INCREMENT BY 1
    NO MINVALUE
    NO MAXVALUE
    CACHE 1;


--
-- Name: internal_commands_id_seq; Type: SEQUENCE OWNED BY; Schema: public; Owner: -
--

ALTER SEQUENCE public.internal_commands_id_seq OWNED BY public.internal_commands.id;


--
-- Name: public_keys; Type: TABLE; Schema: public; Owner: -
--

CREATE TABLE public.public_keys (
    id integer NOT NULL,
    value text NOT NULL
);


--
-- Name: public_keys_id_seq; Type: SEQUENCE; Schema: public; Owner: -
--

CREATE SEQUENCE public.public_keys_id_seq
    AS integer
    START WITH 1
    INCREMENT BY 1
    NO MINVALUE
    NO MAXVALUE
    CACHE 1;


--
-- Name: public_keys_id_seq; Type: SEQUENCE OWNED BY; Schema: public; Owner: -
--

ALTER SEQUENCE public.public_keys_id_seq OWNED BY public.public_keys.id;


--
-- Name: snarked_ledger_hashes; Type: TABLE; Schema: public; Owner: -
--

CREATE TABLE public.snarked_ledger_hashes (
    id integer NOT NULL,
    value text NOT NULL
);


--
-- Name: snarked_ledger_hashes_id_seq; Type: SEQUENCE; Schema: public; Owner: -
--

CREATE SEQUENCE public.snarked_ledger_hashes_id_seq
    AS integer
    START WITH 1
    INCREMENT BY 1
    NO MINVALUE
    NO MAXVALUE
    CACHE 1;


--
-- Name: snarked_ledger_hashes_id_seq; Type: SEQUENCE OWNED BY; Schema: public; Owner: -
--

ALTER SEQUENCE public.snarked_ledger_hashes_id_seq OWNED BY public.snarked_ledger_hashes.id;


--
-- Name: user_commands; Type: TABLE; Schema: public; Owner: -
--

CREATE TABLE public.user_commands (
    id integer NOT NULL,
    type public.user_command_type NOT NULL,
    fee_payer_id integer NOT NULL,
    source_id integer NOT NULL,
    receiver_id integer NOT NULL,
    fee_token bigint NOT NULL,
    token bigint NOT NULL,
    nonce bigint NOT NULL,
    amount bigint,
    fee bigint NOT NULL,
    memo text NOT NULL,
    hash text NOT NULL,
    status public.user_command_status,
    failure_reason text,
    fee_payer_account_creation_fee_paid bigint,
    receiver_account_creation_fee_paid bigint,
    created_token bigint
);


--
-- Name: user_commands_id_seq; Type: SEQUENCE; Schema: public; Owner: -
--

CREATE SEQUENCE public.user_commands_id_seq
    AS integer
    START WITH 1
    INCREMENT BY 1
    NO MINVALUE
    NO MAXVALUE
    CACHE 1;


--
-- Name: user_commands_id_seq; Type: SEQUENCE OWNED BY; Schema: public; Owner: -
--

ALTER SEQUENCE public.user_commands_id_seq OWNED BY public.user_commands.id;


--
-- Name: blocks id; Type: DEFAULT; Schema: public; Owner: -
--

ALTER TABLE ONLY public.blocks ALTER COLUMN id SET DEFAULT nextval('public.blocks_id_seq'::regclass);


--
-- Name: epoch_data id; Type: DEFAULT; Schema: public; Owner: -
--

ALTER TABLE ONLY public.epoch_data ALTER COLUMN id SET DEFAULT nextval('public.epoch_data_id_seq'::regclass);


--
-- Name: internal_commands id; Type: DEFAULT; Schema: public; Owner: -
--

ALTER TABLE ONLY public.internal_commands ALTER COLUMN id SET DEFAULT nextval('public.internal_commands_id_seq'::regclass);


--
-- Name: public_keys id; Type: DEFAULT; Schema: public; Owner: -
--

ALTER TABLE ONLY public.public_keys ALTER COLUMN id SET DEFAULT nextval('public.public_keys_id_seq'::regclass);


--
-- Name: snarked_ledger_hashes id; Type: DEFAULT; Schema: public; Owner: -
--

ALTER TABLE ONLY public.snarked_ledger_hashes ALTER COLUMN id SET DEFAULT nextval('public.snarked_ledger_hashes_id_seq'::regclass);


--
-- Name: user_commands id; Type: DEFAULT; Schema: public; Owner: -
--

ALTER TABLE ONLY public.user_commands ALTER COLUMN id SET DEFAULT nextval('public.user_commands_id_seq'::regclass);


--
-- Data for Name: blocks; Type: TABLE DATA; Schema: public; Owner: -
--

COPY public.blocks (id, state_hash, parent_id, creator_id, snarked_ledger_hash_id, staking_epoch_data_id, next_epoch_data_id, ledger_hash, height, global_slot, "timestamp") FROM stdin;
1	3NLuch1cu21qEB3QiMyY9akLQSYgBKmYcDhX865sypZS9M7xzFjo	1	1	1	1	2	jwcYgfQcGNGigQqUmfSt5XfaHiH4XtoRQKpbkCQG9szbmDcwgAx	1	0	0
2	3NLeL7PBeNVyqVU4R6XQjEGYtKP3Jq7QWyhDPsUHNKZKQHgdycGw	1	2	1	1	3	jx6GXW9BeQfA96xgu1nzpu9PmpWpTyeY75yRLDivaHSuXoQCJCR	2	2	1548878404154
3	3NKeSjqHZTwUtTm738vCLBSkWHWsMQxhXNUMwTc45UuZouk994vC	2	2	1	1	4	jwgom9umDmrSDqYtWFTtVdeJVo7Cju4TXDbXfBCqXDFfHqVMvJj	3	4	1548878408878
4	3NKoBCZKpvZRU4eY2dSeq9MDDG3yjYeBbgdYjkUp8WGs4xvn3AFs	3	2	1	1	5	jxLjfwWh7dmXAnwTwcPZr9LoE9BC2nBkAQETD9Epq9yiX6hVrZ9	4	5	1548878410301
5	3NLedwMbGm3ndKemtaSbChMvyeednJVRu543qbZc8juEnJMzHEUy	4	2	1	1	6	jwaSZdCZpR52KfTLktpYDk68CQ35FLH2tnuBTMYtZAX7GHVkSd2	5	6	1548878412089
6	3NKeef1jN1Jv7MgYq3nyUFHSKmH5V2BEL4cpxKD4Y3NvJDrhqxka	5	2	1	1	7	jwzMT1jZ88ZZuaGguf41avKCecuJ9Gr1o8NtHX26MBUeMuHzvV9	6	7	1548878414000
7	3NLHk7eLPA2onxXXiVMetz9L2sV9ZNuNPwwe9YgHzCAsPCTKxjS7	6	2	1	1	8	jxWxJa9DzqCRKtvrvr5Lc4gpAkDAfNoXZTeXHQcEh1EVf7t7dfC	7	8	1548878416000
8	3NK9sVunh3z6xpLzXH3zUsSavBz2iuZRW1Qj63SA4uRc6sQDnJur	7	2	1	1	9	jxqiERhK1XWkrLrs7dVB3hqKt1YsPdzU3D7QbjMoyGw32p5Tn2t	8	10	1548878420000
9	3NLXAMSCWNV9UNzb2YtGRXkL2zQ5WaoFaqDb5WC3bEQ7MYhtQpM7	8	2	1	1	10	jx4Tj6TKacRuZr9TfgpC6mtpFbuQMtAJLFHsFdEadYnYr7ZpBin	9	11	1548878422000
10	3NLMVTn3f1RdiGBaktueZenKL5wv6GvZJi1q5m67uvA1VZr2Vk5U	9	2	1	1	11	jxGj9SUjfNtv9NUmq4VwMghWmdrBdbj7uSgoCUQtYysASbaPmM4	10	13	1548878426000
11	3NLTTe4HF9kdbpZgQt3875ZFcTKRUTmcW9r4N59VDRfPf6LiMyjd	10	2	1	1	12	jxQNEe4Saxxe6cbH18XkST9jLqpdxoptZkJPeSn6jAgz5yG7Hie	11	15	1548878430000
12	3NLeh1gXTmaNRvkfuqY96keKYJTFRs1g8SZzyze52P7zaABVfwyN	11	2	1	1	13	jwB3WkGsSFBZ4srzJaDjDsSypfYUHe9MUC5yYKkE16x1ewxu4hM	12	17	1548878434000
13	3NLXHyTMkd3Q9L5du4YkTFhf9jrqb7ZQwUWfwKFSgPxTUWmdMKjh	12	2	1	1	14	jwAffXfTcjUxVqqL5youbyerBYqoVdSaxdmLShw8Nq3qu9Pj7iA	13	18	1548878436111
14	3NLZKe9VdEtAJEMB8Rs7QpVo6A63CdQivZxv3pUKzVTyYd243LLr	13	2	1	1	15	jwnaxuamuEdiS2YxKumdMWGeTsDSzyqhniqRmHWq3pbEBSXCX54	14	20	1548878440000
15	3NLHuPW3ij1cEbGSZTdTmR7Q1Xg1L2CuN1MfMnjwYJ7rLGy7Dqj2	14	2	1	1	16	jwmh8ApSJsEPBcjWNGy1zxm2QnNwrxcgvpayBR4ULxwjp3RUB5d	15	22	1548878444000
16	3NL1uSmakZ8evrRAtTgpEEPSpwUoaPqLT7kB8YRvY36ZatSLE2Xw	15	2	1	1	17	jwAHPEHwmTgf4QBqFB488zWU6LvbXKggmBgpSUMLszsXD6AYPm8	16	24	1548878448000
17	3NLbNSTy1WVjon99HVTvxncvUAKnsj2a1KDNL3V6rExxXe837wXj	16	2	1	1	18	jxdaifb4vdvu2tgHbjq4uXLA4ZNKxHL3TcptszyDj9M5YdEYkyw	17	25	1548878450000
18	3NKnzTJ85X59Dv9g9hJUcfTrBTvewQnqWnUZ5phK93eYfvsH3TMM	17	2	1	1	19	jwmUqBV8V4a2n9EMnLzveYZTEhCmbTsLAzgz8WorSq9uwXaYD4Z	18	27	1548878454000
19	3NKUw6QReeMuUi3gA4P1qQ8fTihbWs6gJRc1Zb2aAe3uoEHUDp3P	18	2	1	1	20	jwVedqTiu74jJ4RN7LiPwqefJ3rLWw9NTQPivP1REUgQAL2R79E	19	28	1548878456000
20	3NLXaAcwgojuHFncjS56RPuxhdVPhkyeFmYZBTqcfxKXqHkaE9dd	19	2	1	1	21	jxJPjC3fPSX42z1abYmM31reScnQLy3ec1Zf5U62aWAYHcfeQsq	20	30	1548878460000
21	3NKmEc6mYXFpSTNfP2sNpck4PpzChosnc8ZCE22uYSYHPaJ26tY2	20	2	1	1	22	jwayGJncpZ4jQ9SyztfZsQi71Sn4RYLDuzWbuABagTQ1YGBMzNV	21	31	1548878462000
22	3NKYJB2FgwrHRxj2ccMeYzovZBKj8fVHTvmJzjhybJyxbFNKzoNn	21	2	1	1	23	jxcGmfoHXyT4Zkyzwk32azdXpw5hWcHVuWi6ukvnnVbgtrz5dWt	22	32	1548878464000
23	3NKJcaSSaFkAibLqwvzD2FAxjDPSHBfLRXGNrRYzihJpjNX7smxZ	22	2	1	1	24	jwXJ2hgfWQVGkGqGg7Ci6BCeu9U1oBsrVAtfsfBFhbQgndipi8u	23	34	1548878468000
24	3NKinyhkY81MnLEh4cHW6A7djGp2hVKeFfyeeeD8ZxkVNXFjtaWm	23	2	1	1	25	jwQHeeFbAgx7mFwfSJ2YQF653ES6k7BmbkFRizcqNXm36bmaQVs	24	35	1548878470000
25	3NKfSHcBgnR4dh8gEHBAzbMqhapu3A8cWN4q17UTXDpZ1azDwGtE	24	2	1	1	26	jx6DrasMUPXcn1EiRQcsYN6g1RU5h8a8h63YxwT6chg2rXwER6E	25	36	1548878472000
26	3NKtRLhMYKBPvg5qnZ262AtkJ1bEHtgCqL7VT5jiwgQV2QwFgH4o	25	2	1	1	27	jxaMEdTQumqsBEWgtJfAjgxCEPnhZcCeMM2fQyu14HmwknYKPUM	26	37	1548878474000
27	3NLhrb4CzG4q37Bbd1UAx6mZVLVdnDh4bvKgde4pXVWWaN55Auxz	26	2	1	1	28	jwVKKNjKv2XBnUUjEPMuGwaQ1mLbC7hyj8bGYMLWb3joHYJ9EPX	27	39	1548878478000
28	3NL5PitiubFEsFcAY8emZmZpskkU3gDSHNeuuzakwFAWhgqhFeLK	27	2	1	1	29	jwjarc214PcDvBTtZTw5WKkAtZXuY1PH1D1STTV4vmmgLB3kdpH	28	40	1548878480000
29	3NLmtM3mqLjmQ5pmUfwUKUdr6JPHAULqXfsk22D4ejGcan9GMJ7n	28	2	1	1	30	jwAfixGx3d4Z4dExbsNRiNA1Ti2MAh3X6V4rjzfjUKWxK4UsDwu	29	41	1548878482000
30	3NKdzzTDm94MHLy4SAy87rzy1ccvUAbZBkDqg5n9q7a948KtZTKY	29	2	1	1	31	jxf3iAaQaM82KdSfN9q1vaQZH3eGBy2SBdYGy9zsWbTuHcPAQGr	30	42	1548878484000
31	3NK6vijXUeR1YvnoXhkFCak6JxiftQ6CsJ9wLs9XZK4ozwETxAqL	30	2	1	1	32	jxVWXwvKvHAM4kMeojndKiVwMyD3AJ1Du6G1jWgcYChVYXZz8RL	31	43	1548878486000
32	3NLPx2xvBuLoph1wE6qaWSP9pS6WXRuoUHkZNHdXMZh6bzD7qN8d	31	2	1	1	33	jwkKxtTPjDGj8zpcPn7XgnDe6Ls4FTE5JGAH51WmdWLbpCLg7yL	32	44	1548878488000
33	3NKNNH8GT8zUdacho5XtMtV3mmdkiKcErSeTJUhA47HRVJAnikED	32	2	1	1	34	jxNJADyMwHBVWJy7QrtaspxuvSQ97H62PWyRDWq3DrmgpqdrWuC	33	47	1548878494000
34	3NKNjKkNBnoiuUCdQCjogxyH8jap7A3GWTSTUZfnnGCaZJtKhJJh	33	2	1	1	35	jx8ahDts7YPDJyt6rAPDi67XvApnbkmMCqyWJDbDotKxMWxCwH2	34	48	1548878496000
35	3NLPdzUkXjA5jEx8jGHck2Jr23pY3iHtCkAVmCDx4T3VhXGFZdcP	34	2	1	1	36	jwsk7DnMSpofJ7YGKw1HdwvqXFAfYJxU3XoLp1J3GArgkKoQLiu	35	49	1548878498000
36	3NLvo47tSJM5avS28F37TGMgaTByWpMbFkkETMVZkY4Wzoqq4YyB	35	2	1	1	37	jxUfMKx1bW3qLvs5NSifJHuyStdhM3f1CV27xnTeWmGZC4fXQT1	36	51	1548878502000
37	3NLfHknBCeG5g7LbFMR1vXSe4hEgRXSYAx8qECnSZuAb2Lq9vuou	36	2	1	1	38	jxT8S6wGx8znJ5Dxug3YHVSHRE2UtTZ2wDgHcoC37wZ7uDS2CzY	37	53	1548878506000
38	3NLmDxT7cLmQ7e1pQFQEJuxHGREajc2D65fcVfraBS8a8iSTtufU	37	2	1	1	39	jwpmLkKssXvL3i1b1gDHhqY49RF6TZTa3oW6HYJByM113KA7KAY	38	55	1548878510000
39	3NKMRx92Wj64VQGVsKqxU1E6vumdTKJw4y6KNozfjHmbmDSPTyrt	38	2	1	1	40	jwyBDG3BC9xJarWje1QGF3wgdVGmgb3UzXZBDiX3uxjEpuoRsAf	39	56	1548878512000
40	3NKuC7MHtoqVbSqjcFGQ5tFx7uCpJQVD4Wx1Dm4MKGyXwLh2NhGM	39	2	1	1	41	jwiFT24drN34W85GKJpkaGGTuuKVuxL1kQK9HspnzcnrjdbqHhq	40	57	1548878514000
41	3NKuSjwuMp1Zd3kRsQ7EqZV3TRHnNXuP6Z5mLc9PMRZMcJWAPaVm	40	2	1	1	42	jwTePcxmiydGpLQpY8pqkLPjWP5D5tWcf4rZEq4i4xMF2KSJ1aT	41	59	1548878518000
42	3NL48jYgm4Fu9im26xkw9Nf7oX7A4nC6pFhb6dqHUhDyPQjc1tBR	41	2	1	1	43	jwNLPFH17Sge9Z1YFUW7uTJQQXW8YC1oxeoYXX9rvZjwqTETQxu	42	60	1548878520000
43	3NKaF9eBPPEZAkFA9jpEqwSexYdGwJttaJc6hgQrFAjLMSybXDBc	42	2	1	1	44	jwK3PpEBUVZyxLPFvwQrBpjW4u7CLFwf7Wug1NrLSBPqcVkrFZa	43	61	1548878522000
44	3NKmh76njBRAB3zFTh8wQf1UgzgNAdQ8fR1H4t8aQot8LdqqtEEF	43	2	1	1	45	jwA8mePeosmMLBEs6KRZRWVWpZkCxFHjLeVdwi4mN7vez7mArsr	44	62	1548878524000
45	3NKw9N4KjNzLcTM79d4nz4zwBqrWcGizPN3C3emjNRou3iziGiRf	44	2	1	1	46	jwdcgADg8qQYbLAmnv82ZWY2v11SREhZudN6yigaUNyvEqmwWPH	45	64	1548878528000
46	3NLEVpYGjPerBLXA5c6ibgM52Sm2zSeZQXmQnR1uoS61TCbCiw7X	45	2	1	1	47	jxNaX3JWxvLY17BC14uQUs5JCGK6hzyxF7hhqufvLppm4PW3YxD	46	65	1548878530000
47	3NLBZxH14MZdwNU1YK6VPhsJ5VTqHMCPgakJWWrvyRRpWKQGNTHu	46	2	1	1	48	jxvMob2LqvHBBawf5dtxNiAHDJ4GM1reZ5tbXeCEbqdfCbKifjp	47	68	1548878536000
48	3NKnQBB1gsL8YtfH8cS8BVNYQ6WwHnX9foZi6BuySgvGXVQzU9eH	47	2	1	1	49	jwubgkcLEMP7rpvQMK9LHyGcWBixNUCaP2UmLiFLH5Qg9DKcpGx	48	70	1548878540000
49	3NKeRZi9YA2Szups9XtxEJpUGHs9Eu1jn16sbq4NuFCPw8z47JNp	48	2	1	1	50	jwJ5o9HZNA8ohUQagtCJqmQ3wRMNyrBgkJLmDHV3V6yH7TrxfYP	49	73	1548878546000
50	3NKe8JjxBj6LRSnW31PhCXQCFAAumG3jkYBWdwJRygSfhUdxkSJp	49	2	1	1	51	jwTHLCgKZ6QzwdajkUirJwhwoT4iwfd6de5XBmopZ7dy9s5EBVA	50	74	1548878548000
51	3NLdx5SDoi5EPxQiGAy12b6Z3styhfVD4FvEAmF7mUjxVYfTbzS9	50	2	1	1	52	jwQRWVcJBR6dZvyr2sa7d9jvbi6VEwzi3j3aP4CfQUizNSu5SFf	51	75	1548878550000
52	3NKpKV4qvkrjsGN71kg2UxfXjhBc5C8Y1mWiP6foz8VQWa1ZDKJc	51	2	1	1	53	jwUBLFBbqGDCq68hYWQxLHLzTxfvGdD6vRJcTnqv2LomE2Cg31F	52	76	1548878552000
53	3NLhuJ1AYX17N86byhQYvf91FBo8yD6gpnWTSNcmCuxrAKP4nqGh	52	2	1	1	54	jxdbmhvqE4VwovSJWg4BfazGjRbrEy8ejawjZpinjL8sbnxxLbZ	53	78	1548878556000
54	3NLeNzzNMfFYGK9r7f6rbhXpe8tZbKMiLgVsswGPnBJxBSpAMmwu	53	2	1	1	55	jxu5fbEhQZ28RXoz1iAx1bEf2S7HKG3BCEhDDMBZVPyWwWyoYFW	54	79	1548878558000
55	3NKfn9GMwpzYgkXvyPaaDxNhqmVTZ46TkmsqQeCS9FSnan5jwAso	54	2	1	1	56	jwc1xvei9NoByP9aT7nEueeuRUFTuHtuxR2jxvpJE5U2vTXEChE	55	80	1548878560000
56	3NKHnTAcDmm2dgsFtLo3pBPjAHZ3kBmsPi21KMZNxWyuNaegpydB	55	2	1	1	57	jxq8uq4K2hjz3BKEe5VBBgMWJKcAvBTtbbvQ6GHCxRpHH6Xb8Vi	56	81	1548878562000
57	3NKnbGdkC9egezZHn4FHqtJmpQKPeH6jvYphMh838sFW99i8zyvx	56	2	1	1	58	jwUSfyyieVg3vL3NyieZ3NbZgwU8f98y9c2mEdwHmmvBucVJKqq	57	82	1548878564000
58	3NK8WXRxX5SLmxdTxnRnKdoXNdYAaCHZnWXEAxBNHSdKNWBpJyWD	57	2	1	1	59	jwNzE1iNLLz2nzWezGVedGrjD4dL9gxAhfMgWd8zu6ovxCf5uZZ	58	84	1548878568000
59	3NL6KUMd3mVtVzjGQvXXU7eBpiqf3kKpGcYq6ypNgun1KGy3nTp7	58	2	1	1	60	jxSzqaK1Aj4YgGEYhJa6cyoQSKHHvw9nTPWuVLmehqTrhxxo5p8	59	86	1548878572000
60	3NKszWCwNS5WQHMRQCbVpmGpGXznYp7ihHRhW99ZoGS8SFS7i4jS	59	2	1	1	61	jx8YQrBppf4BWUjiCK2fVTKAiPWVzDMzdb4VC7gGtiERQx9oD3p	60	89	1548878578000
61	3NKKJw3PcpYNhi2XtPT9ksgiLNZdYqS5qZwgV5cosKfUVXPrfLNm	60	2	1	1	62	jxtVTe1mwG4D7vUwSPN3HCXHup7ZQBXF6Nzo1N3fAnBkT9gXk13	61	90	1548878580000
62	3NKdxry1vzXcGfT8i64mZNxCKP42RrYeE4vaUiXU3VG2Du88mg5s	61	2	1	1	63	jwBFp22dtesijvxJK2JDy4pRiM7HRsRFbHVHA3FEEz4puzN2SHs	62	91	1548878582000
63	3NLfeCGF4K6YCJNekPNxoNY8WAEjpGuuqqZhgHbjpDgnbCqeNvpD	62	2	1	1	64	jxYsMBP1LBQJ6yCav1qV2rnVnnvziJYRmrRmF7LRbAfnA7FyQ14	63	92	1548878584000
64	3NKXryYFuJWaSx7fRZDf7g8Lhot7SGMFfSA2ceoBFYKDWLow4JKP	63	2	1	1	65	jwBLDgUE7291VKxZhSoMEc5woYV782dUwpDC6YpxrN8X1YFFAiF	64	93	1548878586000
65	3NLJ4nXPmoZ4wSvW2CG21tHiohTMKfqi3vAn8oNME1wdf5KjShjZ	64	2	1	1	66	jweRFoP2KzyxgBxJLRzdZPH1NaTQ4QsYDYVCYL6irKUnHc9xUYu	65	94	1548878588000
66	3NLAhDGp1mxQYZKqzT8urCdgW1fvs7seAakSUpTgrGtSyjBHAWBF	65	2	1	1	67	jxHH4pVGC8pPjLfGioZzT6xgxbWbDogK5UnvKWqsVi9xuWoGUsS	66	96	1548878592000
67	3NLKNtSnhGZbir4JRauGQmG4NmHJewFqGzcTzDGmQCqRxFZ5vwLN	66	2	1	1	68	jxLC2uZBq7bny3DCyu49FvyfEyoMYxyJDYB3as8E8mXkhVMhH4B	67	97	1548878594000
68	3NKSoj2aqNouTKwqze1Ee196tsUAjpkq17A6P3V6B2KZcNL842BU	67	2	1	1	69	jxppUvbYCVFYeHx2deSpuqUjR9HjoEt4aDmq58G9PE2wiTX7NDi	68	98	1548878596000
69	3NKRUs67j41Aoutxse2PsMyBeWtFBFVGWj7KpDNHArZfkCe6hpXn	68	2	1	1	70	jxfdGQivBSq42NXtf3CoRtMdso9vM85eSKXfdzJU8tqy7G3HJET	69	99	1548878598000
70	3NKMn8qDH6DXpkU6KyycnhurLhLzroQUyoXNbfXqEWCGg5cYcQwW	69	2	1	1	71	jy3LTHYmToLHNnNaQRP3uw9ukgqSbEPVs7FndDHhKc4YcQbycoT	70	100	1548878600000
71	3NKx6ZyAAUeTSGQ71cGnkJyMQDpTZBWD6U5nhFUHmLbKxb9ZuXQq	70	2	1	1	72	jwxqWNbNfuuCd9oBvXZPYqHJ55R8ofW7Zav1RLYsnVgUwuLjtcD	71	101	1548878602000
72	3NKhAwdur82USWk8JsYYG9PsxUeAZbXhJUtJASjKkQRgcGye5ugf	71	2	1	1	73	jwUDseY6dgyPY9s3qWyQUmoLrAuLcDwsdn9FqF5FGxv5RJanv6P	72	102	1548878604000
73	3NL9SkUiwrmRimXX4YEw97MGccXVo1r7untGh4qaw8bA8PV1dZ2Y	72	2	1	1	74	jwgACJvp5uF9oqAaRA28xEESe1Q4grrfBSgq4NvAYU7GDTYgVW2	73	103	1548878606000
74	3NKj5qjuq256PVqJJgcMkz4EKcfiVC2MK4oGPizj6gR2AEWiLUFy	73	2	1	1	75	jwQ3VZ9a4gZTuW63iy9WZUgpvvWuHN5aozuRvQLoK6kvsTaGDto	74	104	1548878608000
75	3NKyGGgd1K8CmVPFhmNQeCt9nuzuM77PBWnLFFtgzroaDackRBqQ	74	2	1	1	76	jxdFPjqfFaVrJ6yktxHVkWWk7JpUNKx7cmtrhvvGFMTG7bYgGkA	75	105	1548878610000
76	3NKv7dTmbPz9VnALCzzTD43XCDRBzTKWgBvygKsocHdVTJM4Hccd	75	2	1	1	77	jxa5hjnJwvwcdf5VsbdQ7g4NXu8fMVuVryqV3z4Xc3bxSSYkdNw	76	106	1548878612000
77	3NKXmpnSawoAWfVhYanoRfsS5nBk6PFZ5S46Eudc8MiGxBiHcCA4	76	2	1	1	78	jwBbrDjdodE2KFNC2k91nuDTVVPbsA8JFZd6zGFBbYcdM4oD7qU	77	109	1548878618000
78	3NKgPtyqNntfiVRLeBgQfkwdWUmysiEgJcam9fecdGbmPaCXNwmx	77	2	1	1	79	jwN363KeQsBHRAotEK2ngC7NcnrLPUtXEKG54WChkWQSmjjWnFj	78	110	1548878620000
79	3NKcBxg3kdccdW2xYSUtB6pAHZbUGCM9G5WQg1QSQiPLq2k7dDt8	78	2	1	1	80	jwJrftFdmHsbEiLjeCQbKXke5NSMVR6Y1HSeq6KgBnjPZQ2V4cY	79	111	1548878622000
80	3NKnYL1fuWQjXs4YoH2kEy5a1foosjFV7qqvjXyRXM6LWi4E8ofh	79	2	1	1	81	jxEZuroHy6YQrc6czxJFvAANAbgeNgzteESztXTz6nMuFo4wVKf	80	113	1548878626000
81	3NLWEuohXywqVLbmtr3GxQjHQCVM76PFuPiurWHgCa59M2x5itCt	80	2	1	1	82	jxMt5oqip3S73LQMuaEMAzqeEL5kvad86DoXbJF2kcP4nWfWiMT	81	114	1548878628000
82	3NLnLU7Ka2ssMk1Wtytkjs8ndeGSrXTaZAhoJUhsRCEQYaAtZ2sw	81	2	1	1	83	jwaQdkj4Lg8m9W2LmRCQaxCtZ8UdqKPUkmLzqYeCrSjdiV31Dpm	82	115	1548878630000
83	3NLYvtPNpZxsJB4hJt7FD3mtAdmr8bNJtuaU4jFjML4mbzB5ANdR	82	2	2	1	84	jxpxQGLWaqahNwgeSWh1CRv5iCSDgjtcYLYyvPU8ub6y8Cuvv4S	83	117	1548878634000
84	3NLbJMdq63jr1BhdAsAYWqg2EBiWvf5Q87KgcP1b3BXVWHfuNgVh	83	2	2	1	85	jxkVXRbpKRomjRUinTscumgB4bRvBFXQqYT3pg63HAkqMKGqZfy	84	119	1548878638000
85	3NLPyzhbVJz8VrLXQoyuw8SbLy2ZFfGdUsKzPPQU6yiNfmsvVxM4	84	2	2	1	86	jxBAXKUAo63KSW1jXZo9GydRkUfZHAxWkS4wNDpkfe5SxoScgvS	85	120	1548878640000
86	3NKXRHQBps2NgU2mdRnoPXxMmbsX1JqD9Dd7txUGtonuCUDJNyt5	85	2	2	1	87	jxscdhXzKNMPb3WxdrPnhXowGTeWxE3MqeTqwjAoojoYt2DaaSZ	86	121	1548878642000
87	3NKdabgrJAXs5CbXXT21qWeYTMfXdVyWzmbcrstYn4baXFK3rdpg	86	2	2	1	88	jwPpYv5H3toa5f8kTuU6uwjvg1p5K5y2Y2cyCXcccfUz9CRgX9V	87	122	1548878644000
88	3NLfzgiHFEAdmjFCeg5NkRM6V4LZR4Xvc6NKT2cmjdEJfBshEDX4	87	2	2	1	89	jwAM1QbGCTH83yKvwdTc7wLfB5GWgqHrcfz84fGjNnKB9smnDRR	88	123	1548878646000
89	3NKa89JiPxBuEZ6ptRgprQsEepZXy35xwbeW1qyWT9YfpTvPdaYr	88	2	2	1	90	jx6qGd1qhqCwLv4v64Ffy58kQx1PNpMQuhvRrmPwiLXVhXQDkEm	89	124	1548878648000
90	3NKszd3KorAJeD6Qsz7kKdfTYEraoCcnVmYKxqu8BGjsRQhYEoWT	89	2	2	1	91	jxdGRyB2b2x82kkQ9Fc9cKbdGWaRn4DUTrfsKm54vM6EjDfjZ69	90	125	1548878650000
91	3NKw2tXqUPiAXW4XYMY38Vshvy6Fsc7AueyJnb9YNWBohcNJy4jV	90	2	3	1	92	jwoRv3ynC3AnbDJviLsoYtMdkkQ1Z5bubyais85q4WrQQ1vAQBJ	91	126	1548878652000
92	3NLqqrZTSxHFQnsPNkQfPJcmUqhGVqRyJ7M345EM4acqGxygmxwk	91	2	3	1	93	jwSHJ5KecGJQ3ND7J7mWc3adaaqegkFu8pUiXAxGXfiobkheRWJ	92	127	1548878654000
93	3NKVafT8qCdcx7xdwUcphotPoicsaNYeDSHAM2DvGext3Ry4r1tx	92	2	3	1	94	jxhtM78osfFhUtGLgUsyfu5TZJdzbEtxuWgx6WKXGBMMKrn7aqk	93	128	1548878656000
94	3NKebkKGqcJwz8wRog61t6g2HdmjUp2CdzkywhyX1ea1Caj8AUx4	93	2	3	1	95	jwsnw6nyVTKw3uDDLLnXGZWWD5SqEQ6tNp1k5L9uunEMF7ksQta	94	130	1548878660000
95	3NKqYwPUzeWfrG35TyQ1W85QbouqLRhxV2RJnpbPHHAy1bti294j	94	2	3	1	96	jwzD2zLpPsMmcANiMzzGkYURhgVsEG9H5pa1wsEXNYK2QfbY1FK	95	131	1548878662000
96	3NLpuitf3ibMHEFzbqLowcWqxn6d5SymZXe4ZkRA5utDkghRHmNq	95	2	3	1	97	jwCaYXsng6KqVG4B2V8TvDgXjhbvEMSK2bu6e2tXZHeGB2yTxEo	96	132	1548878664000
97	3NLHpJAqaRoiE5DziMojNsybkgtRsvUHLLccK438coFNNcR9f2JF	96	2	3	1	98	jwGaCfKU9QuEGgN7XcX1phSycK3hiM58JEY7MMH4a7MYEgaBVWz	97	133	1548878666000
98	3NLWLqfb8Q2R8JNbYQE4xLujLh3cQzMceyZN8xYCuZatA7G1EN4u	97	2	3	1	99	jwroZaVZhnn7tRjX57cYrSJRuCJ6oS7zo6StVQAFbYnpxGpKpdF	98	134	1548878668000
99	3NKyYQUN4dUKUvNzdvAMFrC6PyMNeNSr9fZN2VKNjTi6tLEgsfZP	98	2	4	1	100	jwRWFXtwaQyAZr8QWnNQ4v1bjSeLurjmQa9ds2vRGrCTMTJdMcR	99	135	1548878670000
100	3NK4uBYppYekxephe5RMjq7iX7bZc9yf4Hto4WJyhs8Fc7U2zwrT	99	2	4	1	101	jwbEa5dKtqLBfaVEmD8Vr3pZ1eQR5Y9fwNmvBqrR7X7BzWwCDmX	100	136	1548878672000
101	3NLstxVaxVRt6GJyx3Sg7UfH46EejiPwr1P4ZY5Vq95wtJXinHSQ	100	2	4	1	102	jwP1iTqJNvZv7mZPk3JVE6P5CLhcm5AE1CLz6WrBSCzS9eqw6t8	101	137	1548878674000
102	3NLby6Hrn1AR6ZTjvS9Q6gLAx7WVBiyUseQBNmjKKez6vpoRK4eE	101	2	4	1	103	jxfpjwJ8hA5fF9F7VSRDzDMmYPA6uh3bSwFJrsWxkr3BRZ8WLSz	102	138	1548878676000
103	3NKeEUWW5psPzdqPDf7bCK7sRcnuVF1neso8VyrPngjJ42LCxXAx	102	2	4	1	104	jwtuZVNhFeE5kvX3hG9i54o8kQC2x4exL8Wki3mJiUBBABVtogn	103	139	1548878678000
104	3NLr8c8e9ojh5LKZFN9PpjnV9ddSYeZPXe6YctdnuHgpQjAQQNpW	103	2	4	1	105	jwYBvb7uMEVXC5kMbPYRNfBHi3f3qCr99e2k29fjnQobQqNd4cr	104	140	1548878680000
105	3NKSrmPXNrN9oKoMUZLPjt6HCDkdkfdzvahcYQHtY1QnJEMPrK3q	104	2	4	1	106	jwX2p4dCRSu4uDZirKe1TaUrrrFmgAHUfSu1MYqSzmAaR6T9Kyp	105	141	1548878682000
106	3NLgJdsdeuVEP6KiucnD6uXAvzGd5nPuPBbAyVpRb6EvJbcTx86U	105	2	4	1	107	jxbY3Cwxr61MN2XVAxo7W5W2aZoJUKu1tNmbtnkdtK5kjMGRtmJ	106	142	1548878684000
107	3NLtjsXbmNnSzirbhvcyD4fYJzgiEubA6yhuueHrojnt8qPYuvaz	106	2	5	1	108	jwvp7xGMthjAsm7gbPWLkYa7TE1WmmfnWjDqgwfzgF3jBhg8ysh	107	143	1548878686000
108	3NK4NisoRTEfJuygvxZyhU8A1zQ2Zi2q13BNXfSEDV9inqUCGKvQ	107	2	5	1	109	jxKofofxncJxnHPr6f4AFCe6w5apmSFS4hQq7FG5v9bDnU9bk9z	108	144	1548878688000
109	3NL9TjNUN7h3VBgqfogJd5F5AHZGvdxeyV7eScT4dwNvnyZEh3v7	108	2	5	1	110	jxAypC34QESfBfPsv1uKMrqNTA6svRBi9ZEKMFGpcSPoS6GZWDr	109	148	1548878696000
110	3NKB6JYkyk3BjSbZBbdiY98J9Dno3cTsExC8i413hLA9oe2eAADS	109	2	5	1	111	jxM8bRLDfLJtmJYP1LhsutGsurWqR3QEh8kFGgEeUM7vGuxVQJC	110	149	1548878698000
111	3NLBdvhd4yXqbLoMZFSo6GfQkPgqbEnVRBs57yLbLrXjQz6Q5XaM	110	2	5	1	112	jxVC4RLGGD5TxbZoPC5XswFs642L4aaLQ4imk9apTAEygPNSkvh	111	150	1548878700000
112	3NKf8YaUBvt7gWrWjbduiYTEuBKHcCor8dxamh5VctGFJ4zGAD7c	111	2	5	1	113	jwwk6FxyMikjNgYxXjUjWNjsiWpUiHcFwSdzKczBMrNd8Pk3oN7	112	151	1548878702000
113	3NLJrxdSadADEysA2TuYJtEatLWR9zh4Q1pDd1uQU2J7Yvht3exG	112	2	5	1	114	jwoTrcD21rhBBRSc7JTCttmNPd7xxrDcJkYURMuuQzW5QrECah3	113	153	1548878706000
114	3NLvrexA64XfSxc8ouF96xk1HdwJMteEGDf1DKP5ofdV7xGtBosk	113	2	5	1	115	jwXJhu7KDzBTZYN3pgU7XUZ1rHwe9WqcMckLYaZkFW7psZn1iGG	114	154	1548878708000
115	3NLtH6hinBgupESWg2B5tZBCy1aZukZHyRqRtzSGCAXT6tu4CLhc	114	2	6	1	116	jx3Tjm4QzEGgc2P8Go18oqJtRwvzBP4BmEs8mFcBZdSkqxGb6fs	115	156	1548878712000
116	3NL5huyRpCvH4SbCBT89bebmDhUmTyaWPCM9xjf8wF559WnU7XUK	115	2	6	1	117	jxbhbCf3GHU8D5fNfFQ7V8atro6wX6RTQArxesppSEWBDz52vFG	116	158	1548878716000
117	3NL8LpWCyA7yDd3tk2WkfQYZjVPVYcNaMwQcx7NABaDAcM9pw9Vx	116	2	6	1	118	jwGTmoiTz2yVw2boF9x31gk4qUofF232XAiVA2rgubMRYm1Tje6	117	161	1548878722000
118	3NKa3xy3xcNvwMTaxptaWvkWXf2ewq7ngVMhLg5Z28tjByKvM3jE	117	2	6	1	119	jxk7w7DsFFpxwKGjXndWvcgbjdPkXopy2saihEUKwTqQg7eKo2Q	118	162	1548878724000
119	3NKAri9qLirDxLNRK6QkoUzzynf3S17WKTMHLd3SDRdfepVjWdQm	118	2	6	1	120	jx1iC95JrksjWFg2Gf18ewVDAa6xJCUnZRMAsqkGrqrtKhwp4Ci	119	163	1548878726000
120	3NKos7eHTpJw3SPKSd41UPQRhetQkm6o2bT1bAgks5jowsaKEPCa	119	2	6	1	121	jxnzRowvG8iEPZGKpF3EWpemRJVQf18jqvaA3nnSPQPUA9J1vjy	120	164	1548878728000
121	3NKUKCRKpCoTgbJhDzZn7XzQJwWHguPMNz8idf7r53d7vmYGnsJE	120	2	6	1	122	jwdkWrf8TRHNFHJknrxejx22Th8hJUYmjzSNpofhFPgKnmpfpL3	121	165	1548878730000
122	3NKnbsiifGHw9ZBzVRNtMJurffevKFqsu1T9WCULmWMK94Ud9Mdj	121	2	6	1	123	jxbn8fdrUAg6NU9McHvg6MKottuPanbBox2hoPd3LKXPM2WSQiB	122	166	1548878732000
123	3NLi26jX1qjWC5nUGd7eai6VUBt11WjnExmgqL7wEeqSKxBLCysR	122	2	7	1	124	jy1i3LdzaD7TjKWr1kpxcpLZRwWSFWSGCzXygvvJgZZYDJSbVkt	123	167	1548878734000
124	3NLi9vC4dReB7XJ3Wv5TmSjm13yRTUKAt8UJiuQGdtC4TeAFF8o9	123	2	7	1	125	jxZZztrCKutze5GuncegHwVkgSwC1c4vhZxKRzY4CYyYNeVQ7Rq	124	169	1548878738000
125	3NLYe66cLKKAX41UW9SWmTHZo4vvA3Fq4wJo2A6uFN1M7uRCp1Vr	124	2	7	1	126	jwYDDAvDz1kgDtwkgCJgeXvcTeTL2zsRmRhdZtxQZk3SZdzMArT	125	170	1548878740000
126	3NLeuKpDDgfiD3VTP8DJxWqWbvxDHCKB8yqAbPwjvBXQxFL8sR1Y	125	2	7	1	127	jx29mHm3LB6apu9vJeeAdoFzDfNH5x8ACgPKBeG6p1xYUBzCMJi	126	174	1548878748000
127	3NKwYGupTLxeipdromd8RqTmFDEpXb2yYDqD9MuKeXNJvAfRojdm	126	2	7	1	128	jwbfm6eYMxoqfpFNDmjUhK5eUPk6GiRsDfrQLXWpoLYCayAVvu3	127	175	1548878750000
128	3NKMRCoebhrQijdfULtBkJdYVTXTmPG4SbWStAzAdbCPvZN5HEzh	127	2	7	1	129	jwhjSrbqJNAM64c17Dwouj6UJ5VDDgWL5mMGKHALz6J53sgPKRL	128	176	1548878752000
129	3NLp5YzLAeeittAChvyrAFnRm67tRoQ6ERAd4CgcZoy5s1DoCNEW	128	2	7	1	130	jwvrCda6gCbwyuvC1GdGRckNAq2ukVHayacBdPHwafnziMiFeeS	129	177	1548878754000
130	3NKLtg24SNev4tZQaFenk8dk3SqZRP2k4NQsxfUPkevaEmpdAhF7	129	2	7	1	131	jwwHzubL85xjPuwVmwPUCLguP2XVRXhyUChAe5GcuaCKFJoJ9pY	130	178	1548878756000
131	3NLLfLmA52rAhbNoyQ73CBLx5HndPMHzCaLPQtsaVc5mqRCNcvH7	130	2	8	1	132	jwasjb2TsAM8RnBLCsLqFs1TRzWhJATvsr1dsE9J2DudxHA5Mnd	131	179	1548878758000
132	3NLB3SDoVyQhqqYv247FoP1GAoPS8D4kVJP9W7dMJBBqHzJdAwWx	131	2	8	1	133	jwbYELp2sy95hpwn6ZdVM1MUSX6fsxsRPtVNhaGd7HVSSwHWE19	132	181	1548878762000
133	3NKEeLd17cgsNbQ1LoEUXS65HUoyAJNhHLDvx1QoxQwrisN5chUv	132	2	8	1	134	jwEmhfwdZRBWWjLU5giDt5hgzRmNvXQ1E59xk13DCE89UA5e6D9	133	182	1548878764000
134	3NLLjX77nNhpktbqSSo6RFL7mC4QsDmJrfTibxSB7DBqTCYFNASs	133	2	8	1	135	jwACHq77HwXuDWjN4YdewUWSzAhd8tSE5N4kEycAnVkFLWq3BjW	134	183	1548878766000
135	3NLhonaNUhLarZZLiYS2YKJ67AfUA9JcCgoLovhkhcu7fy8rmibF	134	2	8	1	136	jxNXciGEYWfZzumanM64EDWAmNuQeeXc6Krbakw7GARFqeYaZPP	135	184	1548878768000
136	3NLxm8qghKrCoQXht7uPn3sj8VHY92LEMPZTS1V8XcBqbyYE5WTU	135	2	8	1	137	jwNyrTYFDAcwLoKcr8EpyQwhfPotfebekdyag5BPnDhiKMK9hgk	136	185	1548878770000
137	3NLryStxEnycqdCSmmWELWzaCvgKHMJS6Bqw8b6EpwEPt6TittLn	136	2	8	1	138	jxbeC9EwZFrDWiQp4gDayV1tsRHA7jQpf4Ayny5W741eVm98Ga3	137	186	1548878772000
138	3NL2of5V1r968MNF7UYBG9vjejQJ5xS3kfu3mPfvVeQqnHVk9cbC	137	2	8	1	139	jxZuoEydjXnDiXe7dzZPE1y6KJ5E7qQ7jXbGuA1KP3viZFGCoS8	138	187	1548878774000
139	3NKKMgbg93z2Thv7QnxvdvDFrFuVCQcSmuk9wkXtDgvwmHGTszDq	138	2	9	1	140	jxmeTDri4atD72B4s1fsLDg15sUFcAmcJxFBuA9qmJx8nkuKZgZ	139	188	1548878776000
140	3NLfTY92ZUT2K1UW3mASnTnk2WARtQg94TK1jRByWLSykCJRU1zB	139	2	9	1	141	jxnQph46fjYZY4FQNgdSW3JZyJ4VWva6XK7J3aXi9KSXo6oyt3z	140	189	1548878778000
141	3NKEuHpFVgN6NHpknpZkYsEN1y7cfLGGe8CfK2vR3buuD6JgVy7m	140	2	9	1	142	jxi9mJZYAxGm6EnYFYKQ1j1Cf3qyHxh1YSBDUfw38iAXumYBbHd	141	191	1548878782000
142	3NLT2cnp2n9VNFqv2TM4mjX4i25Vi7cJPCa5yRNZz536FUJJ8dAz	141	2	9	1	143	jwq8FYRrmgyjGsH8u57NvjfQKMinpBH6kmNZz9Ute88nkkY2S4T	142	192	1548878784000
143	3NKagC8ieudRLn3rVxkfLAs36Lrq7MefGAorZQhHLz3Y8LP73Yub	142	2	9	1	144	jxvfCbbtti1q4jZa5kRB8TB73Q9b3fsQUoZ9D5tiQZKi4xBwqth	143	193	1548878786000
144	3NLgsxcy7fonCfw14cQwiw5tcmN2tyDsqTV7dibSo3vFQdSPfnSh	143	2	9	1	145	jxa5CnFmk9xDj43G1tSJmGkqgTDiUJqmnnVQExFg6U1m3WSDxqa	144	194	1548878788000
145	3NKKBXRaXCtn8Bhue2ehRJJCFXgJiRamT2q2Kigbm5yNbFPhixFE	144	2	9	1	146	jwKzr6RifJRMFXby7PNcvngnvqSe87aLTcK1JpWFuLZrtu69tUM	145	195	1548878790000
146	3NLE4dLmTFjfYCVoyz2PHddHhfPLBnSixcP9cEwG1fKk8NvAPmgD	145	2	9	1	147	jwhD6WxRRVxUGnye7RSYBJRPfcR9mAGWEhoJY1Uuupz1Xy9KzRZ	146	196	1548878792000
147	3NL7XiosEjmNWucJgbWcFVbgaKS6uFKHAAERxqswsF7jvLHwzXR4	146	2	10	1	148	jx25rnJkuuRZQ24hJVZk7SdP9DNT1cS84pSDPFj3rcuhnWWw4Yg	147	197	1548878794000
148	3NK7gm6fhjpwcL1PtyF4GKS2sQhBaDHJyL5ZD4R5ebfq4dqGrUS9	147	2	10	1	149	jwgJ55oLARyc7ePQ2ULAyVk2s9Qhcpmui1NRvwKcb45Etohwdnu	148	199	1548878798000
149	3NKcuWb7Pt6E6gyRPu9NVhhdUUtWvqACauKTEqrttrvGoYzmoRBw	148	2	10	1	150	jxTLBwgxSuERMc6mZKCExcvqEMd4ksrsStQGadDQeJucvRJxhhz	149	200	1548878800000
150	3NLBm5PPRFrYebDsrpMhYyaDZdFLMWFj5nrjCVD9d8Cr4XH3ysWG	149	2	10	1	151	jxuRm3CSNbnSW3zTEZzPC1bcLa3tg1iNnQbe3AMYBqhzTZ2qdMy	150	201	1548878802000
151	3NKArwTBxom3RWyRYrLXCMMmKTgWidcmxs5U9MTHe3Q5s4mLSrX3	150	2	10	1	152	jw9BW5DXeqn1TR47h1Hwj6hPsQZXXMtLbuVMK39aKTJSQWS6wCW	151	202	1548878804000
\.


--
-- Data for Name: blocks_internal_commands; Type: TABLE DATA; Schema: public; Owner: -
--

COPY public.blocks_internal_commands (block_id, internal_command_id, sequence_no, secondary_sequence_no) FROM stdin;
2	1	0	0
3	1	1	0
3	2	2	0
4	1	1	0
4	3	2	0
5	1	0	0
6	1	1	0
6	4	2	0
7	1	1	0
7	2	2	0
8	5	1	0
8	1	2	0
9	1	1	0
9	2	2	0
10	1	1	0
10	5	2	0
11	1	0	0
12	6	1	0
12	7	1	0
12	8	2	0
13	6	1	0
13	7	1	0
13	5	2	0
14	2	1	0
14	6	2	0
14	7	2	0
15	6	1	0
15	7	1	0
15	9	2	1
15	8	2	0
16	1	0	0
17	1	0	0
18	1	0	0
19	1	0	0
20	6	0	0
20	7	0	0
21	6	0	0
21	7	0	0
22	6	0	0
22	7	0	0
23	6	0	0
23	7	0	0
24	1	0	0
25	1	0	0
26	1	0	0
27	1	0	0
28	6	0	0
28	7	0	0
29	6	0	0
29	7	0	0
30	6	0	0
30	7	0	0
31	6	0	0
31	7	0	0
32	6	0	0
32	7	0	0
33	6	0	0
33	7	0	0
34	1	0	0
35	1	0	0
36	6	0	0
36	7	0	0
37	6	0	0
37	7	0	0
38	6	0	0
38	7	0	0
39	6	0	0
39	7	0	0
40	6	0	0
40	7	0	0
41	6	0	0
41	7	0	0
42	1	0	0
43	1	0	0
44	6	0	0
44	7	0	0
45	6	0	0
45	7	0	0
46	6	0	0
46	7	0	0
47	6	0	0
47	7	0	0
48	6	0	0
48	7	0	0
49	6	0	0
49	7	0	0
50	1	0	0
51	1	0	0
52	6	0	0
52	7	0	0
53	6	0	0
53	7	0	0
54	6	0	0
54	7	0	0
55	6	0	0
55	7	0	0
56	6	0	0
56	7	0	0
57	6	0	0
57	7	0	0
58	6	0	0
58	7	0	0
59	1	0	0
60	6	0	0
60	7	0	0
61	6	0	0
61	7	0	0
62	6	0	0
62	7	0	0
63	6	0	0
63	7	0	0
64	6	0	0
64	7	0	0
65	6	0	0
65	7	0	0
66	6	0	0
66	7	0	0
67	1	0	0
68	6	0	0
68	7	0	0
69	6	0	0
69	7	0	0
70	6	0	0
70	7	0	0
71	6	0	0
71	7	0	0
72	6	0	0
72	7	0	0
73	6	0	0
73	7	0	0
74	6	0	0
74	7	0	0
75	1	0	0
76	6	0	0
76	7	0	0
77	6	0	0
77	7	0	0
78	6	0	0
78	7	0	0
79	6	0	0
79	7	0	0
80	6	0	0
80	7	0	0
81	6	0	0
81	7	0	0
82	6	0	0
82	7	0	0
83	6	0	0
83	7	0	0
84	6	0	0
84	7	0	0
85	6	0	0
85	7	0	0
86	6	0	0
86	7	0	0
87	6	0	0
87	7	0	0
88	6	0	0
88	7	0	0
89	6	0	0
89	7	0	0
90	6	0	0
90	7	0	0
91	6	0	0
91	7	0	0
92	6	0	0
92	7	0	0
93	6	0	0
93	7	0	0
94	6	0	0
94	7	0	0
95	6	0	0
95	7	0	0
96	6	0	0
96	7	0	0
97	6	0	0
97	7	0	0
98	6	0	0
98	7	0	0
99	6	0	0
99	7	0	0
100	6	0	0
100	7	0	0
101	6	0	0
101	7	0	0
102	6	0	0
102	7	0	0
103	6	0	0
103	7	0	0
104	6	0	0
104	7	0	0
105	6	0	0
105	7	0	0
106	6	0	0
106	7	0	0
107	6	0	0
107	7	0	0
108	6	0	0
108	7	0	0
109	6	0	0
109	7	0	0
110	6	0	0
110	7	0	0
111	6	0	0
111	7	0	0
112	6	0	0
112	7	0	0
113	6	0	0
113	7	0	0
114	6	0	0
114	7	0	0
115	6	0	0
115	7	0	0
116	6	0	0
116	7	0	0
117	6	0	0
117	7	0	0
118	6	0	0
118	7	0	0
119	6	0	0
119	7	0	0
120	6	0	0
120	7	0	0
121	6	0	0
121	7	0	0
122	6	0	0
122	7	0	0
123	6	0	0
123	7	0	0
124	6	0	0
124	7	0	0
125	6	0	0
125	7	0	0
126	6	0	0
126	7	0	0
127	6	0	0
127	7	0	0
128	6	0	0
128	7	0	0
129	6	0	0
129	7	0	0
130	6	0	0
130	7	0	0
131	6	0	0
131	7	0	0
132	6	0	0
132	7	0	0
133	6	0	0
133	7	0	0
134	6	0	0
134	7	0	0
135	6	0	0
135	7	0	0
136	6	0	0
136	7	0	0
137	6	0	0
137	7	0	0
138	6	0	0
138	7	0	0
139	6	0	0
139	7	0	0
140	6	0	0
140	7	0	0
141	6	0	0
141	7	0	0
142	6	0	0
142	7	0	0
143	6	0	0
143	7	0	0
144	6	0	0
144	7	0	0
145	6	0	0
145	7	0	0
146	6	0	0
146	7	0	0
147	6	0	0
147	7	0	0
148	6	0	0
148	7	0	0
149	6	0	0
149	7	0	0
150	6	0	0
150	7	0	0
151	6	0	0
151	7	0	0
\.


--
-- Data for Name: blocks_user_commands; Type: TABLE DATA; Schema: public; Owner: -
--

COPY public.blocks_user_commands (block_id, user_command_id, sequence_no) FROM stdin;
3	1	0
4	2	0
6	3	0
7	4	0
8	5	0
9	6	0
10	7	0
12	8	0
13	9	0
14	10	0
15	11	0
\.


--
-- Data for Name: epoch_data; Type: TABLE DATA; Schema: public; Owner: -
--

COPY public.epoch_data (id, seed, ledger_hash_id) FROM stdin;
1	0	1
2	14069309439773237279803234595370234287274363585438239626154399899266622244030	1
3	26723261555281511083944513599337910332473675442082682583305622241130052403475	1
4	21303057678430374881018809782741336072875980890483021523243199293864674181085	1
5	14312455581772026181534129664866189943533608552072626016978436310959722101229	1
6	1287467348349634628442519179367051176165071976085111072118528645694883397557	1
7	10641807790026138979441316151139241973316830128775994732748426731148774922533	1
8	15099837446801429769025379043253865580334713166706308479966189299085483484463	1
9	18276185501854898935465827524111700062511860374023130887039515446943679906189	1
10	17498816492426243726521133449641831424312511081921861292136987213709676490532	1
11	23436349314552281852046058123942761755566589566976839871441259166937400679841	1
12	14050454165630553474254567139992340997221167113721955714794480110247638603778	1
13	9747936248972224655820628595022610271820167213558396816708517840729763450874	1
14	1725864625511666223229606950365280811844017694725423760841385546885540208855	1
15	4901413806040987084979230812763620490156458383816297761622311902219883828868	1
16	15325554909162191521364884217945374030694586343072137662960010036430906985722	1
17	18123309844266793788337078534882169623995187003351817014853493058497548109347	1
18	22349980329270746180368517925242318494088087560250210887425994052118457761681	1
19	3065216915132892580570495832544030113004819259968008878552749879478338895639	1
20	18659468912201124247642732389299233200121671323900549945025415543060718580943	1
21	17560955697499066366349357311140205442260111653962280893556422083174825336039	1
22	13477339872508352488638084452065433142766529372390392738979522285289662231308	1
23	19568933625961982397948979707483518827999062447489210491627651860153138392479	1
24	25040112583994866226754102275329226724947827935215215638005579821072387812985	1
25	26306263893424138302438921320706175727526668710987740317965722438348999675864	1
26	3866125627996645032426036284627358785931100342604425626309385333555732581412	1
27	22051953505429455053939115782631070639857439127140520644948214780834435783178	1
28	28880851282736092842833880558898165579863446979340502363574231302860762730503	1
29	8763873905003551828623638990778693289448618498371947180334895409682327170528	1
30	24533071283384883489123018961453094286051461569506857503462015240257312233624	1
31	16258219241290449835964937227162843391157427315482850986187734651310914522567	1
32	27111746335101299577639338045759511787145395924042062593063681768290248882003	1
33	17573345249867224885235601781618512135413855261529741694500260711874080715733	1
34	7364094020268245315041385032765180463597082530900415119500015958305658313315	1
35	20943764834884409892837117924731172256510886537564231296773312408932567269388	1
36	216877270814704187884244227204461281971897375689883741380064704062973239739	1
37	7363224871830605747694658919613320511541809186321405039945843017967572003315	1
38	17722325407396396848032526473150281104331856470581007951373695009495071514682	1
39	7568431022708911089182782758428368720795584628836951480403798837549580100937	1
40	705776785187192840299319725314134440138585735526537533393756283599614201259	1
41	22741194637220278948266966833218553039735740779188629456966608810082459797330	1
42	3111993600996602095858207192067592050242527569958450369073068233057890781172	1
43	27561130076820666076895400032116174100309646897063499638314622743448187787703	1
44	16343158914105797028773526404179003548516634685607666575266145433555035345771	1
45	3350956432985722541732276220491841771433644444437507943270031044841463376609	1
46	26339205702759359782548760738930420918606274755652968581129651759166456986037	1
47	19517956983976205768485716448559148961543995119147440488774864410318161854932	1
48	18627579258047575290665675066058466250876448774302394663183647620191182636571	1
49	22856520502175899302117695092300329102553707459927667859778803805034148219462	1
50	24748610226562108582001305468121311919462627896301266420274463790448317103944	1
51	3078684652344168258958492899520171430594608865515343084004547101530623277946	1
52	25192204834272645109335803143003468737498615776923382985754861801411532701373	1
53	19684373212890408017600009310070935107388084785981817475716066480780570060244	1
54	11332661361820827881567963512384886900379453037867804438118952423261441134992	1
55	14042289793973227781613998208743711817854417930398673455662228239455407375412	1
56	5584278629255873657421455552093752664283645031983476389651228689268870518188	1
57	16557809561072031316481209487338962575032187572903433808884341097332258538764	1
58	22939988482272933746152828999058923307389666572811446851074893393051356575624	1
59	8853915206795739708240063635354450495382112429458635536815699043913964811827	1
60	21677794108470336492183601070646985200941175643044174083352092022964587280643	1
61	3330096898246420493459829758104901557538914506203688018745458577158819591307	1
62	2343249823282875500947101888652774108629829808446639269988318782678495905924	1
63	15989639343026501100485294684473499520722169121496688104516731053106227549128	1
64	6448502255322142684931156656996260337190389213807179665461562912559101084452	1
65	17103786550568252909932602979329155763522204098041650622142967026809337981737	1
66	2629875948970928894107641557514206676653865539324814873667386494799306483913	1
67	23562036521799423857474841552218314587400565267157427333716024224913494727846	1
68	9689809026206561825711862193180549984157043267492436776618790280820795537840	1
69	13695006832553058414538446946093687790111974301100402265829479247202648701	1
70	20372918423290788908705878694109617444343982309760601218305959547976611313049	1
71	18917353616207738459419639257971849236965725961616187725043981392203764968190	1
72	27126236497291848974159229872256490336109676727326682554219386255767165787629	1
73	16620652764754394669554703156947131901204702587117690373740823539304948203789	1
74	17135817547086637631050070531681188339310357041746216505518734927870583408689	1
75	21779208610935741210887979421198564576930326310678154957901582762377882240476	1
76	23552902108764228250504567443540940198666057395127543696497673459735565799247	1
77	3103680229430759307066320793151508188243597857762797144526406203389592661417	1
78	17442419797815312733917063024987515134254757125596155840550151719977943849633	1
79	28606174653274512163402095576492843483995873112379772533777391317468315818273	1
80	16652314082070051680655213100017379600551251112071982626161050726163244236156	1
81	217222771907091515210002937799195681678807599069692911489969975654159743278	1
82	22608401927432835115341089142773597948691056024316919705464202155564852991169	1
83	26442899542055353949580189293377253425938524253419179896688468852436404323201	1
84	8284114358434821501827317714434955009146724034207871146065747236728620503783	1
85	17249039502572359658402526668064504463132432603944689545241465904107160467087	1
86	14777888986520027752315647462061226927532775459429784229955670104243761689464	1
87	24983785271774630961335243678069106865704506830187184230055481091427200959617	1
88	3000433904108427605759902543130196786742457596259475588462469737861812323451	1
89	4671946070420040067524031609394163149657270094597241244875364434541907494577	1
90	6518669129600330103261744052285249457369071733970966654552584111278383423409	1
91	10525396214764270030470361220976586517616605533888758317817920974658874550242	1
92	28753544341772437556170322164279269597962820514642564548682737198240841645954	1
93	19437487426494933736143749445728018670998884484439568808053089879274653598848	1
94	18916397907607828714677999655052924333650733867014040315809004756404619380246	1
95	28802145257935430330390248651376687615108840668604522387523220273757866800602	1
96	16106674006704032567666923368402420560426427885878709220450693318575174159066	1
97	13897708964052058193511589991540043399479977789871804967920028526738409624533	1
98	10678468584744163328418550701604602981905046712301885349200657020277218092588	1
99	23899193773877425034227521291787470662295880586936334451023345023439110853491	1
100	417326017438488563582530421064983793356142924286139679419660808183746892136	1
101	11649048483730734122280628752195523162762688072618911050766554453880112753572	1
102	25663207117873942521150768955458602059727579332206122690452737350465920519722	1
103	17110117899889724165273420674426527513610604401866698499454412269804800438122	1
104	4357908314719421226237134683417432036515099505653483254504533873481491007611	1
105	24671195891555421437908890993627929913102543701362896316966284411115505510241	1
106	20133740275547384113079364885866251200572647373358818147641660348036513992403	1
107	22330650562778807425164037565748143017216542901763587339541895662308733650325	1
108	3165198580153199492118370895650389285829562928626765060933395354711201947548	1
109	24908523339304509600857062612952564222974869438043570907849445470649311798535	1
110	25892369449466462125368876253060047906615341673191834678722421042636934524877	1
111	17685013942665672192080851236384839732633749374650509856064946435704008009896	1
112	9162430347608160050091757209218667940727251401746281758874731646837137755090	1
113	1767153757527203288191789424041938519578087467199254282539477630171809480102	1
114	3996756391705815085032871779213870519213853971306866697404807398199795624515	1
115	4294792650577232490048910330343359750354686968149961517008850519733692232637	1
116	21340279779889276085907948146084561054396808206706536666353861836000870552058	1
117	1182552116909312007013233737426234449114513302786169381205262582246325833679	1
118	10013291202456158953286616577092835280928949826303686780633039183939491778176	1
119	10777436074045284097275537186331888416876028443278202369861483901267618968130	1
120	23629577833211865073062144352748323988241200460057566690837606903264489189340	1
121	12866614962471555150147470167106222152749215112604788630916303478448086032855	1
122	7604271252029672188609298330591940027030917245707588113534676917003546052742	1
123	18571666457781399217907483499121876956278024342779357433284764991443046699700	1
124	12622796098836557248555644532845256730869352025389843295629018778546310271079	1
125	13719826504931947642796750814874928132262349306116029834729289881723177536433	1
126	27926437166253016270961698620589365947754852696150174834304240162076119091306	1
127	12502625844803908787576952614735951433082767103820463653429680752509825040288	1
128	14429336187677772067237123237988081014994256346416043830825184841348402161286	1
129	20998980347711604129996020189245179900939078030186033769300454655891841508610	1
130	4537123332206631613870985777053288040973575421393715597208749214591926186695	1
131	2392197774590489124878220524088849467812504100075525306815950427380599543509	1
132	5504468600348349245135938047439959393285529653662680778425625060662652573247	1
133	4269098558694477556035921357944124281864929530424254712861327973068598713150	1
134	8743526306236954773687997120076082546780107520793791388736274841774918414277	1
135	12915928808720158373714923812778014950169062879052842080454748272481813353418	1
136	18374603912744671041515323327415482677064068525865103117451098727667511925033	1
137	21275590513312108520480962427038896845027593505792353959237000511889198794715	1
138	16423950318559303004355839167933700865348851553298654951754032336285912667062	1
139	22696001234755989691838325407125167909540608387284984613643273793907965193207	1
140	21655848708456733715440327667497099208949141231710837005614186826417761358259	1
141	26528916395868980188674302963664252229956316759148095961341871374478287026322	1
142	27702039051255437826384963832729574868047352049259171449907890703182699093119	1
143	9101757540878427629156082948172527135223306505134517093453027238506828184584	1
144	7234440007730458635336596748691658109719890675198661874338419537601372477262	1
145	1968824435000849115016896372341014608741341620438259956511610580419497497927	1
146	25090852325911587535835066648373256387767620279962424697193709539735773298243	1
147	26434572256482178651354415939733861997967868074802694626006232259646786823629	1
148	16276538088978519578337752654571196909050731827750749186755784432207492346611	1
149	27353979034148167349288349267672162396227808362087414379340090149902928928353	1
150	9404518917801484589664495764706771217864299488781822865268429678431905299417	1
151	5162155234934218258265997732704426636257204431671226339157890382730219073722	1
152	16702466438493159777433483198035034400931768574396837624720921276381924773795	1
\.


--
-- Data for Name: internal_commands; Type: TABLE DATA; Schema: public; Owner: -
--

COPY public.internal_commands (id, type, receiver_id, fee, token, hash) FROM stdin;
1	coinbase	2	40000000000	1	Ckpa2EQd58cbXppykFkzrfd8ZQb23vn2MzygCtfaPqtR9aV6Xb2nL
2	fee_transfer	2	2000000000	1	CkpZJ7G5KeHtKKLRBJqo6aqdJasVLHJ2KbjbXKHBhEm85PrCvWJTo
3	fee_transfer	2	7000000000	1	CkpaE48vckzL3G4YMLJPocazHAXPihgbeVdWVFWTVMPgd19usasd8
4	fee_transfer	2	3000000000	1	CkpZYCRGxbqFp9UpkPvygjNX3chjyfaJt2kK1Ltre8LRUucGwWhFz
5	fee_transfer	2	5000000000	1	Ckpa4JXQvjMU21sfxQdHxpKbq3bcBPNMSss6bPM82EgUgoVY3Nv7q
6	fee_transfer_via_coinbase	5	1000000000	1	CkpaFTp86XXkYXtipU56dbbKH9UXvLzy311pmYUUZxsczYzm8FT52
7	coinbase	2	40000000000	1	CkpZ3DyKUxhuzWsqSJqkdWUi59kkNpfy1WTdk8q9snXwSnPPPoSzA
8	fee_transfer	5	2000000000	1	CkpZi2JRavyWk2p343VrukbJwhhBkNqiNUCXC5eMPa32h3TS9EUJG
9	fee_transfer	2	1000000000	1	CkpZBJJ9qcwbXCMLG1Hw9TRTQ6WKFLKHqQyXph5acegAJzjKrhv5r
\.


--
-- Data for Name: public_keys; Type: TABLE DATA; Schema: public; Owner: -
--

COPY public.public_keys (id, value) FROM stdin;
1	B62qom56dHZvJvuZRZ2cCGRqB2UdCjoDRQjQRKfZyxX1SBTbF24L7Pt
2	B62qrPN5Y5yq8kGE3FbVKbGTdTAJNdtNtB5sNVpxyRwWGcDEhpMzc8g
3	B62qoDWfBZUxKpaoQCoFqr12wkaY84FrhxXNXzgBkMUi2Tz4K8kBDiv
4	B62qokqG3ueJmkj7zXaycV31tnG6Bbg3E8tDS5vkukiFic57rgstTbb
5	B62qiWSQiF5Q9CsAHgjMHoEEyR2kJnnCvN9fxRps2NXULU15EeXbzPf
\.


--
-- Data for Name: snarked_ledger_hashes; Type: TABLE DATA; Schema: public; Owner: -
--

COPY public.snarked_ledger_hashes (id, value) FROM stdin;
1	jwcYgfQcGNGigQqUmfSt5XfaHiH4XtoRQKpbkCQG9szbmDcwgAx
2	jwaSZdCZpR52KfTLktpYDk68CQ35FLH2tnuBTMYtZAX7GHVkSd2
3	jx2dzyV9mrwGZPA2xWFRKXjqPPunAgSdWn9HW5gnrbC5EApbJvN
4	jxQNEe4Saxxe6cbH18XkST9jLqpdxoptZkJPeSn6jAgz5yG7Hie
5	jxoQcZkjxEELLmF4jVH6eTxJbi1zHGHBPDyDCJcJQJCyWT2dw8q
6	jwVedqTiu74jJ4RN7LiPwqefJ3rLWw9NTQPivP1REUgQAL2R79E
7	jwVKKNjKv2XBnUUjEPMuGwaQ1mLbC7hyj8bGYMLWb3joHYJ9EPX
8	jwsk7DnMSpofJ7YGKw1HdwvqXFAfYJxU3XoLp1J3GArgkKoQLiu
9	jwK3PpEBUVZyxLPFvwQrBpjW4u7CLFwf7Wug1NrLSBPqcVkrFZa
10	jwQRWVcJBR6dZvyr2sa7d9jvbi6VEwzi3j3aP4CfQUizNSu5SFf
\.


--
-- Data for Name: user_commands; Type: TABLE DATA; Schema: public; Owner: -
--

COPY public.user_commands (id, type, fee_payer_id, source_id, receiver_id, fee_token, token, nonce, amount, fee, memo, hash, status, failure_reason, fee_payer_account_creation_fee_paid, receiver_account_creation_fee_paid, created_token) FROM stdin;
1	payment	2	2	3	1	1	0	5000000000	2000000000	E4YM2vTHhWEg66xpj52JErHUBU4pZ1yageL4TVDDpTTSsv8mK6YaH	CkpZLz16kmScepi3zx58CteYxaGgcr1fZhvKUaHYnhxA8GWEiYExi	applied	\N	\N	2000000000	\N
2	payment	2	2	4	1	1	1	1000	7000000000	E4YM2vTHhWEg66xpj52JErHUBU4pZ1yageL4TVDDpTTSsv8mK6YaH	CkpZB7L6uz56AXZqZveKLjsnR5e7R1jNDa1yFrq1qDfft2NMd7KCu	failed	Amount_insufficient_to_create_account	\N	\N	\N
3	payment	2	2	3	1	1	2	10000000000	3000000000	E4YM2vTHhWEg66xpj52JErHUBU4pZ1yageL4TVDDpTTSsv8mK6YaH	CkpZRaakSTrXrTNWHrSaNFv99suZ7MYzaz96dkmLH1akm7whPPZ5N	applied	\N	\N	\N	\N
4	delegation	2	2	3	1	1	3	\N	2000000000	E4YM2vTHhWEg66xpj52JErHUBU4pZ1yageL4TVDDpTTSsv8mK6YaH	CkpZG6pQaChiYPErYXprkHG7ADZttXn9BLpEqZE2XTKR711YSvGkh	applied	\N	\N	\N	\N
5	delegation	2	2	3	1	1	4	\N	5000000000	E4YM2vTHhWEg66xpj52JErHUBU4pZ1yageL4TVDDpTTSsv8mK6YaH	CkpYa4VcW4S4KZgjfujh4SNLDGXqWqv4oPVCWZbQ6QaB211kncFsr	applied	\N	\N	\N	\N
6	create_token	2	2	2	1	0	5	\N	2000000000	E4YM2vTHhWEg66xpj52JErHUBU4pZ1yageL4TVDDpTTSsv8mK6YaH	CkpZus6yoimx1xg4TUUvcigPNW74ENkKRYW44xfZ1gzT52qc1Hpev	applied	\N	2000000000	\N	2
7	create_token	2	2	2	1	0	6	\N	5000000000	E4YM2vTHhWEg66xpj52JErHUBU4pZ1yageL4TVDDpTTSsv8mK6YaH	CkpYpxKgqY8MyUe5H9vneWdiBuiDNnHiQuUs7j7knByL441Bnovc4	applied	\N	2000000000	\N	3
8	create_account	2	2	3	1	2	7	\N	2000000000	E4YM2vTHhWEg66xpj52JErHUBU4pZ1yageL4TVDDpTTSsv8mK6YaH	Ckpa6rAVgdhD7DaMFqmyQs3K8wgu75airt6dhYQbTyZ2GDMww8xAL	applied	\N	2000000000	\N	\N
9	create_token	2	2	2	1	0	8	\N	5000000000	E4YM2vTHhWEg66xpj52JErHUBU4pZ1yageL4TVDDpTTSsv8mK6YaH	CkpZ98B2pMDHhu7AfecZfU3h5ipSiSjQVXzRCodMCLBJwRKzEjHAS	applied	\N	2000000000	\N	4
10	mint_tokens	2	2	2	1	2	9	1000000000	2000000000	E4YM2vTHhWEg66xpj52JErHUBU4pZ1yageL4TVDDpTTSsv8mK6YaH	CkpZ6wMmeTupoTKRZjiKTRBkAK2XEJGCMfEa5QzKAtbc6LfKMARjC	applied	\N	\N	\N	\N
11	mint_tokens	2	2	2	1	2	10	1000000000	3000000000	E4YM2vTHhWEg66xpj52JErHUBU4pZ1yageL4TVDDpTTSsv8mK6YaH	CkpZfEzwg1UUAwA5unwgcDHc8VNPcr2GtHDhW5G4Zibezxdb9st7k	applied	\N	\N	\N	\N
\.


--
-- Name: blocks_id_seq; Type: SEQUENCE SET; Schema: public; Owner: -
--

SELECT pg_catalog.setval('public.blocks_id_seq', 151, true);


--
-- Name: epoch_data_id_seq; Type: SEQUENCE SET; Schema: public; Owner: -
--

SELECT pg_catalog.setval('public.epoch_data_id_seq', 152, true);


--
-- Name: internal_commands_id_seq; Type: SEQUENCE SET; Schema: public; Owner: -
--

SELECT pg_catalog.setval('public.internal_commands_id_seq', 9, true);


--
-- Name: public_keys_id_seq; Type: SEQUENCE SET; Schema: public; Owner: -
--

SELECT pg_catalog.setval('public.public_keys_id_seq', 5, true);


--
-- Name: snarked_ledger_hashes_id_seq; Type: SEQUENCE SET; Schema: public; Owner: -
--

SELECT pg_catalog.setval('public.snarked_ledger_hashes_id_seq', 10, true);


--
-- Name: user_commands_id_seq; Type: SEQUENCE SET; Schema: public; Owner: -
--

SELECT pg_catalog.setval('public.user_commands_id_seq', 11, true);


--
-- Name: blocks_internal_commands blocks_internal_commands_pkey; Type: CONSTRAINT; Schema: public; Owner: -
--

ALTER TABLE ONLY public.blocks_internal_commands
    ADD CONSTRAINT blocks_internal_commands_pkey PRIMARY KEY (block_id, internal_command_id, sequence_no, secondary_sequence_no);


--
-- Name: blocks blocks_pkey; Type: CONSTRAINT; Schema: public; Owner: -
--

ALTER TABLE ONLY public.blocks
    ADD CONSTRAINT blocks_pkey PRIMARY KEY (id);


--
-- Name: blocks blocks_state_hash_key; Type: CONSTRAINT; Schema: public; Owner: -
--

ALTER TABLE ONLY public.blocks
    ADD CONSTRAINT blocks_state_hash_key UNIQUE (state_hash);


--
-- Name: blocks_user_commands blocks_user_commands_pkey; Type: CONSTRAINT; Schema: public; Owner: -
--

ALTER TABLE ONLY public.blocks_user_commands
    ADD CONSTRAINT blocks_user_commands_pkey PRIMARY KEY (block_id, user_command_id);


--
-- Name: epoch_data epoch_data_pkey; Type: CONSTRAINT; Schema: public; Owner: -
--

ALTER TABLE ONLY public.epoch_data
    ADD CONSTRAINT epoch_data_pkey PRIMARY KEY (id);


--
-- Name: internal_commands internal_commands_hash_key; Type: CONSTRAINT; Schema: public; Owner: -
--

ALTER TABLE ONLY public.internal_commands
    ADD CONSTRAINT internal_commands_hash_key UNIQUE (hash);


--
-- Name: internal_commands internal_commands_pkey; Type: CONSTRAINT; Schema: public; Owner: -
--

ALTER TABLE ONLY public.internal_commands
    ADD CONSTRAINT internal_commands_pkey PRIMARY KEY (id);


--
-- Name: public_keys public_keys_pkey; Type: CONSTRAINT; Schema: public; Owner: -
--

ALTER TABLE ONLY public.public_keys
    ADD CONSTRAINT public_keys_pkey PRIMARY KEY (id);


--
-- Name: public_keys public_keys_value_key; Type: CONSTRAINT; Schema: public; Owner: -
--

ALTER TABLE ONLY public.public_keys
    ADD CONSTRAINT public_keys_value_key UNIQUE (value);


--
-- Name: snarked_ledger_hashes snarked_ledger_hashes_pkey; Type: CONSTRAINT; Schema: public; Owner: -
--

ALTER TABLE ONLY public.snarked_ledger_hashes
    ADD CONSTRAINT snarked_ledger_hashes_pkey PRIMARY KEY (id);


--
-- Name: snarked_ledger_hashes snarked_ledger_hashes_value_key; Type: CONSTRAINT; Schema: public; Owner: -
--

ALTER TABLE ONLY public.snarked_ledger_hashes
    ADD CONSTRAINT snarked_ledger_hashes_value_key UNIQUE (value);


--
-- Name: user_commands user_commands_hash_key; Type: CONSTRAINT; Schema: public; Owner: -
--

ALTER TABLE ONLY public.user_commands
    ADD CONSTRAINT user_commands_hash_key UNIQUE (hash);


--
-- Name: user_commands user_commands_pkey; Type: CONSTRAINT; Schema: public; Owner: -
--

ALTER TABLE ONLY public.user_commands
    ADD CONSTRAINT user_commands_pkey PRIMARY KEY (id);


--
-- Name: idx_blocks_creator_id; Type: INDEX; Schema: public; Owner: -
--

CREATE INDEX idx_blocks_creator_id ON public.blocks USING btree (creator_id);


--
-- Name: idx_blocks_height; Type: INDEX; Schema: public; Owner: -
--

CREATE INDEX idx_blocks_height ON public.blocks USING btree (height);


--
-- Name: idx_blocks_state_hash; Type: INDEX; Schema: public; Owner: -
--

CREATE INDEX idx_blocks_state_hash ON public.blocks USING btree (state_hash);


--
-- Name: idx_public_keys_value; Type: INDEX; Schema: public; Owner: -
--

CREATE INDEX idx_public_keys_value ON public.public_keys USING btree (value);


--
-- Name: idx_snarked_ledger_hashes_value; Type: INDEX; Schema: public; Owner: -
--

CREATE INDEX idx_snarked_ledger_hashes_value ON public.snarked_ledger_hashes USING btree (value);


--
-- Name: blocks blocks_creator_id_fkey; Type: FK CONSTRAINT; Schema: public; Owner: -
--

ALTER TABLE ONLY public.blocks
    ADD CONSTRAINT blocks_creator_id_fkey FOREIGN KEY (creator_id) REFERENCES public.public_keys(id);


--
-- Name: blocks_internal_commands blocks_internal_commands_block_id_fkey; Type: FK CONSTRAINT; Schema: public; Owner: -
--

ALTER TABLE ONLY public.blocks_internal_commands
    ADD CONSTRAINT blocks_internal_commands_block_id_fkey FOREIGN KEY (block_id) REFERENCES public.blocks(id) ON DELETE CASCADE;


--
-- Name: blocks_internal_commands blocks_internal_commands_internal_command_id_fkey; Type: FK CONSTRAINT; Schema: public; Owner: -
--

ALTER TABLE ONLY public.blocks_internal_commands
    ADD CONSTRAINT blocks_internal_commands_internal_command_id_fkey FOREIGN KEY (internal_command_id) REFERENCES public.internal_commands(id) ON DELETE CASCADE;


--
-- Name: blocks blocks_next_epoch_data_id_fkey; Type: FK CONSTRAINT; Schema: public; Owner: -
--

ALTER TABLE ONLY public.blocks
    ADD CONSTRAINT blocks_next_epoch_data_id_fkey FOREIGN KEY (next_epoch_data_id) REFERENCES public.epoch_data(id);


--
-- Name: blocks blocks_parent_id_fkey; Type: FK CONSTRAINT; Schema: public; Owner: -
--

ALTER TABLE ONLY public.blocks
    ADD CONSTRAINT blocks_parent_id_fkey FOREIGN KEY (parent_id) REFERENCES public.blocks(id);


--
-- Name: blocks blocks_snarked_ledger_hash_id_fkey; Type: FK CONSTRAINT; Schema: public; Owner: -
--

ALTER TABLE ONLY public.blocks
    ADD CONSTRAINT blocks_snarked_ledger_hash_id_fkey FOREIGN KEY (snarked_ledger_hash_id) REFERENCES public.snarked_ledger_hashes(id);


--
-- Name: blocks blocks_staking_epoch_data_id_fkey; Type: FK CONSTRAINT; Schema: public; Owner: -
--

ALTER TABLE ONLY public.blocks
    ADD CONSTRAINT blocks_staking_epoch_data_id_fkey FOREIGN KEY (staking_epoch_data_id) REFERENCES public.epoch_data(id);


--
-- Name: blocks_user_commands blocks_user_commands_block_id_fkey; Type: FK CONSTRAINT; Schema: public; Owner: -
--

ALTER TABLE ONLY public.blocks_user_commands
    ADD CONSTRAINT blocks_user_commands_block_id_fkey FOREIGN KEY (block_id) REFERENCES public.blocks(id) ON DELETE CASCADE;


--
-- Name: blocks_user_commands blocks_user_commands_user_command_id_fkey; Type: FK CONSTRAINT; Schema: public; Owner: -
--

ALTER TABLE ONLY public.blocks_user_commands
    ADD CONSTRAINT blocks_user_commands_user_command_id_fkey FOREIGN KEY (user_command_id) REFERENCES public.user_commands(id) ON DELETE CASCADE;


--
-- Name: epoch_data epoch_data_ledger_hash_id_fkey; Type: FK CONSTRAINT; Schema: public; Owner: -
--

ALTER TABLE ONLY public.epoch_data
    ADD CONSTRAINT epoch_data_ledger_hash_id_fkey FOREIGN KEY (ledger_hash_id) REFERENCES public.snarked_ledger_hashes(id);


--
-- Name: internal_commands internal_commands_receiver_id_fkey; Type: FK CONSTRAINT; Schema: public; Owner: -
--

ALTER TABLE ONLY public.internal_commands
    ADD CONSTRAINT internal_commands_receiver_id_fkey FOREIGN KEY (receiver_id) REFERENCES public.public_keys(id);


--
-- Name: user_commands user_commands_fee_payer_id_fkey; Type: FK CONSTRAINT; Schema: public; Owner: -
--

ALTER TABLE ONLY public.user_commands
    ADD CONSTRAINT user_commands_fee_payer_id_fkey FOREIGN KEY (fee_payer_id) REFERENCES public.public_keys(id);


--
-- Name: user_commands user_commands_receiver_id_fkey; Type: FK CONSTRAINT; Schema: public; Owner: -
--

ALTER TABLE ONLY public.user_commands
    ADD CONSTRAINT user_commands_receiver_id_fkey FOREIGN KEY (receiver_id) REFERENCES public.public_keys(id);


--
-- Name: user_commands user_commands_source_id_fkey; Type: FK CONSTRAINT; Schema: public; Owner: -
--

ALTER TABLE ONLY public.user_commands
    ADD CONSTRAINT user_commands_source_id_fkey FOREIGN KEY (source_id) REFERENCES public.public_keys(id);


--
-- PostgreSQL database dump complete
--
