--
-- PostgreSQL database dump
--

-- Dumped from database version 12.4 (Ubuntu 12.4-0ubuntu0.20.04.1)
-- Dumped by pg_dump version 12.4 (Ubuntu 12.4-0ubuntu0.20.04.1)

SET statement_timeout = 0;
SET lock_timeout = 0;
SET idle_in_transaction_session_timeout = 0;
SET client_encoding = 'UTF8';
SET standard_conforming_strings = on;
SELECT pg_catalog.set_config('search_path', '', false);
SET check_function_bodies = false;
SET xmloption = content;
SET client_min_messages = warning;
SET row_security = off;

--
-- Name: archive_db; Type: DATABASE; Schema: -; Owner: -
--

CREATE DATABASE archive_db WITH TEMPLATE = template0 ENCODING = 'UTF8' LC_COLLATE = 'en_US.UTF-8' LC_CTYPE = 'en_US.UTF-8';


\connect archive_db

SET statement_timeout = 0;
SET lock_timeout = 0;
SET idle_in_transaction_session_timeout = 0;
SET client_encoding = 'UTF8';
SET standard_conforming_strings = on;
SELECT pg_catalog.set_config('search_path', '', false);
SET check_function_bodies = false;
SET xmloption = content;
SET client_min_messages = warning;
SET row_security = off;

--
-- Name: internal_command_type; Type: TYPE; Schema: public; Owner: -
--

CREATE TYPE public.internal_command_type AS ENUM (
    'fee_transfer_via_coinbase',
    'fee_transfer',
    'coinbase'
);


--
-- Name: user_command_status; Type: TYPE; Schema: public; Owner: -
--

CREATE TYPE public.user_command_status AS ENUM (
    'applied',
    'failed'
);


--
-- Name: user_command_type; Type: TYPE; Schema: public; Owner: -
--

CREATE TYPE public.user_command_type AS ENUM (
    'payment',
    'delegation',
    'create_token',
    'create_account',
    'mint_tokens'
);


SET default_tablespace = '';

SET default_table_access_method = heap;

--
-- Name: blocks; Type: TABLE; Schema: public; Owner: -
--

CREATE TABLE public.blocks (
    id integer NOT NULL,
    state_hash text NOT NULL,
    parent_id integer NOT NULL,
    creator_id integer NOT NULL,
    snarked_ledger_hash_id integer NOT NULL,
    staking_epoch_data_id integer NOT NULL,
    next_epoch_data_id integer NOT NULL,
    ledger_hash text NOT NULL,
    height bigint NOT NULL,
    global_slot bigint NOT NULL,
    "timestamp" bigint NOT NULL
);


--
-- Name: blocks_id_seq; Type: SEQUENCE; Schema: public; Owner: -
--

CREATE SEQUENCE public.blocks_id_seq
    AS integer
    START WITH 1
    INCREMENT BY 1
    NO MINVALUE
    NO MAXVALUE
    CACHE 1;


--
-- Name: blocks_id_seq; Type: SEQUENCE OWNED BY; Schema: public; Owner: -
--

ALTER SEQUENCE public.blocks_id_seq OWNED BY public.blocks.id;


--
-- Name: blocks_internal_commands; Type: TABLE; Schema: public; Owner: -
--

CREATE TABLE public.blocks_internal_commands (
    block_id integer NOT NULL,
    internal_command_id integer NOT NULL,
    sequence_no integer NOT NULL,
    secondary_sequence_no integer NOT NULL
);


--
-- Name: blocks_user_commands; Type: TABLE; Schema: public; Owner: -
--

CREATE TABLE public.blocks_user_commands (
    block_id integer NOT NULL,
    user_command_id integer NOT NULL,
    sequence_no integer NOT NULL
);


--
-- Name: epoch_data; Type: TABLE; Schema: public; Owner: -
--

CREATE TABLE public.epoch_data (
    id integer NOT NULL,
    seed text NOT NULL,
    ledger_hash_id integer NOT NULL
);


--
-- Name: epoch_data_id_seq; Type: SEQUENCE; Schema: public; Owner: -
--

CREATE SEQUENCE public.epoch_data_id_seq
    AS integer
    START WITH 1
    INCREMENT BY 1
    NO MINVALUE
    NO MAXVALUE
    CACHE 1;


--
-- Name: epoch_data_id_seq; Type: SEQUENCE OWNED BY; Schema: public; Owner: -
--

ALTER SEQUENCE public.epoch_data_id_seq OWNED BY public.epoch_data.id;


--
-- Name: internal_commands; Type: TABLE; Schema: public; Owner: -
--

CREATE TABLE public.internal_commands (
    id integer NOT NULL,
    type public.internal_command_type NOT NULL,
    receiver_id integer NOT NULL,
    fee bigint NOT NULL,
    token bigint NOT NULL,
    hash text NOT NULL
);


--
-- Name: internal_commands_id_seq; Type: SEQUENCE; Schema: public; Owner: -
--

CREATE SEQUENCE public.internal_commands_id_seq
    AS integer
    START WITH 1
    INCREMENT BY 1
    NO MINVALUE
    NO MAXVALUE
    CACHE 1;


--
-- Name: internal_commands_id_seq; Type: SEQUENCE OWNED BY; Schema: public; Owner: -
--

ALTER SEQUENCE public.internal_commands_id_seq OWNED BY public.internal_commands.id;


--
-- Name: public_keys; Type: TABLE; Schema: public; Owner: -
--

CREATE TABLE public.public_keys (
    id integer NOT NULL,
    value text NOT NULL
);


--
-- Name: public_keys_id_seq; Type: SEQUENCE; Schema: public; Owner: -
--

CREATE SEQUENCE public.public_keys_id_seq
    AS integer
    START WITH 1
    INCREMENT BY 1
    NO MINVALUE
    NO MAXVALUE
    CACHE 1;


--
-- Name: public_keys_id_seq; Type: SEQUENCE OWNED BY; Schema: public; Owner: -
--

ALTER SEQUENCE public.public_keys_id_seq OWNED BY public.public_keys.id;


--
-- Name: snarked_ledger_hashes; Type: TABLE; Schema: public; Owner: -
--

CREATE TABLE public.snarked_ledger_hashes (
    id integer NOT NULL,
    value text NOT NULL
);


--
-- Name: snarked_ledger_hashes_id_seq; Type: SEQUENCE; Schema: public; Owner: -
--

CREATE SEQUENCE public.snarked_ledger_hashes_id_seq
    AS integer
    START WITH 1
    INCREMENT BY 1
    NO MINVALUE
    NO MAXVALUE
    CACHE 1;


--
-- Name: snarked_ledger_hashes_id_seq; Type: SEQUENCE OWNED BY; Schema: public; Owner: -
--

ALTER SEQUENCE public.snarked_ledger_hashes_id_seq OWNED BY public.snarked_ledger_hashes.id;


--
-- Name: user_commands; Type: TABLE; Schema: public; Owner: -
--

CREATE TABLE public.user_commands (
    id integer NOT NULL,
    type public.user_command_type NOT NULL,
    fee_payer_id integer NOT NULL,
    source_id integer NOT NULL,
    receiver_id integer NOT NULL,
    fee_token bigint NOT NULL,
    token bigint NOT NULL,
    nonce bigint NOT NULL,
    amount bigint,
    fee bigint NOT NULL,
    memo text NOT NULL,
    hash text NOT NULL,
    status public.user_command_status,
    failure_reason text,
    fee_payer_account_creation_fee_paid bigint,
    receiver_account_creation_fee_paid bigint,
    created_token bigint
);


--
-- Name: user_commands_id_seq; Type: SEQUENCE; Schema: public; Owner: -
--

CREATE SEQUENCE public.user_commands_id_seq
    AS integer
    START WITH 1
    INCREMENT BY 1
    NO MINVALUE
    NO MAXVALUE
    CACHE 1;


--
-- Name: user_commands_id_seq; Type: SEQUENCE OWNED BY; Schema: public; Owner: -
--

ALTER SEQUENCE public.user_commands_id_seq OWNED BY public.user_commands.id;


--
-- Name: blocks id; Type: DEFAULT; Schema: public; Owner: -
--

ALTER TABLE ONLY public.blocks ALTER COLUMN id SET DEFAULT nextval('public.blocks_id_seq'::regclass);


--
-- Name: epoch_data id; Type: DEFAULT; Schema: public; Owner: -
--

ALTER TABLE ONLY public.epoch_data ALTER COLUMN id SET DEFAULT nextval('public.epoch_data_id_seq'::regclass);


--
-- Name: internal_commands id; Type: DEFAULT; Schema: public; Owner: -
--

ALTER TABLE ONLY public.internal_commands ALTER COLUMN id SET DEFAULT nextval('public.internal_commands_id_seq'::regclass);


--
-- Name: public_keys id; Type: DEFAULT; Schema: public; Owner: -
--

ALTER TABLE ONLY public.public_keys ALTER COLUMN id SET DEFAULT nextval('public.public_keys_id_seq'::regclass);


--
-- Name: snarked_ledger_hashes id; Type: DEFAULT; Schema: public; Owner: -
--

ALTER TABLE ONLY public.snarked_ledger_hashes ALTER COLUMN id SET DEFAULT nextval('public.snarked_ledger_hashes_id_seq'::regclass);


--
-- Name: user_commands id; Type: DEFAULT; Schema: public; Owner: -
--

ALTER TABLE ONLY public.user_commands ALTER COLUMN id SET DEFAULT nextval('public.user_commands_id_seq'::regclass);


--
-- Data for Name: blocks; Type: TABLE DATA; Schema: public; Owner: -
--

COPY public.blocks (id, state_hash, parent_id, creator_id, snarked_ledger_hash_id, staking_epoch_data_id, next_epoch_data_id, ledger_hash, height, global_slot, "timestamp") FROM stdin;
1	3NLuch1cu21qEB3QiMyY9akLQSYgBKmYcDhX865sypZS9M7xzFjo	1	1	1	1	2	jwcYgfQcGNGigQqUmfSt5XfaHiH4XtoRQKpbkCQG9szbmDcwgAx	1	0	0
2	3NK3gtrbHcZLMC67tZH3N7q2tmiHwGso4VFUsaWyFW4cVJEPjgEm	1	2	1	1	3	jx6GXW9BeQfA96xgu1nzpu9PmpWpTyeY75yRLDivaHSuXoQCJCR	2	2	1548878404502
3	3NLV87gTyNErfwA25TDNGSfNTTnu5q4q9jbAUmioNzmGz1hq3Wpd	2	2	1	1	4	jwgom9umDmrSDqYtWFTtVdeJVo7Cju4TXDbXfBCqXDFfHqVMvJj	3	4	1548878408475
4	3NKgCcFwzL3aLcDiEEQyqMSSrp1CuZQtCPdrg7HtsUqA1Kkd8Hwe	3	2	1	1	5	jxLjfwWh7dmXAnwTwcPZr9LoE9BC2nBkAQETD9Epq9yiX6hVrZ9	4	5	1548878410000
5	3NKu5xHvnxB7agYsqcyjmKoEW2ZM6jdSAsiH6UWB9PDDDUZ4ANk9	4	2	1	1	6	jwaSZdCZpR52KfTLktpYDk68CQ35FLH2tnuBTMYtZAX7GHVkSd2	5	6	1548878412213
6	3NLiBCh5xwMbpbJaVz2Rz78ArioKq4cR47qAocZ1sRdYxyPD5kcp	5	2	1	1	7	jwzMT1jZ88ZZuaGguf41avKCecuJ9Gr1o8NtHX26MBUeMuHzvV9	6	7	1548878414000
7	3NKLyxfbr4nJGtSa99KUhk53v4eavkogsLCE2cc6ndwapT6EUeLz	6	2	1	1	8	jxWxJa9DzqCRKtvrvr5Lc4gpAkDAfNoXZTeXHQcEh1EVf7t7dfC	7	8	1548878416000
8	3NKr46FnYJBivPRUrFm85Gh2amDdffCEjdzUYd5hPn7fRXNVvX8i	7	2	1	1	9	jxqiERhK1XWkrLrs7dVB3hqKt1YsPdzU3D7QbjMoyGw32p5Tn2t	8	10	1548878420000
9	3NLEAvGFpKMiqcZEj2a4nEb9VVM5T2voJZu7aMHrau37FM79C2so	8	2	1	1	10	jx4Tj6TKacRuZr9TfgpC6mtpFbuQMtAJLFHsFdEadYnYr7ZpBin	9	11	1548878422000
10	3NLgXZ3UCnTR4zJirygdxLhrBL1Cyw2npWqpThQwaxVdWdWPVYqm	9	2	1	1	11	jxGj9SUjfNtv9NUmq4VwMghWmdrBdbj7uSgoCUQtYysASbaPmM4	10	13	1548878426000
11	3NLLShJNbk4Xqeja5j1birSu4sVYPUN63S4omC8F9b39cde4k2n6	10	2	1	1	12	jxQNEe4Saxxe6cbH18XkST9jLqpdxoptZkJPeSn6jAgz5yG7Hie	11	15	1548878430000
12	3NKzHAkqGxBCcCZH5bSynKw1Bawfa53ZfiGHqLsouoTLiTskc5Yo	11	2	1	1	13	jwB3WkGsSFBZ4srzJaDjDsSypfYUHe9MUC5yYKkE16x1ewxu4hM	12	17	1548878434000
13	3NKphtSfVhSjsyWAp3Fec63Yqw2Hc9fywqp1Hxm1aYB4RgZh3jNy	12	2	1	1	14	jwAffXfTcjUxVqqL5youbyerBYqoVdSaxdmLShw8Nq3qu9Pj7iA	13	18	1548878436148
14	3NLmqKzKCBSuknQg34AT5rnaL77uSmBc7C8pYn6mauRNXiAizfrz	13	2	1	1	15	jwnaxuamuEdiS2YxKumdMWGeTsDSzyqhniqRmHWq3pbEBSXCX54	14	20	1548878440000
15	3NKjAiP8c2VuVYkUYp8mDAtkcb5UMJBsUDm3tNAhsEpGpgvE7pby	14	2	1	1	16	jwmh8ApSJsEPBcjWNGy1zxm2QnNwrxcgvpayBR4ULxwjp3RUB5d	15	22	1548878444000
16	3NLucchqotk3NtvdfHR8Aa2ZTjVAXW5egtfTN6mEY8Ag6BmcaeRr	15	2	1	1	17	jwAHPEHwmTgf4QBqFB488zWU6LvbXKggmBgpSUMLszsXD6AYPm8	16	24	1548878448000
17	3NKFfuKN5NNEoxbUcF6QcpbJJVEpeZdTuM54KZyuYSMMXYDXT7qN	16	2	1	1	18	jxdaifb4vdvu2tgHbjq4uXLA4ZNKxHL3TcptszyDj9M5YdEYkyw	17	25	1548878450000
18	3NLaRQf1b9WCjnb2SMZ8CTfXJa1b2ymzAJrYWKp8TwrnwtMSjrSC	17	2	1	1	19	jwmUqBV8V4a2n9EMnLzveYZTEhCmbTsLAzgz8WorSq9uwXaYD4Z	18	27	1548878454000
19	3NL7q7R6J48NX2yRhQiHaaF5egrdJL8SBR3suBdTs9cs71QtqSTB	18	2	1	1	20	jwVedqTiu74jJ4RN7LiPwqefJ3rLWw9NTQPivP1REUgQAL2R79E	19	28	1548878456000
20	3NL35P5t9LLEmmYFP7RJM2qMCUpepe9qa1azeKacjcoXarhuDmta	19	2	1	1	21	jxJPjC3fPSX42z1abYmM31reScnQLy3ec1Zf5U62aWAYHcfeQsq	20	30	1548878460000
21	3NKgstQfAmAFSASiezaoVx7DEaJhue6tASurmMKHXjaV17MJ2wmh	20	2	1	1	22	jwayGJncpZ4jQ9SyztfZsQi71Sn4RYLDuzWbuABagTQ1YGBMzNV	21	31	1548878462000
22	3NKJYRY5UEWHYmdt4NysVFfQtZ1LKkEofshkGAs5vnNbhME4g9mF	21	2	1	1	23	jxcGmfoHXyT4Zkyzwk32azdXpw5hWcHVuWi6ukvnnVbgtrz5dWt	22	32	1548878464000
23	3NLPtsKE5nxByY62C3hBzhjGNe1cmRaQPY7kbtQi3Ysv3vnBTh6y	22	2	1	1	24	jwXJ2hgfWQVGkGqGg7Ci6BCeu9U1oBsrVAtfsfBFhbQgndipi8u	23	34	1548878468000
24	3NKXKTrV86EWJjSa3Qc7e3dFFqeYRz44PRp7jCGXGLnroDepxu7d	23	2	1	1	25	jwQHeeFbAgx7mFwfSJ2YQF653ES6k7BmbkFRizcqNXm36bmaQVs	24	35	1548878470000
25	3NKLjiUtFYi9HgfwAjWqf8LeEWRSf39zLakMTU3gGykeKQuedS1F	24	2	1	1	26	jx6DrasMUPXcn1EiRQcsYN6g1RU5h8a8h63YxwT6chg2rXwER6E	25	36	1548878472000
26	3NKeU9Hqp4xs9kag4GUyJNn4jta3udNq6RFaEc19gbSw2WrCUuyQ	25	2	1	1	27	jxaMEdTQumqsBEWgtJfAjgxCEPnhZcCeMM2fQyu14HmwknYKPUM	26	37	1548878474000
27	3NLCoKi1GpYYjLJNiKwVLZXpDPKKo6HCqDXVq9ds69H2Jjdz4HJj	26	2	1	1	28	jwVKKNjKv2XBnUUjEPMuGwaQ1mLbC7hyj8bGYMLWb3joHYJ9EPX	27	39	1548878478000
28	3NKzPtU5MXyLD5p8tQ61qZZYSoAkr8otYRPEEUCFdXQGY9SH2hN8	27	2	1	1	29	jwjarc214PcDvBTtZTw5WKkAtZXuY1PH1D1STTV4vmmgLB3kdpH	28	40	1548878480000
29	3NLgjTaKpZFxoSCFT4JXbBJK3rueWu8zo5zhX6mCs3iSNpm1r6yu	28	2	1	1	30	jwAfixGx3d4Z4dExbsNRiNA1Ti2MAh3X6V4rjzfjUKWxK4UsDwu	29	41	1548878482000
30	3NKPmroTgDxNMLCZX6VZFybggkzgSHkgSrw2TPWbGNg9axrxdvAG	29	2	1	1	31	jxf3iAaQaM82KdSfN9q1vaQZH3eGBy2SBdYGy9zsWbTuHcPAQGr	30	42	1548878484000
31	3NLVuZ7MKhrc6wpb74RwwzHvQht2V9sDkiPERPwyJjjAc1dVhWiu	30	2	1	1	32	jxVWXwvKvHAM4kMeojndKiVwMyD3AJ1Du6G1jWgcYChVYXZz8RL	31	43	1548878486000
32	3NKP1wR8Vp7pDUFSibdCMpH152x2WQiwT91dsDoots8PqWNNNUWV	31	2	1	1	33	jwkKxtTPjDGj8zpcPn7XgnDe6Ls4FTE5JGAH51WmdWLbpCLg7yL	32	44	1548878488000
33	3NKDf3TFCeEfpdCJrJeAyAnjs2cwz54nsmHCRymufCForRycN3HC	32	2	1	1	34	jxNJADyMwHBVWJy7QrtaspxuvSQ97H62PWyRDWq3DrmgpqdrWuC	33	47	1548878494000
34	3NKuj29bW7c2R7m1Ab7FhSjdjch3oxs52xL7Fg3aBV2vDh3TQCTE	33	2	1	1	35	jx8ahDts7YPDJyt6rAPDi67XvApnbkmMCqyWJDbDotKxMWxCwH2	34	48	1548878496000
35	3NKDMMWTnMwGmAgBGT9icNvdjnv2153UNtRuZc9yRwWftkU9UnNT	34	2	1	1	36	jwsk7DnMSpofJ7YGKw1HdwvqXFAfYJxU3XoLp1J3GArgkKoQLiu	35	49	1548878498000
36	3NKwSfxRJrAVqUckgwUaN5vc1369FQwgp1fhFGyfKbMxnhvQspEU	35	2	1	1	37	jxUfMKx1bW3qLvs5NSifJHuyStdhM3f1CV27xnTeWmGZC4fXQT1	36	51	1548878502000
37	3NKUm6t6nxkoQFAw86oXWFJQa9DEyZa1mDxyPLJZTUTiVxJWzHys	36	2	1	1	38	jxT8S6wGx8znJ5Dxug3YHVSHRE2UtTZ2wDgHcoC37wZ7uDS2CzY	37	53	1548878506000
38	3NLhkorJZVGGKqKczxQgt7oSUKb8gQmdXmcNjQLqq7tjqZ8yNLq3	37	2	1	1	39	jwpmLkKssXvL3i1b1gDHhqY49RF6TZTa3oW6HYJByM113KA7KAY	38	55	1548878510000
39	3NK96jhxBPCQuDwPFBYeobjMMauotJW1vrFAo5QHHYTYoDBQKEmL	38	2	1	1	40	jwyBDG3BC9xJarWje1QGF3wgdVGmgb3UzXZBDiX3uxjEpuoRsAf	39	56	1548878512000
40	3NLPeCztoGWAKKUmSUu9ZKqddK8KD6Pjfn9L3DmumQCS52Nviq4Y	39	2	1	1	41	jwiFT24drN34W85GKJpkaGGTuuKVuxL1kQK9HspnzcnrjdbqHhq	40	57	1548878514000
41	3NKiaDaHvmiSt8KXQiNNFtsQLSLHLHTpkhGAFeRCdSc3Cjztpaju	40	2	1	1	42	jwTePcxmiydGpLQpY8pqkLPjWP5D5tWcf4rZEq4i4xMF2KSJ1aT	41	59	1548878518000
42	3NL2mTbEyTPiBhe64HxpWC4gSJqgo165BMDiYe9qTjLnxmJQcHEB	41	2	1	1	43	jwNLPFH17Sge9Z1YFUW7uTJQQXW8YC1oxeoYXX9rvZjwqTETQxu	42	60	1548878520000
43	3NLQEQfaTPsuWKEjkPLv3Px6vy2s6p1PKgm7YdJ3FtCpTfp3sQks	42	2	1	1	44	jwK3PpEBUVZyxLPFvwQrBpjW4u7CLFwf7Wug1NrLSBPqcVkrFZa	43	61	1548878522000
44	3NLnk8Kx5wB1GzaA4h3AtDy2M9G4SsPUCUtYELdKWyjSqqG2h1E6	43	2	1	1	45	jwA8mePeosmMLBEs6KRZRWVWpZkCxFHjLeVdwi4mN7vez7mArsr	44	62	1548878524000
45	3NKH4TmmYs5ehV5mMCHD5GCPzdckX3YfDoCZf7dSK2YaKEacSHpx	44	2	1	1	46	jwdcgADg8qQYbLAmnv82ZWY2v11SREhZudN6yigaUNyvEqmwWPH	45	64	1548878528000
46	3NKo3TMKV4V3WzYEbZecWgYTdni9SqhQgiaoUx5q2tqpksHc1ksp	45	2	1	1	47	jxNaX3JWxvLY17BC14uQUs5JCGK6hzyxF7hhqufvLppm4PW3YxD	46	65	1548878530000
47	3NKs7AsViKEUkAfKcLGjXXjR53hXzUqgBLBB5A6e2iQzvPNY8A4e	46	2	1	1	48	jxvMob2LqvHBBawf5dtxNiAHDJ4GM1reZ5tbXeCEbqdfCbKifjp	47	68	1548878536000
48	3NLZCTSQCKmPLUEseDSd5k1diEzwvcVpQQ8FoTVaENEpLf9mPXma	47	2	1	1	49	jwubgkcLEMP7rpvQMK9LHyGcWBixNUCaP2UmLiFLH5Qg9DKcpGx	48	70	1548878540000
49	3NKnsz3DmHGmhzDw5XUVo7R9MUAygPrX2KTB6S2LoJTCgKNQVb3n	48	2	1	1	50	jwJ5o9HZNA8ohUQagtCJqmQ3wRMNyrBgkJLmDHV3V6yH7TrxfYP	49	73	1548878546000
50	3NLqNVoCyaTVA3BLsQubvHkMyEXB2WTvfWvcu5VshdHnNBTctMfH	49	2	1	1	51	jwTHLCgKZ6QzwdajkUirJwhwoT4iwfd6de5XBmopZ7dy9s5EBVA	50	74	1548878548000
51	3NLwufY4Mf8h8kqEPTC7cy5Kdu59NZu2HiZ3ETS1jtShcWy6bjGH	50	2	1	1	52	jwQRWVcJBR6dZvyr2sa7d9jvbi6VEwzi3j3aP4CfQUizNSu5SFf	51	75	1548878550000
52	3NKVgi7oaAVBdBDZnoSZfcUbujDRGnsuYcy8XoMMWLT9PNcCig6L	51	2	1	1	53	jwUBLFBbqGDCq68hYWQxLHLzTxfvGdD6vRJcTnqv2LomE2Cg31F	52	76	1548878552000
53	3NKdshnKJFZYkHGQ1FmtXw3s3aLihpAqL7C7qDPZ4FZfGTBeA5AW	52	2	1	1	54	jxdbmhvqE4VwovSJWg4BfazGjRbrEy8ejawjZpinjL8sbnxxLbZ	53	78	1548878556000
54	3NKWQknE8jy3gfUTy1vmN3YtdJBWom8HeG4j3GGD4a4f3g535iKk	53	2	1	1	55	jxu5fbEhQZ28RXoz1iAx1bEf2S7HKG3BCEhDDMBZVPyWwWyoYFW	54	79	1548878558000
55	3NLWz9F6d9VfQzzat9mJRJgLQFkHGMGHrQPUDZ81BR35Pp1DKgyz	54	2	1	1	56	jwc1xvei9NoByP9aT7nEueeuRUFTuHtuxR2jxvpJE5U2vTXEChE	55	80	1548878560000
56	3NLj7ugHmhP5LTjEfGVgBbvqoJbsmUS6Mw5hG4DTHSfYc73zdZzg	55	2	1	1	57	jxq8uq4K2hjz3BKEe5VBBgMWJKcAvBTtbbvQ6GHCxRpHH6Xb8Vi	56	81	1548878562000
57	3NKLTZ1S1nA51cuTAAC9bFs56Hzip8LRsMiYQZ4w3sQzVNqEgLVc	56	2	1	1	58	jwUSfyyieVg3vL3NyieZ3NbZgwU8f98y9c2mEdwHmmvBucVJKqq	57	82	1548878564000
58	3NK5k8oQU68ZZNr3EcRTcCuLDXjRybvDiM62fr9JWiTFWthaMTDL	57	2	1	1	59	jwNzE1iNLLz2nzWezGVedGrjD4dL9gxAhfMgWd8zu6ovxCf5uZZ	58	84	1548878568000
59	3NKhEgCaH6DYskxnbfJfRL1HaZJwZvArDHdM9MHtFMTTiqU4qaBb	58	2	1	1	60	jxSzqaK1Aj4YgGEYhJa6cyoQSKHHvw9nTPWuVLmehqTrhxxo5p8	59	86	1548878572000
60	3NL4WhMUfWux3vfZWtYi4XXr2CngVHQMq6U99DWLTCgdaDV6xbDQ	59	2	1	1	61	jx8YQrBppf4BWUjiCK2fVTKAiPWVzDMzdb4VC7gGtiERQx9oD3p	60	89	1548878578000
61	3NKCJbjGTUtVwxEafYNt27AW2jXt2J2oJ8i7f1frpStYTNFqrp2v	60	2	1	1	62	jxtVTe1mwG4D7vUwSPN3HCXHup7ZQBXF6Nzo1N3fAnBkT9gXk13	61	90	1548878580000
62	3NL1D8ibBKE4mmjeuyfQEF8h1PSY3LuaNZWsaZ5RB7YR6aBAsMAR	61	2	1	1	63	jwBFp22dtesijvxJK2JDy4pRiM7HRsRFbHVHA3FEEz4puzN2SHs	62	91	1548878582000
63	3NKgXjmnstKDF1gt162Ruc9eFkGcHFw8niZ84tvBJAKZrZkpAmmU	62	2	1	1	64	jxYsMBP1LBQJ6yCav1qV2rnVnnvziJYRmrRmF7LRbAfnA7FyQ14	63	92	1548878584000
64	3NKyuKquzpZUjgLKdPfkGkjuVaddjXvUTJfu126rmpgTUPr4ZKTs	63	2	1	1	65	jwBLDgUE7291VKxZhSoMEc5woYV782dUwpDC6YpxrN8X1YFFAiF	64	93	1548878586000
65	3NKrcG1uz1YLQrkYZdzf4mHRqDaphB1wXmCpWsx2K89QkBbT3Gd8	64	2	1	1	66	jweRFoP2KzyxgBxJLRzdZPH1NaTQ4QsYDYVCYL6irKUnHc9xUYu	65	94	1548878588000
66	3NKbuqeyay7qL5gmrMz2bymZxu25PyawCy25zhTZKaW4S9zVVy4X	65	2	1	1	67	jxHH4pVGC8pPjLfGioZzT6xgxbWbDogK5UnvKWqsVi9xuWoGUsS	66	96	1548878592000
67	3NLWT7nc54US1nuYcCpCr8MZNb5Kmrbfyp3aVp4GfH1PnmrR7ctK	66	2	1	1	68	jxLC2uZBq7bny3DCyu49FvyfEyoMYxyJDYB3as8E8mXkhVMhH4B	67	97	1548878594000
68	3NLbWijy5U9s5yczQfqngxsuVLNKAoQhJV34TUHgvKNUatok6QBM	67	2	1	1	69	jxppUvbYCVFYeHx2deSpuqUjR9HjoEt4aDmq58G9PE2wiTX7NDi	68	98	1548878596000
69	3NK97PMBH1X3enjFQN6WeSFyyKjHvND1C6KxhYZ8gaHrb5w5wA8X	68	2	1	1	70	jxfdGQivBSq42NXtf3CoRtMdso9vM85eSKXfdzJU8tqy7G3HJET	69	99	1548878598000
70	3NLSAsABnk1H37Chcuccmy4mASkeuN4mv8zJgWydR5yTdxBrbZN6	69	2	1	1	71	jy3LTHYmToLHNnNaQRP3uw9ukgqSbEPVs7FndDHhKc4YcQbycoT	70	100	1548878600000
71	3NKZ1wGqFRdfLtmD8FBo3Dkb17VKbjL992Suke1uuAPYfYVMWex9	70	2	1	1	72	jwxqWNbNfuuCd9oBvXZPYqHJ55R8ofW7Zav1RLYsnVgUwuLjtcD	71	101	1548878602000
72	3NLKiMBFfQ7yHnEVbvrX6aXh4BYg7984rtKY3wSiTTpyfkr6BhZP	71	2	1	1	73	jwUDseY6dgyPY9s3qWyQUmoLrAuLcDwsdn9FqF5FGxv5RJanv6P	72	102	1548878604000
73	3NK3dRbS1ffHDtccKZuCdEfBo44t2WbMLEk4Twt4URk8bzo8qUaQ	72	2	1	1	74	jwgACJvp5uF9oqAaRA28xEESe1Q4grrfBSgq4NvAYU7GDTYgVW2	73	103	1548878606000
74	3NKWZ1HFxZPc83ZUnx5qK2gM192gMj7YR6VYgWVfnhuVbHTdho3W	73	2	1	1	75	jwQ3VZ9a4gZTuW63iy9WZUgpvvWuHN5aozuRvQLoK6kvsTaGDto	74	104	1548878608000
75	3NKGsSR47x9hEt16VKcFBTFg4TAX7FoKCFaAWvXfrvQhELuhn2U3	74	2	1	1	76	jxdFPjqfFaVrJ6yktxHVkWWk7JpUNKx7cmtrhvvGFMTG7bYgGkA	75	105	1548878610000
76	3NKTHokS5PsNVoU6jT6fMJq6M1xNsGd3LQwk5pqaKSTxCKN4D74G	75	2	1	1	77	jxa5hjnJwvwcdf5VsbdQ7g4NXu8fMVuVryqV3z4Xc3bxSSYkdNw	76	106	1548878612000
77	3NLgebxGAPAVFu1ubnsTSKv7n35kPE9k5ZLbAXmTVa6CTL147uhu	76	2	1	1	78	jwBbrDjdodE2KFNC2k91nuDTVVPbsA8JFZd6zGFBbYcdM4oD7qU	77	109	1548878618000
78	3NKxzjU3UR9e9eM291b5GRKbeYCmTyzxiv7iBeLc6qJ3hXMuuEpo	77	2	1	1	79	jwN363KeQsBHRAotEK2ngC7NcnrLPUtXEKG54WChkWQSmjjWnFj	78	110	1548878620000
79	3NK8acJnVz2GSYFuH3v1YEZaNSN1Uq3nZfnBxYLi9XvvqaBnoiBT	78	2	1	1	80	jwJrftFdmHsbEiLjeCQbKXke5NSMVR6Y1HSeq6KgBnjPZQ2V4cY	79	111	1548878622000
80	3NKDcL2YHX94tETaUjJzTFnWEoDyEQczGozGFo5qy21hXHnLBA2h	79	2	1	1	81	jxEZuroHy6YQrc6czxJFvAANAbgeNgzteESztXTz6nMuFo4wVKf	80	113	1548878626000
81	3NL4nk5GFf3T48xDNGyyq4yrVEWjFukuKNSijnBFngGT4do141at	80	2	1	1	82	jxMt5oqip3S73LQMuaEMAzqeEL5kvad86DoXbJF2kcP4nWfWiMT	81	114	1548878628000
82	3NLfypAH9rHTj7DdDjoEgZEq8Y3WUzeFqzwBoQmLuy8Aru3cLJmF	81	2	1	1	83	jwaQdkj4Lg8m9W2LmRCQaxCtZ8UdqKPUkmLzqYeCrSjdiV31Dpm	82	115	1548878630000
83	3NLiSCsV155DNzjADmAvJqZcsexvweihHY1wxSupa8sWqjhr5Fkr	82	2	2	1	84	jxpxQGLWaqahNwgeSWh1CRv5iCSDgjtcYLYyvPU8ub6y8Cuvv4S	83	117	1548878634000
84	3NKF1CeJGQqSuCR8QvcTwf846StKLXg4xgeuC2MfRDzjbxqptgZA	83	2	2	1	85	jxkVXRbpKRomjRUinTscumgB4bRvBFXQqYT3pg63HAkqMKGqZfy	84	119	1548878638000
85	3NKiWpfnZbkYpRS8unbDVWS8paZ3yK95fv6RNuycnXP8dzgNV3XJ	84	2	2	1	86	jxBAXKUAo63KSW1jXZo9GydRkUfZHAxWkS4wNDpkfe5SxoScgvS	85	120	1548878640000
86	3NLb7m22epUac45GLCWWVaBDBVmEU2v7hJjD3eKAyVEg9KwqVo9h	85	2	2	1	87	jxscdhXzKNMPb3WxdrPnhXowGTeWxE3MqeTqwjAoojoYt2DaaSZ	86	121	1548878642000
87	3NLvdZwBYzTgFTBFc4agyE8fi5THY9xWFAKNDtqCz9Y1ZTx2CS6K	86	2	2	1	88	jwPpYv5H3toa5f8kTuU6uwjvg1p5K5y2Y2cyCXcccfUz9CRgX9V	87	122	1548878644000
88	3NKrh7CrZLcAZmNUBW7zG9b4kNLwmVv45ztgnsjqrfm5meMJ5d1Y	87	2	2	1	89	jwAM1QbGCTH83yKvwdTc7wLfB5GWgqHrcfz84fGjNnKB9smnDRR	88	123	1548878646000
89	3NLVnUve964DevXR1pKQbn5Xt4qmwDdJkruUtjK21Pf23sjd77z4	88	2	2	1	90	jx6qGd1qhqCwLv4v64Ffy58kQx1PNpMQuhvRrmPwiLXVhXQDkEm	89	124	1548878648000
90	3NLgGAkhoGPr7kbNZxUFJNrQf3Pg6u3AZFnYWiUrqE3Z2rQ5ihYm	89	2	2	1	91	jxdGRyB2b2x82kkQ9Fc9cKbdGWaRn4DUTrfsKm54vM6EjDfjZ69	90	125	1548878650000
91	3NLszm6xNtB4oEKXFSiGxKokJbnE4JtDBpD1DzKWzsUVf7fEvUkK	90	2	3	1	92	jwoRv3ynC3AnbDJviLsoYtMdkkQ1Z5bubyais85q4WrQQ1vAQBJ	91	126	1548878652000
92	3NLiPFeymD74eH9qrodR7oBDpEetRbs36LJ97SFwgojxTrJQPCZ2	91	2	3	1	93	jwSHJ5KecGJQ3ND7J7mWc3adaaqegkFu8pUiXAxGXfiobkheRWJ	92	127	1548878654000
93	3NLQYykEF3gKfwisneRKxZW9EAwAkfxoRAbAjasKB2Fot3UtDp16	92	2	3	1	94	jxhtM78osfFhUtGLgUsyfu5TZJdzbEtxuWgx6WKXGBMMKrn7aqk	93	128	1548878656000
94	3NLw5oarpxqNAuSNZkKL4iGapkuDUSRSVEnEuRFgFbUqRfao4MpS	93	2	3	1	95	jwsnw6nyVTKw3uDDLLnXGZWWD5SqEQ6tNp1k5L9uunEMF7ksQta	94	130	1548878660000
95	3NK9kWYY2p6kuUWVqKxFVf4nJf4Ko4ovmipxGVRhVe9JxbT7KNNi	94	2	3	1	96	jwzD2zLpPsMmcANiMzzGkYURhgVsEG9H5pa1wsEXNYK2QfbY1FK	95	131	1548878662000
96	3NKKumrqNPpZy1J5FBChdVM8WQuad7CKeznSRVxm17r7GQMJqGrU	95	2	3	1	97	jwCaYXsng6KqVG4B2V8TvDgXjhbvEMSK2bu6e2tXZHeGB2yTxEo	96	132	1548878664000
97	3NK8xFQseRDSiMXUsUH9zCjz6p2znjErVZZffkiqCR2LKmZfZWvw	96	2	3	1	98	jwGaCfKU9QuEGgN7XcX1phSycK3hiM58JEY7MMH4a7MYEgaBVWz	97	133	1548878666000
98	3NLyab5BSLhYWgGf5mXSmVVX5ZxvDZsjsbUj1atRNVvy1k1RpKSy	97	2	3	1	99	jwroZaVZhnn7tRjX57cYrSJRuCJ6oS7zo6StVQAFbYnpxGpKpdF	98	134	1548878668000
99	3NLrBhhPkqT94ciwz7XXVsBzrDqAnAHtULAvMgvSZ8QvbfPrLh6X	98	2	4	1	100	jwRWFXtwaQyAZr8QWnNQ4v1bjSeLurjmQa9ds2vRGrCTMTJdMcR	99	135	1548878670000
100	3NLsQDZFT5Yq59PcNMJGaueV4x48zst8pkA8UJMBipzG5hAYM3cz	99	2	4	1	101	jwbEa5dKtqLBfaVEmD8Vr3pZ1eQR5Y9fwNmvBqrR7X7BzWwCDmX	100	136	1548878672000
101	3NLgKveCQpcLu4ggB6aUYo55WFo6asuWAUjLwpywDqTpeeNHJEXy	100	2	4	1	102	jwP1iTqJNvZv7mZPk3JVE6P5CLhcm5AE1CLz6WrBSCzS9eqw6t8	101	137	1548878674000
102	3NLqt6iH9djPHS7u4FvwWZePWxYodVYTN732Y5JEkUQLqeo81RdS	101	2	4	1	103	jxfpjwJ8hA5fF9F7VSRDzDMmYPA6uh3bSwFJrsWxkr3BRZ8WLSz	102	138	1548878676000
103	3NLLA6WSB2SemswAxE2Weje7jFL5xXuLThGQmDD4ksHBQhtsFL2X	102	2	4	1	104	jwtuZVNhFeE5kvX3hG9i54o8kQC2x4exL8Wki3mJiUBBABVtogn	103	139	1548878678000
104	3NKtJ7dC638NEm9QWPKoLKr9i1EY8aHiF8fEUqCBhRBLgmtTDHQB	103	2	4	1	105	jwYBvb7uMEVXC5kMbPYRNfBHi3f3qCr99e2k29fjnQobQqNd4cr	104	140	1548878680000
105	3NLKTzPg2v4AM2TxMLQA7fNkMFSPkTYDgKzVeu3tAezF55CPD14c	104	2	4	1	106	jwX2p4dCRSu4uDZirKe1TaUrrrFmgAHUfSu1MYqSzmAaR6T9Kyp	105	141	1548878682000
106	3NKZu1vBRUmufRsWYRG7R5muGQGNLdk78N2T4LmpjqzTTAewKAob	105	2	4	1	107	jxbY3Cwxr61MN2XVAxo7W5W2aZoJUKu1tNmbtnkdtK5kjMGRtmJ	106	142	1548878684000
107	3NKkMNsQnjGJy3SnUL8t5hpyU4R3fsTuSYaZebCVV5SQVAEupzBT	106	2	5	1	108	jwvp7xGMthjAsm7gbPWLkYa7TE1WmmfnWjDqgwfzgF3jBhg8ysh	107	143	1548878686000
108	3NKmLNuGgLrFYos9RytJdyotBhHcvAy9mBT3AH3YjbFkoZa5qLah	107	2	5	1	109	jxKofofxncJxnHPr6f4AFCe6w5apmSFS4hQq7FG5v9bDnU9bk9z	108	144	1548878688000
109	3NKEpqeyPFxAzwqr17jBsbHqzfieNyasDDaxrPQkpJ1vVioTw7ou	108	2	5	1	110	jxAypC34QESfBfPsv1uKMrqNTA6svRBi9ZEKMFGpcSPoS6GZWDr	109	148	1548878696000
110	3NKhZss85NytGhMjRMmy2ikozMwWJws2VFAShAYFmkyTzmGCAnvq	109	2	5	1	111	jxM8bRLDfLJtmJYP1LhsutGsurWqR3QEh8kFGgEeUM7vGuxVQJC	110	149	1548878698000
111	3NLXoRweStCXUJ9njPYKCZr8MXp4sycyGCUjJqLN3EiFPTQNrBkF	110	2	5	1	112	jxVC4RLGGD5TxbZoPC5XswFs642L4aaLQ4imk9apTAEygPNSkvh	111	150	1548878700000
112	3NL5s9waA16sdT6ExuLmR5vqbFmZzGwwanVBF9qnyzjLLkCAspmJ	111	2	5	1	113	jwwk6FxyMikjNgYxXjUjWNjsiWpUiHcFwSdzKczBMrNd8Pk3oN7	112	151	1548878702000
113	3NLc1HtmchUAk77EWYek9zQm9pkLA1KrL832WZfBVeYds6Av1qS2	112	2	5	1	114	jwoTrcD21rhBBRSc7JTCttmNPd7xxrDcJkYURMuuQzW5QrECah3	113	153	1548878706000
114	3NKaaq3NPLwK5yK55Uk4e2ramsK6bNFuRNRCM2cDtpuKzkr9ZtEM	113	2	5	1	115	jwXJhu7KDzBTZYN3pgU7XUZ1rHwe9WqcMckLYaZkFW7psZn1iGG	114	154	1548878708000
115	3NLeqpqR1MD9DpYtEUS29eohbQsmbp3J4RwFTsXqUvYZqMw86QSy	114	2	6	1	116	jx3Tjm4QzEGgc2P8Go18oqJtRwvzBP4BmEs8mFcBZdSkqxGb6fs	115	156	1548878712000
116	3NKMTKWX17BLrz6mzVAMBCF3QSejUFLQPaXzXqN2oRYNQWxDRqxx	115	2	6	1	117	jxbhbCf3GHU8D5fNfFQ7V8atro6wX6RTQArxesppSEWBDz52vFG	116	158	1548878716000
117	3NLuz8r6zgs8C7EjLaXH4ZcyaqytEQ17GWonFVEkMwZX8ND5cwzz	116	2	6	1	118	jwGTmoiTz2yVw2boF9x31gk4qUofF232XAiVA2rgubMRYm1Tje6	117	161	1548878722000
118	3NKUbCnxQuo5pbMNPCKopzo2TXn33EXfZcbmoHNAtJyzrmSVkZ7n	117	2	6	1	119	jxk7w7DsFFpxwKGjXndWvcgbjdPkXopy2saihEUKwTqQg7eKo2Q	118	162	1548878724000
119	3NKEkyE9i8bCXATR2xdQbBaqURGr6uyGrp8w9GeuD5WyAhtwMQTE	118	2	6	1	120	jx1iC95JrksjWFg2Gf18ewVDAa6xJCUnZRMAsqkGrqrtKhwp4Ci	119	163	1548878726000
120	3NLrb5N8DRb6QGLpw23snRb1ySZtfKs2fpzuGKafp9SsUna4fZM4	119	2	6	1	121	jxnzRowvG8iEPZGKpF3EWpemRJVQf18jqvaA3nnSPQPUA9J1vjy	120	164	1548878728000
121	3NLrfXH2xkS7DWPApdAVT2v6VWuxWHaaksFVWfVFSWyKM6gBZAYu	120	2	6	1	122	jwdkWrf8TRHNFHJknrxejx22Th8hJUYmjzSNpofhFPgKnmpfpL3	121	165	1548878730000
122	3NLHqxP8n8ty86FjdeC6wNbHFLM1hseidvbNs9zrZcNApaReS31X	121	2	6	1	123	jxbn8fdrUAg6NU9McHvg6MKottuPanbBox2hoPd3LKXPM2WSQiB	122	166	1548878732000
123	3NL9RfBVdWTgsHbnmgGXNwrHJVZNkERHuCEWZJxqWqoUsMnUpLDJ	122	2	7	1	124	jy1i3LdzaD7TjKWr1kpxcpLZRwWSFWSGCzXygvvJgZZYDJSbVkt	123	167	1548878734000
124	3NL5L4gbVcvuhU44TutvmWVrqfQ6u3KBeVuwSBzBVcss92cnjxJN	123	2	7	1	125	jxZZztrCKutze5GuncegHwVkgSwC1c4vhZxKRzY4CYyYNeVQ7Rq	124	169	1548878738000
125	3NKYFg7WXgPsuRbzyHiagmtCWRvukBSGt2ZR3XGqxQuabZegGuQK	124	2	7	1	126	jwYDDAvDz1kgDtwkgCJgeXvcTeTL2zsRmRhdZtxQZk3SZdzMArT	125	170	1548878740000
\.


--
-- Data for Name: blocks_internal_commands; Type: TABLE DATA; Schema: public; Owner: -
--

COPY public.blocks_internal_commands (block_id, internal_command_id, sequence_no, secondary_sequence_no) FROM stdin;
2	1	0	0
3	1	1	0
3	2	2	0
4	1	1	0
4	3	2	0
5	1	0	0
6	1	1	0
6	4	2	0
7	1	1	0
7	2	2	0
8	5	1	0
8	1	2	0
9	1	1	0
9	2	2	0
10	1	1	0
10	5	2	0
11	1	0	0
12	6	1	0
12	7	1	0
12	8	2	0
13	6	1	0
13	7	1	0
13	5	2	0
14	2	1	0
14	6	2	0
14	7	2	0
15	6	1	0
15	7	1	0
15	9	2	1
15	8	2	0
16	1	0	0
17	1	0	0
18	1	0	0
19	1	0	0
20	6	0	0
20	7	0	0
21	6	0	0
21	7	0	0
22	6	0	0
22	7	0	0
23	6	0	0
23	7	0	0
24	1	0	0
25	1	0	0
26	1	0	0
27	1	0	0
28	6	0	0
28	7	0	0
29	6	0	0
29	7	0	0
30	6	0	0
30	7	0	0
31	6	0	0
31	7	0	0
32	6	0	0
32	7	0	0
33	6	0	0
33	7	0	0
34	1	0	0
35	1	0	0
36	6	0	0
36	7	0	0
37	6	0	0
37	7	0	0
38	6	0	0
38	7	0	0
39	6	0	0
39	7	0	0
40	6	0	0
40	7	0	0
41	6	0	0
41	7	0	0
42	1	0	0
43	1	0	0
44	6	0	0
44	7	0	0
45	6	0	0
45	7	0	0
46	6	0	0
46	7	0	0
47	6	0	0
47	7	0	0
48	6	0	0
48	7	0	0
49	6	0	0
49	7	0	0
50	1	0	0
51	1	0	0
52	6	0	0
52	7	0	0
53	6	0	0
53	7	0	0
54	6	0	0
54	7	0	0
55	6	0	0
55	7	0	0
56	6	0	0
56	7	0	0
57	6	0	0
57	7	0	0
58	6	0	0
58	7	0	0
59	1	0	0
60	6	0	0
60	7	0	0
61	6	0	0
61	7	0	0
62	6	0	0
62	7	0	0
63	6	0	0
63	7	0	0
64	6	0	0
64	7	0	0
65	6	0	0
65	7	0	0
66	6	0	0
66	7	0	0
67	1	0	0
68	6	0	0
68	7	0	0
69	6	0	0
69	7	0	0
70	6	0	0
70	7	0	0
71	6	0	0
71	7	0	0
72	6	0	0
72	7	0	0
73	6	0	0
73	7	0	0
74	6	0	0
74	7	0	0
75	1	0	0
76	6	0	0
76	7	0	0
77	6	0	0
77	7	0	0
78	6	0	0
78	7	0	0
79	6	0	0
79	7	0	0
80	6	0	0
80	7	0	0
81	6	0	0
81	7	0	0
82	6	0	0
82	7	0	0
83	6	0	0
83	7	0	0
84	6	0	0
84	7	0	0
85	6	0	0
85	7	0	0
86	6	0	0
86	7	0	0
87	6	0	0
87	7	0	0
88	6	0	0
88	7	0	0
89	6	0	0
89	7	0	0
90	6	0	0
90	7	0	0
91	6	0	0
91	7	0	0
92	6	0	0
92	7	0	0
93	6	0	0
93	7	0	0
94	6	0	0
94	7	0	0
95	6	0	0
95	7	0	0
96	6	0	0
96	7	0	0
97	6	0	0
97	7	0	0
98	6	0	0
98	7	0	0
99	6	0	0
99	7	0	0
100	6	0	0
100	7	0	0
101	6	0	0
101	7	0	0
102	6	0	0
102	7	0	0
103	6	0	0
103	7	0	0
104	6	0	0
104	7	0	0
105	6	0	0
105	7	0	0
106	6	0	0
106	7	0	0
107	6	0	0
107	7	0	0
108	6	0	0
108	7	0	0
109	6	0	0
109	7	0	0
110	6	0	0
110	7	0	0
111	6	0	0
111	7	0	0
112	6	0	0
112	7	0	0
113	6	0	0
113	7	0	0
114	6	0	0
114	7	0	0
115	6	0	0
115	7	0	0
116	6	0	0
116	7	0	0
117	6	0	0
117	7	0	0
118	6	0	0
118	7	0	0
119	6	0	0
119	7	0	0
120	6	0	0
120	7	0	0
121	6	0	0
121	7	0	0
122	6	0	0
122	7	0	0
123	6	0	0
123	7	0	0
124	6	0	0
124	7	0	0
125	6	0	0
125	7	0	0
\.


--
-- Data for Name: blocks_user_commands; Type: TABLE DATA; Schema: public; Owner: -
--

COPY public.blocks_user_commands (block_id, user_command_id, sequence_no) FROM stdin;
3	1	0
4	2	0
6	3	0
7	4	0
8	5	0
9	6	0
10	7	0
12	8	0
13	9	0
14	10	0
15	11	0
\.


--
-- Data for Name: epoch_data; Type: TABLE DATA; Schema: public; Owner: -
--

COPY public.epoch_data (id, seed, ledger_hash_id) FROM stdin;
1	0	1
2	14069309439773237279803234595370234287274363585438239626154399899266622244030	1
3	26723261555281511083944513599337910332473675442082682583305622241130052403475	1
4	21303057678430374881018809782741336072875980890483021523243199293864674181085	1
5	14312455581772026181534129664866189943533608552072626016978436310959722101229	1
6	1287467348349634628442519179367051176165071976085111072118528645694883397557	1
7	10641807790026138979441316151139241973316830128775994732748426731148774922533	1
8	15099837446801429769025379043253865580334713166706308479966189299085483484463	1
9	18276185501854898935465827524111700062511860374023130887039515446943679906189	1
10	17498816492426243726521133449641831424312511081921861292136987213709676490532	1
11	23436349314552281852046058123942761755566589566976839871441259166937400679841	1
12	14050454165630553474254567139992340997221167113721955714794480110247638603778	1
13	9747936248972224655820628595022610271820167213558396816708517840729763450874	1
14	1725864625511666223229606950365280811844017694725423760841385546885540208855	1
15	4901413806040987084979230812763620490156458383816297761622311902219883828868	1
16	15325554909162191521364884217945374030694586343072137662960010036430906985722	1
17	18123309844266793788337078534882169623995187003351817014853493058497548109347	1
18	22349980329270746180368517925242318494088087560250210887425994052118457761681	1
19	3065216915132892580570495832544030113004819259968008878552749879478338895639	1
20	18659468912201124247642732389299233200121671323900549945025415543060718580943	1
21	17560955697499066366349357311140205442260111653962280893556422083174825336039	1
22	13477339872508352488638084452065433142766529372390392738979522285289662231308	1
23	19568933625961982397948979707483518827999062447489210491627651860153138392479	1
24	25040112583994866226754102275329226724947827935215215638005579821072387812985	1
25	26306263893424138302438921320706175727526668710987740317965722438348999675864	1
26	3866125627996645032426036284627358785931100342604425626309385333555732581412	1
27	22051953505429455053939115782631070639857439127140520644948214780834435783178	1
28	28880851282736092842833880558898165579863446979340502363574231302860762730503	1
29	8763873905003551828623638990778693289448618498371947180334895409682327170528	1
30	24533071283384883489123018961453094286051461569506857503462015240257312233624	1
31	16258219241290449835964937227162843391157427315482850986187734651310914522567	1
32	27111746335101299577639338045759511787145395924042062593063681768290248882003	1
33	17573345249867224885235601781618512135413855261529741694500260711874080715733	1
34	7364094020268245315041385032765180463597082530900415119500015958305658313315	1
35	20943764834884409892837117924731172256510886537564231296773312408932567269388	1
36	216877270814704187884244227204461281971897375689883741380064704062973239739	1
37	7363224871830605747694658919613320511541809186321405039945843017967572003315	1
38	17722325407396396848032526473150281104331856470581007951373695009495071514682	1
39	7568431022708911089182782758428368720795584628836951480403798837549580100937	1
40	705776785187192840299319725314134440138585735526537533393756283599614201259	1
41	22741194637220278948266966833218553039735740779188629456966608810082459797330	1
42	3111993600996602095858207192067592050242527569958450369073068233057890781172	1
43	27561130076820666076895400032116174100309646897063499638314622743448187787703	1
44	16343158914105797028773526404179003548516634685607666575266145433555035345771	1
45	3350956432985722541732276220491841771433644444437507943270031044841463376609	1
46	26339205702759359782548760738930420918606274755652968581129651759166456986037	1
47	19517956983976205768485716448559148961543995119147440488774864410318161854932	1
48	18627579258047575290665675066058466250876448774302394663183647620191182636571	1
49	22856520502175899302117695092300329102553707459927667859778803805034148219462	1
50	24748610226562108582001305468121311919462627896301266420274463790448317103944	1
51	3078684652344168258958492899520171430594608865515343084004547101530623277946	1
52	25192204834272645109335803143003468737498615776923382985754861801411532701373	1
53	19684373212890408017600009310070935107388084785981817475716066480780570060244	1
54	11332661361820827881567963512384886900379453037867804438118952423261441134992	1
55	14042289793973227781613998208743711817854417930398673455662228239455407375412	1
56	5584278629255873657421455552093752664283645031983476389651228689268870518188	1
57	16557809561072031316481209487338962575032187572903433808884341097332258538764	1
58	22939988482272933746152828999058923307389666572811446851074893393051356575624	1
59	8853915206795739708240063635354450495382112429458635536815699043913964811827	1
60	21677794108470336492183601070646985200941175643044174083352092022964587280643	1
61	3330096898246420493459829758104901557538914506203688018745458577158819591307	1
62	2343249823282875500947101888652774108629829808446639269988318782678495905924	1
63	15989639343026501100485294684473499520722169121496688104516731053106227549128	1
64	6448502255322142684931156656996260337190389213807179665461562912559101084452	1
65	17103786550568252909932602979329155763522204098041650622142967026809337981737	1
66	2629875948970928894107641557514206676653865539324814873667386494799306483913	1
67	23562036521799423857474841552218314587400565267157427333716024224913494727846	1
68	9689809026206561825711862193180549984157043267492436776618790280820795537840	1
69	13695006832553058414538446946093687790111974301100402265829479247202648701	1
70	20372918423290788908705878694109617444343982309760601218305959547976611313049	1
71	18917353616207738459419639257971849236965725961616187725043981392203764968190	1
72	27126236497291848974159229872256490336109676727326682554219386255767165787629	1
73	16620652764754394669554703156947131901204702587117690373740823539304948203789	1
74	17135817547086637631050070531681188339310357041746216505518734927870583408689	1
75	21779208610935741210887979421198564576930326310678154957901582762377882240476	1
76	23552902108764228250504567443540940198666057395127543696497673459735565799247	1
77	3103680229430759307066320793151508188243597857762797144526406203389592661417	1
78	17442419797815312733917063024987515134254757125596155840550151719977943849633	1
79	28606174653274512163402095576492843483995873112379772533777391317468315818273	1
80	16652314082070051680655213100017379600551251112071982626161050726163244236156	1
81	217222771907091515210002937799195681678807599069692911489969975654159743278	1
82	22608401927432835115341089142773597948691056024316919705464202155564852991169	1
83	26442899542055353949580189293377253425938524253419179896688468852436404323201	1
84	8284114358434821501827317714434955009146724034207871146065747236728620503783	1
85	17249039502572359658402526668064504463132432603944689545241465904107160467087	1
86	14777888986520027752315647462061226927532775459429784229955670104243761689464	1
87	24983785271774630961335243678069106865704506830187184230055481091427200959617	1
88	3000433904108427605759902543130196786742457596259475588462469737861812323451	1
89	4671946070420040067524031609394163149657270094597241244875364434541907494577	1
90	6518669129600330103261744052285249457369071733970966654552584111278383423409	1
91	10525396214764270030470361220976586517616605533888758317817920974658874550242	1
92	28753544341772437556170322164279269597962820514642564548682737198240841645954	1
93	19437487426494933736143749445728018670998884484439568808053089879274653598848	1
94	18916397907607828714677999655052924333650733867014040315809004756404619380246	1
95	28802145257935430330390248651376687615108840668604522387523220273757866800602	1
96	16106674006704032567666923368402420560426427885878709220450693318575174159066	1
97	13897708964052058193511589991540043399479977789871804967920028526738409624533	1
98	10678468584744163328418550701604602981905046712301885349200657020277218092588	1
99	23899193773877425034227521291787470662295880586936334451023345023439110853491	1
100	417326017438488563582530421064983793356142924286139679419660808183746892136	1
101	11649048483730734122280628752195523162762688072618911050766554453880112753572	1
102	25663207117873942521150768955458602059727579332206122690452737350465920519722	1
103	17110117899889724165273420674426527513610604401866698499454412269804800438122	1
104	4357908314719421226237134683417432036515099505653483254504533873481491007611	1
105	24671195891555421437908890993627929913102543701362896316966284411115505510241	1
106	20133740275547384113079364885866251200572647373358818147641660348036513992403	1
107	22330650562778807425164037565748143017216542901763587339541895662308733650325	1
108	3165198580153199492118370895650389285829562928626765060933395354711201947548	1
109	24908523339304509600857062612952564222974869438043570907849445470649311798535	1
110	25892369449466462125368876253060047906615341673191834678722421042636934524877	1
111	17685013942665672192080851236384839732633749374650509856064946435704008009896	1
112	9162430347608160050091757209218667940727251401746281758874731646837137755090	1
113	1767153757527203288191789424041938519578087467199254282539477630171809480102	1
114	3996756391705815085032871779213870519213853971306866697404807398199795624515	1
115	4294792650577232490048910330343359750354686968149961517008850519733692232637	1
116	21340279779889276085907948146084561054396808206706536666353861836000870552058	1
117	1182552116909312007013233737426234449114513302786169381205262582246325833679	1
118	10013291202456158953286616577092835280928949826303686780633039183939491778176	1
119	10777436074045284097275537186331888416876028443278202369861483901267618968130	1
120	23629577833211865073062144352748323988241200460057566690837606903264489189340	1
121	12866614962471555150147470167106222152749215112604788630916303478448086032855	1
122	7604271252029672188609298330591940027030917245707588113534676917003546052742	1
123	18571666457781399217907483499121876956278024342779357433284764991443046699700	1
124	12622796098836557248555644532845256730869352025389843295629018778546310271079	1
125	13719826504931947642796750814874928132262349306116029834729289881723177536433	1
126	27926437166253016270961698620589365947754852696150174834304240162076119091306	1
\.


--
-- Data for Name: internal_commands; Type: TABLE DATA; Schema: public; Owner: -
--

COPY public.internal_commands (id, type, receiver_id, fee, token, hash) FROM stdin;
1	coinbase	2	40000000000	1	Ckpa2EQd58cbXppykFkzrfd8ZQb23vn2MzygCtfaPqtR9aV6Xb2nL
2	fee_transfer	2	2000000000	1	CkpZJ7G5KeHtKKLRBJqo6aqdJasVLHJ2KbjbXKHBhEm85PrCvWJTo
3	fee_transfer	2	7000000000	1	CkpaE48vckzL3G4YMLJPocazHAXPihgbeVdWVFWTVMPgd19usasd8
4	fee_transfer	2	3000000000	1	CkpZYCRGxbqFp9UpkPvygjNX3chjyfaJt2kK1Ltre8LRUucGwWhFz
5	fee_transfer	2	5000000000	1	Ckpa4JXQvjMU21sfxQdHxpKbq3bcBPNMSss6bPM82EgUgoVY3Nv7q
6	fee_transfer_via_coinbase	5	1000000000	1	CkpaFTp86XXkYXtipU56dbbKH9UXvLzy311pmYUUZxsczYzm8FT52
7	coinbase	2	40000000000	1	CkpZ3DyKUxhuzWsqSJqkdWUi59kkNpfy1WTdk8q9snXwSnPPPoSzA
8	fee_transfer	5	2000000000	1	CkpZi2JRavyWk2p343VrukbJwhhBkNqiNUCXC5eMPa32h3TS9EUJG
9	fee_transfer	2	1000000000	1	CkpZBJJ9qcwbXCMLG1Hw9TRTQ6WKFLKHqQyXph5acegAJzjKrhv5r
\.


--
-- Data for Name: public_keys; Type: TABLE DATA; Schema: public; Owner: -
--

COPY public.public_keys (id, value) FROM stdin;
1	B62qom56dHZvJvuZRZ2cCGRqB2UdCjoDRQjQRKfZyxX1SBTbF24L7Pt
2	B62qrPN5Y5yq8kGE3FbVKbGTdTAJNdtNtB5sNVpxyRwWGcDEhpMzc8g
3	B62qoDWfBZUxKpaoQCoFqr12wkaY84FrhxXNXzgBkMUi2Tz4K8kBDiv
4	B62qokqG3ueJmkj7zXaycV31tnG6Bbg3E8tDS5vkukiFic57rgstTbb
5	B62qiWSQiF5Q9CsAHgjMHoEEyR2kJnnCvN9fxRps2NXULU15EeXbzPf
\.


--
-- Data for Name: snarked_ledger_hashes; Type: TABLE DATA; Schema: public; Owner: -
--

COPY public.snarked_ledger_hashes (id, value) FROM stdin;
1	jwcYgfQcGNGigQqUmfSt5XfaHiH4XtoRQKpbkCQG9szbmDcwgAx
2	jwaSZdCZpR52KfTLktpYDk68CQ35FLH2tnuBTMYtZAX7GHVkSd2
3	jx2dzyV9mrwGZPA2xWFRKXjqPPunAgSdWn9HW5gnrbC5EApbJvN
4	jxQNEe4Saxxe6cbH18XkST9jLqpdxoptZkJPeSn6jAgz5yG7Hie
5	jxoQcZkjxEELLmF4jVH6eTxJbi1zHGHBPDyDCJcJQJCyWT2dw8q
6	jwVedqTiu74jJ4RN7LiPwqefJ3rLWw9NTQPivP1REUgQAL2R79E
7	jwVKKNjKv2XBnUUjEPMuGwaQ1mLbC7hyj8bGYMLWb3joHYJ9EPX
\.


--
-- Data for Name: user_commands; Type: TABLE DATA; Schema: public; Owner: -
--

COPY public.user_commands (id, type, fee_payer_id, source_id, receiver_id, fee_token, token, nonce, amount, fee, memo, hash, status, failure_reason, fee_payer_account_creation_fee_paid, receiver_account_creation_fee_paid, created_token) FROM stdin;
1	payment	2	2	3	1	1	0	5000000000	2000000000	E4YM2vTHhWEg66xpj52JErHUBU4pZ1yageL4TVDDpTTSsv8mK6YaH	CkpZLz16kmScepi3zx58CteYxaGgcr1fZhvKUaHYnhxA8GWEiYExi	applied	\N	\N	2000000000	\N
2	payment	2	2	4	1	1	1	1000	7000000000	E4YM2vTHhWEg66xpj52JErHUBU4pZ1yageL4TVDDpTTSsv8mK6YaH	CkpZB7L6uz56AXZqZveKLjsnR5e7R1jNDa1yFrq1qDfft2NMd7KCu	failed	Amount_insufficient_to_create_account	\N	\N	\N
3	payment	2	2	3	1	1	2	10000000000	3000000000	E4YM2vTHhWEg66xpj52JErHUBU4pZ1yageL4TVDDpTTSsv8mK6YaH	CkpZRaakSTrXrTNWHrSaNFv99suZ7MYzaz96dkmLH1akm7whPPZ5N	applied	\N	\N	\N	\N
4	delegation	2	2	3	1	1	3	\N	2000000000	E4YM2vTHhWEg66xpj52JErHUBU4pZ1yageL4TVDDpTTSsv8mK6YaH	CkpZG6pQaChiYPErYXprkHG7ADZttXn9BLpEqZE2XTKR711YSvGkh	applied	\N	\N	\N	\N
5	delegation	2	2	3	1	1	4	\N	5000000000	E4YM2vTHhWEg66xpj52JErHUBU4pZ1yageL4TVDDpTTSsv8mK6YaH	CkpYa4VcW4S4KZgjfujh4SNLDGXqWqv4oPVCWZbQ6QaB211kncFsr	applied	\N	\N	\N	\N
6	create_token	2	2	2	1	0	5	\N	2000000000	E4YM2vTHhWEg66xpj52JErHUBU4pZ1yageL4TVDDpTTSsv8mK6YaH	CkpZus6yoimx1xg4TUUvcigPNW74ENkKRYW44xfZ1gzT52qc1Hpev	applied	\N	2000000000	\N	2
7	create_token	2	2	2	1	0	6	\N	5000000000	E4YM2vTHhWEg66xpj52JErHUBU4pZ1yageL4TVDDpTTSsv8mK6YaH	CkpYpxKgqY8MyUe5H9vneWdiBuiDNnHiQuUs7j7knByL441Bnovc4	applied	\N	2000000000	\N	3
8	create_account	2	2	3	1	2	7	\N	2000000000	E4YM2vTHhWEg66xpj52JErHUBU4pZ1yageL4TVDDpTTSsv8mK6YaH	Ckpa6rAVgdhD7DaMFqmyQs3K8wgu75airt6dhYQbTyZ2GDMww8xAL	applied	\N	2000000000	\N	\N
9	create_token	2	2	2	1	0	8	\N	5000000000	E4YM2vTHhWEg66xpj52JErHUBU4pZ1yageL4TVDDpTTSsv8mK6YaH	CkpZ98B2pMDHhu7AfecZfU3h5ipSiSjQVXzRCodMCLBJwRKzEjHAS	applied	\N	2000000000	\N	4
10	mint_tokens	2	2	2	1	2	9	1000000000	2000000000	E4YM2vTHhWEg66xpj52JErHUBU4pZ1yageL4TVDDpTTSsv8mK6YaH	CkpZ6wMmeTupoTKRZjiKTRBkAK2XEJGCMfEa5QzKAtbc6LfKMARjC	applied	\N	\N	\N	\N
11	mint_tokens	2	2	2	1	2	10	1000000000	3000000000	E4YM2vTHhWEg66xpj52JErHUBU4pZ1yageL4TVDDpTTSsv8mK6YaH	CkpZfEzwg1UUAwA5unwgcDHc8VNPcr2GtHDhW5G4Zibezxdb9st7k	applied	\N	\N	\N	\N
\.


--
-- Name: blocks_id_seq; Type: SEQUENCE SET; Schema: public; Owner: -
--

SELECT pg_catalog.setval('public.blocks_id_seq', 125, true);


--
-- Name: epoch_data_id_seq; Type: SEQUENCE SET; Schema: public; Owner: -
--

SELECT pg_catalog.setval('public.epoch_data_id_seq', 126, true);


--
-- Name: internal_commands_id_seq; Type: SEQUENCE SET; Schema: public; Owner: -
--

SELECT pg_catalog.setval('public.internal_commands_id_seq', 9, true);


--
-- Name: public_keys_id_seq; Type: SEQUENCE SET; Schema: public; Owner: -
--

SELECT pg_catalog.setval('public.public_keys_id_seq', 5, true);


--
-- Name: snarked_ledger_hashes_id_seq; Type: SEQUENCE SET; Schema: public; Owner: -
--

SELECT pg_catalog.setval('public.snarked_ledger_hashes_id_seq', 7, true);


--
-- Name: user_commands_id_seq; Type: SEQUENCE SET; Schema: public; Owner: -
--

SELECT pg_catalog.setval('public.user_commands_id_seq', 11, true);


--
-- Name: blocks_internal_commands blocks_internal_commands_pkey; Type: CONSTRAINT; Schema: public; Owner: -
--

ALTER TABLE ONLY public.blocks_internal_commands
    ADD CONSTRAINT blocks_internal_commands_pkey PRIMARY KEY (block_id, internal_command_id, sequence_no, secondary_sequence_no);


--
-- Name: blocks blocks_pkey; Type: CONSTRAINT; Schema: public; Owner: -
--

ALTER TABLE ONLY public.blocks
    ADD CONSTRAINT blocks_pkey PRIMARY KEY (id);


--
-- Name: blocks blocks_state_hash_key; Type: CONSTRAINT; Schema: public; Owner: -
--

ALTER TABLE ONLY public.blocks
    ADD CONSTRAINT blocks_state_hash_key UNIQUE (state_hash);


--
-- Name: blocks_user_commands blocks_user_commands_pkey; Type: CONSTRAINT; Schema: public; Owner: -
--

ALTER TABLE ONLY public.blocks_user_commands
    ADD CONSTRAINT blocks_user_commands_pkey PRIMARY KEY (block_id, user_command_id);


--
-- Name: epoch_data epoch_data_pkey; Type: CONSTRAINT; Schema: public; Owner: -
--

ALTER TABLE ONLY public.epoch_data
    ADD CONSTRAINT epoch_data_pkey PRIMARY KEY (id);


--
-- Name: internal_commands internal_commands_hash_key; Type: CONSTRAINT; Schema: public; Owner: -
--

ALTER TABLE ONLY public.internal_commands
    ADD CONSTRAINT internal_commands_hash_key UNIQUE (hash);


--
-- Name: internal_commands internal_commands_pkey; Type: CONSTRAINT; Schema: public; Owner: -
--

ALTER TABLE ONLY public.internal_commands
    ADD CONSTRAINT internal_commands_pkey PRIMARY KEY (id);


--
-- Name: public_keys public_keys_pkey; Type: CONSTRAINT; Schema: public; Owner: -
--

ALTER TABLE ONLY public.public_keys
    ADD CONSTRAINT public_keys_pkey PRIMARY KEY (id);


--
-- Name: public_keys public_keys_value_key; Type: CONSTRAINT; Schema: public; Owner: -
--

ALTER TABLE ONLY public.public_keys
    ADD CONSTRAINT public_keys_value_key UNIQUE (value);


--
-- Name: snarked_ledger_hashes snarked_ledger_hashes_pkey; Type: CONSTRAINT; Schema: public; Owner: -
--

ALTER TABLE ONLY public.snarked_ledger_hashes
    ADD CONSTRAINT snarked_ledger_hashes_pkey PRIMARY KEY (id);


--
-- Name: snarked_ledger_hashes snarked_ledger_hashes_value_key; Type: CONSTRAINT; Schema: public; Owner: -
--

ALTER TABLE ONLY public.snarked_ledger_hashes
    ADD CONSTRAINT snarked_ledger_hashes_value_key UNIQUE (value);


--
-- Name: user_commands user_commands_hash_key; Type: CONSTRAINT; Schema: public; Owner: -
--

ALTER TABLE ONLY public.user_commands
    ADD CONSTRAINT user_commands_hash_key UNIQUE (hash);


--
-- Name: user_commands user_commands_pkey; Type: CONSTRAINT; Schema: public; Owner: -
--

ALTER TABLE ONLY public.user_commands
    ADD CONSTRAINT user_commands_pkey PRIMARY KEY (id);


--
-- Name: idx_blocks_creator_id; Type: INDEX; Schema: public; Owner: -
--

CREATE INDEX idx_blocks_creator_id ON public.blocks USING btree (creator_id);


--
-- Name: idx_blocks_height; Type: INDEX; Schema: public; Owner: -
--

CREATE INDEX idx_blocks_height ON public.blocks USING btree (height);


--
-- Name: idx_blocks_state_hash; Type: INDEX; Schema: public; Owner: -
--

CREATE INDEX idx_blocks_state_hash ON public.blocks USING btree (state_hash);


--
-- Name: idx_public_keys_value; Type: INDEX; Schema: public; Owner: -
--

CREATE INDEX idx_public_keys_value ON public.public_keys USING btree (value);


--
-- Name: idx_snarked_ledger_hashes_value; Type: INDEX; Schema: public; Owner: -
--

CREATE INDEX idx_snarked_ledger_hashes_value ON public.snarked_ledger_hashes USING btree (value);


--
-- Name: blocks blocks_creator_id_fkey; Type: FK CONSTRAINT; Schema: public; Owner: -
--

ALTER TABLE ONLY public.blocks
    ADD CONSTRAINT blocks_creator_id_fkey FOREIGN KEY (creator_id) REFERENCES public.public_keys(id);


--
-- Name: blocks_internal_commands blocks_internal_commands_block_id_fkey; Type: FK CONSTRAINT; Schema: public; Owner: -
--

ALTER TABLE ONLY public.blocks_internal_commands
    ADD CONSTRAINT blocks_internal_commands_block_id_fkey FOREIGN KEY (block_id) REFERENCES public.blocks(id) ON DELETE CASCADE;


--
-- Name: blocks_internal_commands blocks_internal_commands_internal_command_id_fkey; Type: FK CONSTRAINT; Schema: public; Owner: -
--

ALTER TABLE ONLY public.blocks_internal_commands
    ADD CONSTRAINT blocks_internal_commands_internal_command_id_fkey FOREIGN KEY (internal_command_id) REFERENCES public.internal_commands(id) ON DELETE CASCADE;


--
-- Name: blocks blocks_next_epoch_data_id_fkey; Type: FK CONSTRAINT; Schema: public; Owner: -
--

ALTER TABLE ONLY public.blocks
    ADD CONSTRAINT blocks_next_epoch_data_id_fkey FOREIGN KEY (next_epoch_data_id) REFERENCES public.epoch_data(id);


--
-- Name: blocks blocks_parent_id_fkey; Type: FK CONSTRAINT; Schema: public; Owner: -
--

ALTER TABLE ONLY public.blocks
    ADD CONSTRAINT blocks_parent_id_fkey FOREIGN KEY (parent_id) REFERENCES public.blocks(id);


--
-- Name: blocks blocks_snarked_ledger_hash_id_fkey; Type: FK CONSTRAINT; Schema: public; Owner: -
--

ALTER TABLE ONLY public.blocks
    ADD CONSTRAINT blocks_snarked_ledger_hash_id_fkey FOREIGN KEY (snarked_ledger_hash_id) REFERENCES public.snarked_ledger_hashes(id);


--
-- Name: blocks blocks_staking_epoch_data_id_fkey; Type: FK CONSTRAINT; Schema: public; Owner: -
--

ALTER TABLE ONLY public.blocks
    ADD CONSTRAINT blocks_staking_epoch_data_id_fkey FOREIGN KEY (staking_epoch_data_id) REFERENCES public.epoch_data(id);


--
-- Name: blocks_user_commands blocks_user_commands_block_id_fkey; Type: FK CONSTRAINT; Schema: public; Owner: -
--

ALTER TABLE ONLY public.blocks_user_commands
    ADD CONSTRAINT blocks_user_commands_block_id_fkey FOREIGN KEY (block_id) REFERENCES public.blocks(id) ON DELETE CASCADE;


--
-- Name: blocks_user_commands blocks_user_commands_user_command_id_fkey; Type: FK CONSTRAINT; Schema: public; Owner: -
--

ALTER TABLE ONLY public.blocks_user_commands
    ADD CONSTRAINT blocks_user_commands_user_command_id_fkey FOREIGN KEY (user_command_id) REFERENCES public.user_commands(id) ON DELETE CASCADE;


--
-- Name: epoch_data epoch_data_ledger_hash_id_fkey; Type: FK CONSTRAINT; Schema: public; Owner: -
--

ALTER TABLE ONLY public.epoch_data
    ADD CONSTRAINT epoch_data_ledger_hash_id_fkey FOREIGN KEY (ledger_hash_id) REFERENCES public.snarked_ledger_hashes(id);


--
-- Name: internal_commands internal_commands_receiver_id_fkey; Type: FK CONSTRAINT; Schema: public; Owner: -
--

ALTER TABLE ONLY public.internal_commands
    ADD CONSTRAINT internal_commands_receiver_id_fkey FOREIGN KEY (receiver_id) REFERENCES public.public_keys(id);


--
-- Name: user_commands user_commands_fee_payer_id_fkey; Type: FK CONSTRAINT; Schema: public; Owner: -
--

ALTER TABLE ONLY public.user_commands
    ADD CONSTRAINT user_commands_fee_payer_id_fkey FOREIGN KEY (fee_payer_id) REFERENCES public.public_keys(id);


--
-- Name: user_commands user_commands_receiver_id_fkey; Type: FK CONSTRAINT; Schema: public; Owner: -
--

ALTER TABLE ONLY public.user_commands
    ADD CONSTRAINT user_commands_receiver_id_fkey FOREIGN KEY (receiver_id) REFERENCES public.public_keys(id);


--
-- Name: user_commands user_commands_source_id_fkey; Type: FK CONSTRAINT; Schema: public; Owner: -
--

ALTER TABLE ONLY public.user_commands
    ADD CONSTRAINT user_commands_source_id_fkey FOREIGN KEY (source_id) REFERENCES public.public_keys(id);


--
-- PostgreSQL database dump complete
--
