--
-- PostgreSQL database dump
--

-- Dumped from database version 14.15
-- Dumped by pg_dump version 15.6

SET statement_timeout = 0;
SET lock_timeout = 0;
SET idle_in_transaction_session_timeout = 0;
SET client_encoding = 'UTF8';
SET standard_conforming_strings = on;
SELECT pg_catalog.set_config('search_path', '', false);
SET check_function_bodies = false;
SET xmloption = content;
SET client_min_messages = warning;
SET row_security = off;

--
-- Name: public; Type: SCHEMA; Schema: -; Owner: postgres
--

-- *not* creating schema, since initdb creates it


ALTER SCHEMA public OWNER TO postgres;

--
-- Name: authorization_kind_type; Type: TYPE; Schema: public; Owner: postgres
--

CREATE TYPE public.authorization_kind_type AS ENUM (
    'None_given',
    'Signature',
    'Proof'
);


ALTER TYPE public.authorization_kind_type OWNER TO postgres;

--
-- Name: chain_status_type; Type: TYPE; Schema: public; Owner: postgres
--

CREATE TYPE public.chain_status_type AS ENUM (
    'canonical',
    'orphaned',
    'pending'
);


ALTER TYPE public.chain_status_type OWNER TO postgres;

--
-- Name: internal_command_type; Type: TYPE; Schema: public; Owner: postgres
--

CREATE TYPE public.internal_command_type AS ENUM (
    'fee_transfer_via_coinbase',
    'fee_transfer',
    'coinbase'
);


ALTER TYPE public.internal_command_type OWNER TO postgres;

--
-- Name: may_use_token; Type: TYPE; Schema: public; Owner: postgres
--

CREATE TYPE public.may_use_token AS ENUM (
    'No',
    'ParentsOwnToken',
    'InheritFromParent'
);


ALTER TYPE public.may_use_token OWNER TO postgres;

--
-- Name: transaction_status; Type: TYPE; Schema: public; Owner: postgres
--

CREATE TYPE public.transaction_status AS ENUM (
    'applied',
    'failed'
);


ALTER TYPE public.transaction_status OWNER TO postgres;

--
-- Name: user_command_type; Type: TYPE; Schema: public; Owner: postgres
--

CREATE TYPE public.user_command_type AS ENUM (
    'payment',
    'delegation'
);


ALTER TYPE public.user_command_type OWNER TO postgres;

--
-- Name: zkapp_auth_required_type; Type: TYPE; Schema: public; Owner: postgres
--

CREATE TYPE public.zkapp_auth_required_type AS ENUM (
    'none',
    'either',
    'proof',
    'signature',
    'both',
    'impossible'
);


ALTER TYPE public.zkapp_auth_required_type OWNER TO postgres;

SET default_tablespace = '';

SET default_table_access_method = heap;

--
-- Name: account_identifiers; Type: TABLE; Schema: public; Owner: postgres
--

CREATE TABLE public.account_identifiers (
    id integer NOT NULL,
    public_key_id integer NOT NULL,
    token_id integer NOT NULL
);


ALTER TABLE public.account_identifiers OWNER TO postgres;

--
-- Name: account_identifiers_id_seq; Type: SEQUENCE; Schema: public; Owner: postgres
--

CREATE SEQUENCE public.account_identifiers_id_seq
    AS integer
    START WITH 1
    INCREMENT BY 1
    NO MINVALUE
    NO MAXVALUE
    CACHE 1;


ALTER TABLE public.account_identifiers_id_seq OWNER TO postgres;

--
-- Name: account_identifiers_id_seq; Type: SEQUENCE OWNED BY; Schema: public; Owner: postgres
--

ALTER SEQUENCE public.account_identifiers_id_seq OWNED BY public.account_identifiers.id;


--
-- Name: accounts_accessed; Type: TABLE; Schema: public; Owner: postgres
--

CREATE TABLE public.accounts_accessed (
    ledger_index integer NOT NULL,
    block_id integer NOT NULL,
    account_identifier_id integer NOT NULL,
    token_symbol_id integer NOT NULL,
    balance text NOT NULL,
    nonce bigint NOT NULL,
    receipt_chain_hash text NOT NULL,
    delegate_id integer,
    voting_for_id integer NOT NULL,
    timing_id integer,
    permissions_id integer NOT NULL,
    zkapp_id integer
);


ALTER TABLE public.accounts_accessed OWNER TO postgres;

--
-- Name: accounts_created; Type: TABLE; Schema: public; Owner: postgres
--

CREATE TABLE public.accounts_created (
    block_id integer NOT NULL,
    account_identifier_id integer NOT NULL,
    creation_fee text NOT NULL
);


ALTER TABLE public.accounts_created OWNER TO postgres;

--
-- Name: blocks; Type: TABLE; Schema: public; Owner: postgres
--

CREATE TABLE public.blocks (
    id integer NOT NULL,
    state_hash text NOT NULL,
    parent_id integer,
    parent_hash text NOT NULL,
    creator_id integer NOT NULL,
    block_winner_id integer NOT NULL,
    last_vrf_output text NOT NULL,
    snarked_ledger_hash_id integer NOT NULL,
    staking_epoch_data_id integer NOT NULL,
    next_epoch_data_id integer NOT NULL,
    min_window_density bigint NOT NULL,
    sub_window_densities bigint[] NOT NULL,
    total_currency text NOT NULL,
    ledger_hash text NOT NULL,
    height bigint NOT NULL,
    global_slot_since_hard_fork bigint NOT NULL,
    global_slot_since_genesis bigint NOT NULL,
    protocol_version_id integer NOT NULL,
    proposed_protocol_version_id integer,
    "timestamp" text NOT NULL,
    chain_status public.chain_status_type NOT NULL
);


ALTER TABLE public.blocks OWNER TO postgres;

--
-- Name: blocks_id_seq; Type: SEQUENCE; Schema: public; Owner: postgres
--

CREATE SEQUENCE public.blocks_id_seq
    AS integer
    START WITH 1
    INCREMENT BY 1
    NO MINVALUE
    NO MAXVALUE
    CACHE 1;


ALTER TABLE public.blocks_id_seq OWNER TO postgres;

--
-- Name: blocks_id_seq; Type: SEQUENCE OWNED BY; Schema: public; Owner: postgres
--

ALTER SEQUENCE public.blocks_id_seq OWNED BY public.blocks.id;


--
-- Name: blocks_internal_commands; Type: TABLE; Schema: public; Owner: postgres
--

CREATE TABLE public.blocks_internal_commands (
    block_id integer NOT NULL,
    internal_command_id integer NOT NULL,
    sequence_no integer NOT NULL,
    secondary_sequence_no integer NOT NULL,
    status public.transaction_status NOT NULL,
    failure_reason text
);


ALTER TABLE public.blocks_internal_commands OWNER TO postgres;

--
-- Name: blocks_user_commands; Type: TABLE; Schema: public; Owner: postgres
--

CREATE TABLE public.blocks_user_commands (
    block_id integer NOT NULL,
    user_command_id integer NOT NULL,
    sequence_no integer NOT NULL,
    status public.transaction_status NOT NULL,
    failure_reason text
);


ALTER TABLE public.blocks_user_commands OWNER TO postgres;

--
-- Name: blocks_zkapp_commands; Type: TABLE; Schema: public; Owner: postgres
--

CREATE TABLE public.blocks_zkapp_commands (
    block_id integer NOT NULL,
    zkapp_command_id integer NOT NULL,
    sequence_no integer NOT NULL,
    status public.transaction_status NOT NULL,
    failure_reasons_ids integer[]
);


ALTER TABLE public.blocks_zkapp_commands OWNER TO postgres;

--
-- Name: epoch_data; Type: TABLE; Schema: public; Owner: postgres
--

CREATE TABLE public.epoch_data (
    id integer NOT NULL,
    seed text NOT NULL,
    ledger_hash_id integer NOT NULL,
    total_currency text NOT NULL,
    start_checkpoint text NOT NULL,
    lock_checkpoint text NOT NULL,
    epoch_length bigint NOT NULL
);


ALTER TABLE public.epoch_data OWNER TO postgres;

--
-- Name: epoch_data_id_seq; Type: SEQUENCE; Schema: public; Owner: postgres
--

CREATE SEQUENCE public.epoch_data_id_seq
    AS integer
    START WITH 1
    INCREMENT BY 1
    NO MINVALUE
    NO MAXVALUE
    CACHE 1;


ALTER TABLE public.epoch_data_id_seq OWNER TO postgres;

--
-- Name: epoch_data_id_seq; Type: SEQUENCE OWNED BY; Schema: public; Owner: postgres
--

ALTER SEQUENCE public.epoch_data_id_seq OWNED BY public.epoch_data.id;


--
-- Name: internal_commands; Type: TABLE; Schema: public; Owner: postgres
--

CREATE TABLE public.internal_commands (
    id integer NOT NULL,
    command_type public.internal_command_type NOT NULL,
    receiver_id integer NOT NULL,
    fee text NOT NULL,
    hash text NOT NULL
);


ALTER TABLE public.internal_commands OWNER TO postgres;

--
-- Name: internal_commands_id_seq; Type: SEQUENCE; Schema: public; Owner: postgres
--

CREATE SEQUENCE public.internal_commands_id_seq
    AS integer
    START WITH 1
    INCREMENT BY 1
    NO MINVALUE
    NO MAXVALUE
    CACHE 1;


ALTER TABLE public.internal_commands_id_seq OWNER TO postgres;

--
-- Name: internal_commands_id_seq; Type: SEQUENCE OWNED BY; Schema: public; Owner: postgres
--

ALTER SEQUENCE public.internal_commands_id_seq OWNED BY public.internal_commands.id;


--
-- Name: protocol_versions; Type: TABLE; Schema: public; Owner: postgres
--

CREATE TABLE public.protocol_versions (
    id integer NOT NULL,
    transaction integer NOT NULL,
    network integer NOT NULL,
    patch integer NOT NULL
);


ALTER TABLE public.protocol_versions OWNER TO postgres;

--
-- Name: protocol_versions_id_seq; Type: SEQUENCE; Schema: public; Owner: postgres
--

CREATE SEQUENCE public.protocol_versions_id_seq
    AS integer
    START WITH 1
    INCREMENT BY 1
    NO MINVALUE
    NO MAXVALUE
    CACHE 1;


ALTER TABLE public.protocol_versions_id_seq OWNER TO postgres;

--
-- Name: protocol_versions_id_seq; Type: SEQUENCE OWNED BY; Schema: public; Owner: postgres
--

ALTER SEQUENCE public.protocol_versions_id_seq OWNED BY public.protocol_versions.id;


--
-- Name: public_keys; Type: TABLE; Schema: public; Owner: postgres
--

CREATE TABLE public.public_keys (
    id integer NOT NULL,
    value text NOT NULL
);


ALTER TABLE public.public_keys OWNER TO postgres;

--
-- Name: public_keys_id_seq; Type: SEQUENCE; Schema: public; Owner: postgres
--

CREATE SEQUENCE public.public_keys_id_seq
    AS integer
    START WITH 1
    INCREMENT BY 1
    NO MINVALUE
    NO MAXVALUE
    CACHE 1;


ALTER TABLE public.public_keys_id_seq OWNER TO postgres;

--
-- Name: public_keys_id_seq; Type: SEQUENCE OWNED BY; Schema: public; Owner: postgres
--

ALTER SEQUENCE public.public_keys_id_seq OWNED BY public.public_keys.id;


--
-- Name: snarked_ledger_hashes; Type: TABLE; Schema: public; Owner: postgres
--

CREATE TABLE public.snarked_ledger_hashes (
    id integer NOT NULL,
    value text NOT NULL
);


ALTER TABLE public.snarked_ledger_hashes OWNER TO postgres;

--
-- Name: snarked_ledger_hashes_id_seq; Type: SEQUENCE; Schema: public; Owner: postgres
--

CREATE SEQUENCE public.snarked_ledger_hashes_id_seq
    AS integer
    START WITH 1
    INCREMENT BY 1
    NO MINVALUE
    NO MAXVALUE
    CACHE 1;


ALTER TABLE public.snarked_ledger_hashes_id_seq OWNER TO postgres;

--
-- Name: snarked_ledger_hashes_id_seq; Type: SEQUENCE OWNED BY; Schema: public; Owner: postgres
--

ALTER SEQUENCE public.snarked_ledger_hashes_id_seq OWNED BY public.snarked_ledger_hashes.id;


--
-- Name: timing_info; Type: TABLE; Schema: public; Owner: postgres
--

CREATE TABLE public.timing_info (
    id integer NOT NULL,
    account_identifier_id integer NOT NULL,
    initial_minimum_balance text NOT NULL,
    cliff_time bigint NOT NULL,
    cliff_amount text NOT NULL,
    vesting_period bigint NOT NULL,
    vesting_increment text NOT NULL
);


ALTER TABLE public.timing_info OWNER TO postgres;

--
-- Name: timing_info_id_seq; Type: SEQUENCE; Schema: public; Owner: postgres
--

CREATE SEQUENCE public.timing_info_id_seq
    AS integer
    START WITH 1
    INCREMENT BY 1
    NO MINVALUE
    NO MAXVALUE
    CACHE 1;


ALTER TABLE public.timing_info_id_seq OWNER TO postgres;

--
-- Name: timing_info_id_seq; Type: SEQUENCE OWNED BY; Schema: public; Owner: postgres
--

ALTER SEQUENCE public.timing_info_id_seq OWNED BY public.timing_info.id;


--
-- Name: token_symbols; Type: TABLE; Schema: public; Owner: postgres
--

CREATE TABLE public.token_symbols (
    id integer NOT NULL,
    value text NOT NULL
);


ALTER TABLE public.token_symbols OWNER TO postgres;

--
-- Name: token_symbols_id_seq; Type: SEQUENCE; Schema: public; Owner: postgres
--

CREATE SEQUENCE public.token_symbols_id_seq
    AS integer
    START WITH 1
    INCREMENT BY 1
    NO MINVALUE
    NO MAXVALUE
    CACHE 1;


ALTER TABLE public.token_symbols_id_seq OWNER TO postgres;

--
-- Name: token_symbols_id_seq; Type: SEQUENCE OWNED BY; Schema: public; Owner: postgres
--

ALTER SEQUENCE public.token_symbols_id_seq OWNED BY public.token_symbols.id;


--
-- Name: tokens; Type: TABLE; Schema: public; Owner: postgres
--

CREATE TABLE public.tokens (
    id integer NOT NULL,
    value text NOT NULL,
    owner_public_key_id integer,
    owner_token_id integer
);


ALTER TABLE public.tokens OWNER TO postgres;

--
-- Name: tokens_id_seq; Type: SEQUENCE; Schema: public; Owner: postgres
--

CREATE SEQUENCE public.tokens_id_seq
    AS integer
    START WITH 1
    INCREMENT BY 1
    NO MINVALUE
    NO MAXVALUE
    CACHE 1;


ALTER TABLE public.tokens_id_seq OWNER TO postgres;

--
-- Name: tokens_id_seq; Type: SEQUENCE OWNED BY; Schema: public; Owner: postgres
--

ALTER SEQUENCE public.tokens_id_seq OWNED BY public.tokens.id;


--
-- Name: user_commands; Type: TABLE; Schema: public; Owner: postgres
--

CREATE TABLE public.user_commands (
    id integer NOT NULL,
    command_type public.user_command_type NOT NULL,
    fee_payer_id integer NOT NULL,
    source_id integer NOT NULL,
    receiver_id integer NOT NULL,
    nonce bigint NOT NULL,
    amount text,
    fee text NOT NULL,
    valid_until bigint,
    memo text NOT NULL,
    hash text NOT NULL
);


ALTER TABLE public.user_commands OWNER TO postgres;

--
-- Name: user_commands_id_seq; Type: SEQUENCE; Schema: public; Owner: postgres
--

CREATE SEQUENCE public.user_commands_id_seq
    AS integer
    START WITH 1
    INCREMENT BY 1
    NO MINVALUE
    NO MAXVALUE
    CACHE 1;


ALTER TABLE public.user_commands_id_seq OWNER TO postgres;

--
-- Name: user_commands_id_seq; Type: SEQUENCE OWNED BY; Schema: public; Owner: postgres
--

ALTER SEQUENCE public.user_commands_id_seq OWNED BY public.user_commands.id;


--
-- Name: voting_for; Type: TABLE; Schema: public; Owner: postgres
--

CREATE TABLE public.voting_for (
    id integer NOT NULL,
    value text NOT NULL
);


ALTER TABLE public.voting_for OWNER TO postgres;

--
-- Name: voting_for_id_seq; Type: SEQUENCE; Schema: public; Owner: postgres
--

CREATE SEQUENCE public.voting_for_id_seq
    AS integer
    START WITH 1
    INCREMENT BY 1
    NO MINVALUE
    NO MAXVALUE
    CACHE 1;


ALTER TABLE public.voting_for_id_seq OWNER TO postgres;

--
-- Name: voting_for_id_seq; Type: SEQUENCE OWNED BY; Schema: public; Owner: postgres
--

ALTER SEQUENCE public.voting_for_id_seq OWNED BY public.voting_for.id;


--
-- Name: zkapp_account_precondition; Type: TABLE; Schema: public; Owner: postgres
--

CREATE TABLE public.zkapp_account_precondition (
    id integer NOT NULL,
    balance_id integer,
    nonce_id integer,
    receipt_chain_hash text,
    delegate_id integer,
    state_id integer NOT NULL,
    action_state_id integer,
    proved_state boolean,
    is_new boolean
);


ALTER TABLE public.zkapp_account_precondition OWNER TO postgres;

--
-- Name: zkapp_account_precondition_id_seq; Type: SEQUENCE; Schema: public; Owner: postgres
--

CREATE SEQUENCE public.zkapp_account_precondition_id_seq
    AS integer
    START WITH 1
    INCREMENT BY 1
    NO MINVALUE
    NO MAXVALUE
    CACHE 1;


ALTER TABLE public.zkapp_account_precondition_id_seq OWNER TO postgres;

--
-- Name: zkapp_account_precondition_id_seq; Type: SEQUENCE OWNED BY; Schema: public; Owner: postgres
--

ALTER SEQUENCE public.zkapp_account_precondition_id_seq OWNED BY public.zkapp_account_precondition.id;


--
-- Name: zkapp_account_update; Type: TABLE; Schema: public; Owner: postgres
--

CREATE TABLE public.zkapp_account_update (
    id integer NOT NULL,
    body_id integer NOT NULL
);


ALTER TABLE public.zkapp_account_update OWNER TO postgres;

--
-- Name: zkapp_account_update_body; Type: TABLE; Schema: public; Owner: postgres
--

CREATE TABLE public.zkapp_account_update_body (
    id integer NOT NULL,
    account_identifier_id integer NOT NULL,
    update_id integer NOT NULL,
    balance_change text NOT NULL,
    increment_nonce boolean NOT NULL,
    events_id integer NOT NULL,
    actions_id integer NOT NULL,
    call_data_id integer NOT NULL,
    call_depth integer NOT NULL,
    zkapp_network_precondition_id integer NOT NULL,
    zkapp_account_precondition_id integer NOT NULL,
    zkapp_valid_while_precondition_id integer,
    use_full_commitment boolean NOT NULL,
    implicit_account_creation_fee boolean NOT NULL,
    may_use_token public.may_use_token NOT NULL,
    authorization_kind public.authorization_kind_type NOT NULL,
    verification_key_hash_id integer
);


ALTER TABLE public.zkapp_account_update_body OWNER TO postgres;

--
-- Name: zkapp_account_update_body_id_seq; Type: SEQUENCE; Schema: public; Owner: postgres
--

CREATE SEQUENCE public.zkapp_account_update_body_id_seq
    AS integer
    START WITH 1
    INCREMENT BY 1
    NO MINVALUE
    NO MAXVALUE
    CACHE 1;


ALTER TABLE public.zkapp_account_update_body_id_seq OWNER TO postgres;

--
-- Name: zkapp_account_update_body_id_seq; Type: SEQUENCE OWNED BY; Schema: public; Owner: postgres
--

ALTER SEQUENCE public.zkapp_account_update_body_id_seq OWNED BY public.zkapp_account_update_body.id;


--
-- Name: zkapp_account_update_failures; Type: TABLE; Schema: public; Owner: postgres
--

CREATE TABLE public.zkapp_account_update_failures (
    id integer NOT NULL,
    index integer NOT NULL,
    failures text[] NOT NULL
);


ALTER TABLE public.zkapp_account_update_failures OWNER TO postgres;

--
-- Name: zkapp_account_update_failures_id_seq; Type: SEQUENCE; Schema: public; Owner: postgres
--

CREATE SEQUENCE public.zkapp_account_update_failures_id_seq
    AS integer
    START WITH 1
    INCREMENT BY 1
    NO MINVALUE
    NO MAXVALUE
    CACHE 1;


ALTER TABLE public.zkapp_account_update_failures_id_seq OWNER TO postgres;

--
-- Name: zkapp_account_update_failures_id_seq; Type: SEQUENCE OWNED BY; Schema: public; Owner: postgres
--

ALTER SEQUENCE public.zkapp_account_update_failures_id_seq OWNED BY public.zkapp_account_update_failures.id;


--
-- Name: zkapp_account_update_id_seq; Type: SEQUENCE; Schema: public; Owner: postgres
--

CREATE SEQUENCE public.zkapp_account_update_id_seq
    AS integer
    START WITH 1
    INCREMENT BY 1
    NO MINVALUE
    NO MAXVALUE
    CACHE 1;


ALTER TABLE public.zkapp_account_update_id_seq OWNER TO postgres;

--
-- Name: zkapp_account_update_id_seq; Type: SEQUENCE OWNED BY; Schema: public; Owner: postgres
--

ALTER SEQUENCE public.zkapp_account_update_id_seq OWNED BY public.zkapp_account_update.id;


--
-- Name: zkapp_accounts; Type: TABLE; Schema: public; Owner: postgres
--

CREATE TABLE public.zkapp_accounts (
    id integer NOT NULL,
    app_state_id integer NOT NULL,
    verification_key_id integer,
    zkapp_version bigint NOT NULL,
    action_state_id integer NOT NULL,
    last_action_slot bigint NOT NULL,
    proved_state boolean NOT NULL,
    zkapp_uri_id integer NOT NULL
);


ALTER TABLE public.zkapp_accounts OWNER TO postgres;

--
-- Name: zkapp_accounts_id_seq; Type: SEQUENCE; Schema: public; Owner: postgres
--

CREATE SEQUENCE public.zkapp_accounts_id_seq
    AS integer
    START WITH 1
    INCREMENT BY 1
    NO MINVALUE
    NO MAXVALUE
    CACHE 1;


ALTER TABLE public.zkapp_accounts_id_seq OWNER TO postgres;

--
-- Name: zkapp_accounts_id_seq; Type: SEQUENCE OWNED BY; Schema: public; Owner: postgres
--

ALTER SEQUENCE public.zkapp_accounts_id_seq OWNED BY public.zkapp_accounts.id;


--
-- Name: zkapp_action_states; Type: TABLE; Schema: public; Owner: postgres
--

CREATE TABLE public.zkapp_action_states (
    id integer NOT NULL,
    element0 integer NOT NULL,
    element1 integer NOT NULL,
    element2 integer NOT NULL,
    element3 integer NOT NULL,
    element4 integer NOT NULL
);


ALTER TABLE public.zkapp_action_states OWNER TO postgres;

--
-- Name: zkapp_action_states_id_seq; Type: SEQUENCE; Schema: public; Owner: postgres
--

CREATE SEQUENCE public.zkapp_action_states_id_seq
    AS integer
    START WITH 1
    INCREMENT BY 1
    NO MINVALUE
    NO MAXVALUE
    CACHE 1;


ALTER TABLE public.zkapp_action_states_id_seq OWNER TO postgres;

--
-- Name: zkapp_action_states_id_seq; Type: SEQUENCE OWNED BY; Schema: public; Owner: postgres
--

ALTER SEQUENCE public.zkapp_action_states_id_seq OWNED BY public.zkapp_action_states.id;


--
-- Name: zkapp_amount_bounds; Type: TABLE; Schema: public; Owner: postgres
--

CREATE TABLE public.zkapp_amount_bounds (
    id integer NOT NULL,
    amount_lower_bound text NOT NULL,
    amount_upper_bound text NOT NULL
);


ALTER TABLE public.zkapp_amount_bounds OWNER TO postgres;

--
-- Name: zkapp_amount_bounds_id_seq; Type: SEQUENCE; Schema: public; Owner: postgres
--

CREATE SEQUENCE public.zkapp_amount_bounds_id_seq
    AS integer
    START WITH 1
    INCREMENT BY 1
    NO MINVALUE
    NO MAXVALUE
    CACHE 1;


ALTER TABLE public.zkapp_amount_bounds_id_seq OWNER TO postgres;

--
-- Name: zkapp_amount_bounds_id_seq; Type: SEQUENCE OWNED BY; Schema: public; Owner: postgres
--

ALTER SEQUENCE public.zkapp_amount_bounds_id_seq OWNED BY public.zkapp_amount_bounds.id;


--
-- Name: zkapp_balance_bounds; Type: TABLE; Schema: public; Owner: postgres
--

CREATE TABLE public.zkapp_balance_bounds (
    id integer NOT NULL,
    balance_lower_bound text NOT NULL,
    balance_upper_bound text NOT NULL
);


ALTER TABLE public.zkapp_balance_bounds OWNER TO postgres;

--
-- Name: zkapp_balance_bounds_id_seq; Type: SEQUENCE; Schema: public; Owner: postgres
--

CREATE SEQUENCE public.zkapp_balance_bounds_id_seq
    AS integer
    START WITH 1
    INCREMENT BY 1
    NO MINVALUE
    NO MAXVALUE
    CACHE 1;


ALTER TABLE public.zkapp_balance_bounds_id_seq OWNER TO postgres;

--
-- Name: zkapp_balance_bounds_id_seq; Type: SEQUENCE OWNED BY; Schema: public; Owner: postgres
--

ALTER SEQUENCE public.zkapp_balance_bounds_id_seq OWNED BY public.zkapp_balance_bounds.id;


--
-- Name: zkapp_commands; Type: TABLE; Schema: public; Owner: postgres
--

CREATE TABLE public.zkapp_commands (
    id integer NOT NULL,
    zkapp_fee_payer_body_id integer NOT NULL,
    zkapp_account_updates_ids integer[] NOT NULL,
    memo text NOT NULL,
    hash text NOT NULL
);


ALTER TABLE public.zkapp_commands OWNER TO postgres;

--
-- Name: zkapp_commands_id_seq; Type: SEQUENCE; Schema: public; Owner: postgres
--

CREATE SEQUENCE public.zkapp_commands_id_seq
    AS integer
    START WITH 1
    INCREMENT BY 1
    NO MINVALUE
    NO MAXVALUE
    CACHE 1;


ALTER TABLE public.zkapp_commands_id_seq OWNER TO postgres;

--
-- Name: zkapp_commands_id_seq; Type: SEQUENCE OWNED BY; Schema: public; Owner: postgres
--

ALTER SEQUENCE public.zkapp_commands_id_seq OWNED BY public.zkapp_commands.id;


--
-- Name: zkapp_epoch_data; Type: TABLE; Schema: public; Owner: postgres
--

CREATE TABLE public.zkapp_epoch_data (
    id integer NOT NULL,
    epoch_ledger_id integer,
    epoch_seed text,
    start_checkpoint text,
    lock_checkpoint text,
    epoch_length_id integer
);


ALTER TABLE public.zkapp_epoch_data OWNER TO postgres;

--
-- Name: zkapp_epoch_data_id_seq; Type: SEQUENCE; Schema: public; Owner: postgres
--

CREATE SEQUENCE public.zkapp_epoch_data_id_seq
    AS integer
    START WITH 1
    INCREMENT BY 1
    NO MINVALUE
    NO MAXVALUE
    CACHE 1;


ALTER TABLE public.zkapp_epoch_data_id_seq OWNER TO postgres;

--
-- Name: zkapp_epoch_data_id_seq; Type: SEQUENCE OWNED BY; Schema: public; Owner: postgres
--

ALTER SEQUENCE public.zkapp_epoch_data_id_seq OWNED BY public.zkapp_epoch_data.id;


--
-- Name: zkapp_epoch_ledger; Type: TABLE; Schema: public; Owner: postgres
--

CREATE TABLE public.zkapp_epoch_ledger (
    id integer NOT NULL,
    hash_id integer,
    total_currency_id integer
);


ALTER TABLE public.zkapp_epoch_ledger OWNER TO postgres;

--
-- Name: zkapp_epoch_ledger_id_seq; Type: SEQUENCE; Schema: public; Owner: postgres
--

CREATE SEQUENCE public.zkapp_epoch_ledger_id_seq
    AS integer
    START WITH 1
    INCREMENT BY 1
    NO MINVALUE
    NO MAXVALUE
    CACHE 1;


ALTER TABLE public.zkapp_epoch_ledger_id_seq OWNER TO postgres;

--
-- Name: zkapp_epoch_ledger_id_seq; Type: SEQUENCE OWNED BY; Schema: public; Owner: postgres
--

ALTER SEQUENCE public.zkapp_epoch_ledger_id_seq OWNED BY public.zkapp_epoch_ledger.id;


--
-- Name: zkapp_events; Type: TABLE; Schema: public; Owner: postgres
--

CREATE TABLE public.zkapp_events (
    id integer NOT NULL,
    element_ids integer[] NOT NULL
);


ALTER TABLE public.zkapp_events OWNER TO postgres;

--
-- Name: zkapp_events_id_seq; Type: SEQUENCE; Schema: public; Owner: postgres
--

CREATE SEQUENCE public.zkapp_events_id_seq
    AS integer
    START WITH 1
    INCREMENT BY 1
    NO MINVALUE
    NO MAXVALUE
    CACHE 1;


ALTER TABLE public.zkapp_events_id_seq OWNER TO postgres;

--
-- Name: zkapp_events_id_seq; Type: SEQUENCE OWNED BY; Schema: public; Owner: postgres
--

ALTER SEQUENCE public.zkapp_events_id_seq OWNED BY public.zkapp_events.id;


--
-- Name: zkapp_fee_payer_body; Type: TABLE; Schema: public; Owner: postgres
--

CREATE TABLE public.zkapp_fee_payer_body (
    id integer NOT NULL,
    public_key_id integer NOT NULL,
    fee text NOT NULL,
    valid_until bigint,
    nonce bigint NOT NULL
);


ALTER TABLE public.zkapp_fee_payer_body OWNER TO postgres;

--
-- Name: zkapp_fee_payer_body_id_seq; Type: SEQUENCE; Schema: public; Owner: postgres
--

CREATE SEQUENCE public.zkapp_fee_payer_body_id_seq
    AS integer
    START WITH 1
    INCREMENT BY 1
    NO MINVALUE
    NO MAXVALUE
    CACHE 1;


ALTER TABLE public.zkapp_fee_payer_body_id_seq OWNER TO postgres;

--
-- Name: zkapp_fee_payer_body_id_seq; Type: SEQUENCE OWNED BY; Schema: public; Owner: postgres
--

ALTER SEQUENCE public.zkapp_fee_payer_body_id_seq OWNED BY public.zkapp_fee_payer_body.id;


--
-- Name: zkapp_field; Type: TABLE; Schema: public; Owner: postgres
--

CREATE TABLE public.zkapp_field (
    id integer NOT NULL,
    field text NOT NULL
);


ALTER TABLE public.zkapp_field OWNER TO postgres;

--
-- Name: zkapp_field_array; Type: TABLE; Schema: public; Owner: postgres
--

CREATE TABLE public.zkapp_field_array (
    id integer NOT NULL,
    element_ids integer[] NOT NULL
);


ALTER TABLE public.zkapp_field_array OWNER TO postgres;

--
-- Name: zkapp_field_array_id_seq; Type: SEQUENCE; Schema: public; Owner: postgres
--

CREATE SEQUENCE public.zkapp_field_array_id_seq
    AS integer
    START WITH 1
    INCREMENT BY 1
    NO MINVALUE
    NO MAXVALUE
    CACHE 1;


ALTER TABLE public.zkapp_field_array_id_seq OWNER TO postgres;

--
-- Name: zkapp_field_array_id_seq; Type: SEQUENCE OWNED BY; Schema: public; Owner: postgres
--

ALTER SEQUENCE public.zkapp_field_array_id_seq OWNED BY public.zkapp_field_array.id;


--
-- Name: zkapp_field_id_seq; Type: SEQUENCE; Schema: public; Owner: postgres
--

CREATE SEQUENCE public.zkapp_field_id_seq
    AS integer
    START WITH 1
    INCREMENT BY 1
    NO MINVALUE
    NO MAXVALUE
    CACHE 1;


ALTER TABLE public.zkapp_field_id_seq OWNER TO postgres;

--
-- Name: zkapp_field_id_seq; Type: SEQUENCE OWNED BY; Schema: public; Owner: postgres
--

ALTER SEQUENCE public.zkapp_field_id_seq OWNED BY public.zkapp_field.id;


--
-- Name: zkapp_global_slot_bounds; Type: TABLE; Schema: public; Owner: postgres
--

CREATE TABLE public.zkapp_global_slot_bounds (
    id integer NOT NULL,
    global_slot_lower_bound bigint NOT NULL,
    global_slot_upper_bound bigint NOT NULL
);


ALTER TABLE public.zkapp_global_slot_bounds OWNER TO postgres;

--
-- Name: zkapp_global_slot_bounds_id_seq; Type: SEQUENCE; Schema: public; Owner: postgres
--

CREATE SEQUENCE public.zkapp_global_slot_bounds_id_seq
    AS integer
    START WITH 1
    INCREMENT BY 1
    NO MINVALUE
    NO MAXVALUE
    CACHE 1;


ALTER TABLE public.zkapp_global_slot_bounds_id_seq OWNER TO postgres;

--
-- Name: zkapp_global_slot_bounds_id_seq; Type: SEQUENCE OWNED BY; Schema: public; Owner: postgres
--

ALTER SEQUENCE public.zkapp_global_slot_bounds_id_seq OWNED BY public.zkapp_global_slot_bounds.id;


--
-- Name: zkapp_length_bounds; Type: TABLE; Schema: public; Owner: postgres
--

CREATE TABLE public.zkapp_length_bounds (
    id integer NOT NULL,
    length_lower_bound bigint NOT NULL,
    length_upper_bound bigint NOT NULL
);


ALTER TABLE public.zkapp_length_bounds OWNER TO postgres;

--
-- Name: zkapp_length_bounds_id_seq; Type: SEQUENCE; Schema: public; Owner: postgres
--

CREATE SEQUENCE public.zkapp_length_bounds_id_seq
    AS integer
    START WITH 1
    INCREMENT BY 1
    NO MINVALUE
    NO MAXVALUE
    CACHE 1;


ALTER TABLE public.zkapp_length_bounds_id_seq OWNER TO postgres;

--
-- Name: zkapp_length_bounds_id_seq; Type: SEQUENCE OWNED BY; Schema: public; Owner: postgres
--

ALTER SEQUENCE public.zkapp_length_bounds_id_seq OWNED BY public.zkapp_length_bounds.id;


--
-- Name: zkapp_network_precondition; Type: TABLE; Schema: public; Owner: postgres
--

CREATE TABLE public.zkapp_network_precondition (
    id integer NOT NULL,
    snarked_ledger_hash_id integer,
    blockchain_length_id integer,
    min_window_density_id integer,
    total_currency_id integer,
    global_slot_since_genesis integer,
    staking_epoch_data_id integer,
    next_epoch_data_id integer
);


ALTER TABLE public.zkapp_network_precondition OWNER TO postgres;

--
-- Name: zkapp_network_precondition_id_seq; Type: SEQUENCE; Schema: public; Owner: postgres
--

CREATE SEQUENCE public.zkapp_network_precondition_id_seq
    AS integer
    START WITH 1
    INCREMENT BY 1
    NO MINVALUE
    NO MAXVALUE
    CACHE 1;


ALTER TABLE public.zkapp_network_precondition_id_seq OWNER TO postgres;

--
-- Name: zkapp_network_precondition_id_seq; Type: SEQUENCE OWNED BY; Schema: public; Owner: postgres
--

ALTER SEQUENCE public.zkapp_network_precondition_id_seq OWNED BY public.zkapp_network_precondition.id;


--
-- Name: zkapp_nonce_bounds; Type: TABLE; Schema: public; Owner: postgres
--

CREATE TABLE public.zkapp_nonce_bounds (
    id integer NOT NULL,
    nonce_lower_bound bigint NOT NULL,
    nonce_upper_bound bigint NOT NULL
);


ALTER TABLE public.zkapp_nonce_bounds OWNER TO postgres;

--
-- Name: zkapp_nonce_bounds_id_seq; Type: SEQUENCE; Schema: public; Owner: postgres
--

CREATE SEQUENCE public.zkapp_nonce_bounds_id_seq
    AS integer
    START WITH 1
    INCREMENT BY 1
    NO MINVALUE
    NO MAXVALUE
    CACHE 1;


ALTER TABLE public.zkapp_nonce_bounds_id_seq OWNER TO postgres;

--
-- Name: zkapp_nonce_bounds_id_seq; Type: SEQUENCE OWNED BY; Schema: public; Owner: postgres
--

ALTER SEQUENCE public.zkapp_nonce_bounds_id_seq OWNED BY public.zkapp_nonce_bounds.id;


--
-- Name: zkapp_permissions; Type: TABLE; Schema: public; Owner: postgres
--

CREATE TABLE public.zkapp_permissions (
    id integer NOT NULL,
    edit_state public.zkapp_auth_required_type NOT NULL,
    send public.zkapp_auth_required_type NOT NULL,
    receive public.zkapp_auth_required_type NOT NULL,
    access public.zkapp_auth_required_type NOT NULL,
    set_delegate public.zkapp_auth_required_type NOT NULL,
    set_permissions public.zkapp_auth_required_type NOT NULL,
    set_verification_key_auth public.zkapp_auth_required_type NOT NULL,
    set_verification_key_txn_version integer NOT NULL,
    set_zkapp_uri public.zkapp_auth_required_type NOT NULL,
    edit_action_state public.zkapp_auth_required_type NOT NULL,
    set_token_symbol public.zkapp_auth_required_type NOT NULL,
    increment_nonce public.zkapp_auth_required_type NOT NULL,
    set_voting_for public.zkapp_auth_required_type NOT NULL,
    set_timing public.zkapp_auth_required_type NOT NULL
);


ALTER TABLE public.zkapp_permissions OWNER TO postgres;

--
-- Name: zkapp_permissions_id_seq; Type: SEQUENCE; Schema: public; Owner: postgres
--

CREATE SEQUENCE public.zkapp_permissions_id_seq
    AS integer
    START WITH 1
    INCREMENT BY 1
    NO MINVALUE
    NO MAXVALUE
    CACHE 1;


ALTER TABLE public.zkapp_permissions_id_seq OWNER TO postgres;

--
-- Name: zkapp_permissions_id_seq; Type: SEQUENCE OWNED BY; Schema: public; Owner: postgres
--

ALTER SEQUENCE public.zkapp_permissions_id_seq OWNED BY public.zkapp_permissions.id;


--
-- Name: zkapp_states; Type: TABLE; Schema: public; Owner: postgres
--

CREATE TABLE public.zkapp_states (
    id integer NOT NULL,
    element0 integer NOT NULL,
    element1 integer NOT NULL,
    element2 integer NOT NULL,
    element3 integer NOT NULL,
    element4 integer NOT NULL,
    element5 integer NOT NULL,
    element6 integer NOT NULL,
    element7 integer NOT NULL
);


ALTER TABLE public.zkapp_states OWNER TO postgres;

--
-- Name: zkapp_states_id_seq; Type: SEQUENCE; Schema: public; Owner: postgres
--

CREATE SEQUENCE public.zkapp_states_id_seq
    AS integer
    START WITH 1
    INCREMENT BY 1
    NO MINVALUE
    NO MAXVALUE
    CACHE 1;


ALTER TABLE public.zkapp_states_id_seq OWNER TO postgres;

--
-- Name: zkapp_states_id_seq; Type: SEQUENCE OWNED BY; Schema: public; Owner: postgres
--

ALTER SEQUENCE public.zkapp_states_id_seq OWNED BY public.zkapp_states.id;


--
-- Name: zkapp_states_nullable; Type: TABLE; Schema: public; Owner: postgres
--

CREATE TABLE public.zkapp_states_nullable (
    id integer NOT NULL,
    element0 integer,
    element1 integer,
    element2 integer,
    element3 integer,
    element4 integer,
    element5 integer,
    element6 integer,
    element7 integer
);


ALTER TABLE public.zkapp_states_nullable OWNER TO postgres;

--
-- Name: zkapp_states_nullable_id_seq; Type: SEQUENCE; Schema: public; Owner: postgres
--

CREATE SEQUENCE public.zkapp_states_nullable_id_seq
    AS integer
    START WITH 1
    INCREMENT BY 1
    NO MINVALUE
    NO MAXVALUE
    CACHE 1;


ALTER TABLE public.zkapp_states_nullable_id_seq OWNER TO postgres;

--
-- Name: zkapp_states_nullable_id_seq; Type: SEQUENCE OWNED BY; Schema: public; Owner: postgres
--

ALTER SEQUENCE public.zkapp_states_nullable_id_seq OWNED BY public.zkapp_states_nullable.id;


--
-- Name: zkapp_timing_info; Type: TABLE; Schema: public; Owner: postgres
--

CREATE TABLE public.zkapp_timing_info (
    id integer NOT NULL,
    initial_minimum_balance text NOT NULL,
    cliff_time bigint NOT NULL,
    cliff_amount text NOT NULL,
    vesting_period bigint NOT NULL,
    vesting_increment text NOT NULL
);


ALTER TABLE public.zkapp_timing_info OWNER TO postgres;

--
-- Name: zkapp_timing_info_id_seq; Type: SEQUENCE; Schema: public; Owner: postgres
--

CREATE SEQUENCE public.zkapp_timing_info_id_seq
    AS integer
    START WITH 1
    INCREMENT BY 1
    NO MINVALUE
    NO MAXVALUE
    CACHE 1;


ALTER TABLE public.zkapp_timing_info_id_seq OWNER TO postgres;

--
-- Name: zkapp_timing_info_id_seq; Type: SEQUENCE OWNED BY; Schema: public; Owner: postgres
--

ALTER SEQUENCE public.zkapp_timing_info_id_seq OWNED BY public.zkapp_timing_info.id;


--
-- Name: zkapp_token_id_bounds; Type: TABLE; Schema: public; Owner: postgres
--

CREATE TABLE public.zkapp_token_id_bounds (
    id integer NOT NULL,
    token_id_lower_bound text NOT NULL,
    token_id_upper_bound text NOT NULL
);


ALTER TABLE public.zkapp_token_id_bounds OWNER TO postgres;

--
-- Name: zkapp_token_id_bounds_id_seq; Type: SEQUENCE; Schema: public; Owner: postgres
--

CREATE SEQUENCE public.zkapp_token_id_bounds_id_seq
    AS integer
    START WITH 1
    INCREMENT BY 1
    NO MINVALUE
    NO MAXVALUE
    CACHE 1;


ALTER TABLE public.zkapp_token_id_bounds_id_seq OWNER TO postgres;

--
-- Name: zkapp_token_id_bounds_id_seq; Type: SEQUENCE OWNED BY; Schema: public; Owner: postgres
--

ALTER SEQUENCE public.zkapp_token_id_bounds_id_seq OWNED BY public.zkapp_token_id_bounds.id;


--
-- Name: zkapp_updates; Type: TABLE; Schema: public; Owner: postgres
--

CREATE TABLE public.zkapp_updates (
    id integer NOT NULL,
    app_state_id integer NOT NULL,
    delegate_id integer,
    verification_key_id integer,
    permissions_id integer,
    zkapp_uri_id integer,
    token_symbol_id integer,
    timing_id integer,
    voting_for_id integer
);


ALTER TABLE public.zkapp_updates OWNER TO postgres;

--
-- Name: zkapp_updates_id_seq; Type: SEQUENCE; Schema: public; Owner: postgres
--

CREATE SEQUENCE public.zkapp_updates_id_seq
    AS integer
    START WITH 1
    INCREMENT BY 1
    NO MINVALUE
    NO MAXVALUE
    CACHE 1;


ALTER TABLE public.zkapp_updates_id_seq OWNER TO postgres;

--
-- Name: zkapp_updates_id_seq; Type: SEQUENCE OWNED BY; Schema: public; Owner: postgres
--

ALTER SEQUENCE public.zkapp_updates_id_seq OWNED BY public.zkapp_updates.id;


--
-- Name: zkapp_uris; Type: TABLE; Schema: public; Owner: postgres
--

CREATE TABLE public.zkapp_uris (
    id integer NOT NULL,
    value text NOT NULL
);


ALTER TABLE public.zkapp_uris OWNER TO postgres;

--
-- Name: zkapp_uris_id_seq; Type: SEQUENCE; Schema: public; Owner: postgres
--

CREATE SEQUENCE public.zkapp_uris_id_seq
    AS integer
    START WITH 1
    INCREMENT BY 1
    NO MINVALUE
    NO MAXVALUE
    CACHE 1;


ALTER TABLE public.zkapp_uris_id_seq OWNER TO postgres;

--
-- Name: zkapp_uris_id_seq; Type: SEQUENCE OWNED BY; Schema: public; Owner: postgres
--

ALTER SEQUENCE public.zkapp_uris_id_seq OWNED BY public.zkapp_uris.id;


--
-- Name: zkapp_verification_key_hashes; Type: TABLE; Schema: public; Owner: postgres
--

CREATE TABLE public.zkapp_verification_key_hashes (
    id integer NOT NULL,
    value text NOT NULL
);


ALTER TABLE public.zkapp_verification_key_hashes OWNER TO postgres;

--
-- Name: zkapp_verification_key_hashes_id_seq; Type: SEQUENCE; Schema: public; Owner: postgres
--

CREATE SEQUENCE public.zkapp_verification_key_hashes_id_seq
    AS integer
    START WITH 1
    INCREMENT BY 1
    NO MINVALUE
    NO MAXVALUE
    CACHE 1;


ALTER TABLE public.zkapp_verification_key_hashes_id_seq OWNER TO postgres;

--
-- Name: zkapp_verification_key_hashes_id_seq; Type: SEQUENCE OWNED BY; Schema: public; Owner: postgres
--

ALTER SEQUENCE public.zkapp_verification_key_hashes_id_seq OWNED BY public.zkapp_verification_key_hashes.id;


--
-- Name: zkapp_verification_keys; Type: TABLE; Schema: public; Owner: postgres
--

CREATE TABLE public.zkapp_verification_keys (
    id integer NOT NULL,
    verification_key text NOT NULL,
    hash_id integer NOT NULL
);


ALTER TABLE public.zkapp_verification_keys OWNER TO postgres;

--
-- Name: zkapp_verification_keys_id_seq; Type: SEQUENCE; Schema: public; Owner: postgres
--

CREATE SEQUENCE public.zkapp_verification_keys_id_seq
    AS integer
    START WITH 1
    INCREMENT BY 1
    NO MINVALUE
    NO MAXVALUE
    CACHE 1;


ALTER TABLE public.zkapp_verification_keys_id_seq OWNER TO postgres;

--
-- Name: zkapp_verification_keys_id_seq; Type: SEQUENCE OWNED BY; Schema: public; Owner: postgres
--

ALTER SEQUENCE public.zkapp_verification_keys_id_seq OWNED BY public.zkapp_verification_keys.id;


--
-- Name: account_identifiers id; Type: DEFAULT; Schema: public; Owner: postgres
--

ALTER TABLE ONLY public.account_identifiers ALTER COLUMN id SET DEFAULT nextval('public.account_identifiers_id_seq'::regclass);


--
-- Name: blocks id; Type: DEFAULT; Schema: public; Owner: postgres
--

ALTER TABLE ONLY public.blocks ALTER COLUMN id SET DEFAULT nextval('public.blocks_id_seq'::regclass);


--
-- Name: epoch_data id; Type: DEFAULT; Schema: public; Owner: postgres
--

ALTER TABLE ONLY public.epoch_data ALTER COLUMN id SET DEFAULT nextval('public.epoch_data_id_seq'::regclass);


--
-- Name: internal_commands id; Type: DEFAULT; Schema: public; Owner: postgres
--

ALTER TABLE ONLY public.internal_commands ALTER COLUMN id SET DEFAULT nextval('public.internal_commands_id_seq'::regclass);


--
-- Name: protocol_versions id; Type: DEFAULT; Schema: public; Owner: postgres
--

ALTER TABLE ONLY public.protocol_versions ALTER COLUMN id SET DEFAULT nextval('public.protocol_versions_id_seq'::regclass);


--
-- Name: public_keys id; Type: DEFAULT; Schema: public; Owner: postgres
--

ALTER TABLE ONLY public.public_keys ALTER COLUMN id SET DEFAULT nextval('public.public_keys_id_seq'::regclass);


--
-- Name: snarked_ledger_hashes id; Type: DEFAULT; Schema: public; Owner: postgres
--

ALTER TABLE ONLY public.snarked_ledger_hashes ALTER COLUMN id SET DEFAULT nextval('public.snarked_ledger_hashes_id_seq'::regclass);


--
-- Name: timing_info id; Type: DEFAULT; Schema: public; Owner: postgres
--

ALTER TABLE ONLY public.timing_info ALTER COLUMN id SET DEFAULT nextval('public.timing_info_id_seq'::regclass);


--
-- Name: token_symbols id; Type: DEFAULT; Schema: public; Owner: postgres
--

ALTER TABLE ONLY public.token_symbols ALTER COLUMN id SET DEFAULT nextval('public.token_symbols_id_seq'::regclass);


--
-- Name: tokens id; Type: DEFAULT; Schema: public; Owner: postgres
--

ALTER TABLE ONLY public.tokens ALTER COLUMN id SET DEFAULT nextval('public.tokens_id_seq'::regclass);


--
-- Name: user_commands id; Type: DEFAULT; Schema: public; Owner: postgres
--

ALTER TABLE ONLY public.user_commands ALTER COLUMN id SET DEFAULT nextval('public.user_commands_id_seq'::regclass);


--
-- Name: voting_for id; Type: DEFAULT; Schema: public; Owner: postgres
--

ALTER TABLE ONLY public.voting_for ALTER COLUMN id SET DEFAULT nextval('public.voting_for_id_seq'::regclass);


--
-- Name: zkapp_account_precondition id; Type: DEFAULT; Schema: public; Owner: postgres
--

ALTER TABLE ONLY public.zkapp_account_precondition ALTER COLUMN id SET DEFAULT nextval('public.zkapp_account_precondition_id_seq'::regclass);


--
-- Name: zkapp_account_update id; Type: DEFAULT; Schema: public; Owner: postgres
--

ALTER TABLE ONLY public.zkapp_account_update ALTER COLUMN id SET DEFAULT nextval('public.zkapp_account_update_id_seq'::regclass);


--
-- Name: zkapp_account_update_body id; Type: DEFAULT; Schema: public; Owner: postgres
--

ALTER TABLE ONLY public.zkapp_account_update_body ALTER COLUMN id SET DEFAULT nextval('public.zkapp_account_update_body_id_seq'::regclass);


--
-- Name: zkapp_account_update_failures id; Type: DEFAULT; Schema: public; Owner: postgres
--

ALTER TABLE ONLY public.zkapp_account_update_failures ALTER COLUMN id SET DEFAULT nextval('public.zkapp_account_update_failures_id_seq'::regclass);


--
-- Name: zkapp_accounts id; Type: DEFAULT; Schema: public; Owner: postgres
--

ALTER TABLE ONLY public.zkapp_accounts ALTER COLUMN id SET DEFAULT nextval('public.zkapp_accounts_id_seq'::regclass);


--
-- Name: zkapp_action_states id; Type: DEFAULT; Schema: public; Owner: postgres
--

ALTER TABLE ONLY public.zkapp_action_states ALTER COLUMN id SET DEFAULT nextval('public.zkapp_action_states_id_seq'::regclass);


--
-- Name: zkapp_amount_bounds id; Type: DEFAULT; Schema: public; Owner: postgres
--

ALTER TABLE ONLY public.zkapp_amount_bounds ALTER COLUMN id SET DEFAULT nextval('public.zkapp_amount_bounds_id_seq'::regclass);


--
-- Name: zkapp_balance_bounds id; Type: DEFAULT; Schema: public; Owner: postgres
--

ALTER TABLE ONLY public.zkapp_balance_bounds ALTER COLUMN id SET DEFAULT nextval('public.zkapp_balance_bounds_id_seq'::regclass);


--
-- Name: zkapp_commands id; Type: DEFAULT; Schema: public; Owner: postgres
--

ALTER TABLE ONLY public.zkapp_commands ALTER COLUMN id SET DEFAULT nextval('public.zkapp_commands_id_seq'::regclass);


--
-- Name: zkapp_epoch_data id; Type: DEFAULT; Schema: public; Owner: postgres
--

ALTER TABLE ONLY public.zkapp_epoch_data ALTER COLUMN id SET DEFAULT nextval('public.zkapp_epoch_data_id_seq'::regclass);


--
-- Name: zkapp_epoch_ledger id; Type: DEFAULT; Schema: public; Owner: postgres
--

ALTER TABLE ONLY public.zkapp_epoch_ledger ALTER COLUMN id SET DEFAULT nextval('public.zkapp_epoch_ledger_id_seq'::regclass);


--
-- Name: zkapp_events id; Type: DEFAULT; Schema: public; Owner: postgres
--

ALTER TABLE ONLY public.zkapp_events ALTER COLUMN id SET DEFAULT nextval('public.zkapp_events_id_seq'::regclass);


--
-- Name: zkapp_fee_payer_body id; Type: DEFAULT; Schema: public; Owner: postgres
--

ALTER TABLE ONLY public.zkapp_fee_payer_body ALTER COLUMN id SET DEFAULT nextval('public.zkapp_fee_payer_body_id_seq'::regclass);


--
-- Name: zkapp_field id; Type: DEFAULT; Schema: public; Owner: postgres
--

ALTER TABLE ONLY public.zkapp_field ALTER COLUMN id SET DEFAULT nextval('public.zkapp_field_id_seq'::regclass);


--
-- Name: zkapp_field_array id; Type: DEFAULT; Schema: public; Owner: postgres
--

ALTER TABLE ONLY public.zkapp_field_array ALTER COLUMN id SET DEFAULT nextval('public.zkapp_field_array_id_seq'::regclass);


--
-- Name: zkapp_global_slot_bounds id; Type: DEFAULT; Schema: public; Owner: postgres
--

ALTER TABLE ONLY public.zkapp_global_slot_bounds ALTER COLUMN id SET DEFAULT nextval('public.zkapp_global_slot_bounds_id_seq'::regclass);


--
-- Name: zkapp_length_bounds id; Type: DEFAULT; Schema: public; Owner: postgres
--

ALTER TABLE ONLY public.zkapp_length_bounds ALTER COLUMN id SET DEFAULT nextval('public.zkapp_length_bounds_id_seq'::regclass);


--
-- Name: zkapp_network_precondition id; Type: DEFAULT; Schema: public; Owner: postgres
--

ALTER TABLE ONLY public.zkapp_network_precondition ALTER COLUMN id SET DEFAULT nextval('public.zkapp_network_precondition_id_seq'::regclass);


--
-- Name: zkapp_nonce_bounds id; Type: DEFAULT; Schema: public; Owner: postgres
--

ALTER TABLE ONLY public.zkapp_nonce_bounds ALTER COLUMN id SET DEFAULT nextval('public.zkapp_nonce_bounds_id_seq'::regclass);


--
-- Name: zkapp_permissions id; Type: DEFAULT; Schema: public; Owner: postgres
--

ALTER TABLE ONLY public.zkapp_permissions ALTER COLUMN id SET DEFAULT nextval('public.zkapp_permissions_id_seq'::regclass);


--
-- Name: zkapp_states id; Type: DEFAULT; Schema: public; Owner: postgres
--

ALTER TABLE ONLY public.zkapp_states ALTER COLUMN id SET DEFAULT nextval('public.zkapp_states_id_seq'::regclass);


--
-- Name: zkapp_states_nullable id; Type: DEFAULT; Schema: public; Owner: postgres
--

ALTER TABLE ONLY public.zkapp_states_nullable ALTER COLUMN id SET DEFAULT nextval('public.zkapp_states_nullable_id_seq'::regclass);


--
-- Name: zkapp_timing_info id; Type: DEFAULT; Schema: public; Owner: postgres
--

ALTER TABLE ONLY public.zkapp_timing_info ALTER COLUMN id SET DEFAULT nextval('public.zkapp_timing_info_id_seq'::regclass);


--
-- Name: zkapp_token_id_bounds id; Type: DEFAULT; Schema: public; Owner: postgres
--

ALTER TABLE ONLY public.zkapp_token_id_bounds ALTER COLUMN id SET DEFAULT nextval('public.zkapp_token_id_bounds_id_seq'::regclass);


--
-- Name: zkapp_updates id; Type: DEFAULT; Schema: public; Owner: postgres
--

ALTER TABLE ONLY public.zkapp_updates ALTER COLUMN id SET DEFAULT nextval('public.zkapp_updates_id_seq'::regclass);


--
-- Name: zkapp_uris id; Type: DEFAULT; Schema: public; Owner: postgres
--

ALTER TABLE ONLY public.zkapp_uris ALTER COLUMN id SET DEFAULT nextval('public.zkapp_uris_id_seq'::regclass);


--
-- Name: zkapp_verification_key_hashes id; Type: DEFAULT; Schema: public; Owner: postgres
--

ALTER TABLE ONLY public.zkapp_verification_key_hashes ALTER COLUMN id SET DEFAULT nextval('public.zkapp_verification_key_hashes_id_seq'::regclass);


--
-- Name: zkapp_verification_keys id; Type: DEFAULT; Schema: public; Owner: postgres
--

ALTER TABLE ONLY public.zkapp_verification_keys ALTER COLUMN id SET DEFAULT nextval('public.zkapp_verification_keys_id_seq'::regclass);


--
-- Data for Name: account_identifiers; Type: TABLE DATA; Schema: public; Owner: postgres
--

COPY public.account_identifiers (id, public_key_id, token_id) FROM stdin;
1	2	1
2	3	1
3	4	1
4	5	1
5	6	1
6	7	1
7	8	1
8	9	1
9	10	1
10	11	1
11	12	1
12	13	1
13	14	1
14	15	1
15	16	1
16	17	1
17	18	1
18	19	1
19	20	1
20	21	1
21	22	1
22	23	1
23	24	1
24	25	1
25	26	1
26	27	1
27	28	1
28	29	1
29	30	1
30	31	1
31	32	1
32	33	1
33	34	1
34	35	1
35	36	1
36	37	1
37	38	1
38	39	1
39	40	1
40	41	1
41	42	1
42	43	1
43	44	1
44	46	1
45	47	1
46	48	1
47	49	1
48	50	1
49	51	1
50	52	1
51	53	1
52	54	1
53	55	1
54	56	1
55	57	1
56	58	1
57	59	1
58	60	1
59	62	1
60	63	1
61	64	1
62	65	1
63	66	1
64	67	1
65	68	1
66	69	1
67	70	1
68	71	1
69	72	1
70	73	1
71	74	1
72	75	1
73	76	1
74	77	1
75	78	1
76	79	1
77	80	1
78	81	1
79	82	1
80	83	1
81	84	1
82	85	1
83	86	1
84	87	1
85	88	1
86	89	1
87	90	1
88	91	1
89	92	1
90	93	1
91	94	1
92	95	1
93	61	1
94	96	1
95	97	1
96	98	1
97	99	1
98	100	1
99	101	1
100	102	1
101	103	1
102	104	1
103	105	1
104	106	1
105	107	1
106	108	1
107	109	1
108	110	1
109	111	1
110	112	1
111	113	1
112	114	1
113	115	1
114	116	1
115	117	1
116	118	1
117	119	1
118	120	1
119	121	1
120	122	1
121	123	1
122	124	1
123	125	1
124	126	1
125	127	1
126	128	1
127	129	1
128	130	1
129	131	1
130	132	1
131	133	1
132	134	1
133	135	1
134	136	1
135	137	1
136	138	1
137	139	1
138	140	1
139	141	1
140	142	1
141	143	1
142	144	1
143	145	1
144	146	1
145	147	1
146	148	1
147	149	1
148	150	1
149	151	1
150	152	1
151	153	1
152	45	1
153	154	1
154	155	1
155	156	1
156	157	1
157	158	1
158	159	1
159	160	1
160	161	1
161	162	1
162	163	1
163	164	1
164	165	1
165	166	1
166	167	1
167	168	1
168	169	1
169	170	1
170	171	1
171	172	1
172	173	1
173	174	1
174	175	1
175	176	1
176	177	1
177	178	1
178	179	1
179	180	1
180	181	1
181	182	1
182	183	1
183	184	1
184	185	1
185	186	1
186	187	1
187	188	1
188	1	1
189	189	1
190	190	1
191	191	1
192	192	1
193	193	1
194	194	1
195	195	1
196	196	1
197	197	1
198	198	1
199	199	1
200	200	1
201	201	1
202	202	1
203	203	1
204	204	1
205	205	1
206	206	1
207	207	1
208	208	1
209	209	1
210	210	1
211	211	1
212	212	1
213	213	1
214	214	1
215	215	1
216	216	1
217	217	1
218	218	1
219	219	1
220	220	1
221	221	1
222	222	1
223	223	1
224	224	1
225	225	1
226	226	1
227	227	1
228	228	1
229	229	1
230	230	1
231	231	1
232	232	1
233	233	1
234	234	1
235	235	1
236	236	1
237	237	1
238	238	1
239	239	1
240	240	1
241	241	1
242	242	1
243	243	1
\.


--
-- Data for Name: accounts_accessed; Type: TABLE DATA; Schema: public; Owner: postgres
--

COPY public.accounts_accessed (ledger_index, block_id, account_identifier_id, token_symbol_id, balance, nonce, receipt_chain_hash, delegate_id, voting_for_id, timing_id, permissions_id, zkapp_id) FROM stdin;
10	1	1	1	285	0	2mzbV7WevxLuchs2dAMY4vQBS6XttnCUF8Hvks4XNBQ5qiSGGBQe	2	1	1	1	\N
107	1	2	1	500	0	2mzbV7WevxLuchs2dAMY4vQBS6XttnCUF8Hvks4XNBQ5qiSGGBQe	3	1	2	1	\N
81	1	3	1	331	0	2mzbV7WevxLuchs2dAMY4vQBS6XttnCUF8Hvks4XNBQ5qiSGGBQe	4	1	3	1	\N
32	1	4	1	226	0	2mzbV7WevxLuchs2dAMY4vQBS6XttnCUF8Hvks4XNBQ5qiSGGBQe	5	1	4	1	\N
12	1	5	1	123	0	2mzbV7WevxLuchs2dAMY4vQBS6XttnCUF8Hvks4XNBQ5qiSGGBQe	6	1	5	1	\N
78	1	6	1	292	0	2mzbV7WevxLuchs2dAMY4vQBS6XttnCUF8Hvks4XNBQ5qiSGGBQe	7	1	6	1	\N
121	1	7	1	104	0	2mzbV7WevxLuchs2dAMY4vQBS6XttnCUF8Hvks4XNBQ5qiSGGBQe	8	1	7	1	\N
176	1	8	1	10	0	2mzbV7WevxLuchs2dAMY4vQBS6XttnCUF8Hvks4XNBQ5qiSGGBQe	9	1	8	1	\N
236	1	9	1	488	0	2mzbV7WevxLuchs2dAMY4vQBS6XttnCUF8Hvks4XNBQ5qiSGGBQe	10	1	9	1	\N
226	1	10	1	469	0	2mzbV7WevxLuchs2dAMY4vQBS6XttnCUF8Hvks4XNBQ5qiSGGBQe	11	1	10	1	\N
19	1	11	1	242	0	2mzbV7WevxLuchs2dAMY4vQBS6XttnCUF8Hvks4XNBQ5qiSGGBQe	12	1	11	1	\N
128	1	12	1	135	0	2mzbV7WevxLuchs2dAMY4vQBS6XttnCUF8Hvks4XNBQ5qiSGGBQe	13	1	12	1	\N
94	1	13	1	196	0	2mzbV7WevxLuchs2dAMY4vQBS6XttnCUF8Hvks4XNBQ5qiSGGBQe	14	1	13	1	\N
153	1	14	1	79	0	2mzbV7WevxLuchs2dAMY4vQBS6XttnCUF8Hvks4XNBQ5qiSGGBQe	15	1	14	1	\N
166	1	15	1	206	0	2mzbV7WevxLuchs2dAMY4vQBS6XttnCUF8Hvks4XNBQ5qiSGGBQe	16	1	15	1	\N
137	1	16	1	340	0	2mzbV7WevxLuchs2dAMY4vQBS6XttnCUF8Hvks4XNBQ5qiSGGBQe	17	1	16	1	\N
105	1	17	1	382	0	2mzbV7WevxLuchs2dAMY4vQBS6XttnCUF8Hvks4XNBQ5qiSGGBQe	18	1	17	1	\N
70	1	18	1	488	0	2mzbV7WevxLuchs2dAMY4vQBS6XttnCUF8Hvks4XNBQ5qiSGGBQe	19	1	18	1	\N
5	1	19	1	0	0	2mzbV7WevxLuchs2dAMY4vQBS6XttnCUF8Hvks4XNBQ5qiSGGBQe	20	1	19	1	\N
27	1	20	1	135	0	2mzbV7WevxLuchs2dAMY4vQBS6XttnCUF8Hvks4XNBQ5qiSGGBQe	21	1	20	1	\N
46	1	21	1	126	0	2mzbV7WevxLuchs2dAMY4vQBS6XttnCUF8Hvks4XNBQ5qiSGGBQe	22	1	21	1	\N
43	1	22	1	10	0	2mzbV7WevxLuchs2dAMY4vQBS6XttnCUF8Hvks4XNBQ5qiSGGBQe	23	1	22	1	\N
117	1	23	1	278	0	2mzbV7WevxLuchs2dAMY4vQBS6XttnCUF8Hvks4XNBQ5qiSGGBQe	24	1	23	1	\N
204	1	24	1	46	0	2mzbV7WevxLuchs2dAMY4vQBS6XttnCUF8Hvks4XNBQ5qiSGGBQe	25	1	24	1	\N
187	1	25	1	104	0	2mzbV7WevxLuchs2dAMY4vQBS6XttnCUF8Hvks4XNBQ5qiSGGBQe	26	1	25	1	\N
72	1	26	1	10	0	2mzbV7WevxLuchs2dAMY4vQBS6XttnCUF8Hvks4XNBQ5qiSGGBQe	27	1	26	1	\N
216	1	27	1	271	0	2mzbV7WevxLuchs2dAMY4vQBS6XttnCUF8Hvks4XNBQ5qiSGGBQe	28	1	27	1	\N
210	1	28	1	315	0	2mzbV7WevxLuchs2dAMY4vQBS6XttnCUF8Hvks4XNBQ5qiSGGBQe	29	1	28	1	\N
79	1	29	1	162	0	2mzbV7WevxLuchs2dAMY4vQBS6XttnCUF8Hvks4XNBQ5qiSGGBQe	30	1	29	1	\N
167	1	30	1	86	0	2mzbV7WevxLuchs2dAMY4vQBS6XttnCUF8Hvks4XNBQ5qiSGGBQe	31	1	30	1	\N
181	1	31	1	409	0	2mzbV7WevxLuchs2dAMY4vQBS6XttnCUF8Hvks4XNBQ5qiSGGBQe	32	1	31	1	\N
156	1	32	1	500	0	2mzbV7WevxLuchs2dAMY4vQBS6XttnCUF8Hvks4XNBQ5qiSGGBQe	33	1	32	1	\N
96	1	33	1	57	0	2mzbV7WevxLuchs2dAMY4vQBS6XttnCUF8Hvks4XNBQ5qiSGGBQe	34	1	33	1	\N
191	1	34	1	204	0	2mzbV7WevxLuchs2dAMY4vQBS6XttnCUF8Hvks4XNBQ5qiSGGBQe	35	1	34	1	\N
132	1	35	1	262	0	2mzbV7WevxLuchs2dAMY4vQBS6XttnCUF8Hvks4XNBQ5qiSGGBQe	36	1	35	1	\N
111	1	36	1	10	0	2mzbV7WevxLuchs2dAMY4vQBS6XttnCUF8Hvks4XNBQ5qiSGGBQe	37	1	36	1	\N
171	1	37	1	156	0	2mzbV7WevxLuchs2dAMY4vQBS6XttnCUF8Hvks4XNBQ5qiSGGBQe	38	1	37	1	\N
64	1	38	1	417	0	2mzbV7WevxLuchs2dAMY4vQBS6XttnCUF8Hvks4XNBQ5qiSGGBQe	39	1	38	1	\N
68	1	39	1	10	0	2mzbV7WevxLuchs2dAMY4vQBS6XttnCUF8Hvks4XNBQ5qiSGGBQe	40	1	39	1	\N
51	1	40	1	85	0	2mzbV7WevxLuchs2dAMY4vQBS6XttnCUF8Hvks4XNBQ5qiSGGBQe	41	1	40	1	\N
227	1	41	1	103	0	2mzbV7WevxLuchs2dAMY4vQBS6XttnCUF8Hvks4XNBQ5qiSGGBQe	42	1	41	1	\N
141	1	42	1	67	0	2mzbV7WevxLuchs2dAMY4vQBS6XttnCUF8Hvks4XNBQ5qiSGGBQe	43	1	42	1	\N
2	1	43	1	65500000000000	0	2mzbV7WevxLuchs2dAMY4vQBS6XttnCUF8Hvks4XNBQ5qiSGGBQe	45	1	43	1	\N
42	1	44	1	10	0	2mzbV7WevxLuchs2dAMY4vQBS6XttnCUF8Hvks4XNBQ5qiSGGBQe	46	1	44	1	\N
133	1	45	1	500	0	2mzbV7WevxLuchs2dAMY4vQBS6XttnCUF8Hvks4XNBQ5qiSGGBQe	47	1	45	1	\N
82	1	46	1	198	0	2mzbV7WevxLuchs2dAMY4vQBS6XttnCUF8Hvks4XNBQ5qiSGGBQe	48	1	46	1	\N
95	1	47	1	489	0	2mzbV7WevxLuchs2dAMY4vQBS6XttnCUF8Hvks4XNBQ5qiSGGBQe	49	1	47	1	\N
188	1	48	1	298	0	2mzbV7WevxLuchs2dAMY4vQBS6XttnCUF8Hvks4XNBQ5qiSGGBQe	50	1	48	1	\N
30	1	49	1	36	0	2mzbV7WevxLuchs2dAMY4vQBS6XttnCUF8Hvks4XNBQ5qiSGGBQe	51	1	49	1	\N
90	1	50	1	334	0	2mzbV7WevxLuchs2dAMY4vQBS6XttnCUF8Hvks4XNBQ5qiSGGBQe	52	1	50	1	\N
14	1	51	1	344	0	2mzbV7WevxLuchs2dAMY4vQBS6XttnCUF8Hvks4XNBQ5qiSGGBQe	53	1	51	1	\N
35	1	52	1	451	0	2mzbV7WevxLuchs2dAMY4vQBS6XttnCUF8Hvks4XNBQ5qiSGGBQe	54	1	52	1	\N
85	1	53	1	371	0	2mzbV7WevxLuchs2dAMY4vQBS6XttnCUF8Hvks4XNBQ5qiSGGBQe	55	1	53	1	\N
127	1	54	1	234	0	2mzbV7WevxLuchs2dAMY4vQBS6XttnCUF8Hvks4XNBQ5qiSGGBQe	56	1	54	1	\N
222	1	55	1	345	0	2mzbV7WevxLuchs2dAMY4vQBS6XttnCUF8Hvks4XNBQ5qiSGGBQe	57	1	55	1	\N
76	1	56	1	282	0	2mzbV7WevxLuchs2dAMY4vQBS6XttnCUF8Hvks4XNBQ5qiSGGBQe	58	1	56	1	\N
231	1	57	1	339	0	2mzbV7WevxLuchs2dAMY4vQBS6XttnCUF8Hvks4XNBQ5qiSGGBQe	59	1	57	1	\N
6	1	58	1	11550000000000000	0	2mzbV7WevxLuchs2dAMY4vQBS6XttnCUF8Hvks4XNBQ5qiSGGBQe	61	1	58	1	\N
15	1	59	1	215	0	2mzbV7WevxLuchs2dAMY4vQBS6XttnCUF8Hvks4XNBQ5qiSGGBQe	62	1	59	1	\N
220	1	60	1	193	0	2mzbV7WevxLuchs2dAMY4vQBS6XttnCUF8Hvks4XNBQ5qiSGGBQe	63	1	60	1	\N
16	1	61	1	60	0	2mzbV7WevxLuchs2dAMY4vQBS6XttnCUF8Hvks4XNBQ5qiSGGBQe	64	1	61	1	\N
58	1	62	1	350	0	2mzbV7WevxLuchs2dAMY4vQBS6XttnCUF8Hvks4XNBQ5qiSGGBQe	65	1	62	1	\N
146	1	63	1	223	0	2mzbV7WevxLuchs2dAMY4vQBS6XttnCUF8Hvks4XNBQ5qiSGGBQe	66	1	63	1	\N
62	1	64	1	449	0	2mzbV7WevxLuchs2dAMY4vQBS6XttnCUF8Hvks4XNBQ5qiSGGBQe	67	1	64	1	\N
185	1	65	1	142	0	2mzbV7WevxLuchs2dAMY4vQBS6XttnCUF8Hvks4XNBQ5qiSGGBQe	68	1	65	1	\N
151	1	66	1	300	0	2mzbV7WevxLuchs2dAMY4vQBS6XttnCUF8Hvks4XNBQ5qiSGGBQe	69	1	66	1	\N
165	1	67	1	256	0	2mzbV7WevxLuchs2dAMY4vQBS6XttnCUF8Hvks4XNBQ5qiSGGBQe	70	1	67	1	\N
103	1	68	1	125	0	2mzbV7WevxLuchs2dAMY4vQBS6XttnCUF8Hvks4XNBQ5qiSGGBQe	71	1	68	1	\N
41	1	69	1	236	0	2mzbV7WevxLuchs2dAMY4vQBS6XttnCUF8Hvks4XNBQ5qiSGGBQe	72	1	69	1	\N
239	1	70	1	10	0	2mzbV7WevxLuchs2dAMY4vQBS6XttnCUF8Hvks4XNBQ5qiSGGBQe	73	1	70	1	\N
110	1	71	1	179	0	2mzbV7WevxLuchs2dAMY4vQBS6XttnCUF8Hvks4XNBQ5qiSGGBQe	74	1	71	1	\N
13	1	72	1	194	0	2mzbV7WevxLuchs2dAMY4vQBS6XttnCUF8Hvks4XNBQ5qiSGGBQe	75	1	72	1	\N
26	1	73	1	185	0	2mzbV7WevxLuchs2dAMY4vQBS6XttnCUF8Hvks4XNBQ5qiSGGBQe	76	1	73	1	\N
98	1	74	1	342	0	2mzbV7WevxLuchs2dAMY4vQBS6XttnCUF8Hvks4XNBQ5qiSGGBQe	77	1	74	1	\N
215	1	75	1	157	0	2mzbV7WevxLuchs2dAMY4vQBS6XttnCUF8Hvks4XNBQ5qiSGGBQe	78	1	75	1	\N
91	1	76	1	135	0	2mzbV7WevxLuchs2dAMY4vQBS6XttnCUF8Hvks4XNBQ5qiSGGBQe	79	1	76	1	\N
159	1	77	1	456	0	2mzbV7WevxLuchs2dAMY4vQBS6XttnCUF8Hvks4XNBQ5qiSGGBQe	80	1	77	1	\N
208	1	78	1	336	0	2mzbV7WevxLuchs2dAMY4vQBS6XttnCUF8Hvks4XNBQ5qiSGGBQe	81	1	78	1	\N
207	1	79	1	280	0	2mzbV7WevxLuchs2dAMY4vQBS6XttnCUF8Hvks4XNBQ5qiSGGBQe	82	1	79	1	\N
182	1	80	1	187	0	2mzbV7WevxLuchs2dAMY4vQBS6XttnCUF8Hvks4XNBQ5qiSGGBQe	83	1	80	1	\N
157	1	81	1	387	0	2mzbV7WevxLuchs2dAMY4vQBS6XttnCUF8Hvks4XNBQ5qiSGGBQe	84	1	81	1	\N
33	1	82	1	500	0	2mzbV7WevxLuchs2dAMY4vQBS6XttnCUF8Hvks4XNBQ5qiSGGBQe	85	1	82	1	\N
201	1	83	1	151	0	2mzbV7WevxLuchs2dAMY4vQBS6XttnCUF8Hvks4XNBQ5qiSGGBQe	86	1	83	1	\N
9	1	84	1	356	0	2mzbV7WevxLuchs2dAMY4vQBS6XttnCUF8Hvks4XNBQ5qiSGGBQe	87	1	84	1	\N
234	1	85	1	24	0	2mzbV7WevxLuchs2dAMY4vQBS6XttnCUF8Hvks4XNBQ5qiSGGBQe	88	1	85	1	\N
40	1	86	1	152	0	2mzbV7WevxLuchs2dAMY4vQBS6XttnCUF8Hvks4XNBQ5qiSGGBQe	89	1	86	1	\N
18	1	87	1	10	0	2mzbV7WevxLuchs2dAMY4vQBS6XttnCUF8Hvks4XNBQ5qiSGGBQe	90	1	87	1	\N
229	1	88	1	500	0	2mzbV7WevxLuchs2dAMY4vQBS6XttnCUF8Hvks4XNBQ5qiSGGBQe	91	1	88	1	\N
20	1	89	1	186	0	2mzbV7WevxLuchs2dAMY4vQBS6XttnCUF8Hvks4XNBQ5qiSGGBQe	92	1	89	1	\N
184	1	90	1	266	0	2mzbV7WevxLuchs2dAMY4vQBS6XttnCUF8Hvks4XNBQ5qiSGGBQe	93	1	90	1	\N
139	1	91	1	81	0	2mzbV7WevxLuchs2dAMY4vQBS6XttnCUF8Hvks4XNBQ5qiSGGBQe	94	1	91	1	\N
164	1	92	1	10	0	2mzbV7WevxLuchs2dAMY4vQBS6XttnCUF8Hvks4XNBQ5qiSGGBQe	95	1	92	1	\N
7	1	93	1	0	0	2mzbV7WevxLuchs2dAMY4vQBS6XttnCUF8Hvks4XNBQ5qiSGGBQe	61	1	93	1	\N
199	1	94	1	379	0	2mzbV7WevxLuchs2dAMY4vQBS6XttnCUF8Hvks4XNBQ5qiSGGBQe	96	1	94	1	\N
109	1	95	1	315	0	2mzbV7WevxLuchs2dAMY4vQBS6XttnCUF8Hvks4XNBQ5qiSGGBQe	97	1	95	1	\N
47	1	96	1	226	0	2mzbV7WevxLuchs2dAMY4vQBS6XttnCUF8Hvks4XNBQ5qiSGGBQe	98	1	96	1	\N
214	1	97	1	166	0	2mzbV7WevxLuchs2dAMY4vQBS6XttnCUF8Hvks4XNBQ5qiSGGBQe	99	1	97	1	\N
112	1	98	1	302	0	2mzbV7WevxLuchs2dAMY4vQBS6XttnCUF8Hvks4XNBQ5qiSGGBQe	100	1	98	1	\N
144	1	99	1	269	0	2mzbV7WevxLuchs2dAMY4vQBS6XttnCUF8Hvks4XNBQ5qiSGGBQe	101	1	99	1	\N
178	1	100	1	172	0	2mzbV7WevxLuchs2dAMY4vQBS6XttnCUF8Hvks4XNBQ5qiSGGBQe	102	1	100	1	\N
155	1	101	1	195	0	2mzbV7WevxLuchs2dAMY4vQBS6XttnCUF8Hvks4XNBQ5qiSGGBQe	103	1	101	1	\N
38	1	102	1	243	0	2mzbV7WevxLuchs2dAMY4vQBS6XttnCUF8Hvks4XNBQ5qiSGGBQe	104	1	102	1	\N
80	1	103	1	128	0	2mzbV7WevxLuchs2dAMY4vQBS6XttnCUF8Hvks4XNBQ5qiSGGBQe	105	1	103	1	\N
147	1	104	1	349	0	2mzbV7WevxLuchs2dAMY4vQBS6XttnCUF8Hvks4XNBQ5qiSGGBQe	106	1	104	1	\N
24	1	105	1	87	0	2mzbV7WevxLuchs2dAMY4vQBS6XttnCUF8Hvks4XNBQ5qiSGGBQe	107	1	105	1	\N
126	1	106	1	424	0	2mzbV7WevxLuchs2dAMY4vQBS6XttnCUF8Hvks4XNBQ5qiSGGBQe	108	1	106	1	\N
89	1	107	1	239	0	2mzbV7WevxLuchs2dAMY4vQBS6XttnCUF8Hvks4XNBQ5qiSGGBQe	109	1	107	1	\N
135	1	108	1	316	0	2mzbV7WevxLuchs2dAMY4vQBS6XttnCUF8Hvks4XNBQ5qiSGGBQe	110	1	108	1	\N
194	1	109	1	492	0	2mzbV7WevxLuchs2dAMY4vQBS6XttnCUF8Hvks4XNBQ5qiSGGBQe	111	1	109	1	\N
1	1	110	1	5000000000	0	2mzbV7WevxLuchs2dAMY4vQBS6XttnCUF8Hvks4XNBQ5qiSGGBQe	112	1	110	1	\N
190	1	111	1	294	0	2mzbV7WevxLuchs2dAMY4vQBS6XttnCUF8Hvks4XNBQ5qiSGGBQe	113	1	111	1	\N
218	1	112	1	191	0	2mzbV7WevxLuchs2dAMY4vQBS6XttnCUF8Hvks4XNBQ5qiSGGBQe	114	1	112	1	\N
93	1	113	1	380	0	2mzbV7WevxLuchs2dAMY4vQBS6XttnCUF8Hvks4XNBQ5qiSGGBQe	115	1	113	1	\N
162	1	114	1	331	0	2mzbV7WevxLuchs2dAMY4vQBS6XttnCUF8Hvks4XNBQ5qiSGGBQe	116	1	114	1	\N
221	1	115	1	459	0	2mzbV7WevxLuchs2dAMY4vQBS6XttnCUF8Hvks4XNBQ5qiSGGBQe	117	1	115	1	\N
205	1	116	1	28	0	2mzbV7WevxLuchs2dAMY4vQBS6XttnCUF8Hvks4XNBQ5qiSGGBQe	118	1	116	1	\N
195	1	117	1	472	0	2mzbV7WevxLuchs2dAMY4vQBS6XttnCUF8Hvks4XNBQ5qiSGGBQe	119	1	117	1	\N
34	1	118	1	119	0	2mzbV7WevxLuchs2dAMY4vQBS6XttnCUF8Hvks4XNBQ5qiSGGBQe	120	1	118	1	\N
213	1	119	1	10	0	2mzbV7WevxLuchs2dAMY4vQBS6XttnCUF8Hvks4XNBQ5qiSGGBQe	121	1	119	1	\N
196	1	120	1	41	0	2mzbV7WevxLuchs2dAMY4vQBS6XttnCUF8Hvks4XNBQ5qiSGGBQe	122	1	120	1	\N
104	1	121	1	27	0	2mzbV7WevxLuchs2dAMY4vQBS6XttnCUF8Hvks4XNBQ5qiSGGBQe	123	1	121	1	\N
44	1	122	1	70	0	2mzbV7WevxLuchs2dAMY4vQBS6XttnCUF8Hvks4XNBQ5qiSGGBQe	124	1	122	1	\N
52	1	123	1	337	0	2mzbV7WevxLuchs2dAMY4vQBS6XttnCUF8Hvks4XNBQ5qiSGGBQe	125	1	123	1	\N
114	1	124	1	210	0	2mzbV7WevxLuchs2dAMY4vQBS6XttnCUF8Hvks4XNBQ5qiSGGBQe	126	1	124	1	\N
177	1	125	1	495	0	2mzbV7WevxLuchs2dAMY4vQBS6XttnCUF8Hvks4XNBQ5qiSGGBQe	127	1	125	1	\N
148	1	126	1	144	0	2mzbV7WevxLuchs2dAMY4vQBS6XttnCUF8Hvks4XNBQ5qiSGGBQe	128	1	126	1	\N
100	1	127	1	148	0	2mzbV7WevxLuchs2dAMY4vQBS6XttnCUF8Hvks4XNBQ5qiSGGBQe	129	1	127	1	\N
206	1	128	1	376	0	2mzbV7WevxLuchs2dAMY4vQBS6XttnCUF8Hvks4XNBQ5qiSGGBQe	130	1	128	1	\N
28	1	129	1	329	0	2mzbV7WevxLuchs2dAMY4vQBS6XttnCUF8Hvks4XNBQ5qiSGGBQe	131	1	129	1	\N
173	1	130	1	500	0	2mzbV7WevxLuchs2dAMY4vQBS6XttnCUF8Hvks4XNBQ5qiSGGBQe	132	1	130	1	\N
130	1	131	1	500	0	2mzbV7WevxLuchs2dAMY4vQBS6XttnCUF8Hvks4XNBQ5qiSGGBQe	133	1	131	1	\N
39	1	132	1	181	0	2mzbV7WevxLuchs2dAMY4vQBS6XttnCUF8Hvks4XNBQ5qiSGGBQe	134	1	132	1	\N
212	1	133	1	200	0	2mzbV7WevxLuchs2dAMY4vQBS6XttnCUF8Hvks4XNBQ5qiSGGBQe	135	1	133	1	\N
116	1	134	1	159	0	2mzbV7WevxLuchs2dAMY4vQBS6XttnCUF8Hvks4XNBQ5qiSGGBQe	136	1	134	1	\N
48	1	135	1	319	0	2mzbV7WevxLuchs2dAMY4vQBS6XttnCUF8Hvks4XNBQ5qiSGGBQe	137	1	135	1	\N
101	1	136	1	10	0	2mzbV7WevxLuchs2dAMY4vQBS6XttnCUF8Hvks4XNBQ5qiSGGBQe	138	1	136	1	\N
203	1	137	1	365	0	2mzbV7WevxLuchs2dAMY4vQBS6XttnCUF8Hvks4XNBQ5qiSGGBQe	139	1	137	1	\N
50	1	138	1	342	0	2mzbV7WevxLuchs2dAMY4vQBS6XttnCUF8Hvks4XNBQ5qiSGGBQe	140	1	138	1	\N
59	1	139	1	237	0	2mzbV7WevxLuchs2dAMY4vQBS6XttnCUF8Hvks4XNBQ5qiSGGBQe	141	1	139	1	\N
150	1	140	1	427	0	2mzbV7WevxLuchs2dAMY4vQBS6XttnCUF8Hvks4XNBQ5qiSGGBQe	142	1	140	1	\N
180	1	141	1	315	0	2mzbV7WevxLuchs2dAMY4vQBS6XttnCUF8Hvks4XNBQ5qiSGGBQe	143	1	141	1	\N
142	1	142	1	10	0	2mzbV7WevxLuchs2dAMY4vQBS6XttnCUF8Hvks4XNBQ5qiSGGBQe	144	1	142	1	\N
23	1	143	1	378	0	2mzbV7WevxLuchs2dAMY4vQBS6XttnCUF8Hvks4XNBQ5qiSGGBQe	145	1	143	1	\N
122	1	144	1	420	0	2mzbV7WevxLuchs2dAMY4vQBS6XttnCUF8Hvks4XNBQ5qiSGGBQe	146	1	144	1	\N
115	1	145	1	411	0	2mzbV7WevxLuchs2dAMY4vQBS6XttnCUF8Hvks4XNBQ5qiSGGBQe	147	1	145	1	\N
4	1	146	1	11550000000000000	0	2mzbV7WevxLuchs2dAMY4vQBS6XttnCUF8Hvks4XNBQ5qiSGGBQe	20	1	146	1	\N
75	1	147	1	172	0	2mzbV7WevxLuchs2dAMY4vQBS6XttnCUF8Hvks4XNBQ5qiSGGBQe	149	1	147	1	\N
77	1	148	1	309	0	2mzbV7WevxLuchs2dAMY4vQBS6XttnCUF8Hvks4XNBQ5qiSGGBQe	150	1	148	1	\N
152	1	149	1	10	0	2mzbV7WevxLuchs2dAMY4vQBS6XttnCUF8Hvks4XNBQ5qiSGGBQe	151	1	149	1	\N
120	1	150	1	154	0	2mzbV7WevxLuchs2dAMY4vQBS6XttnCUF8Hvks4XNBQ5qiSGGBQe	152	1	150	1	\N
118	1	151	1	153	0	2mzbV7WevxLuchs2dAMY4vQBS6XttnCUF8Hvks4XNBQ5qiSGGBQe	153	1	151	1	\N
3	1	152	1	500000000000	0	2mzbV7WevxLuchs2dAMY4vQBS6XttnCUF8Hvks4XNBQ5qiSGGBQe	45	1	152	1	\N
37	1	153	1	47	0	2mzbV7WevxLuchs2dAMY4vQBS6XttnCUF8Hvks4XNBQ5qiSGGBQe	154	1	153	1	\N
168	1	154	1	87	0	2mzbV7WevxLuchs2dAMY4vQBS6XttnCUF8Hvks4XNBQ5qiSGGBQe	155	1	154	1	\N
149	1	155	1	398	0	2mzbV7WevxLuchs2dAMY4vQBS6XttnCUF8Hvks4XNBQ5qiSGGBQe	156	1	155	1	\N
29	1	156	1	452	0	2mzbV7WevxLuchs2dAMY4vQBS6XttnCUF8Hvks4XNBQ5qiSGGBQe	157	1	156	1	\N
8	1	157	1	283	0	2mzbV7WevxLuchs2dAMY4vQBS6XttnCUF8Hvks4XNBQ5qiSGGBQe	158	1	157	1	\N
88	1	158	1	291	0	2mzbV7WevxLuchs2dAMY4vQBS6XttnCUF8Hvks4XNBQ5qiSGGBQe	159	1	158	1	\N
233	1	159	1	367	0	2mzbV7WevxLuchs2dAMY4vQBS6XttnCUF8Hvks4XNBQ5qiSGGBQe	160	1	159	1	\N
83	1	160	1	500	0	2mzbV7WevxLuchs2dAMY4vQBS6XttnCUF8Hvks4XNBQ5qiSGGBQe	161	1	160	1	\N
154	1	161	1	311	0	2mzbV7WevxLuchs2dAMY4vQBS6XttnCUF8Hvks4XNBQ5qiSGGBQe	162	1	161	1	\N
175	1	162	1	258	0	2mzbV7WevxLuchs2dAMY4vQBS6XttnCUF8Hvks4XNBQ5qiSGGBQe	163	1	162	1	\N
69	1	163	1	323	0	2mzbV7WevxLuchs2dAMY4vQBS6XttnCUF8Hvks4XNBQ5qiSGGBQe	164	1	163	1	\N
63	1	164	1	405	0	2mzbV7WevxLuchs2dAMY4vQBS6XttnCUF8Hvks4XNBQ5qiSGGBQe	165	1	164	1	\N
189	1	165	1	32	0	2mzbV7WevxLuchs2dAMY4vQBS6XttnCUF8Hvks4XNBQ5qiSGGBQe	166	1	165	1	\N
92	1	166	1	130	0	2mzbV7WevxLuchs2dAMY4vQBS6XttnCUF8Hvks4XNBQ5qiSGGBQe	167	1	166	1	\N
140	1	167	1	234	0	2mzbV7WevxLuchs2dAMY4vQBS6XttnCUF8Hvks4XNBQ5qiSGGBQe	168	1	167	1	\N
17	1	168	1	500	0	2mzbV7WevxLuchs2dAMY4vQBS6XttnCUF8Hvks4XNBQ5qiSGGBQe	169	1	168	1	\N
87	1	169	1	481	0	2mzbV7WevxLuchs2dAMY4vQBS6XttnCUF8Hvks4XNBQ5qiSGGBQe	170	1	169	1	\N
183	1	170	1	240	0	2mzbV7WevxLuchs2dAMY4vQBS6XttnCUF8Hvks4XNBQ5qiSGGBQe	171	1	170	1	\N
129	1	171	1	314	0	2mzbV7WevxLuchs2dAMY4vQBS6XttnCUF8Hvks4XNBQ5qiSGGBQe	172	1	171	1	\N
193	1	172	1	183	0	2mzbV7WevxLuchs2dAMY4vQBS6XttnCUF8Hvks4XNBQ5qiSGGBQe	173	1	172	1	\N
174	1	173	1	486	0	2mzbV7WevxLuchs2dAMY4vQBS6XttnCUF8Hvks4XNBQ5qiSGGBQe	174	1	173	1	\N
57	1	174	1	178	0	2mzbV7WevxLuchs2dAMY4vQBS6XttnCUF8Hvks4XNBQ5qiSGGBQe	175	1	174	1	\N
224	1	175	1	65	0	2mzbV7WevxLuchs2dAMY4vQBS6XttnCUF8Hvks4XNBQ5qiSGGBQe	176	1	175	1	\N
232	1	176	1	277	0	2mzbV7WevxLuchs2dAMY4vQBS6XttnCUF8Hvks4XNBQ5qiSGGBQe	177	1	176	1	\N
119	1	177	1	433	0	2mzbV7WevxLuchs2dAMY4vQBS6XttnCUF8Hvks4XNBQ5qiSGGBQe	178	1	177	1	\N
55	1	178	1	100	0	2mzbV7WevxLuchs2dAMY4vQBS6XttnCUF8Hvks4XNBQ5qiSGGBQe	179	1	178	1	\N
169	1	179	1	272	0	2mzbV7WevxLuchs2dAMY4vQBS6XttnCUF8Hvks4XNBQ5qiSGGBQe	180	1	179	1	\N
125	1	180	1	10	0	2mzbV7WevxLuchs2dAMY4vQBS6XttnCUF8Hvks4XNBQ5qiSGGBQe	181	1	180	1	\N
45	1	181	1	212	0	2mzbV7WevxLuchs2dAMY4vQBS6XttnCUF8Hvks4XNBQ5qiSGGBQe	182	1	181	1	\N
60	1	182	1	151	0	2mzbV7WevxLuchs2dAMY4vQBS6XttnCUF8Hvks4XNBQ5qiSGGBQe	183	1	182	1	\N
99	1	183	1	387	0	2mzbV7WevxLuchs2dAMY4vQBS6XttnCUF8Hvks4XNBQ5qiSGGBQe	184	1	183	1	\N
179	1	184	1	158	0	2mzbV7WevxLuchs2dAMY4vQBS6XttnCUF8Hvks4XNBQ5qiSGGBQe	185	1	184	1	\N
49	1	185	1	440	0	2mzbV7WevxLuchs2dAMY4vQBS6XttnCUF8Hvks4XNBQ5qiSGGBQe	186	1	185	1	\N
230	1	186	1	438	0	2mzbV7WevxLuchs2dAMY4vQBS6XttnCUF8Hvks4XNBQ5qiSGGBQe	187	1	186	1	\N
131	1	187	1	500	0	2mzbV7WevxLuchs2dAMY4vQBS6XttnCUF8Hvks4XNBQ5qiSGGBQe	188	1	187	1	\N
0	1	188	1	1000	0	2mzbV7WevxLuchs2dAMY4vQBS6XttnCUF8Hvks4XNBQ5qiSGGBQe	1	1	188	1	\N
186	1	189	1	290	0	2mzbV7WevxLuchs2dAMY4vQBS6XttnCUF8Hvks4XNBQ5qiSGGBQe	189	1	189	1	\N
198	1	190	1	417	0	2mzbV7WevxLuchs2dAMY4vQBS6XttnCUF8Hvks4XNBQ5qiSGGBQe	190	1	190	1	\N
202	1	191	1	375	0	2mzbV7WevxLuchs2dAMY4vQBS6XttnCUF8Hvks4XNBQ5qiSGGBQe	191	1	191	1	\N
22	1	192	1	178	0	2mzbV7WevxLuchs2dAMY4vQBS6XttnCUF8Hvks4XNBQ5qiSGGBQe	192	1	192	1	\N
102	1	193	1	59	0	2mzbV7WevxLuchs2dAMY4vQBS6XttnCUF8Hvks4XNBQ5qiSGGBQe	193	1	193	1	\N
124	1	194	1	95	0	2mzbV7WevxLuchs2dAMY4vQBS6XttnCUF8Hvks4XNBQ5qiSGGBQe	194	1	194	1	\N
200	1	195	1	394	0	2mzbV7WevxLuchs2dAMY4vQBS6XttnCUF8Hvks4XNBQ5qiSGGBQe	195	1	195	1	\N
54	1	196	1	500	0	2mzbV7WevxLuchs2dAMY4vQBS6XttnCUF8Hvks4XNBQ5qiSGGBQe	196	1	196	1	\N
225	1	197	1	256	0	2mzbV7WevxLuchs2dAMY4vQBS6XttnCUF8Hvks4XNBQ5qiSGGBQe	197	1	197	1	\N
134	1	198	1	128	0	2mzbV7WevxLuchs2dAMY4vQBS6XttnCUF8Hvks4XNBQ5qiSGGBQe	198	1	198	1	\N
97	1	199	1	199	0	2mzbV7WevxLuchs2dAMY4vQBS6XttnCUF8Hvks4XNBQ5qiSGGBQe	199	1	199	1	\N
84	1	200	1	22	0	2mzbV7WevxLuchs2dAMY4vQBS6XttnCUF8Hvks4XNBQ5qiSGGBQe	200	1	200	1	\N
161	1	201	1	276	0	2mzbV7WevxLuchs2dAMY4vQBS6XttnCUF8Hvks4XNBQ5qiSGGBQe	201	1	201	1	\N
228	1	202	1	451	0	2mzbV7WevxLuchs2dAMY4vQBS6XttnCUF8Hvks4XNBQ5qiSGGBQe	202	1	202	1	\N
238	1	203	1	133	0	2mzbV7WevxLuchs2dAMY4vQBS6XttnCUF8Hvks4XNBQ5qiSGGBQe	203	1	203	1	\N
65	1	204	1	460	0	2mzbV7WevxLuchs2dAMY4vQBS6XttnCUF8Hvks4XNBQ5qiSGGBQe	204	1	204	1	\N
219	1	205	1	500	0	2mzbV7WevxLuchs2dAMY4vQBS6XttnCUF8Hvks4XNBQ5qiSGGBQe	205	1	205	1	\N
56	1	206	1	489	0	2mzbV7WevxLuchs2dAMY4vQBS6XttnCUF8Hvks4XNBQ5qiSGGBQe	206	1	206	1	\N
163	1	207	1	190	0	2mzbV7WevxLuchs2dAMY4vQBS6XttnCUF8Hvks4XNBQ5qiSGGBQe	207	1	207	1	\N
192	1	208	1	221	0	2mzbV7WevxLuchs2dAMY4vQBS6XttnCUF8Hvks4XNBQ5qiSGGBQe	208	1	208	1	\N
143	1	209	1	464	0	2mzbV7WevxLuchs2dAMY4vQBS6XttnCUF8Hvks4XNBQ5qiSGGBQe	209	1	209	1	\N
61	1	210	1	10	0	2mzbV7WevxLuchs2dAMY4vQBS6XttnCUF8Hvks4XNBQ5qiSGGBQe	210	1	210	1	\N
136	1	211	1	500	0	2mzbV7WevxLuchs2dAMY4vQBS6XttnCUF8Hvks4XNBQ5qiSGGBQe	211	1	211	1	\N
71	1	212	1	353	0	2mzbV7WevxLuchs2dAMY4vQBS6XttnCUF8Hvks4XNBQ5qiSGGBQe	212	1	212	1	\N
145	1	213	1	396	0	2mzbV7WevxLuchs2dAMY4vQBS6XttnCUF8Hvks4XNBQ5qiSGGBQe	213	1	213	1	\N
106	1	214	1	417	0	2mzbV7WevxLuchs2dAMY4vQBS6XttnCUF8Hvks4XNBQ5qiSGGBQe	214	1	214	1	\N
138	1	215	1	46	0	2mzbV7WevxLuchs2dAMY4vQBS6XttnCUF8Hvks4XNBQ5qiSGGBQe	215	1	215	1	\N
158	1	216	1	305	0	2mzbV7WevxLuchs2dAMY4vQBS6XttnCUF8Hvks4XNBQ5qiSGGBQe	216	1	216	1	\N
123	1	217	1	337	0	2mzbV7WevxLuchs2dAMY4vQBS6XttnCUF8Hvks4XNBQ5qiSGGBQe	217	1	217	1	\N
25	1	218	1	444	0	2mzbV7WevxLuchs2dAMY4vQBS6XttnCUF8Hvks4XNBQ5qiSGGBQe	218	1	218	1	\N
240	1	219	1	479	0	2mzbV7WevxLuchs2dAMY4vQBS6XttnCUF8Hvks4XNBQ5qiSGGBQe	219	1	219	1	\N
211	1	220	1	344	0	2mzbV7WevxLuchs2dAMY4vQBS6XttnCUF8Hvks4XNBQ5qiSGGBQe	220	1	220	1	\N
241	1	221	1	113	0	2mzbV7WevxLuchs2dAMY4vQBS6XttnCUF8Hvks4XNBQ5qiSGGBQe	221	1	221	1	\N
197	1	222	1	236	0	2mzbV7WevxLuchs2dAMY4vQBS6XttnCUF8Hvks4XNBQ5qiSGGBQe	222	1	222	1	\N
170	1	223	1	480	0	2mzbV7WevxLuchs2dAMY4vQBS6XttnCUF8Hvks4XNBQ5qiSGGBQe	223	1	223	1	\N
31	1	224	1	160	0	2mzbV7WevxLuchs2dAMY4vQBS6XttnCUF8Hvks4XNBQ5qiSGGBQe	224	1	224	1	\N
160	1	225	1	318	0	2mzbV7WevxLuchs2dAMY4vQBS6XttnCUF8Hvks4XNBQ5qiSGGBQe	225	1	225	1	\N
21	1	226	1	214	0	2mzbV7WevxLuchs2dAMY4vQBS6XttnCUF8Hvks4XNBQ5qiSGGBQe	226	1	226	1	\N
67	1	227	1	163	0	2mzbV7WevxLuchs2dAMY4vQBS6XttnCUF8Hvks4XNBQ5qiSGGBQe	227	1	227	1	\N
66	1	228	1	500	0	2mzbV7WevxLuchs2dAMY4vQBS6XttnCUF8Hvks4XNBQ5qiSGGBQe	228	1	228	1	\N
108	1	229	1	366	0	2mzbV7WevxLuchs2dAMY4vQBS6XttnCUF8Hvks4XNBQ5qiSGGBQe	229	1	229	1	\N
86	1	230	1	320	0	2mzbV7WevxLuchs2dAMY4vQBS6XttnCUF8Hvks4XNBQ5qiSGGBQe	230	1	230	1	\N
237	1	231	1	407	0	2mzbV7WevxLuchs2dAMY4vQBS6XttnCUF8Hvks4XNBQ5qiSGGBQe	231	1	231	1	\N
74	1	232	1	204	0	2mzbV7WevxLuchs2dAMY4vQBS6XttnCUF8Hvks4XNBQ5qiSGGBQe	232	1	232	1	\N
73	1	233	1	341	0	2mzbV7WevxLuchs2dAMY4vQBS6XttnCUF8Hvks4XNBQ5qiSGGBQe	233	1	233	1	\N
217	1	234	1	18	0	2mzbV7WevxLuchs2dAMY4vQBS6XttnCUF8Hvks4XNBQ5qiSGGBQe	234	1	234	1	\N
36	1	235	1	229	0	2mzbV7WevxLuchs2dAMY4vQBS6XttnCUF8Hvks4XNBQ5qiSGGBQe	235	1	235	1	\N
172	1	236	1	477	0	2mzbV7WevxLuchs2dAMY4vQBS6XttnCUF8Hvks4XNBQ5qiSGGBQe	236	1	236	1	\N
53	1	237	1	94	0	2mzbV7WevxLuchs2dAMY4vQBS6XttnCUF8Hvks4XNBQ5qiSGGBQe	237	1	237	1	\N
235	1	238	1	126	0	2mzbV7WevxLuchs2dAMY4vQBS6XttnCUF8Hvks4XNBQ5qiSGGBQe	238	1	238	1	\N
113	1	239	1	112	0	2mzbV7WevxLuchs2dAMY4vQBS6XttnCUF8Hvks4XNBQ5qiSGGBQe	239	1	239	1	\N
223	1	240	1	387	0	2mzbV7WevxLuchs2dAMY4vQBS6XttnCUF8Hvks4XNBQ5qiSGGBQe	240	1	240	1	\N
209	1	241	1	265	0	2mzbV7WevxLuchs2dAMY4vQBS6XttnCUF8Hvks4XNBQ5qiSGGBQe	241	1	241	1	\N
11	1	242	1	269	0	2mzbV7WevxLuchs2dAMY4vQBS6XttnCUF8Hvks4XNBQ5qiSGGBQe	242	1	242	1	\N
5	2	19	1	720000000000	0	2mzbV7WevxLuchs2dAMY4vQBS6XttnCUF8Hvks4XNBQ5qiSGGBQe	20	1	19	1	\N
5	3	19	1	1460750000000	0	2mzbV7WevxLuchs2dAMY4vQBS6XttnCUF8Hvks4XNBQ5qiSGGBQe	20	1	19	1	\N
4	3	146	1	11549980000000000	4	2n1uHKp87JnA3cuWxsN2vQrF4LVtX1ZVXu1puMNrtjjuLSVFhHkS	20	1	146	1	\N
3	3	152	1	499250000000	3	2n1qUhULiwCKZKmuB7Cbup7n38JMDSi6AULsLVsSL9dx28BLF1cJ	45	1	152	1	\N
4	4	146	1	11549940000000000	12	2n1YBXa1jsk8j7PUwEtNXVsnD9nXRJbRg1awRuN5LrZpJYb2iByJ	20	1	146	1	\N
3	4	152	1	1259250000000	7	2n1mzDXL8rn9eg2wLQ5aP4HmxXJ49DYF2oLC6oU5DpzNmezMhMNZ	45	1	152	1	\N
5	5	19	1	2221750000000	0	2mzbV7WevxLuchs2dAMY4vQBS6XttnCUF8Hvks4XNBQ5qiSGGBQe	20	1	19	1	\N
4	5	146	1	11549900000000000	20	2n25JN7dzTGoMuNbuUF35HGKUPq9cRPwzUxe5Po27bXpmiSFuDqt	20	1	146	1	\N
3	5	152	1	1258250000000	11	2mzdBqBAN9uLWR5EiSSDwJV8vMWPNvp5auikRfpZWmhN2mqYiJV2	45	1	152	1	\N
7	6	93	1	761000000000	0	2mzbV7WevxLuchs2dAMY4vQBS6XttnCUF8Hvks4XNBQ5qiSGGBQe	61	1	93	1	\N
4	6	146	1	11549900000000000	20	2n25JN7dzTGoMuNbuUF35HGKUPq9cRPwzUxe5Po27bXpmiSFuDqt	20	1	146	1	\N
3	6	152	1	1258250000000	11	2mzdBqBAN9uLWR5EiSSDwJV8vMWPNvp5auikRfpZWmhN2mqYiJV2	45	1	152	1	\N
5	7	19	1	2977750000000	0	2mzbV7WevxLuchs2dAMY4vQBS6XttnCUF8Hvks4XNBQ5qiSGGBQe	20	1	19	1	\N
4	7	146	1	11549865000000000	27	2n1Zs9M7vnbykjUkCWM2ieZd28JTpTFimbSimT9XLdZUd4hNGfMT	20	1	146	1	\N
3	7	152	1	1257250000000	15	2n29qWcxauDs2LJ1BsZ3eEh8Yp1Uq9QqxRDcgrZVhFfh2yX7oSmt	45	1	152	1	\N
5	8	19	1	3738750000000	0	2mzbV7WevxLuchs2dAMY4vQBS6XttnCUF8Hvks4XNBQ5qiSGGBQe	20	1	19	1	\N
4	8	146	1	11549825000000000	35	2n1bLh7Xus9GwnvgK76A8s59dP8Dmzp71fAVi9faBmcu5DiMWJmR	20	1	146	1	\N
3	8	152	1	1256250000000	19	2n1ruLCbpkWmH1jdV6wa7iNqKLn1AXE2oC1MZ7jwGkPKJsRbLRmU	45	1	152	1	\N
7	9	93	1	760750000000	0	2mzbV7WevxLuchs2dAMY4vQBS6XttnCUF8Hvks4XNBQ5qiSGGBQe	61	1	93	1	\N
4	9	146	1	11549785000000000	43	2mzsFGBKPuNLzi2paBET9fj1ifxf2FhA5QPy2mLHay9K6ZiEoAJt	20	1	146	1	\N
3	9	152	1	1255500000000	22	2n1kyAQWRZd7htcSEZWNyWpXu8FjWRvWcmJHv9NNp7uJa7osqTVx	45	1	152	1	\N
7	10	93	1	1521750000000	0	2mzbV7WevxLuchs2dAMY4vQBS6XttnCUF8Hvks4XNBQ5qiSGGBQe	61	1	93	1	\N
4	10	146	1	11549745000000000	51	2n2P1HNoLvxJKA7oXyKmELQtu2p6eeBCXSaSjcASssAGjKYCdeCq	20	1	146	1	\N
3	10	152	1	1254500000000	26	2n1WK8PFsoP9X4Xz3TaHjQwqutV2e6ibWsQZKRbnVW8v82Nnr1eC	45	1	152	1	\N
5	11	19	1	4499750000000	0	2mzbV7WevxLuchs2dAMY4vQBS6XttnCUF8Hvks4XNBQ5qiSGGBQe	20	1	19	1	\N
4	11	146	1	11549745000000000	51	2n2P1HNoLvxJKA7oXyKmELQtu2p6eeBCXSaSjcASssAGjKYCdeCq	20	1	146	1	\N
3	11	152	1	1254500000000	26	2n1WK8PFsoP9X4Xz3TaHjQwqutV2e6ibWsQZKRbnVW8v82Nnr1eC	45	1	152	1	\N
5	12	19	1	5296750000000	0	2mzbV7WevxLuchs2dAMY4vQBS6XttnCUF8Hvks4XNBQ5qiSGGBQe	20	1	19	1	\N
4	12	146	1	11549670000000000	66	2mzkx2mgAxhv6a5QLieV6X9hNhHR4gJWmCixyttDAfJTkNVWtHzC	20	1	146	1	\N
3	12	152	1	1252500000000	34	2n2SmaUfPA7rzkUR5WCiRzw2Xbff9LkKcN1fBhx4ox755gRpVSHV	45	1	152	1	\N
7	13	93	1	1557750000000	0	2mzbV7WevxLuchs2dAMY4vQBS6XttnCUF8Hvks4XNBQ5qiSGGBQe	61	1	93	1	\N
4	13	146	1	11549670000000000	66	2mzkx2mgAxhv6a5QLieV6X9hNhHR4gJWmCixyttDAfJTkNVWtHzC	20	1	146	1	\N
3	13	152	1	1252500000000	34	2n2SmaUfPA7rzkUR5WCiRzw2Xbff9LkKcN1fBhx4ox755gRpVSHV	45	1	152	1	\N
5	14	19	1	5260750000000	0	2mzbV7WevxLuchs2dAMY4vQBS6XttnCUF8Hvks4XNBQ5qiSGGBQe	20	1	19	1	\N
4	14	146	1	11549630000000000	74	2mzzsSTrYruxd5rzApXaMnqPgeAc9XHVGiUBZxT1KCqznJS4xGLE	20	1	146	1	\N
3	14	152	1	1251500000000	38	2mzzw9ap1Exx58fFbeny7cwLEfmS6tuqctKPSo5uTwaWioV6B7hU	45	1	152	1	\N
7	15	93	1	2318750000000	0	2mzbV7WevxLuchs2dAMY4vQBS6XttnCUF8Hvks4XNBQ5qiSGGBQe	61	1	93	1	\N
4	15	146	1	11549630000000000	74	2mzzsSTrYruxd5rzApXaMnqPgeAc9XHVGiUBZxT1KCqznJS4xGLE	20	1	146	1	\N
3	15	152	1	1251500000000	38	2mzzw9ap1Exx58fFbeny7cwLEfmS6tuqctKPSo5uTwaWioV6B7hU	45	1	152	1	\N
5	16	19	1	5260750000000	0	2mzbV7WevxLuchs2dAMY4vQBS6XttnCUF8Hvks4XNBQ5qiSGGBQe	20	1	19	1	\N
4	16	146	1	11549590000000000	82	2n1kCinXuMS1wkndzmRJLXVzzU7EiftL8Ahe5MoAMauVLUSRN4mH	20	1	146	1	\N
3	16	152	1	1250500000000	42	2mzvGewbArz8H1qQpkP8PVdQa84zuMkN6vTMfdVwnnaz4bTiqmfx	45	1	152	1	\N
5	17	19	1	6062750000000	0	2mzbV7WevxLuchs2dAMY4vQBS6XttnCUF8Hvks4XNBQ5qiSGGBQe	20	1	19	1	\N
4	17	146	1	11549510000000000	98	2mzZ9eVGr7AYGWzYYHW8pVmEfvHBb9fjDnJjkVPTeKyWwzuEm6Ze	20	1	146	1	\N
3	17	152	1	1248500000000	50	2n2GmQpcPdphFCGP2WsB2ZjBTGGPTZFLakSbPbGpCRxFGKKEkQJf	45	1	152	1	\N
5	19	19	1	7707750000000	0	2mzbV7WevxLuchs2dAMY4vQBS6XttnCUF8Hvks4XNBQ5qiSGGBQe	20	1	19	1	\N
4	19	146	1	11549310000000000	138	2n1ihM2oQkhGGmSnRaSA8ra5UVN5L1LcxTL3WpEAUgCMChtCbtKW	20	1	146	1	\N
3	19	152	1	1243500000000	70	2mzwsLBa721iuP4p84fbcKqNZwNVX6jmD3a6YbA4wM9PrxVjytvG	45	1	152	1	\N
5	18	19	1	6906750000000	0	2mzbV7WevxLuchs2dAMY4vQBS6XttnCUF8Hvks4XNBQ5qiSGGBQe	20	1	19	1	\N
4	18	146	1	11549390000000000	122	2mzrQn2X53NGBMG7WDtVYco5cLYKto9maA4D8a9hmFwbivQnPYSP	20	1	146	1	\N
3	18	152	1	1244500000000	66	2n28ZAYwFW3uSdtR94GYMkgPj55D3Km9oGRAM1dsyXpPGhZfz5BM	45	1	152	1	\N
7	20	93	1	3119750000000	0	2mzbV7WevxLuchs2dAMY4vQBS6XttnCUF8Hvks4XNBQ5qiSGGBQe	61	1	93	1	\N
4	20	146	1	11549310000000000	138	2n1ihM2oQkhGGmSnRaSA8ra5UVN5L1LcxTL3WpEAUgCMChtCbtKW	20	1	146	1	\N
3	20	152	1	1243500000000	70	2mzwsLBa721iuP4p84fbcKqNZwNVX6jmD3a6YbA4wM9PrxVjytvG	45	1	152	1	\N
\.


--
-- Data for Name: accounts_created; Type: TABLE DATA; Schema: public; Owner: postgres
--

COPY public.accounts_created (block_id, account_identifier_id, creation_fee) FROM stdin;
\.


--
-- Data for Name: blocks; Type: TABLE DATA; Schema: public; Owner: postgres
--

COPY public.blocks (id, state_hash, parent_id, parent_hash, creator_id, block_winner_id, last_vrf_output, snarked_ledger_hash_id, staking_epoch_data_id, next_epoch_data_id, min_window_density, sub_window_densities, total_currency, ledger_hash, height, global_slot_since_hard_fork, global_slot_since_genesis, protocol_version_id, proposed_protocol_version_id, "timestamp", chain_status) FROM stdin;
18	3NLLGzAJUVhuEF1MRCzYZAh3GMLhkv5G7nAtuFM46LNfdyx1yN7N	17	3NLZ2ppBvVAUEeyudcdJtBxrEF8ndMwAEPmFpyWMrwpM5t5WUxbj	20	148	nLaU-dKpW4Hczh3s3F-QpqnvBiYRxkSM8lsppgpWEQI=	1	1	19	77	{1,7,5,1,7,7,7,7,7,7,7}	23166005000061388	jxgcV1NsouGvKKoiK6YxM1eynZQwGGwRXxwFpZn6o6U5Y1R3Wo6	14	24	24	1	\N	1738429582000	orphaned
20	3NLQnFkstudDCgF77e9XxCc5Ehg7YcmeHshJHqV5hgFmMExa3Kxx	18	3NLLGzAJUVhuEF1MRCzYZAh3GMLhkv5G7nAtuFM46LNfdyx1yN7N	61	60	9xX28mSKimZuV8_9yp2moYuyMLELG2ohFB3SjddZCgE=	1	1	21	77	{1,7,5,2,7,7,7,7,7,7,7}	23166005000061388	jxCtcH8SDY4D5xqbDC58kMEC3gi6jPdq1KWkQxGpcVyD2fD3TQk	15	25	25	1	\N	1738429612000	canonical
6	3NLBvyuP6dduhcAteSAU7RZdKniDqSoEpvkrqdz5YDfRxyhUnxcQ	4	3NKhaLFLjuSeb6YkczMnA5Vxb8R7JY9xRUdwUQNeF8YhHZLe27da	61	60	cXFBp-tsX76_OeKcYrb_otSeGagCnkKa_mphBdw-jgA=	1	1	7	77	{1,4,7,7,7,7,7,7,7,7,7}	23166005000061388	jwU3FyJpN4G2neshmDGbLDsWckd47uurRBv9yNi4CbZtznTJ64j	5	10	10	1	\N	1738429162000	orphaned
10	3NKcwwpdrRBpHu6snte4dPzPD51JpLmPtCyGpvvVxXCSosDgLPgj	9	3NKskYWgjByx9rP82FaKuVjG8Emise5nYtYv7e38DRnpAJuNyGND	61	60	CmgHSdVzHLuK8_0oT9sg9mcPnSNUVykrrrxpu8JTiAQ=	1	1	11	77	{1,7,1,7,7,7,7,7,7,7,7}	23166005000061388	jwsFtKUpTh1dfd6deC4RNnixtiRfDdftnMK4oEmGapkxdXxGSd8	9	14	14	1	\N	1738429282000	orphaned
12	3NKGCy7iznsrtdrLzhj5Ln3gUhRQuiQdy1SgBCLkuN7ULqqEjoFg	11	3NLWEPrNC7YSSWahc2xgveUNDopfgDc3Jq2exocMmb3WUvCDVEMs	20	148	F6PQ69TdX9MNnwoWLhD9mkkliqDFjqmr5RFIFGVPdw8=	1	1	13	77	{1,7,2,7,7,7,7,7,7,7,7}	23166005000061388	jwefZhWSRC6T9TbbHz2UBCRZmhVTjok6JpDRXLCK8QcbXfzQwfT	10	16	16	1	\N	1738429342000	orphaned
14	3NKTwuMQVyVfWxokQGjmWJQZVRkF8XBZ86Wt8YW8xNNRff2q8e5F	13	3NLs7t7VJSd7bhKWEjmoCVZGoRnS1ywMn3ToNvbB8bW3Fxfesc3u	20	148	8vkpP9drep0fJAWAerXfaMrHK1fNoRgTmxVL5tHNrgA=	1	1	15	77	{1,7,3,7,7,7,7,7,7,7,7}	23166005000061388	jxD73E3wPWBUWHMWvraUi96BW3YxV6VQy2PGPK3udV8mvkQ3uhV	11	17	17	1	\N	1738429372000	orphaned
16	3NLoGXNBah5RHRjreVGKHfmgETm4DxMUmhR54SaVgJwchN2Ltn2s	15	3NL8rWmvTZZhMZJvhSJxCZN2Faem2QjxYrGpbb7nvV6WvsuetE8i	20	148	1b11oKydfPS7P8rqUfd7hrMiTJ2SLRs6ASFnOlasIgc=	1	1	17	77	{1,7,4,7,7,7,7,7,7,7,7}	23166005000061388	jxhiC2yS84LQGZyJGNAfGx5bY5K3L2q7akdd7nyY58VxyNecaNs	12	18	18	1	\N	1738429402000	canonical
15	3NL8rWmvTZZhMZJvhSJxCZN2Faem2QjxYrGpbb7nvV6WvsuetE8i	13	3NLs7t7VJSd7bhKWEjmoCVZGoRnS1ywMn3ToNvbB8bW3Fxfesc3u	61	60	lNZwjm467gFj1WM_gHGfJ2tu530qfXSlhLN0RMOhcQ0=	1	1	16	77	{1,7,3,7,7,7,7,7,7,7,7}	23166005000061388	jx67YJwZ5EPa2hoYSEKArzc5h5b46qJ1fzh6umtwYQ9qcUPYezW	11	17	17	1	\N	1738429372000	canonical
13	3NLs7t7VJSd7bhKWEjmoCVZGoRnS1ywMn3ToNvbB8bW3Fxfesc3u	11	3NLWEPrNC7YSSWahc2xgveUNDopfgDc3Jq2exocMmb3WUvCDVEMs	61	60	dEe85ihk4sLUhXsnWPOMqg-oVwJfXDz3Jlb5C_LEqA4=	1	1	14	77	{1,7,2,7,7,7,7,7,7,7,7}	23166005000061388	jxrrQi5mtPrmN2tXf2YThssAZSpwmefh3wRYUffeicruC7LNnJr	10	16	16	1	\N	1738429342000	canonical
11	3NLWEPrNC7YSSWahc2xgveUNDopfgDc3Jq2exocMmb3WUvCDVEMs	9	3NKskYWgjByx9rP82FaKuVjG8Emise5nYtYv7e38DRnpAJuNyGND	20	148	Lfq_pdYQp-TjoQp_ZABWK2Q3G-smHnAFEkDc73lJawk=	1	1	12	77	{1,7,1,7,7,7,7,7,7,7,7}	23166005000061388	jwXiairJRQsWk3eMwr3bazkACjt9YLktii42yeaGDd8uus41NBH	9	14	14	1	\N	1738429282000	canonical
9	3NKskYWgjByx9rP82FaKuVjG8Emise5nYtYv7e38DRnpAJuNyGND	8	3NKTqmZdj9FQYAwTRiBvMLJopoSASqzBgmr8VY9SnzBHAwfQrt1P	61	60	tpPqYvLTDi2ghqN6bcSNid6QYjka3z4_ci8zDErsGwE=	1	1	10	77	{1,7,7,7,7,7,7,7,7,7,7}	23166005000061388	jx9rmW9xxtvXDhXAXnVFxQqrBtdLBBwTrWP7mQmEq13jNqWPEgR	8	13	13	1	\N	1738429252000	canonical
8	3NKTqmZdj9FQYAwTRiBvMLJopoSASqzBgmr8VY9SnzBHAwfQrt1P	7	3NLHqgQBYto6mK8RNcNmfgmiDvEiJZ6CvgoVegHVSKEWt3KjVdaG	20	148	unjCc0oQClEm6BoFIN2PVTDblHSNrwYA71KM7h8ZBQA=	1	1	9	77	{1,6,7,7,7,7,7,7,7,7,7}	23166005000061388	jwUvDUdE9MVU4HBZuqCM6GwxTwpMdFT9XTmdpqxrZxxmcq4mfKW	7	12	12	1	\N	1738429222000	canonical
7	3NLHqgQBYto6mK8RNcNmfgmiDvEiJZ6CvgoVegHVSKEWt3KjVdaG	5	3NKK65BGuxJ1fjpswWCWV3HEFAKJ7Z68kosB4Zo3c84PiHdb5ED3	20	148	-BsinwKW_XZzjLdinvLqlt8Gdew4YW8hBJBILl8Heg8=	1	1	8	77	{1,5,7,7,7,7,7,7,7,7,7}	23166005000061388	jxF3MWeAGesFFnG1Qq9jZTZZfSE6X4F5Mxg61zgRA63xCBxzuMQ	6	11	11	1	\N	1738429192000	canonical
5	3NKK65BGuxJ1fjpswWCWV3HEFAKJ7Z68kosB4Zo3c84PiHdb5ED3	4	3NKhaLFLjuSeb6YkczMnA5Vxb8R7JY9xRUdwUQNeF8YhHZLe27da	20	148	N2jbHJFGAegfFcjb2GHbj7zuYQElEePNGdLJwvvUxwI=	1	1	6	77	{1,4,7,7,7,7,7,7,7,7,7}	23166005000061388	jwXAtbSwFE1SDjmUv6t25u3oZYR9Kr1Xd6d8tzvxwSgoZKMvpRf	5	10	10	1	\N	1738429162000	canonical
4	3NKhaLFLjuSeb6YkczMnA5Vxb8R7JY9xRUdwUQNeF8YhHZLe27da	3	3NLK5awwNi6nTRk1tzgF6JNFNpQu5V2mukBEPZbpUAr4FH978d3S	45	44	AH8_CIG6HTSaSUfUL_0O97_pNaClvRktfZKDsTDLGwA=	1	1	5	77	{1,3,7,7,7,7,7,7,7,7,7}	23166005000061388	jwQhCMydeQEhysHvJJXapNnkncdi7C2SqZ9uziDG6fbWryWzj5o	4	9	9	1	\N	1738429132000	canonical
3	3NLK5awwNi6nTRk1tzgF6JNFNpQu5V2mukBEPZbpUAr4FH978d3S	2	3NKUkpWfjSm959P3ahWF4ueUGsgEhb5Fk4VGQXTyYPv1fDuTWM3k	20	148	JIQ3rXNbOhtfJi2Oz0l8XwSJ-aeqbr0Mm_xcEo1QBwo=	1	1	4	77	{1,2,7,7,7,7,7,7,7,7,7}	23166005000061388	jxF2iDRxQkJN8Dv2eNHGaS4Mv8XkNoVUPcLtHyKzEqdYYdRin1y	3	8	8	1	\N	1738429102000	canonical
2	3NKUkpWfjSm959P3ahWF4ueUGsgEhb5Fk4VGQXTyYPv1fDuTWM3k	1	3NKJ73fsDFTvF6yTevBq7hBW5EC2VMn7CMkTavCMarA4BzHc54C5	20	148	q0eNqZfb1SNcxhjPKIfiHEcCrTQ67a9ozBbFQojqcQs=	1	1	3	77	{1,1,7,7,7,7,7,7,7,7,7}	23166005000061388	jxyvEwojFv9SRC1JX7SLc3ce2wSVywmnuZE434zjQadisAdmwRm	2	7	7	1	\N	1738429076731	canonical
1	3NKJ73fsDFTvF6yTevBq7hBW5EC2VMn7CMkTavCMarA4BzHc54C5	\N	3NL8ntQoBhYZ5u4nJYqt4MwTozCkPnrBUeo7gPDb5B33ur42iKYf	1	1	39cyg4ZmMtnb_aFUIerNAoAJV8qtkfOpq0zFzPspjgM=	1	1	2	77	{1,7,7,7,7,7,7,7,7,7,7}	23166005000061388	jxeU8vnzSQvUMzmiQeJHZWpQ61CfyB3aKfiSJLBxzNEDN1AeZ1t	1	0	0	1	\N	1738428862000	canonical
19	3NKfhihBLw6pazDctpkkh1BkkHFsjpLPBhaA1KJdRJpfymWtDvtW	18	3NLLGzAJUVhuEF1MRCzYZAh3GMLhkv5G7nAtuFM46LNfdyx1yN7N	20	148	Od5_uxIJR7_hRbYk6iIuCnMkPKDpdke-0C_6XivixQk=	1	1	20	77	{1,7,5,2,7,7,7,7,7,7,7}	23166005000061388	jxRBhsWDHBDvbunt5ReQGaPoui9J8x35hFatgjH681u8aPjpPjb	15	25	25	1	\N	1738429612000	orphaned
17	3NLZ2ppBvVAUEeyudcdJtBxrEF8ndMwAEPmFpyWMrwpM5t5WUxbj	16	3NLoGXNBah5RHRjreVGKHfmgETm4DxMUmhR54SaVgJwchN2Ltn2s	20	148	LZUgbbbdbzJdzgTKGxu4jEaql-yvZY5lMP5LBEtRbwU=	1	1	18	77	{1,7,5,7,7,7,7,7,7,7,7}	23166005000061388	jxmk8NsyCNuJ1Nk5dx9ZkiFPFhS5Lkn6XpqbXPp3jGzB7GgE56H	13	20	20	1	\N	1738429462000	canonical
\.


--
-- Data for Name: blocks_internal_commands; Type: TABLE DATA; Schema: public; Owner: postgres
--

COPY public.blocks_internal_commands (block_id, internal_command_id, sequence_no, secondary_sequence_no, status, failure_reason) FROM stdin;
2	1	0	0	applied	\N
3	1	7	0	applied	\N
3	2	8	0	applied	\N
4	3	12	0	applied	\N
4	4	13	0	applied	\N
5	1	12	0	applied	\N
5	5	13	0	applied	\N
6	6	12	0	applied	\N
6	7	13	0	applied	\N
7	1	11	0	applied	\N
7	8	12	0	applied	\N
8	1	12	0	applied	\N
8	5	13	0	applied	\N
9	6	11	0	applied	\N
9	9	12	0	applied	\N
10	6	12	0	applied	\N
10	7	13	0	applied	\N
11	1	12	0	applied	\N
11	5	13	0	applied	\N
12	1	23	0	applied	\N
12	10	24	0	applied	\N
13	6	23	0	applied	\N
13	11	24	0	applied	\N
14	12	10	0	applied	\N
14	1	13	0	applied	\N
14	13	14	0	applied	\N
15	14	10	0	applied	\N
15	6	13	0	applied	\N
15	15	14	0	applied	\N
16	1	12	0	applied	\N
16	5	13	0	applied	\N
17	1	24	0	applied	\N
17	16	25	0	applied	\N
18	1	40	0	applied	\N
18	17	41	0	applied	\N
19	1	20	0	applied	\N
19	18	21	0	applied	\N
20	6	20	0	applied	\N
20	19	21	0	applied	\N
\.


--
-- Data for Name: blocks_user_commands; Type: TABLE DATA; Schema: public; Owner: postgres
--

COPY public.blocks_user_commands (block_id, user_command_id, sequence_no, status, failure_reason) FROM stdin;
3	1	4	applied	\N
3	2	5	applied	\N
3	3	6	applied	\N
4	4	8	applied	\N
4	5	9	applied	\N
4	6	10	applied	\N
4	7	11	applied	\N
5	8	8	applied	\N
5	9	9	applied	\N
5	10	10	applied	\N
5	11	11	applied	\N
6	8	8	applied	\N
6	9	9	applied	\N
6	10	10	applied	\N
6	11	11	applied	\N
7	12	7	applied	\N
7	13	8	applied	\N
7	14	9	applied	\N
7	15	10	applied	\N
8	16	8	applied	\N
8	17	9	applied	\N
8	18	10	applied	\N
8	19	11	applied	\N
9	20	8	applied	\N
9	21	9	applied	\N
9	22	10	applied	\N
10	23	8	applied	\N
10	24	9	applied	\N
10	25	10	applied	\N
10	26	11	applied	\N
11	23	8	applied	\N
11	24	9	applied	\N
11	25	10	applied	\N
11	26	11	applied	\N
12	27	15	applied	\N
12	28	16	applied	\N
12	29	17	applied	\N
12	30	18	applied	\N
12	31	19	applied	\N
12	32	20	applied	\N
12	33	21	applied	\N
12	34	22	applied	\N
13	27	15	applied	\N
13	28	16	applied	\N
13	29	17	applied	\N
13	30	18	applied	\N
13	31	19	applied	\N
13	32	20	applied	\N
13	33	21	applied	\N
13	34	22	applied	\N
14	35	8	applied	\N
14	36	9	applied	\N
14	37	11	applied	\N
14	38	12	applied	\N
15	35	8	applied	\N
15	36	9	applied	\N
15	37	11	applied	\N
15	38	12	applied	\N
16	39	8	applied	\N
16	40	9	applied	\N
16	41	10	applied	\N
16	42	11	applied	\N
17	43	16	applied	\N
17	44	17	applied	\N
17	45	18	applied	\N
17	46	19	applied	\N
17	47	20	applied	\N
17	48	21	applied	\N
17	49	22	applied	\N
17	50	23	applied	\N
18	51	24	applied	\N
18	52	25	applied	\N
18	53	26	applied	\N
18	54	27	applied	\N
18	55	28	applied	\N
18	56	29	applied	\N
18	57	30	applied	\N
18	58	31	applied	\N
18	59	32	applied	\N
18	60	33	applied	\N
18	61	34	applied	\N
18	62	35	applied	\N
18	63	36	applied	\N
18	64	37	applied	\N
18	65	38	applied	\N
18	66	39	applied	\N
19	67	16	applied	\N
19	68	17	applied	\N
19	69	18	applied	\N
19	70	19	applied	\N
20	67	16	applied	\N
20	68	17	applied	\N
20	69	18	applied	\N
20	70	19	applied	\N
\.


--
-- Data for Name: blocks_zkapp_commands; Type: TABLE DATA; Schema: public; Owner: postgres
--

COPY public.blocks_zkapp_commands (block_id, zkapp_command_id, sequence_no, status, failure_reasons_ids) FROM stdin;
3	1	0	failed	{1,2}
3	2	1	failed	{3,2}
3	3	2	failed	{4}
3	4	3	failed	{3,2}
4	5	0	failed	{4}
4	6	1	failed	{3,2}
4	7	2	failed	{4}
4	8	3	failed	{3,2}
4	9	4	failed	{4}
4	10	5	failed	{3,2}
4	11	6	failed	{4}
4	12	7	failed	{3,2}
5	13	0	failed	{4}
5	14	1	failed	{3,2}
5	15	2	failed	{4}
5	16	3	failed	{3,2}
5	17	4	failed	{4}
5	18	5	failed	{3,2}
5	19	6	failed	{4}
5	20	7	failed	{3,2}
6	13	0	failed	{4}
6	14	1	failed	{3,2}
6	15	2	failed	{4}
6	16	3	failed	{3,2}
6	17	4	failed	{4}
6	18	5	failed	{3,2}
6	19	6	failed	{4}
6	20	7	failed	{3,2}
7	21	0	failed	{4}
7	22	1	failed	{3,2}
7	23	2	failed	{4}
7	24	3	failed	{3,2}
7	25	4	failed	{4}
7	26	5	failed	{3,2}
7	27	6	failed	{4}
8	28	0	failed	{3,2}
8	29	1	failed	{4}
8	30	2	failed	{3,2}
8	31	3	failed	{4}
8	32	4	failed	{3,2}
8	33	5	failed	{4}
8	34	6	failed	{3,2}
8	35	7	failed	{4}
9	36	0	failed	{3,2}
9	37	1	failed	{4}
9	38	2	failed	{3,2}
9	39	3	failed	{4}
9	40	4	failed	{3,2}
9	41	5	failed	{4}
9	42	6	failed	{3,2}
9	43	7	failed	{4}
10	44	0	failed	{3,2}
10	45	1	failed	{4}
10	46	2	failed	{3,2}
10	47	3	failed	{4}
10	48	4	failed	{3,2}
10	49	5	failed	{4}
10	50	6	failed	{3,2}
10	51	7	failed	{4}
11	44	0	failed	{3,2}
11	45	1	failed	{4}
11	46	2	failed	{3,2}
11	47	3	failed	{4}
11	48	4	failed	{3,2}
11	49	5	failed	{4}
11	50	6	failed	{3,2}
11	51	7	failed	{4}
12	52	0	failed	{3,2}
12	53	1	failed	{4}
12	54	2	failed	{3,2}
12	55	3	failed	{4}
12	56	4	failed	{3,2}
12	57	5	failed	{4}
12	58	6	failed	{3,2}
12	59	7	failed	{4}
12	60	8	failed	{3,2}
12	61	9	failed	{4}
12	62	10	failed	{3,2}
12	63	11	failed	{4}
12	64	12	failed	{3,2}
12	65	13	failed	{4}
12	66	14	failed	{3,2}
13	52	0	failed	{3,2}
13	53	1	failed	{4}
13	54	2	failed	{3,2}
13	55	3	failed	{4}
13	56	4	failed	{3,2}
13	57	5	failed	{4}
13	58	6	failed	{3,2}
13	59	7	failed	{4}
13	60	8	failed	{3,2}
13	61	9	failed	{4}
13	62	10	failed	{3,2}
13	63	11	failed	{4}
13	64	12	failed	{3,2}
13	65	13	failed	{4}
13	66	14	failed	{3,2}
14	67	0	failed	{4}
14	68	1	failed	{3,2}
14	69	2	failed	{4}
14	70	3	failed	{3,2}
14	71	4	failed	{4}
14	72	5	failed	{3,2}
14	73	6	failed	{4}
14	74	7	failed	{3,2}
15	67	0	failed	{4}
15	68	1	failed	{3,2}
15	69	2	failed	{4}
15	70	3	failed	{3,2}
15	71	4	failed	{4}
15	72	5	failed	{3,2}
15	73	6	failed	{4}
15	74	7	failed	{3,2}
16	75	0	failed	{4}
16	76	1	failed	{3,2}
16	77	2	failed	{4}
16	78	3	failed	{3,2}
16	79	4	failed	{4}
16	80	5	failed	{3,2}
16	81	6	failed	{4}
16	82	7	failed	{3,2}
17	83	0	failed	{4}
17	84	1	failed	{3,2}
17	85	2	failed	{4}
17	86	3	failed	{3,2}
17	87	4	failed	{4}
17	88	5	failed	{3,2}
17	89	6	failed	{4}
17	90	7	failed	{3,2}
17	91	8	failed	{4}
17	92	9	failed	{3,2}
17	93	10	failed	{4}
17	94	11	failed	{3,2}
17	95	12	failed	{4}
17	96	13	failed	{3,2}
17	97	14	failed	{4}
17	98	15	failed	{3,2}
18	99	0	failed	{4}
18	100	1	failed	{3,2}
18	101	2	failed	{4}
18	102	3	failed	{3,2}
18	103	4	failed	{4}
18	104	5	failed	{3,2}
18	105	6	failed	{4}
18	106	7	failed	{3,2}
18	107	8	failed	{4}
18	108	9	failed	{3,2}
18	109	10	failed	{4}
18	110	11	failed	{3,2}
18	111	12	failed	{4}
18	112	13	failed	{3,2}
18	113	14	failed	{4}
18	114	15	failed	{3,2}
18	115	16	failed	{4}
18	116	17	failed	{3,2}
18	117	18	failed	{4}
18	118	19	failed	{3,2}
18	119	20	failed	{4}
18	120	21	failed	{3,2}
18	121	22	failed	{4}
18	122	23	failed	{3,2}
19	123	0	failed	{4}
19	124	1	failed	{3,2}
19	125	2	failed	{4}
19	126	3	failed	{3,2}
19	127	4	failed	{4}
19	128	5	failed	{3,2}
19	129	6	failed	{4}
19	130	7	failed	{3,2}
19	131	8	failed	{4}
19	132	9	failed	{3,2}
19	133	10	failed	{4}
19	134	11	failed	{3,2}
19	135	12	failed	{4}
19	136	13	failed	{3,2}
19	137	14	failed	{4}
19	138	15	failed	{3,2}
20	123	0	failed	{4}
20	124	1	failed	{3,2}
20	125	2	failed	{4}
20	126	3	failed	{3,2}
20	127	4	failed	{4}
20	128	5	failed	{3,2}
20	129	6	failed	{4}
20	130	7	failed	{3,2}
20	131	8	failed	{4}
20	132	9	failed	{3,2}
20	133	10	failed	{4}
20	134	11	failed	{3,2}
20	135	12	failed	{4}
20	136	13	failed	{3,2}
20	137	14	failed	{4}
20	138	15	failed	{3,2}
\.


--
-- Data for Name: epoch_data; Type: TABLE DATA; Schema: public; Owner: postgres
--

COPY public.epoch_data (id, seed, ledger_hash_id, total_currency, start_checkpoint, lock_checkpoint, epoch_length) FROM stdin;
1	2va9BGv9JrLTtrzZttiEMDYw1Zj6a6EHzXjmP9evHDTG3oEquURA	1	23166005000061388	3NK2tkzqqK5spR2sZ7tujjqPksL45M3UUrcA4WhCkeiPtnugyE2x	3NK2tkzqqK5spR2sZ7tujjqPksL45M3UUrcA4WhCkeiPtnugyE2x	1
2	2vafPBQ3zQdHUEDDnFGuiNvJz7s2MhTLJgSzQSnu5fnZavT27cms	1	23166005000061388	3NK2tkzqqK5spR2sZ7tujjqPksL45M3UUrcA4WhCkeiPtnugyE2x	3NL8ntQoBhYZ5u4nJYqt4MwTozCkPnrBUeo7gPDb5B33ur42iKYf	2
3	2vbNafCL2s2VMqjLjY5C2qcyDwdS4rw9HVbaj6HhuM6a8UZFTC9g	1	23166005000061388	3NK2tkzqqK5spR2sZ7tujjqPksL45M3UUrcA4WhCkeiPtnugyE2x	3NKJ73fsDFTvF6yTevBq7hBW5EC2VMn7CMkTavCMarA4BzHc54C5	3
4	2vbtCJq3pK48UUEYKeUan5SALhGovba3gnsKzuhPQ9JdJqSeUvS1	1	23166005000061388	3NK2tkzqqK5spR2sZ7tujjqPksL45M3UUrcA4WhCkeiPtnugyE2x	3NKUkpWfjSm959P3ahWF4ueUGsgEhb5Fk4VGQXTyYPv1fDuTWM3k	4
5	2vaVKoBcFoy3ug9QeKKh99bm3YXofSSBA4hGyKsbYve4SYkmTNGZ	1	23166005000061388	3NK2tkzqqK5spR2sZ7tujjqPksL45M3UUrcA4WhCkeiPtnugyE2x	3NLK5awwNi6nTRk1tzgF6JNFNpQu5V2mukBEPZbpUAr4FH978d3S	5
6	2vbW76psiEw6iXhWaQWTKfsjSd9DyCdizGBHwvu9Q2GZVgv2iuBc	1	23166005000061388	3NK2tkzqqK5spR2sZ7tujjqPksL45M3UUrcA4WhCkeiPtnugyE2x	3NKhaLFLjuSeb6YkczMnA5Vxb8R7JY9xRUdwUQNeF8YhHZLe27da	6
7	2vaievFaviZrUwbkWNhPTTejtUdWEqFn8xcGBqx4eV8mxAo6K4CZ	1	23166005000061388	3NK2tkzqqK5spR2sZ7tujjqPksL45M3UUrcA4WhCkeiPtnugyE2x	3NKhaLFLjuSeb6YkczMnA5Vxb8R7JY9xRUdwUQNeF8YhHZLe27da	6
8	2vbnfJ66nKNGS63k44ww2namYMFigjGD1VF9ZjYquBufL2St7pSr	1	23166005000061388	3NK2tkzqqK5spR2sZ7tujjqPksL45M3UUrcA4WhCkeiPtnugyE2x	3NKK65BGuxJ1fjpswWCWV3HEFAKJ7Z68kosB4Zo3c84PiHdb5ED3	7
9	2vboPXV7VamtXFYMGGfxRep7sMk4BB8QhRGjqN1kWoyanrEScB66	1	23166005000061388	3NK2tkzqqK5spR2sZ7tujjqPksL45M3UUrcA4WhCkeiPtnugyE2x	3NLHqgQBYto6mK8RNcNmfgmiDvEiJZ6CvgoVegHVSKEWt3KjVdaG	8
10	2vaxG2cjELS5LJUzhbbN7iyM2owG9oneVLv4T8F7MhBzHrSYFNra	1	23166005000061388	3NK2tkzqqK5spR2sZ7tujjqPksL45M3UUrcA4WhCkeiPtnugyE2x	3NKTqmZdj9FQYAwTRiBvMLJopoSASqzBgmr8VY9SnzBHAwfQrt1P	9
11	2vaoE1J5TkdUCATiwcWm5vQGCMnHRSBHu1s5G49YsCXKpRrH3PCL	1	23166005000061388	3NK2tkzqqK5spR2sZ7tujjqPksL45M3UUrcA4WhCkeiPtnugyE2x	3NKskYWgjByx9rP82FaKuVjG8Emise5nYtYv7e38DRnpAJuNyGND	10
12	2vamCDbRdUgpXwQ745q1mfPbbdo3fMfjt3V4z4XP3P4VQ99LxyKR	1	23166005000061388	3NK2tkzqqK5spR2sZ7tujjqPksL45M3UUrcA4WhCkeiPtnugyE2x	3NKskYWgjByx9rP82FaKuVjG8Emise5nYtYv7e38DRnpAJuNyGND	10
13	2vbGTzx2mkPPigg5uoWaDHhK5RPRpbwCSvJFwtFVBTja5P7Yr1kR	1	23166005000061388	3NK2tkzqqK5spR2sZ7tujjqPksL45M3UUrcA4WhCkeiPtnugyE2x	3NLWEPrNC7YSSWahc2xgveUNDopfgDc3Jq2exocMmb3WUvCDVEMs	11
14	2vaAe56CSyVAa9TNsYy5RWMCL8MUtiMJgKoPVL5rihSrMpjmMWxS	1	23166005000061388	3NK2tkzqqK5spR2sZ7tujjqPksL45M3UUrcA4WhCkeiPtnugyE2x	3NLWEPrNC7YSSWahc2xgveUNDopfgDc3Jq2exocMmb3WUvCDVEMs	11
15	2vbtvmYeC3zxB1u1BezSRtymBcrnh1fjtDMZPJsPdgqxaY4PnBNq	1	23166005000061388	3NK2tkzqqK5spR2sZ7tujjqPksL45M3UUrcA4WhCkeiPtnugyE2x	3NLs7t7VJSd7bhKWEjmoCVZGoRnS1ywMn3ToNvbB8bW3Fxfesc3u	12
16	2vbjvM4CXGUZim1Xv1hgNeKWwnbMRHRYhu8ALxaQDuXRJxtwpPar	1	23166005000061388	3NK2tkzqqK5spR2sZ7tujjqPksL45M3UUrcA4WhCkeiPtnugyE2x	3NLs7t7VJSd7bhKWEjmoCVZGoRnS1ywMn3ToNvbB8bW3Fxfesc3u	12
17	2vaSM1EvQYe796vSzzi1Gz4v7BodPxySdgBtFNHyNSgvLJsweDcH	1	23166005000061388	3NK2tkzqqK5spR2sZ7tujjqPksL45M3UUrcA4WhCkeiPtnugyE2x	3NL8rWmvTZZhMZJvhSJxCZN2Faem2QjxYrGpbb7nvV6WvsuetE8i	13
18	2vbawSRJ6t1s7DGzvja7YQ5nkM16yfVAU9BeD853t3ATAZcqb37X	1	23166005000061388	3NK2tkzqqK5spR2sZ7tujjqPksL45M3UUrcA4WhCkeiPtnugyE2x	3NLoGXNBah5RHRjreVGKHfmgETm4DxMUmhR54SaVgJwchN2Ltn2s	14
19	2vbS4heMAGhGBjigxZtB4Gb2bwxW1jEVhC6nF6etSA4WcqYLee4d	1	23166005000061388	3NK2tkzqqK5spR2sZ7tujjqPksL45M3UUrcA4WhCkeiPtnugyE2x	3NLZ2ppBvVAUEeyudcdJtBxrEF8ndMwAEPmFpyWMrwpM5t5WUxbj	15
20	2vaAoCavgsePuNmdzK8u71EZEdb3do75EdaibJE5GBPxjNSVUj88	1	23166005000061388	3NK2tkzqqK5spR2sZ7tujjqPksL45M3UUrcA4WhCkeiPtnugyE2x	3NLLGzAJUVhuEF1MRCzYZAh3GMLhkv5G7nAtuFM46LNfdyx1yN7N	16
21	2vbyF6uYwLctDkcmaenHVnYp2ZAgEWNS4yHky2ufTVNq2xHA7WQJ	1	23166005000061388	3NK2tkzqqK5spR2sZ7tujjqPksL45M3UUrcA4WhCkeiPtnugyE2x	3NLLGzAJUVhuEF1MRCzYZAh3GMLhkv5G7nAtuFM46LNfdyx1yN7N	16
\.


--
-- Data for Name: internal_commands; Type: TABLE DATA; Schema: public; Owner: postgres
--

COPY public.internal_commands (id, command_type, receiver_id, fee, hash) FROM stdin;
1	coinbase	20	720000000000	5JuomcAYBvuhGdgFGnitK53aq85iYfVheh5i4Nff28BuAEVNk2To
2	fee_transfer	20	20750000000	5JvGWq6FcQKQBHYDopfwVo6HHKEWp9wxna73nmHfJjKfYdjPSAbd
3	coinbase	45	720000000000	5Jtp1akNqrTMM2Zo8i9PmVKTxkomYvRsHL1uNoNHg3fReF42Bq1u
4	fee_transfer	45	41000000000	5JuUhwncJbeoimv7yMseHc3oF3dbrXhXj6HFU22YGu5kisivEM7G
5	fee_transfer	20	41000000000	5Jv8nquJ7ehpJLv4CFzcUDSHEmeGAxY6ZRzCTmSZsMEQXkzbvdHm
6	coinbase	61	720000000000	5JtxcnkAhkVEumgvXRYkxc9k3n4Gz9sF64xmEQ5yA59idqbkFfpW
7	fee_transfer	61	41000000000	5Jv3BKryiTJPQADbWzxzJCF8JWpFMULRx7wGJptBw4xC8qF3AwNs
8	fee_transfer	20	36000000000	5JuSaTVTh9uCmYkx5SLeKCjzVSSsZMy7JayzvWoZd5oLVnXH79aW
9	fee_transfer	61	40750000000	5Jv29cKuj7HCkNiVXoAF1m1fHMnpcTRTNBPSs1W6eDmCb3e1HVYc
10	fee_transfer	20	77000000000	5Juij8vXwn1x9LgTdahZi17jbCcLQSnwqRRzMBdQhTbr5iZiUUPE
11	fee_transfer	61	77000000000	5Jv8fNT7VC47BfdEZdsPAUFHAwq4ThnN98wYf7D1hsBoydaqhSjV
12	fee_transfer	20	40500000000	5JuQxGg5rZPf3qhqYxGnzZfZh9wiZuqCseUUa6DeWQA6KVnEKRPo
13	fee_transfer	20	500000000	5JusjiYdFX79AuRzzbWMjWJupaDyxC2NP8qCQHwdeqyL5y46yg61
14	fee_transfer	61	40500000000	5Jtsp94fJpMaie9Dc3AZfbe2NJjMRvm6pr55hyYkWW9Lo5UzTBtA
15	fee_transfer	61	500000000	5Ju6Mkw6XTyMdUWE8BhaP7V9MyVsVVwigZ8p67reoQ3nFqGJGggd
16	fee_transfer	20	82000000000	5Jv3sqsY5TV11wCpXboCNpRMgeThBBWXg31QYzZX5SYYU8iMBxCK
17	fee_transfer	20	124000000000	5JujoeAgJdfLmHJZP8mfa1d28DcjrmTJpaNe5gJabAvF2tdMX2NW
18	fee_transfer	20	81000000000	5JuWcRqKXNHXXxGhPvAJTgpCJTb8ZNHD1W5NgY8qE7FA4oMUcxhR
19	fee_transfer	61	81000000000	5Jtw2nLxpwGx7FWPApyCBLFP5tj7xxK56v1Nvs7etqCtbvDGzVBG
\.


--
-- Data for Name: protocol_versions; Type: TABLE DATA; Schema: public; Owner: postgres
--

COPY public.protocol_versions (id, transaction, network, patch) FROM stdin;
1	3	0	0
\.


--
-- Data for Name: public_keys; Type: TABLE DATA; Schema: public; Owner: postgres
--

COPY public.public_keys (id, value) FROM stdin;
1	B62qiy32p8kAKnny8ZFwoMhYpBppM1DWVCqAPBYNcXnsAHhnfAAuXgg
2	B62qp3Wu9Ayd7rkDrJDvoi6zMKciG1Jv6imE9SRUJzdUbQHVttKPWPF
3	B62qr6VZXBDXUntN5bcwu69ae4oqsB7J7cHYaUWKhWygfujRCtFu4C3
4	B62qnFJWYYYbTuDWQ5oCRhP4hT8sc8F1xDf34wyxhvTzosxnV6UYNDP
5	B62qmmV9zHiWwXj2Do14t2bUtT7onfHwsNa7KSJxrFhpXbunUd9gLEi
6	B62qnzUQLreTeYj7TkkKyFR9s5REY6GTKc4sVK8K34Xvw8dfRPAUByg
7	B62qoxkuzRkqEXbw2D7FS1EJctSvrKhFDjwo1s7UqaRbzAC9wW9CqXB
8	B62qk4Y4VLT1oUbD1NjPunSEUjz5yVNbiETWCfNTvT5VLrmbRwnKcMk
9	B62qnsdKhWmeQZjvas2bVuE7AcUjqWxSjb5B6pFqyVdtVbrro8D9p9F
10	B62qqDcNXt7LK6686QQ9TvLaFF5as6xRRSMEjfwXJUEk3hSHVXksUth
11	B62qmRRtdPM1XRnHpchjrVdVyRtUKFX5Nmrhu7MWSs3wDVsLuTQ54dV
12	B62qnT7rV3ZQ71n6Z2RaPZSn38zEniZq1A8CXEdArxrF7q6sTTWZdZc
13	B62qmnTkaf43Ctbxq1NgvtakVwKKcB1nk2vee61bMAcPfDB5FR5upJN
14	B62qpTgN6VhfdCGimamFjarhSBfiK1oGEKyrqHN5FHejeJR8Z2vgKYt
15	B62qkaFHyAx1TMzuez3APX1hG33j2ZXCTXJFFzeSxgt8fA3henaeT84
16	B62qkCd6ftXqh39xPVb7qyJkSWZYa12QCsxFCaCmDrvfZoTNYmKQtkC
17	B62qrEWSxSXzp8QLDpvuJKeHWxybsE2iwaMPViMpdjptmUxQbtDV178
18	B62qnUCyUPAGE9ZXcu2TpkqUPaU3fhgzxRSEiyt5C8V7mcgNNvj1oc9
19	B62qiquMTUSJa6qqyd3hY2PjkxiUqgPEN2NXYhP56SqwhJoBsFfEF5T
20	B62qkiDw2FebwJT4vhM3RMrtZWG65zCHtS7wUb6PMJGZo3UrzLJRpFD
21	B62qm174LzHrFzjwo3jRXst9LGSYjY3gLiCzniUkVDMW912gLBw63iZ
22	B62qrrLFhpise34oGcCsDZMSqZJmy9X6q7DsJ4gSAFSEAJakdwvPbVe
23	B62qo11BPUzNFEuVeskPRhXHYa3yzf2WoGjdZ2hmeBT9RmgFoaLE34A
24	B62qmSTojN3aDbB311Vxc1MwbkdLJ4NCau8d6ZURTuX9Z57RyBxWgZX
25	B62qiaEMrWiYdK7LcJ2ScdMyG8LzUxi7yaw17XvBD34on7UKfhAkRML
26	B62qoGEe4SECC5FouayhJM3BG1qP6kQLzp3W9Q2eYWQyKu5Y1CcSAy1
27	B62qn8rXK3r2GRDEnRQEgyQY6pax17ZZ9kiFNbQoNncMdtmiVGnNc8Y
28	B62qnjQ1xe7MS6R51vWE1qbG6QXi2xQtbEQxD3JQ4wQHXw3H9aKRPsA
29	B62qmzatbnJ4ErusAasA4c7jcuqoSHyte5ZDiLvkxnmB1sZDkabKua3
30	B62qrS1Ry5qJ6bQm2x7zk7WLidjWpShRig9KDAViM1A3viuv1GyH2q3
31	B62qqSTnNqUFqyXzH2SUzHrW3rt5sJKLv1JH1sgPnMM6mpePtfu7tTg
32	B62qkLh5vbFwcq4zs8d2tYynGYoxLVK5iP39WZHbTsqZCJdwMsme1nr
33	B62qiqUe1zktgV9SEmseUCL3tkf7aosu8F8HPZPQq8KDjqt3yc7yet8
34	B62qkNP2GF9j8DQUbpLoGKQXBYnBiP7jqNLoiNUguvebfCGSyCZWXrq
35	B62qr4z6pyzZvdfrDi33Ck7PnPe3wddZVaa7DYzWHUGivigyy9zEfPh
36	B62qiWZKC4ff7RKQggVKcxAy9xrc1yHaXPLJjxcUtjiaDKY4GDmAtCP
37	B62qqCpCJ7Lx7WuKCDSPQWYZzRWdVGHndW4jNARZ8C9JB4M5osqYnvw
38	B62qo9mUWwGSjKLpEpgm5Yuw5qTXRi9YNvo5prdB7PXMhGN6jeVmuKS
39	B62qpRvBE7SFJWG38WhDrSHsm3LXMAhdiXXeLkDqtGxhfexCNh4RPqZ
40	B62qoScK9pW5SBdJeMZagwkfqWfvKAKc6pgPFrP72CNktbGKzVUdRs3
41	B62qkT8tFTiFfZqPmehQMCT1SRRGon6MyUBVXYS3q9hPPJhusxHLi9L
42	B62qiw7Qam1FnvUHV4JYwffCf2mjcuz2s5F3LK9TBa5e4Vhh7gq2um1
43	B62qrncSq9df3SnHmSjFsk13W7PmQE5ujZb7TGnXggawp3SLb1zbuRR
44	B62qkeB9jhDwiKpChsQ9tVMRLHyjz3ED15xXdFmQ1CjndL1aGomGsHa
45	B62qkWTuQChz6jYhMq5WUsyduZX4Dugia4J22VLnc7SVkTg2BGQbCvz
46	B62qip9dMNE7fjTVpB7n2MCJhDw89YYKd9hMsXmKZ5cYuVzLrsS46ZG
47	B62qmMc2ec1D4V78sHZzhdfBA979SxUFGKTqHyYcKexgv2zJn6MUghv
48	B62qqmQhJaEqxcggMG9GepiXrY1j4WgerXXb2NwkmABwrkhRK671sSn
49	B62qp7yamrqYvcAv3jJ4RuwdvWnb8zFGfXchbfqR4BCkeub998mVJ3j
50	B62qk7NGhMEpPAwdwfqnxCbAuCm1qawX4YXh956nanhkfDdzZ4vZ91g
51	B62qnUPwKuUQZcNFnr5L5S5mpH9zcKDdi2FsKnAGQ1Vrd3F4HcH724A
52	B62qqMV93QdKFLmPnqvzaBE8T2jY38HVch4JW5xZr4kNHNYr1VtSUn8
53	B62qmtQmCLX8msSHASDTzNtXq81XQoNtLz6CUMhFeueMbJoQaYbyPCi
54	B62qp2Jgs8ChRsQSh93cL2SuDN8Umqp6GtDd9Ng7gpkxgw3Z9WXduAw
55	B62qo131ZAwzBd3mhd2GjTf3SjuNqdieDifuYqnCGkwRrD3VvHLM2N1
56	B62qo9XsygkAARYLKi5jHwXjPNxZaf537CVp88npjrUpaEHypF6TGLj
57	B62qnG8dAvhGtPGuAQkwUqcwpiAT9pNjQ7iCjpYw5k2UT3UZTFgDJW1
58	B62qj3u5Ensdc611cJpcmNKq1ddiQ63Xa8L2DnFqEBgNqBCAqVALeAK
59	B62qjw1BdYXp74JQGoeyZ7bWtnsPPd4iCxBzfUsiVjmQPLk8984dV9D
60	B62qrMBxg8mnnCKg7bcgdpGYMqhkYMFnTDEp7rptwqB3rPjoQtwj38D
61	B62qkPy6FLCsyZLgA5zXfF2qaMqtURmo8ZTF3hKrsrP9L4hjvbv8AQt
62	B62qpP2xUscwDA5TaQee71MGvU7dYXiTHffdL4ndRGktHBcj6fwqDcE
63	B62qo1he9m5vqVfbU26ZRqSdyWvkVURLxJZLLwPdu1oRAp3E7rCvyxk
64	B62qjzHRw1dhwS1NCWDH64yzovyxsbrvqBW846BRCaWmyJyoufddBSA
65	B62qkoANXg95uVHwpLAiQsT1PaGxuXBcrBzdjMgN3mP5WJxiE1uYcG9
66	B62qnzk698yW9rmyeC8mLCKhdmQZa2TRCG5hN3Z5NovZZqE1oou7Upc
67	B62qrQDYA9DvUNdgU87xp64MsQm3MxBeDRNuhuwwQ3hfS5sJhchipzu
68	B62qnSKLuJiF1gNnCEDHJeWFKPbYLKjXqz18pnLGE2pUq7PBYnU4h95
69	B62qk8onaP8h1VYVbJkQQ8kKtHszsA12Haw3ts5jm4AkpvNDkhUtKBH
70	B62qnbQoJyaGKvgRDthSPwWZPrYiYCpqeYoHhJ9415r1ws6DecWa8h9
71	B62qmpV1DwQvBMUmBxyDV6jJwSpS1zFWHHEZYuXYhPja4RWCbYG3Hv1
72	B62qiYSHjqf77rS6eBiBSiDwgqpsZEUf8KZZNmpxzULpxqm58u49m7M
73	B62qrULyp6Kp5PAmtJMHcRngmHyU2t9DF2oBpU4Q1GMvfrgsUBVUSm8
74	B62qpitzPa3MB2eqJucswcwQrN3ayxTTKNMWLW7SwsvjjR4kTpC57Cr
75	B62qpSfoFPJPXvyUwXWGJqTVya4kqThCH5LyEsdKrmqRm1mvDrgsz1V
76	B62qk9uVP24E5fE5x4FxnFxz17TBAZ4rrkmRDErheEZnVyFmCKvdBMH
77	B62qjeNbQNefZdv388wHg9ancPdFBw6Dj2Wxo6Jyw2EhR7J9kti48qx
78	B62qqwCS1S72xt9VPD6C6FjJkdwDghRCWJnYjebCagX8M2xzthqKDQC
79	B62qrGWHg32ZdFydA4UF7prU4zm3UH3dRxJZ5xAHW1QtNhgzuP2G62z
80	B62qkqZ1b8BkCK9PqWnQLjYueExVUVJon1Nn15SnZScG5AR3LqkEqzY
81	B62qkQ9tPTmzm9oD2i8HbDRERFBHvG7Mi3dz6XLa3BEJcwA4ZcQaDa8
82	B62qnt4FQxWNcP49W5HaQNEe5Q1KqTBQJnnyqn7KyvSfNb6Dskbhy9i
83	B62qoxTxNh4o9ftUHSRatjTQagToJy7pW1zh7zZdyFYr9ECNDvugmyx
84	B62qrPuf95oqANBTTmvcvM1BKkBNrsmaXnaNpHGJYersezYTHWq5BTh
85	B62qkBdApDjoUj9Lckf4Bg7fWJSzSnyJHyCNkvq7XsPVzWk97BeGkae
86	B62qs23tCNy7qbrYHBwMfVNyiA82aA7xtWKh3QkFr1fMog3ptyXhptq
87	B62qpMFwmJ6fMm4cUb9wLLwoKRPFpYUJQmYqDe7RRaXgvAHjJpnEz3f
88	B62qkF4qisEVJ3WBdxcWoianq4YLaYXw89yJRzc7cPRu2ujXqp4v8Ji
89	B62qmFcUZJgxBQpTxnQHjyHWdprnsmRDiTZe6NiMNF9drGTM8hh1tZf
90	B62qo4Pc6HKhbc55RZuPrDfzbVZfxDqxkG3hV7sRDSivAthXAjtWaGg
91	B62qoKioA9hueF4xhZszsACn6GT7o69wZZJUoErVyvgP7WPrj92e9Tv
92	B62qkoTczRzwCUr6AmSiNcr3UWwkgbWeihVZphwP8CEuiDzrNHvunTX
93	B62qpGkYNpBS3MBgortSQuwV1aXcK6bRRQyYz3wGW5tCpCLdvxk8J6q
94	B62qnYfsf8P7B7UYcjN9bwL7HPpNrAJh7fG5zqWvZnSsaQJP2Z1qD84
95	B62qpAwcFY3oTy2oFUEc3gB4x879CvPqHUqHqjT3PiGxggroaUYHxkm
96	B62qib1VQVfLQeCW6oAKEX2GRuvXjYaX2Lw9qqjkBPAvdshHPyJXVMv
97	B62qm5TQe1nz3gfHqb6S4FE7FWV92AaKzUuAyNSDNeNJYgND35JaK8w
98	B62qrmfQsKRd5pwg1EZNYXSmcbsgCekCkJAxxJcZhWyX7ChfExZtFAj
99	B62qitvFhawB29DGkGv9NEfGZ8d9hECEKnKMHAvtULVATdw5epPS2s6
100	B62qo81kkuqxFZw9cZAcoYb4ZeCjY9HodT3yDkh8Zxhg9omfRexyNAz
101	B62qmeDPPUDtPVVHqesiKD7ecz6YZvGDHzVw2swBa84EGs5NBKpGK4H
102	B62qqwLQXBrhJmfAtF7GUf7FNVS2xoTPrkyw7d4Pj9W431bpysAdr3V
103	B62qkgcEQJ9qhjwQgt2XeN3RJpPTfjCrqFUUAW2NsVpzmyQwFbekNMM
104	B62qnAotEqbcE8sjbdyJkkvKnTzW3BCPaL5HrMEdHa4pVnfPBXWGXXW
105	B62qquzjE4bbK3mhk6jtFMnkm9BdzasTHuvMxx6JmhXeYKZkPbyZUry
106	B62qrj3VHfVadkyJCvmu7SvczS7QZy1Yk1uQjcjwkS4QqDt9oqi4eWf
107	B62qn6fTLLatKHi4aCX7p6Lg5rzZSq6VK2vrFVgX14gjaQqay8zHfsJ
108	B62qjrBApNy5mx6biRzL5AfRrDEarq3kv9Zcf5LcUR6iKAX9ve5vvud
109	B62qkdysBPreF3ef7bFEwCghYjbywFgumUHXYKDrBkUB89KgisAFGSV
110	B62qmRjcL489UysBEnabin5be824q7ok4VjyssKNutPq3YceMRSW4gi
111	B62qo3TjT6pu6i7UT8w39UVQc2Ljg8K69eng55vu5itof3Ma3qwcgZF
112	B62qqoemXenDS17N58M9P2HttHDRtUYiqHeavLdYjLTZe6BGU97dwbQ
113	B62qpXFq7VJG6Spy7BSYjqSC1GBwKLCzfU8bcrUrALEFEXphpvjn3bG
114	B62qmp2xXJyj9LegRQUtFMCCGV3DQu337n6s6BK8a2kaYrMf1MmZHkT
115	B62qpjkSafKdAeCBh6PV6ZizJjtfs3v1DuXu1WowkYq2Bcr5X7bmk7G
116	B62qnjhGUFX636v8HyJsYKUkAS5ms58q9C9GtwNvPbMzMVy7FmRNhLG
117	B62qoCS2htWnx3g8gFq2ypSLHMW1jkZF6XMTH8yKE8gYTH7jfrcdjCo
118	B62qk2wpLtL3PUEQZBYPeabiXcZi6yzbVimciFWZSCHpxufKFDTmhi6
119	B62qjWRcn5eRmdppcsDNudiogbnNPzW4jWC6XH2LczMRDXzjK9AgfA2
120	B62qjJrgSK4wa3HnZZqmfJzxtMfACK9r2zEHqo5Rm6UUvyFrk4UjdPW
121	B62qoq6uA96gWVYBDtMQLZC5hB4hgAVojbuhw9Z2CE1Acj6iESSS1cE
122	B62qkSpe1P6FgwWU3BfvU2FXnuYt2vR4DzsEZf5TbJynBgyZy7W9yyE
123	B62qr225GCSVzAGKBYxB7rKE6ibtQAcfcXMfYH84hvkqHWAnFzWR4RT
124	B62qkQT9sAztAWnYdxQMaQSxrA93DRa5f8LxWCEzYA3Y3tewDQKUMyQ
125	B62qieyc3j9pYR6aA8DC1rhoUNRiPacx1ij6qW534VwTtuk8rF2UBrk
126	B62qoFyzjU4pC3mFgUidmTFt9YBnHjke5SU6jcNe7vVcvvoj4CCXYJf
127	B62qihY3kUVYcMk965RMKfEAYRwgh9ATLBWDiTzivneCmeEahgWTE58
128	B62qm8kJSo4SZt7zmNP29aYAUqETjPq6ge2hj5TxZWxWK2JDscQtx1Y
129	B62qkY3LksqsR2ETeNmAHAmYxi7mZXsoSgGMEMujrPtXQjRwxe5Bmdn
130	B62qrJ9hFcVQ4sjveJpQUsXZenisBnXKVzDdPntw48PYXxP17DNdKg4
131	B62qpKCYLZz2Eyb9vFfaVPgWjTWf1p3VpBLnQSSme2RC3ob4m1p8fCv
132	B62qkFYQghamWpPuNxzr1zw6ARk1mKFwkdQWJqHvmxdM95d45AjwWXE
133	B62qnzhgbY3HD19eKMeQTFPZijFTvJN82pHeGYQ2xM9HxZRPv6xhtqe
134	B62qroho2SKx4wignPPRf2qPbGzvfRgQf4zCMioxnmwKyLZCg3reYPc
135	B62qm4jN36Cwbtyd8j3BLevPK7Yhpv8KtWTia5fuwMAyvcHLCosU4PN
136	B62qk9Dk1rwSVtSLCYdWNfPTXRPDWPPu3rR5sqvrawP82m9P1LhBZ94
137	B62qnR8RErysAmsLHk6E7teSg56Dr3RyF6qWycyVjQhoQCVC9GfQqhD
138	B62qo7XmFPKML7WfgUe9FvCMUrMihfapBPeCJh9Yxfka7zUwy1nNDCY
139	B62qqZw4bXrb8PCxvEvRJ9DPASPPaHyoAWXw1avG7mEjnkFy7jGLz1i
140	B62qkFKcfRwVgdQ1UDhhCoExwsMPNWFJStxnDtJ1hNVmLzzGsyCRLuo
141	B62qofSbCaTfL61ZybYEpAeGe14TK8wNN8VFDV8uUEVBGpqVDAxYePK
142	B62qn8Vo7WTK4mwQJ8sjiQvbWDavetBS4f3Gdi42KzQZmL3sri25rFp
143	B62qo6pZqSTym2umKYeZ53F1woYCuX3qHrUtTezBoztURNRDAiNbq5Q
144	B62qo8AvB3EoCWAogvUg6wezt5GkNRTZmYXCw5Gutj8tAg6cdffX3kr
145	B62qqF7gk2yFsigWL7JyW1R8sdUcQjAPkp32i9B6f9GRYMzFoLPdBqJ
146	B62qjdhhu4bsmbMFxykEgbhf4atVvgQWB4dizqsMEBbmQPe9GeXZ42N
147	B62qmCsUFPNLpExtzt6NUeosa8L5qb7cEKi9btkMdAQS2GnQzTMjUGM
148	B62qkut3c9BX6hS5GcExB59hU2i4yMGnj4X3iAeMAhuaW2nKsACKb8B
149	B62qneAWh9zy9ufLxKJfgrccdGfbgeoswyjPJp2WLhBpWKM7wMJtLZM
150	B62qoqu7NDPVJAdZPJWjia4gW3MHk9Cy3JtpACiVbvBLPYw7pWyn2vL
151	B62qmwfTv4co8uACHkz9hJuUND9ubZfpP2FsAwvru9hSg5Hb8rtLbFS
152	B62qkhxmcB6vwRxLxKZV2R4ifFLfTSCdtxJ8nt94pKVbwWd9MshJadp
153	B62qjYRWXeQ52Y9ADFTp55p829ZE7DE4zn9Nd8puJc2QVyuiooBDTJ3
154	B62qo3b6pfzKVWNFgetepK6rXRekLgAYdfEAMHT6WwaSn2Ux8frnbmP
155	B62qncxbMSrL1mKqCSc6huUwDffg5qNDDD8FHtUob9d3CE9ZC2EFPhw
156	B62qpzLLC49Cb6rcpFyCroFiAtGtBCXny9xRbuMKi64vsU5QLoWDoaL
157	B62qj7bnmz2VYRtJMna4bKfUYX8DyQeqxKEmHaKSzE9L6v7fjfrMbjF
158	B62qnEQ9eQ94BxdECbFJjbkqCrPYH9wJd7B9rzKL7EeNqvYzAUCNxCT
159	B62qokmEKEJs6VUV7QwFaHHfEr6rRnFXQe9jbodnaDuWzfUK6YoXt2w
160	B62qpPJfgTfiSghnXisMvgTCNmyt7dA5MxXnpHfMaDGYGs8C3UdGWm7
161	B62qkzi5Dxf6oUaiJYzb5Kq78UG8fEKnnGuytPN78gJRdSK7qvkDK6A
162	B62qs2sRxQrpkcJSkzNF1WKiRTbvhTeh2X8LJxB9ydXbBNXimCgDQ8k
163	B62qoayMYNMJvSh27WJog3K74996uSEFDCmHs7AwkBX6sXiEdzXn9SQ
164	B62qibjCrFmXT3RrSbHgjtLHQyb63Q89gBLUZgRj7KMCeesF9zEymPP
165	B62qrw63RAyz2QfqhHk8pttD2ussturr1rvneUWjAGuhsrGgzxr2ZRo
166	B62qmNVzYukv4VxXoukakohrGNK7yq1Tgjv5SuX1TTWmpvVwD5Xnu2L
167	B62qoucdKZheVHX8udLGmo3vieCnyje5dvAayiLm8trYEp3op9jxCMa
168	B62qo51F51yp7PcqmHd6G1hpNBAj3kwRSQvKmy5ybd675xVJJVtMBh8
169	B62qjHbDMJGPUz3M6JK2uC3tm6VPLaEtv4sMCcrMBz6hnD5hrET4RJM
170	B62qnyxTMk4JbYsaMx8EN2KmoZUsb9Zd3nvjwyrZr2GdAHC9nKF16PY
171	B62qrPo6f9vRwqDmgfNYzaFd9J3wTwQ1SC72yMAxwaGpjt2vJrxo4ri
172	B62qoZXUxxowQuERSJWb6EkoyciRthxycW5csa4cQkZUfm151sn8BSa
173	B62qr7QqCysRpMbJGKpAw1JsrZyQfSyT4iYoP4MsTYungBDJgwx8vXg
174	B62qo3JqbYXcuW75ZHMSMnJX7qbU8QF3N9k9DhQGbw8RKNP6tNQsePE
175	B62qjCC8yevoQ4ucM7fw4pDUSvg3PDGAhvWxhdM3qrKsnXW5prfjo1o
176	B62qnAcTRHehWDEuKmERBqSakPM1dg8L3JPSZd5yKfg4UNaHdRhiwdd
177	B62qruGMQFShgABruLG24bvCPhF2yHw83eboSqhMFYA3HAZH9aR3am3
178	B62qiuFiD6eX5mf4w52b1GpFMpk1LHtL3GWdQ4hxGLcxHh36RRmjpei
179	B62qokvW3jFhj1yz915TzoHubhFuR6o8QFQReVaTFcj8zpPF52EU9Ux
180	B62qr6AEDV6T66apiAX1GxUkCjYRnjWphyiDro9t9waw93xr2MW6Wif
181	B62qjYBQ6kJ9PJTTPnytp4rnaonUQaE8YuKeimJXHQUfirJ8UX8Qz4L
182	B62qqB7CLD6r9M532oCDKxxfcevtffzkZarWxdzC3Dqf6LitoYhzBj9
183	B62qr87pihBCoZNsJPuzdpuixve37kkgnFJGq1sqzMcGsB95Ga5XUA6
184	B62qoRyE8Yqm4GNkjnYrbtGWJLYLNoqwWzSRRBw8MbmRUS1GDiPitV7
185	B62qm4NwW8rFhUh4XquVC23fn3t8MqumhfjGbovLwfeLdxXQ3KhA9Ai
186	B62qmAgWQ9WXHTPh4timV5KFuHWe1GLb4WRDRh31NULbyz9ub1oYf8u
187	B62qroqFW16P7JhyaZCFsUNaCYg5Ptutp9ECPrFFf1VXhb9SdHE8MHJ
188	B62qriG5CJaBLFwd5TESfXB4rgSDfPSFyYNmpjWw3hqw1LDxPvpfaV6
189	B62qjYVKAZ7qtXDoFyCXWVpf8xcEDpujXS5Jvg4sjQBEP8XoRNufD3S
190	B62qjBzcUxPayV8dJiWhtCYdBZYnrQeWjz28KiMYGYodYjgwgi961ir
191	B62qkG2Jg1Rs78D2t1DtQPjuyydvVSkfQMDxBb1hPi29HyzHt2ztc8B
192	B62qpNWv5cQySYSgCJubZUi6f4N8AHMkDdHSXaRLVwy7aG2orM3RWLp
193	B62qism2zDgKmJaAy5oHRpdUyk4EUi9K6iFfxc5K5xtARHRuUgHugUQ
194	B62qqaG9PpXK5CNPsPSZUdAUhkTzSoZKCtceGQ1efjMdHtRmuq7796d
195	B62qpk8ww1Vut3M3r2PYGrcwhw6gshqvK5PwmC4goSY4RQ1SbWDcb16
196	B62qqxvqA4qfjXgPxLbmMh84pp3kB4CSuj9mSttTA8hGeLeREfzLGiC
197	B62qnqFpzBPpxNkuazmDWbvcQX6KvuCZvenM1ev9hhjKj9cFj4dXSMb
198	B62qpdxyyVPG1v5LvPdTayyoUtp4BMYbYYwRSCkyW9n45383yrP2hJz
199	B62qohCkbCHvE3DxG8YejQtLtE1o86Z53mHEe1nmzMdjNPzLcaVhPx2
200	B62qiUvkf8HWS1tv8dNkHKJdrj36f5uxMcH1gdF61T2GDrFbfbeeyxY
201	B62qngQ2joTkrS8RAFystfTa7HSc9agnhLsBvvkevhLmn5JXxtmKMfv
202	B62qrCfZaRAK5LjjigtSNYRoZgN4W4bwWbAffkvdhQYUDkB7UzBdk6w
203	B62qq8p3wd6YjuLqTrrUC8ag4wYzxoMUBKu4bdkUmZegwC3oqoXpGy3
204	B62qqmgpUFj5gYxoS6yZj6pr22tQHpbKaFSKXkT8yzdxatLunCvWtSA
205	B62qrjk6agoyBBy13yFobKQRE6FurWwXwk5P1VrxavxpZhkiHXqsyuR
206	B62qr3YEZne4Hyu9jCsxA6nYTziPNpxoyyxZHCGZ7cJrvckX9hoxjC6
207	B62qm7tX4g8RCRVRuCe4MZJFdtqAx5vKgLGR75djzQib7StKiTfbWVy
208	B62qjaAVCFYmsKt2CR2yUs9EqwxvT1b3KWeRWwrDQuHhems1oC2DNrg
209	B62qj49MogZdnBobJZ6ju8njQUhP2Rp59xjPxw3LV9cCj6XGAxkENhE
210	B62qpc1zRxqn3eTYAmcEosHyP5My3etfokSBX9Ge2cxtuSztAWWhadt
211	B62qm4Kvpidd4gX4p4r71DGsQUnEmhi12H4D5k3F2rdxvWmWEiJyfU2
212	B62qjMzwAAoUbqpnuntqxeb1vf2qgDtzQwj4a3zkNeA7PVoKHEGwLXg
213	B62qmyLw1LNGHkvqkH5nsQZU6uJu3begXAe7WzavUH4HPSsjJNKP9po
214	B62qqmQY1gPzEv6qr6AbLBp1yLW5tVcMB4dwVPMF218gv2xPk48j3sb
215	B62qmmhQ2eQDnyFTdsgzztgLndmsSyQBBWtjALnRdGbZ87RkNeEuri1
216	B62qqCAQRnjJCnS5uwC1A3j4XmHqZrisvNdG534R8eMvzsFRx9h8hip
217	B62qoUdnygTtJyyivQ3mTrgffMeDpUG1dsgqswbXvrypvCa9z8MDSFz
218	B62qnt6Lu7cqkAiHg9qF6qcj9uFcqDCz3J6pTcLTbwrNde97KbR6rf6
219	B62qoTmf1JEAZTWPqWvMq66xAonpPVAhMtSR8UbbX3t8FhRKrdyTFbr
220	B62qiqiPtbo7ppvjDJ536Nf968zQM3BrYxQXoWeistF8J12BovP5e1F
221	B62qpP5T35yJUz1U25Eqi5VtLVkjbDyMMXaTa87FE9bhoEbtz7bzAXz
222	B62qqdtmbGF5LwL47qj7hMWjt6XYcwJnft3YgD8ydLgf1M59PFCHv44
223	B62qm8TrWwzu2px1bZG38QkpXC5JgU7RnCyqbVyiy2Fmh63N5d9cbA6
224	B62qnZXs2RGudz1q9eAgxxtZQnNNHi6P5RAzoznCKNdqvSyyWghmYX6
225	B62qo7dRx2VHmDKXZ8XffNNeUK1j4znWxFUvg48hrxrNChqwUrDBgiA
226	B62qke1AAPWuurJQ5p1zQ34uRbtogxsfHEdzfqufAHrqKKHba7ZYC2G
227	B62qjy64ysP1cHmvHqyrZ899gdUy48PvBCnAYRykM5EMpjHccdVZ4Fy
228	B62qjDFzBEMSsJX6i6ta6baPjCAoJmHY4a4xXUmgCJQv4sAXhQAAbpt
229	B62qrV4S63yeVPjcEUmCkAx1bKA5aSfzCLTgh3b8D5uPr7UrJoVxA6S
230	B62qnqEX8jNJxJNyCvnbhUPu87xo3ki4FXdRyUUjQuLCnyvZE2qxyTy
231	B62qpivmqu3HDNenKMHPNhie31sFD68nZkMteLW58R21gcorUfenmBB
232	B62qjoiPU3JM2UtM1BCWjJZ5mdDBr8SadyEMRtaREsr7iCGPabKbFXf
233	B62qoRBTLL6SgP2JkuA8VKnNVybUygRm3VaD9uUsmswb2HULLdGFue6
234	B62qpLj8UrCZtRWWGstWPsE6vYZc9gA8FBavUT7RToRxpxHYuT3xiKf
235	B62qkZeQptw1qMSwe53pQN5HXj258zQN5bATF6bUz8gFLZ8Tj3vHdfa
236	B62qjzfgc1Z5tcbbuprWNtPmcA1aVEEf75EnDtss3VM3JrTyvWN5w8R
237	B62qkjyPMQDyVcBt4is9wamDeQBgvBTHbx6bYSFyGk6NndJJ3c1Te4Q
238	B62qjrZB4CzmYULfHB4NAXqjQoEnAESXmeyBAjxEfjCksXE1F7uLGtH
239	B62qkixmJk8DEY8wa7EQbVbZ4b36dCwGoW94rwPkzZnBkB8GjVaRMP5
240	B62qjkjpZtKLrVFyUE4i4hAhYEqaTQYYuJDoQrhisdFbpm61TEm1tE5
241	B62qrqndewerFzXSvc2JzDbFYNvoFTrbLsya4hTsy5bLTXmb9owUzcd
242	B62qrGPBCRyP4xiGWn8FNVveFbYuHWxKL677VZWteikeJJjWzHGzczB
243	B62qmMJHLzjHU23a2ptkLCykrinhasS2tN62nWNqotCfG2giEfoxviz
\.


--
-- Data for Name: snarked_ledger_hashes; Type: TABLE DATA; Schema: public; Owner: postgres
--

COPY public.snarked_ledger_hashes (id, value) FROM stdin;
1	jxeU8vnzSQvUMzmiQeJHZWpQ61CfyB3aKfiSJLBxzNEDN1AeZ1t
\.


--
-- Data for Name: timing_info; Type: TABLE DATA; Schema: public; Owner: postgres
--

COPY public.timing_info (id, account_identifier_id, initial_minimum_balance, cliff_time, cliff_amount, vesting_period, vesting_increment) FROM stdin;
1	1	0	0	0	0	0
2	2	0	0	0	0	0
3	3	0	0	0	0	0
4	4	0	0	0	0	0
5	5	0	0	0	0	0
6	6	0	0	0	0	0
7	7	0	0	0	0	0
8	8	0	0	0	0	0
9	9	0	0	0	0	0
10	10	0	0	0	0	0
11	11	0	0	0	0	0
12	12	0	0	0	0	0
13	13	0	0	0	0	0
14	14	0	0	0	0	0
15	15	0	0	0	0	0
16	16	0	0	0	0	0
17	17	0	0	0	0	0
18	18	0	0	0	0	0
19	19	0	0	0	0	0
20	20	0	0	0	0	0
21	21	0	0	0	0	0
22	22	0	0	0	0	0
23	23	0	0	0	0	0
24	24	0	0	0	0	0
25	25	0	0	0	0	0
26	26	0	0	0	0	0
27	27	0	0	0	0	0
28	28	0	0	0	0	0
29	29	0	0	0	0	0
30	30	0	0	0	0	0
31	31	0	0	0	0	0
32	32	0	0	0	0	0
33	33	0	0	0	0	0
34	34	0	0	0	0	0
35	35	0	0	0	0	0
36	36	0	0	0	0	0
37	37	0	0	0	0	0
38	38	0	0	0	0	0
39	39	0	0	0	0	0
40	40	0	0	0	0	0
41	41	0	0	0	0	0
42	42	0	0	0	0	0
43	43	0	0	0	0	0
44	44	0	0	0	0	0
45	45	0	0	0	0	0
46	46	0	0	0	0	0
47	47	0	0	0	0	0
48	48	0	0	0	0	0
49	49	0	0	0	0	0
50	50	0	0	0	0	0
51	51	0	0	0	0	0
52	52	0	0	0	0	0
53	53	0	0	0	0	0
54	54	0	0	0	0	0
55	55	0	0	0	0	0
56	56	0	0	0	0	0
57	57	0	0	0	0	0
58	58	0	0	0	0	0
59	59	0	0	0	0	0
60	60	0	0	0	0	0
61	61	0	0	0	0	0
62	62	0	0	0	0	0
63	63	0	0	0	0	0
64	64	0	0	0	0	0
65	65	0	0	0	0	0
66	66	0	0	0	0	0
67	67	0	0	0	0	0
68	68	0	0	0	0	0
69	69	0	0	0	0	0
70	70	0	0	0	0	0
71	71	0	0	0	0	0
72	72	0	0	0	0	0
73	73	0	0	0	0	0
74	74	0	0	0	0	0
75	75	0	0	0	0	0
76	76	0	0	0	0	0
77	77	0	0	0	0	0
78	78	0	0	0	0	0
79	79	0	0	0	0	0
80	80	0	0	0	0	0
81	81	0	0	0	0	0
82	82	0	0	0	0	0
83	83	0	0	0	0	0
84	84	0	0	0	0	0
85	85	0	0	0	0	0
86	86	0	0	0	0	0
87	87	0	0	0	0	0
88	88	0	0	0	0	0
89	89	0	0	0	0	0
90	90	0	0	0	0	0
91	91	0	0	0	0	0
92	92	0	0	0	0	0
93	93	0	0	0	0	0
94	94	0	0	0	0	0
95	95	0	0	0	0	0
96	96	0	0	0	0	0
97	97	0	0	0	0	0
98	98	0	0	0	0	0
99	99	0	0	0	0	0
100	100	0	0	0	0	0
101	101	0	0	0	0	0
102	102	0	0	0	0	0
103	103	0	0	0	0	0
104	104	0	0	0	0	0
105	105	0	0	0	0	0
106	106	0	0	0	0	0
107	107	0	0	0	0	0
108	108	0	0	0	0	0
109	109	0	0	0	0	0
110	110	0	0	0	0	0
111	111	0	0	0	0	0
112	112	0	0	0	0	0
113	113	0	0	0	0	0
114	114	0	0	0	0	0
115	115	0	0	0	0	0
116	116	0	0	0	0	0
117	117	0	0	0	0	0
118	118	0	0	0	0	0
119	119	0	0	0	0	0
120	120	0	0	0	0	0
121	121	0	0	0	0	0
122	122	0	0	0	0	0
123	123	0	0	0	0	0
124	124	0	0	0	0	0
125	125	0	0	0	0	0
126	126	0	0	0	0	0
127	127	0	0	0	0	0
128	128	0	0	0	0	0
129	129	0	0	0	0	0
130	130	0	0	0	0	0
131	131	0	0	0	0	0
132	132	0	0	0	0	0
133	133	0	0	0	0	0
134	134	0	0	0	0	0
135	135	0	0	0	0	0
136	136	0	0	0	0	0
137	137	0	0	0	0	0
138	138	0	0	0	0	0
139	139	0	0	0	0	0
140	140	0	0	0	0	0
141	141	0	0	0	0	0
142	142	0	0	0	0	0
143	143	0	0	0	0	0
144	144	0	0	0	0	0
145	145	0	0	0	0	0
146	146	0	0	0	0	0
147	147	0	0	0	0	0
148	148	0	0	0	0	0
149	149	0	0	0	0	0
150	150	0	0	0	0	0
151	151	0	0	0	0	0
152	152	0	0	0	0	0
153	153	0	0	0	0	0
154	154	0	0	0	0	0
155	155	0	0	0	0	0
156	156	0	0	0	0	0
157	157	0	0	0	0	0
158	158	0	0	0	0	0
159	159	0	0	0	0	0
160	160	0	0	0	0	0
161	161	0	0	0	0	0
162	162	0	0	0	0	0
163	163	0	0	0	0	0
164	164	0	0	0	0	0
165	165	0	0	0	0	0
166	166	0	0	0	0	0
167	167	0	0	0	0	0
168	168	0	0	0	0	0
169	169	0	0	0	0	0
170	170	0	0	0	0	0
171	171	0	0	0	0	0
172	172	0	0	0	0	0
173	173	0	0	0	0	0
174	174	0	0	0	0	0
175	175	0	0	0	0	0
176	176	0	0	0	0	0
177	177	0	0	0	0	0
178	178	0	0	0	0	0
179	179	0	0	0	0	0
180	180	0	0	0	0	0
181	181	0	0	0	0	0
182	182	0	0	0	0	0
183	183	0	0	0	0	0
184	184	0	0	0	0	0
185	185	0	0	0	0	0
186	186	0	0	0	0	0
187	187	0	0	0	0	0
188	188	0	0	0	0	0
189	189	0	0	0	0	0
190	190	0	0	0	0	0
191	191	0	0	0	0	0
192	192	0	0	0	0	0
193	193	0	0	0	0	0
194	194	0	0	0	0	0
195	195	0	0	0	0	0
196	196	0	0	0	0	0
197	197	0	0	0	0	0
198	198	0	0	0	0	0
199	199	0	0	0	0	0
200	200	0	0	0	0	0
201	201	0	0	0	0	0
202	202	0	0	0	0	0
203	203	0	0	0	0	0
204	204	0	0	0	0	0
205	205	0	0	0	0	0
206	206	0	0	0	0	0
207	207	0	0	0	0	0
208	208	0	0	0	0	0
209	209	0	0	0	0	0
210	210	0	0	0	0	0
211	211	0	0	0	0	0
212	212	0	0	0	0	0
213	213	0	0	0	0	0
214	214	0	0	0	0	0
215	215	0	0	0	0	0
216	216	0	0	0	0	0
217	217	0	0	0	0	0
218	218	0	0	0	0	0
219	219	0	0	0	0	0
220	220	0	0	0	0	0
221	221	0	0	0	0	0
222	222	0	0	0	0	0
223	223	0	0	0	0	0
224	224	0	0	0	0	0
225	225	0	0	0	0	0
226	226	0	0	0	0	0
227	227	0	0	0	0	0
228	228	0	0	0	0	0
229	229	0	0	0	0	0
230	230	0	0	0	0	0
231	231	0	0	0	0	0
232	232	0	0	0	0	0
233	233	0	0	0	0	0
234	234	0	0	0	0	0
235	235	0	0	0	0	0
236	236	0	0	0	0	0
237	237	0	0	0	0	0
238	238	0	0	0	0	0
239	239	0	0	0	0	0
240	240	0	0	0	0	0
241	241	0	0	0	0	0
242	242	0	0	0	0	0
\.


--
-- Data for Name: token_symbols; Type: TABLE DATA; Schema: public; Owner: postgres
--

COPY public.token_symbols (id, value) FROM stdin;
1	
\.


--
-- Data for Name: tokens; Type: TABLE DATA; Schema: public; Owner: postgres
--

COPY public.tokens (id, value, owner_public_key_id, owner_token_id) FROM stdin;
1	wSHV2S4qX9jFsLjQo8r1BsMLH2ZRKsZx6EJd1sbozGPieEC4Jf	\N	\N
\.


--
-- Data for Name: user_commands; Type: TABLE DATA; Schema: public; Owner: postgres
--

COPY public.user_commands (id, command_type, fee_payer_id, source_id, receiver_id, nonce, amount, fee, valid_until, memo, hash) FROM stdin;
1	payment	45	45	45	0	1000000000	250000000	\N	E4YM2vTHhWEg66xpj52JErHUBU4pZ1yageL4TVDDpTTSsv8mK6YaH	5Jtgpmj6TRuYfL6v9VB6pDRA1KUJdHzSzHGHgxLS6TKVXKwX6fpa
2	payment	45	45	45	1	1000000000	250000000	\N	E4YM2vTHhWEg66xpj52JErHUBU4pZ1yageL4TVDDpTTSsv8mK6YaH	5Jth2nhQv2DwaE3kPJiV5sMu4sdhoKAfKU4oUsRvYiEJve9ZPuS5
3	payment	45	45	45	2	1000000000	250000000	\N	E4YM2vTHhWEg66xpj52JErHUBU4pZ1yageL4TVDDpTTSsv8mK6YaH	5Jtx1DRSGwo8AspqVurdKsuwW1zf8WE1FVNFqteg26XsNUj3fGTW
4	payment	45	45	45	3	1000000000	250000000	\N	E4YM2vTHhWEg66xpj52JErHUBU4pZ1yageL4TVDDpTTSsv8mK6YaH	5Ju9YjVt69SoYNVpVpQpd3wdg8ExL5CNnsBWt7RSmk1mpe7ggi5B
5	payment	45	45	45	4	1000000000	250000000	\N	E4YM2vTHhWEg66xpj52JErHUBU4pZ1yageL4TVDDpTTSsv8mK6YaH	5JuRb9Eb4hxYGefmTJxcKXFVHUX3YG328vhMNpydNcWaRFF145vY
6	payment	45	45	45	5	1000000000	250000000	\N	E4YM2vTHhWEg66xpj52JErHUBU4pZ1yageL4TVDDpTTSsv8mK6YaH	5Jv2NiQGXGMVfGGLyFx5KL2WcNJX56DZtXMKLtn1jG5ResgbBXx7
7	payment	45	45	45	6	1000000000	250000000	\N	E4YM2vTHhWEg66xpj52JErHUBU4pZ1yageL4TVDDpTTSsv8mK6YaH	5JuTAtA73gmcSr18A82gJRJmiUHgqTzm9xvYPqBd1zGxMvVFuwzN
8	payment	45	45	45	7	1000000000	250000000	\N	E4YM2vTHhWEg66xpj52JErHUBU4pZ1yageL4TVDDpTTSsv8mK6YaH	5JuEzpuUkxDsfe74hiFf9NZFAmiRrxejNH224cVKrMdSAoTWg9bD
9	payment	45	45	45	8	1000000000	250000000	\N	E4YM2vTHhWEg66xpj52JErHUBU4pZ1yageL4TVDDpTTSsv8mK6YaH	5JtXbDYanYmf5nL9ehExW1AitcPapM4NEukigMMghm8a6FCoppNp
10	payment	45	45	45	9	1000000000	250000000	\N	E4YM2vTHhWEg66xpj52JErHUBU4pZ1yageL4TVDDpTTSsv8mK6YaH	5JvDvsWpaQNWUEdymF2Qo9H1HNRSDePksL5hD4r6ukD4F1vEZKR8
11	payment	45	45	45	10	1000000000	250000000	\N	E4YM2vTHhWEg66xpj52JErHUBU4pZ1yageL4TVDDpTTSsv8mK6YaH	5Ju1pu4m35fRbJGWYsoCf9vC172f79MECkgQQLYrCpuQXCzXHjG4
12	payment	45	45	45	11	1000000000	250000000	\N	E4YM2vTHhWEg66xpj52JErHUBU4pZ1yageL4TVDDpTTSsv8mK6YaH	5Jug9GUMqqL72pbLAPPCd3AW7qEviGmA8G6XYQwiSJnpp7moFcv8
13	payment	45	45	45	12	1000000000	250000000	\N	E4YM2vTHhWEg66xpj52JErHUBU4pZ1yageL4TVDDpTTSsv8mK6YaH	5Jtia2vXUEjXPjT17r8g8WVU3D3yK9bhVpRMqmxvZkQ9oCL1bERe
14	payment	45	45	45	13	1000000000	250000000	\N	E4YM2vTHhWEg66xpj52JErHUBU4pZ1yageL4TVDDpTTSsv8mK6YaH	5JuXcTpHAPtHzLWBVFy2SrQumb5DshDfcUxuzx7mEP5673qD96QL
15	payment	45	45	45	14	1000000000	250000000	\N	E4YM2vTHhWEg66xpj52JErHUBU4pZ1yageL4TVDDpTTSsv8mK6YaH	5Jv6R9NWp7jCa6otmXxw9bW2JBRJPG1xrFHywAyRRaqsrcvj7cEf
16	payment	45	45	45	15	1000000000	250000000	\N	E4YM2vTHhWEg66xpj52JErHUBU4pZ1yageL4TVDDpTTSsv8mK6YaH	5Juy3P9Qo5zCx7q5tUFJUCHmrr3tyRz7rBYgPY3MVaCFuTW3x9Yp
17	payment	45	45	45	16	1000000000	250000000	\N	E4YM2vTHhWEg66xpj52JErHUBU4pZ1yageL4TVDDpTTSsv8mK6YaH	5JucPRTYrv5zDMjawdwxdnScMveYFySwCLTNG53SiJyWYrNhzRee
18	payment	45	45	45	17	1000000000	250000000	\N	E4YM2vTHhWEg66xpj52JErHUBU4pZ1yageL4TVDDpTTSsv8mK6YaH	5Ju31xmmQXHCyNGgAUTE67J7qXyca2jCajuTTVyEeH4aopP7CCWW
19	payment	45	45	45	18	1000000000	250000000	\N	E4YM2vTHhWEg66xpj52JErHUBU4pZ1yageL4TVDDpTTSsv8mK6YaH	5JuTqb6rqpyKtFdnYaDRfYre1Y3kqc3AvaRKBWRqiydKn7q6tnaY
20	payment	45	45	45	19	1000000000	250000000	\N	E4YM2vTHhWEg66xpj52JErHUBU4pZ1yageL4TVDDpTTSsv8mK6YaH	5JuxQDGkkeJrcpb68cCCLiSpqmGTcBWLC7uKEo4zN2H48yiyjCRN
21	payment	45	45	45	20	1000000000	250000000	\N	E4YM2vTHhWEg66xpj52JErHUBU4pZ1yageL4TVDDpTTSsv8mK6YaH	5JvLxKk6RSoczrs2Mwz8cN5otALssNEHEpypo15qNtZs3uJiK9pH
22	payment	45	45	45	21	1000000000	250000000	\N	E4YM2vTHhWEg66xpj52JErHUBU4pZ1yageL4TVDDpTTSsv8mK6YaH	5Jv9YegHKHBpZXCeSD5ozWKdmKwBTv5ukJAmRQGJD43TuzyfSASx
23	payment	45	45	45	22	1000000000	250000000	\N	E4YM2vTHhWEg66xpj52JErHUBU4pZ1yageL4TVDDpTTSsv8mK6YaH	5JuXQKtUWFXQ9D4Ucijdg3CxVtbeZP2W4Y9AziHndBYFULqUecov
24	payment	45	45	45	23	1000000000	250000000	\N	E4YM2vTHhWEg66xpj52JErHUBU4pZ1yageL4TVDDpTTSsv8mK6YaH	5Jv7FA5XXbBSAaHsYHkoMYsDjoV9eJ4BcKw7qfgguxE2ivx7FkwB
25	payment	45	45	45	24	1000000000	250000000	\N	E4YM2vTHhWEg66xpj52JErHUBU4pZ1yageL4TVDDpTTSsv8mK6YaH	5JvCuUDrxwxsQyvnhxeTjV7pZh65uCJzVzsdLiUzTQiH6Lujb28B
26	payment	45	45	45	25	1000000000	250000000	\N	E4YM2vTHhWEg66xpj52JErHUBU4pZ1yageL4TVDDpTTSsv8mK6YaH	5Juu15xU6vD4W52SAymgSczJmyejZ8pGwUsko7ZJ7G4xfJYjywrf
27	payment	45	45	45	26	1000000000	250000000	\N	E4YM2vTHhWEg66xpj52JErHUBU4pZ1yageL4TVDDpTTSsv8mK6YaH	5Ju6xxepeucn62LnHuWBuEbYXnUqsKDYKgsWGurdYWHvUL16m4Li
28	payment	45	45	45	27	1000000000	250000000	\N	E4YM2vTHhWEg66xpj52JErHUBU4pZ1yageL4TVDDpTTSsv8mK6YaH	5JtjYedMzJd8A5Ph2s67xpBpW3fVhowNa4w25xvyz2jKKWwsc3Uh
29	payment	45	45	45	28	1000000000	250000000	\N	E4YM2vTHhWEg66xpj52JErHUBU4pZ1yageL4TVDDpTTSsv8mK6YaH	5JtfbP94j9fKaDZZQbdieC27mar854No4c7zWz2B5D2XSk3FoFEs
30	payment	45	45	45	29	1000000000	250000000	\N	E4YM2vTHhWEg66xpj52JErHUBU4pZ1yageL4TVDDpTTSsv8mK6YaH	5Jv77LwLDXpe7s4hSZFGapW2bQYbtehA6iJex6N2HGAdV49SHafy
31	payment	45	45	45	30	1000000000	250000000	\N	E4YM2vTHhWEg66xpj52JErHUBU4pZ1yageL4TVDDpTTSsv8mK6YaH	5JtrxyeveDuTFq6pnZKDPzYcz6UtoQVWY9Pzh6MPz2dEJvVJPEBA
32	payment	45	45	45	31	1000000000	250000000	\N	E4YM2vTHhWEg66xpj52JErHUBU4pZ1yageL4TVDDpTTSsv8mK6YaH	5JumSqh6maLsL37XKLqeP2QDdp17c2fNgtUm7PbRbAx9D7FTjtmd
33	payment	45	45	45	32	1000000000	250000000	\N	E4YM2vTHhWEg66xpj52JErHUBU4pZ1yageL4TVDDpTTSsv8mK6YaH	5JuXWenmp4Lqjn7qQFbGZzVvc9tHPGEXmH5pF3eSYmitbuu1E7ht
34	payment	45	45	45	33	1000000000	250000000	\N	E4YM2vTHhWEg66xpj52JErHUBU4pZ1yageL4TVDDpTTSsv8mK6YaH	5Jtjj6vBqAaeLS6rtPcdEfDFoeu2R8DczCYMKPiuc3d69xoMXnnW
35	payment	45	45	45	34	1000000000	250000000	\N	E4YM2vTHhWEg66xpj52JErHUBU4pZ1yageL4TVDDpTTSsv8mK6YaH	5JteNxXUqrd2yuDFzK7QPzh9zTpj1JZZ63hHy1uBy7hnuBoS19US
36	payment	45	45	45	35	1000000000	250000000	\N	E4YM2vTHhWEg66xpj52JErHUBU4pZ1yageL4TVDDpTTSsv8mK6YaH	5Jtt4A3v6D3ThWd8szmMKBYL2EpXPQtMZjGLGz6GMvA3bZRdAyvM
37	payment	45	45	45	36	1000000000	250000000	\N	E4YM2vTHhWEg66xpj52JErHUBU4pZ1yageL4TVDDpTTSsv8mK6YaH	5Jtgkx3JfHp2UiLK7xoMocdJFC8KeJfQLtED4wid53qY9eU4ea6t
38	payment	45	45	45	37	1000000000	250000000	\N	E4YM2vTHhWEg66xpj52JErHUBU4pZ1yageL4TVDDpTTSsv8mK6YaH	5JuKHxQqmgCgx4Lp9oARKoPPCtPzxF81mZwVMmmwYTy5c3cXCUph
39	payment	45	45	45	38	1000000000	250000000	\N	E4YM2vTHhWEg66xpj52JErHUBU4pZ1yageL4TVDDpTTSsv8mK6YaH	5JteEXVAVAbCJTQcYyV3kFNCKpZKrbpNS1rRGeyeAaYUcqxjDyPh
40	payment	45	45	45	39	1000000000	250000000	\N	E4YM2vTHhWEg66xpj52JErHUBU4pZ1yageL4TVDDpTTSsv8mK6YaH	5Jth1zR76CcfuHZ3dqK6Wb3Ry1D5hVaR94q4wz69bHDuH7xL6p5c
41	payment	45	45	45	40	1000000000	250000000	\N	E4YM2vTHhWEg66xpj52JErHUBU4pZ1yageL4TVDDpTTSsv8mK6YaH	5JtjQnAZF8Pqv7jAXhBmtzuj91AuKENFndC2Mv4SBHvNPgvG7xCb
42	payment	45	45	45	41	1000000000	250000000	\N	E4YM2vTHhWEg66xpj52JErHUBU4pZ1yageL4TVDDpTTSsv8mK6YaH	5JvCAXa9u4EQC5PRmtSs2QuhumGNXx61AyLocinTHVs8h6FucRAg
51	payment	45	45	45	50	1000000000	250000000	\N	E4YM2vTHhWEg66xpj52JErHUBU4pZ1yageL4TVDDpTTSsv8mK6YaH	5JvJNK4aRszpkxSLJwyACF5BdJvcw7CBeN1wGmeNyvRgqHCUQBWy
52	payment	45	45	45	51	1000000000	250000000	\N	E4YM2vTHhWEg66xpj52JErHUBU4pZ1yageL4TVDDpTTSsv8mK6YaH	5JtcxsV5MFtm3ePKsYxQXsxYNZfUXtYZiRRfUWkawXgLbdCqnGeV
53	payment	45	45	45	52	1000000000	250000000	\N	E4YM2vTHhWEg66xpj52JErHUBU4pZ1yageL4TVDDpTTSsv8mK6YaH	5JvEVtDrYzHetADo5fqyquNp61rrJC8Embs1UC9EyfWPbvxN5F7F
54	payment	45	45	45	53	1000000000	250000000	\N	E4YM2vTHhWEg66xpj52JErHUBU4pZ1yageL4TVDDpTTSsv8mK6YaH	5JuETXAkQ1G6F5RsPmyG8JqbzsoiZJphWQpSccvSAcY4SrKfcutD
55	payment	45	45	45	54	1000000000	250000000	\N	E4YM2vTHhWEg66xpj52JErHUBU4pZ1yageL4TVDDpTTSsv8mK6YaH	5JuUeAtJ1GxdcpxSktAD7gf4T2DTAdLFuGXMcv36cFY1HpY2xHq6
56	payment	45	45	45	55	1000000000	250000000	\N	E4YM2vTHhWEg66xpj52JErHUBU4pZ1yageL4TVDDpTTSsv8mK6YaH	5JtdwBE23HiQXhKCsdqXSWVJv4NmRMsZgw8EgjJuoJwKWDMtjKfN
57	payment	45	45	45	56	1000000000	250000000	\N	E4YM2vTHhWEg66xpj52JErHUBU4pZ1yageL4TVDDpTTSsv8mK6YaH	5Juuv2dTrGXfNGCz8Uu5v8mGg8RKxZyogk8VFxjFfqkn279sk2vJ
58	payment	45	45	45	57	1000000000	250000000	\N	E4YM2vTHhWEg66xpj52JErHUBU4pZ1yageL4TVDDpTTSsv8mK6YaH	5Jv3XuwToNqApkUESZVNNiqWXzo72xT1RZSpa56HyPeApL43qM8P
59	payment	45	45	45	58	1000000000	250000000	\N	E4YM2vTHhWEg66xpj52JErHUBU4pZ1yageL4TVDDpTTSsv8mK6YaH	5JtiaSBodsa3JDbjeBdMzXCk9q1uSCLiSoPyrMpnihbiXM5o6JNX
60	payment	45	45	45	59	1000000000	250000000	\N	E4YM2vTHhWEg66xpj52JErHUBU4pZ1yageL4TVDDpTTSsv8mK6YaH	5JuRE1oX949SMiMmqRjVhnLUEJnmwVs23JHCmjJgdNiVedUtBqHQ
61	payment	45	45	45	60	1000000000	250000000	\N	E4YM2vTHhWEg66xpj52JErHUBU4pZ1yageL4TVDDpTTSsv8mK6YaH	5JuVTgVZ1FPJEboGooVhidq7BWUFgz6KD9sY8wEJrYWNsCAjbQ3G
62	payment	45	45	45	61	1000000000	250000000	\N	E4YM2vTHhWEg66xpj52JErHUBU4pZ1yageL4TVDDpTTSsv8mK6YaH	5JutJw85HWpHMmKsG162PKNdwf9yhVrcFkyrcdQL3E6KcGx8fdki
63	payment	45	45	45	62	1000000000	250000000	\N	E4YM2vTHhWEg66xpj52JErHUBU4pZ1yageL4TVDDpTTSsv8mK6YaH	5JvAjSEfaPeX7ksmRdfeRJYToRXyEoTA3gLFAfHcfpBqCG1XVBcJ
64	payment	45	45	45	63	1000000000	250000000	\N	E4YM2vTHhWEg66xpj52JErHUBU4pZ1yageL4TVDDpTTSsv8mK6YaH	5JtkSUVDuKxKFZfTPmzAtt2PPuzbFeMZHQtqqNGaPx9yVkiYWyJS
65	payment	45	45	45	64	1000000000	250000000	\N	E4YM2vTHhWEg66xpj52JErHUBU4pZ1yageL4TVDDpTTSsv8mK6YaH	5JtcFaLwMHhSN1BL2zoW9nPL9PkSY8rMYyBGCuseQBHckhSsAR5B
66	payment	45	45	45	65	1000000000	250000000	\N	E4YM2vTHhWEg66xpj52JErHUBU4pZ1yageL4TVDDpTTSsv8mK6YaH	5JvHDxdAknENLtio96EGVZUsoyUvNrgkRSda1N3TX3nDMHecVWsG
43	payment	45	45	45	42	1000000000	250000000	\N	E4YM2vTHhWEg66xpj52JErHUBU4pZ1yageL4TVDDpTTSsv8mK6YaH	5JtvusFpCmpwYy5UwriQ84wbQtHevcQuGbvKLLpHoTLVgvFzufWy
44	payment	45	45	45	43	1000000000	250000000	\N	E4YM2vTHhWEg66xpj52JErHUBU4pZ1yageL4TVDDpTTSsv8mK6YaH	5JvByfwj6C5axcbYJpuRWM4kMNKxAboZmFU5KNdcsM7RYKUcZF6k
45	payment	45	45	45	44	1000000000	250000000	\N	E4YM2vTHhWEg66xpj52JErHUBU4pZ1yageL4TVDDpTTSsv8mK6YaH	5JtWQsUCR8HD1s1wKUPvKLrRekqqpuNjaHjdPPLeMs7BX9ojcYir
46	payment	45	45	45	45	1000000000	250000000	\N	E4YM2vTHhWEg66xpj52JErHUBU4pZ1yageL4TVDDpTTSsv8mK6YaH	5JvFWgSBSrUVUp1TQFv5QZYfMitv3ZR5gF8AzzdKdrsxHSiS9hq4
47	payment	45	45	45	46	1000000000	250000000	\N	E4YM2vTHhWEg66xpj52JErHUBU4pZ1yageL4TVDDpTTSsv8mK6YaH	5JuA3c9KiKPL4KczsxP5MyMtTrpkKuPDVFr6GRnppNX927VkEiRu
48	payment	45	45	45	47	1000000000	250000000	\N	E4YM2vTHhWEg66xpj52JErHUBU4pZ1yageL4TVDDpTTSsv8mK6YaH	5JtycktkUWcJmaPvypAc5yJJJk5QNiCKSH8xaShkAekKJQXnjzjg
49	payment	45	45	45	48	1000000000	250000000	\N	E4YM2vTHhWEg66xpj52JErHUBU4pZ1yageL4TVDDpTTSsv8mK6YaH	5Ju7AQvnP3XC7XLktgRKphmJhY5BrCrkL6b9haokZ674ukzfKRvD
50	payment	45	45	45	49	1000000000	250000000	\N	E4YM2vTHhWEg66xpj52JErHUBU4pZ1yageL4TVDDpTTSsv8mK6YaH	5Jtm4iVM2hsQ4iSC7AYoCwF3uDxeN1PYmH5S1Q9nrLVwS4R26AFM
67	payment	45	45	45	66	1000000000	250000000	\N	E4YM2vTHhWEg66xpj52JErHUBU4pZ1yageL4TVDDpTTSsv8mK6YaH	5JtxtUXGnAtcES2jCWuUJTqQcCQq1SJYcbjuUczGTV3boW4ToQ9B
68	payment	45	45	45	67	1000000000	250000000	\N	E4YM2vTHhWEg66xpj52JErHUBU4pZ1yageL4TVDDpTTSsv8mK6YaH	5JvGkazUvHWVpvn9hqGBkp8QRbM5ZXB8Qse6AFPeKhsYHbgfnCdk
69	payment	45	45	45	68	1000000000	250000000	\N	E4YM2vTHhWEg66xpj52JErHUBU4pZ1yageL4TVDDpTTSsv8mK6YaH	5Jtkg4bjRR16DHBEmoDjZi8PLebnMy9eTR6gW5QoDAHFtWjEeB16
70	payment	45	45	45	69	1000000000	250000000	\N	E4YM2vTHhWEg66xpj52JErHUBU4pZ1yageL4TVDDpTTSsv8mK6YaH	5JuSUGUuPjvx6AfWcY1a7EwpVVEJox5iw4EaEiBL7tEmZTAX5N4r
\.


--
-- Data for Name: voting_for; Type: TABLE DATA; Schema: public; Owner: postgres
--

COPY public.voting_for (id, value) FROM stdin;
1	3NK2tkzqqK5spR2sZ7tujjqPksL45M3UUrcA4WhCkeiPtnugyE2x
\.


--
-- Data for Name: zkapp_account_precondition; Type: TABLE DATA; Schema: public; Owner: postgres
--

COPY public.zkapp_account_precondition (id, balance_id, nonce_id, receipt_chain_hash, delegate_id, state_id, action_state_id, proved_state, is_new) FROM stdin;
1	\N	1	\N	\N	1	\N	\N	\N
2	\N	\N	\N	\N	1	\N	\N	\N
3	\N	2	\N	\N	1	\N	\N	\N
4	\N	3	\N	\N	1	\N	\N	\N
5	\N	4	\N	\N	1	\N	\N	\N
6	\N	5	\N	\N	1	\N	\N	\N
7	\N	6	\N	\N	1	\N	\N	\N
8	\N	7	\N	\N	1	\N	\N	\N
9	\N	8	\N	\N	1	\N	\N	\N
10	\N	9	\N	\N	1	\N	\N	\N
11	\N	10	\N	\N	1	\N	\N	\N
12	\N	11	\N	\N	1	\N	\N	\N
13	\N	12	\N	\N	1	\N	\N	\N
14	\N	13	\N	\N	1	\N	\N	\N
15	\N	14	\N	\N	1	\N	\N	\N
16	\N	15	\N	\N	1	\N	\N	\N
17	\N	16	\N	\N	1	\N	\N	\N
18	\N	17	\N	\N	1	\N	\N	\N
19	\N	18	\N	\N	1	\N	\N	\N
20	\N	19	\N	\N	1	\N	\N	\N
21	\N	20	\N	\N	1	\N	\N	\N
22	\N	21	\N	\N	1	\N	\N	\N
23	\N	22	\N	\N	1	\N	\N	\N
24	\N	23	\N	\N	1	\N	\N	\N
25	\N	24	\N	\N	1	\N	\N	\N
26	\N	25	\N	\N	1	\N	\N	\N
27	\N	26	\N	\N	1	\N	\N	\N
28	\N	27	\N	\N	1	\N	\N	\N
29	\N	28	\N	\N	1	\N	\N	\N
30	\N	29	\N	\N	1	\N	\N	\N
31	\N	30	\N	\N	1	\N	\N	\N
32	\N	31	\N	\N	1	\N	\N	\N
33	\N	32	\N	\N	1	\N	\N	\N
34	\N	33	\N	\N	1	\N	\N	\N
35	\N	34	\N	\N	1	\N	\N	\N
36	\N	35	\N	\N	1	\N	\N	\N
37	\N	36	\N	\N	1	\N	\N	\N
38	\N	37	\N	\N	1	\N	\N	\N
39	\N	38	\N	\N	1	\N	\N	\N
40	\N	39	\N	\N	1	\N	\N	\N
41	\N	40	\N	\N	1	\N	\N	\N
42	\N	41	\N	\N	1	\N	\N	\N
43	\N	42	\N	\N	1	\N	\N	\N
44	\N	43	\N	\N	1	\N	\N	\N
45	\N	44	\N	\N	1	\N	\N	\N
46	\N	45	\N	\N	1	\N	\N	\N
47	\N	46	\N	\N	1	\N	\N	\N
48	\N	47	\N	\N	1	\N	\N	\N
49	\N	48	\N	\N	1	\N	\N	\N
50	\N	49	\N	\N	1	\N	\N	\N
51	\N	50	\N	\N	1	\N	\N	\N
52	\N	51	\N	\N	1	\N	\N	\N
53	\N	52	\N	\N	1	\N	\N	\N
54	\N	53	\N	\N	1	\N	\N	\N
55	\N	54	\N	\N	1	\N	\N	\N
56	\N	55	\N	\N	1	\N	\N	\N
57	\N	56	\N	\N	1	\N	\N	\N
58	\N	57	\N	\N	1	\N	\N	\N
59	\N	58	\N	\N	1	\N	\N	\N
60	\N	59	\N	\N	1	\N	\N	\N
61	\N	60	\N	\N	1	\N	\N	\N
62	\N	61	\N	\N	1	\N	\N	\N
63	\N	62	\N	\N	1	\N	\N	\N
64	\N	63	\N	\N	1	\N	\N	\N
65	\N	64	\N	\N	1	\N	\N	\N
66	\N	65	\N	\N	1	\N	\N	\N
67	\N	66	\N	\N	1	\N	\N	\N
68	\N	67	\N	\N	1	\N	\N	\N
69	\N	68	\N	\N	1	\N	\N	\N
70	\N	69	\N	\N	1	\N	\N	\N
71	\N	70	\N	\N	1	\N	\N	\N
\.


--
-- Data for Name: zkapp_account_update; Type: TABLE DATA; Schema: public; Owner: postgres
--

COPY public.zkapp_account_update (id, body_id) FROM stdin;
1	1
2	2
3	3
4	4
5	5
6	6
7	7
8	8
9	9
10	10
11	11
12	12
13	13
14	14
15	15
16	16
17	17
18	18
19	19
20	20
21	21
22	22
23	23
24	24
25	25
26	26
27	27
28	28
29	29
30	30
31	31
32	32
33	33
34	34
35	35
36	36
37	37
38	38
39	39
40	40
41	41
42	42
43	43
44	44
45	45
46	46
47	47
48	48
49	49
50	50
51	51
52	52
53	53
54	54
55	55
56	56
57	57
58	58
59	59
60	60
61	61
62	62
63	63
64	64
65	65
66	66
67	67
68	68
69	69
70	70
71	71
72	72
73	73
74	74
75	75
76	76
77	77
78	78
79	79
80	80
81	81
82	82
83	83
84	84
85	85
86	86
87	87
88	88
89	89
90	90
91	91
92	92
93	93
94	94
95	95
96	96
97	97
98	98
99	99
100	100
101	101
102	102
103	103
104	104
105	105
106	106
107	107
108	108
109	109
110	110
111	111
112	112
113	113
114	114
115	115
116	116
117	117
118	118
119	119
120	120
121	121
122	122
123	123
124	124
125	125
126	126
127	127
128	128
129	129
130	130
131	131
132	132
133	133
134	134
135	135
136	136
137	137
138	138
139	139
140	140
\.


--
-- Data for Name: zkapp_account_update_body; Type: TABLE DATA; Schema: public; Owner: postgres
--

COPY public.zkapp_account_update_body (id, account_identifier_id, update_id, balance_change, increment_nonce, events_id, actions_id, call_data_id, call_depth, zkapp_network_precondition_id, zkapp_account_precondition_id, zkapp_valid_while_precondition_id, use_full_commitment, implicit_account_creation_fee, may_use_token, authorization_kind, verification_key_hash_id) FROM stdin;
1	58	1	-1000000000000	t	1	1	1	0	1	1	\N	f	f	No	Signature	\N
2	243	2	999000000000	f	1	1	1	0	1	2	\N	t	f	No	Signature	\N
3	58	1	-1000000000	t	1	1	1	0	1	3	\N	f	f	No	Signature	\N
4	243	1	1000000000	f	1	1	1	0	1	2	\N	f	f	No	None_given	\N
5	243	3	0	f	1	1	1	0	1	2	\N	t	f	No	Signature	\N
6	58	1	-1000000000	t	1	1	1	0	1	4	\N	f	f	No	Signature	\N
7	243	4	0	f	1	1	1	0	1	2	\N	t	f	No	Signature	\N
8	58	1	-1000000000	t	1	1	1	0	1	5	\N	f	f	No	Signature	\N
9	243	5	0	f	1	1	1	0	1	2	\N	t	f	No	Signature	\N
10	58	1	-1000000000	t	1	1	1	0	1	6	\N	f	f	No	Signature	\N
11	243	6	0	f	1	1	1	0	1	2	\N	t	f	No	Signature	\N
12	58	1	-1000000000	t	1	1	1	0	1	7	\N	f	f	No	Signature	\N
13	243	7	0	f	1	1	1	0	1	2	\N	t	f	No	Signature	\N
14	58	1	-1000000000	t	1	1	1	0	1	8	\N	f	f	No	Signature	\N
15	243	8	0	f	1	1	1	0	1	2	\N	t	f	No	Signature	\N
16	58	1	-1000000000	t	1	1	1	0	1	9	\N	f	f	No	Signature	\N
17	243	9	0	f	1	1	1	0	1	2	\N	t	f	No	Signature	\N
18	58	1	-1000000000	t	1	1	1	0	1	10	\N	f	f	No	Signature	\N
19	243	10	0	f	1	1	1	0	1	2	\N	t	f	No	Signature	\N
20	58	1	-1000000000	t	1	1	1	0	1	11	\N	f	f	No	Signature	\N
21	243	11	0	f	1	1	1	0	1	2	\N	t	f	No	Signature	\N
22	58	1	-1000000000	t	1	1	1	0	1	12	\N	f	f	No	Signature	\N
23	243	12	0	f	1	1	1	0	1	2	\N	t	f	No	Signature	\N
24	58	1	-1000000000	t	1	1	1	0	1	13	\N	f	f	No	Signature	\N
25	243	13	0	f	1	1	1	0	1	2	\N	t	f	No	Signature	\N
26	58	1	-1000000000	t	1	1	1	0	1	14	\N	f	f	No	Signature	\N
27	243	14	0	f	1	1	1	0	1	2	\N	t	f	No	Signature	\N
28	58	1	-1000000000	t	1	1	1	0	1	15	\N	f	f	No	Signature	\N
29	243	15	0	f	1	1	1	0	1	2	\N	t	f	No	Signature	\N
30	58	1	-1000000000	t	1	1	1	0	1	16	\N	f	f	No	Signature	\N
31	243	16	0	f	1	1	1	0	1	2	\N	t	f	No	Signature	\N
32	58	1	-1000000000	t	1	1	1	0	1	17	\N	f	f	No	Signature	\N
33	243	17	0	f	1	1	1	0	1	2	\N	t	f	No	Signature	\N
34	58	1	-1000000000	t	1	1	1	0	1	18	\N	f	f	No	Signature	\N
35	243	18	0	f	1	1	1	0	1	2	\N	t	f	No	Signature	\N
36	58	1	-1000000000	t	1	1	1	0	1	19	\N	f	f	No	Signature	\N
37	243	19	0	f	1	1	1	0	1	2	\N	t	f	No	Signature	\N
38	58	1	-1000000000	t	1	1	1	0	1	20	\N	f	f	No	Signature	\N
39	243	20	0	f	1	1	1	0	1	2	\N	t	f	No	Signature	\N
40	58	1	-1000000000	t	1	1	1	0	1	21	\N	f	f	No	Signature	\N
41	243	21	0	f	1	1	1	0	1	2	\N	t	f	No	Signature	\N
42	58	1	-1000000000	t	1	1	1	0	1	22	\N	f	f	No	Signature	\N
43	243	22	0	f	1	1	1	0	1	2	\N	t	f	No	Signature	\N
44	58	1	-1000000000	t	1	1	1	0	1	23	\N	f	f	No	Signature	\N
45	243	23	0	f	1	1	1	0	1	2	\N	t	f	No	Signature	\N
46	58	1	-1000000000	t	1	1	1	0	1	24	\N	f	f	No	Signature	\N
47	243	24	0	f	1	1	1	0	1	2	\N	t	f	No	Signature	\N
48	58	1	-1000000000	t	1	1	1	0	1	25	\N	f	f	No	Signature	\N
49	243	25	0	f	1	1	1	0	1	2	\N	t	f	No	Signature	\N
50	58	1	-1000000000	t	1	1	1	0	1	26	\N	f	f	No	Signature	\N
51	243	26	0	f	1	1	1	0	1	2	\N	t	f	No	Signature	\N
52	58	1	-1000000000	t	1	1	1	0	1	27	\N	f	f	No	Signature	\N
53	243	27	0	f	1	1	1	0	1	2	\N	t	f	No	Signature	\N
54	58	1	-1000000000	t	1	1	1	0	1	28	\N	f	f	No	Signature	\N
55	243	28	0	f	1	1	1	0	1	2	\N	t	f	No	Signature	\N
56	58	1	-1000000000	t	1	1	1	0	1	29	\N	f	f	No	Signature	\N
57	243	29	0	f	1	1	1	0	1	2	\N	t	f	No	Signature	\N
58	58	1	-1000000000	t	1	1	1	0	1	30	\N	f	f	No	Signature	\N
59	243	30	0	f	1	1	1	0	1	2	\N	t	f	No	Signature	\N
60	58	1	-1000000000	t	1	1	1	0	1	31	\N	f	f	No	Signature	\N
61	243	31	0	f	1	1	1	0	1	2	\N	t	f	No	Signature	\N
62	58	1	-1000000000	t	1	1	1	0	1	32	\N	f	f	No	Signature	\N
63	243	32	0	f	1	1	1	0	1	2	\N	t	f	No	Signature	\N
64	58	1	-1000000000	t	1	1	1	0	1	33	\N	f	f	No	Signature	\N
65	243	33	0	f	1	1	1	0	1	2	\N	t	f	No	Signature	\N
66	58	1	-1000000000	t	1	1	1	0	1	34	\N	f	f	No	Signature	\N
67	243	34	0	f	1	1	1	0	1	2	\N	t	f	No	Signature	\N
68	58	1	-1000000000	t	1	1	1	0	1	35	\N	f	f	No	Signature	\N
69	243	35	0	f	1	1	1	0	1	2	\N	t	f	No	Signature	\N
70	58	1	-1000000000	t	1	1	1	0	1	36	\N	f	f	No	Signature	\N
71	243	36	0	f	1	1	1	0	1	2	\N	t	f	No	Signature	\N
72	58	1	-1000000000	t	1	1	1	0	1	37	\N	f	f	No	Signature	\N
73	243	37	0	f	1	1	1	0	1	2	\N	t	f	No	Signature	\N
74	58	1	-1000000000	t	1	1	1	0	1	38	\N	f	f	No	Signature	\N
75	243	38	0	f	1	1	1	0	1	2	\N	t	f	No	Signature	\N
76	58	1	-1000000000	t	1	1	1	0	1	39	\N	f	f	No	Signature	\N
77	243	39	0	f	1	1	1	0	1	2	\N	t	f	No	Signature	\N
78	58	1	-1000000000	t	1	1	1	0	1	40	\N	f	f	No	Signature	\N
79	243	40	0	f	1	1	1	0	1	2	\N	t	f	No	Signature	\N
80	58	1	-1000000000	t	1	1	1	0	1	41	\N	f	f	No	Signature	\N
81	243	41	0	f	1	1	1	0	1	2	\N	t	f	No	Signature	\N
82	58	1	-1000000000	t	1	1	1	0	1	42	\N	f	f	No	Signature	\N
83	243	42	0	f	1	1	1	0	1	2	\N	t	f	No	Signature	\N
84	58	1	-1000000000	t	1	1	1	0	1	43	\N	f	f	No	Signature	\N
85	243	43	0	f	1	1	1	0	1	2	\N	t	f	No	Signature	\N
86	58	1	-1000000000	t	1	1	1	0	1	44	\N	f	f	No	Signature	\N
87	243	44	0	f	1	1	1	0	1	2	\N	t	f	No	Signature	\N
88	58	1	-1000000000	t	1	1	1	0	1	45	\N	f	f	No	Signature	\N
89	243	45	0	f	1	1	1	0	1	2	\N	t	f	No	Signature	\N
90	58	1	-1000000000	t	1	1	1	0	1	46	\N	f	f	No	Signature	\N
91	243	46	0	f	1	1	1	0	1	2	\N	t	f	No	Signature	\N
92	58	1	-1000000000	t	1	1	1	0	1	47	\N	f	f	No	Signature	\N
93	243	47	0	f	1	1	1	0	1	2	\N	t	f	No	Signature	\N
94	58	1	-1000000000	t	1	1	1	0	1	48	\N	f	f	No	Signature	\N
95	243	48	0	f	1	1	1	0	1	2	\N	t	f	No	Signature	\N
96	58	1	-1000000000	t	1	1	1	0	1	49	\N	f	f	No	Signature	\N
97	243	49	0	f	1	1	1	0	1	2	\N	t	f	No	Signature	\N
98	58	1	-1000000000	t	1	1	1	0	1	50	\N	f	f	No	Signature	\N
99	243	50	0	f	1	1	1	0	1	2	\N	t	f	No	Signature	\N
100	58	1	-1000000000	t	1	1	1	0	1	51	\N	f	f	No	Signature	\N
125	243	63	0	f	1	1	1	0	1	2	\N	t	f	No	Signature	\N
126	58	1	-1000000000	t	1	1	1	0	1	64	\N	f	f	No	Signature	\N
127	243	64	0	f	1	1	1	0	1	2	\N	t	f	No	Signature	\N
128	58	1	-1000000000	t	1	1	1	0	1	65	\N	f	f	No	Signature	\N
129	243	65	0	f	1	1	1	0	1	2	\N	t	f	No	Signature	\N
130	58	1	-1000000000	t	1	1	1	0	1	66	\N	f	f	No	Signature	\N
131	243	66	0	f	1	1	1	0	1	2	\N	t	f	No	Signature	\N
132	58	1	-1000000000	t	1	1	1	0	1	67	\N	f	f	No	Signature	\N
133	243	67	0	f	1	1	1	0	1	2	\N	t	f	No	Signature	\N
134	58	1	-1000000000	t	1	1	1	0	1	68	\N	f	f	No	Signature	\N
135	243	68	0	f	1	1	1	0	1	2	\N	t	f	No	Signature	\N
136	58	1	-1000000000	t	1	1	1	0	1	69	\N	f	f	No	Signature	\N
137	243	69	0	f	1	1	1	0	1	2	\N	t	f	No	Signature	\N
138	58	1	-1000000000	t	1	1	1	0	1	70	\N	f	f	No	Signature	\N
139	243	70	0	f	1	1	1	0	1	2	\N	t	f	No	Signature	\N
140	58	1	-1000000000	t	1	1	1	0	1	71	\N	f	f	No	Signature	\N
101	243	51	0	f	1	1	1	0	1	2	\N	t	f	No	Signature	\N
102	58	1	-1000000000	t	1	1	1	0	1	52	\N	f	f	No	Signature	\N
103	243	52	0	f	1	1	1	0	1	2	\N	t	f	No	Signature	\N
104	58	1	-1000000000	t	1	1	1	0	1	53	\N	f	f	No	Signature	\N
105	243	53	0	f	1	1	1	0	1	2	\N	t	f	No	Signature	\N
106	58	1	-1000000000	t	1	1	1	0	1	54	\N	f	f	No	Signature	\N
107	243	54	0	f	1	1	1	0	1	2	\N	t	f	No	Signature	\N
108	58	1	-1000000000	t	1	1	1	0	1	55	\N	f	f	No	Signature	\N
109	243	55	0	f	1	1	1	0	1	2	\N	t	f	No	Signature	\N
110	58	1	-1000000000	t	1	1	1	0	1	56	\N	f	f	No	Signature	\N
111	243	56	0	f	1	1	1	0	1	2	\N	t	f	No	Signature	\N
112	58	1	-1000000000	t	1	1	1	0	1	57	\N	f	f	No	Signature	\N
113	243	57	0	f	1	1	1	0	1	2	\N	t	f	No	Signature	\N
114	58	1	-1000000000	t	1	1	1	0	1	58	\N	f	f	No	Signature	\N
115	243	58	0	f	1	1	1	0	1	2	\N	t	f	No	Signature	\N
116	58	1	-1000000000	t	1	1	1	0	1	59	\N	f	f	No	Signature	\N
117	243	59	0	f	1	1	1	0	1	2	\N	t	f	No	Signature	\N
118	58	1	-1000000000	t	1	1	1	0	1	60	\N	f	f	No	Signature	\N
119	243	60	0	f	1	1	1	0	1	2	\N	t	f	No	Signature	\N
120	58	1	-1000000000	t	1	1	1	0	1	61	\N	f	f	No	Signature	\N
121	243	61	0	f	1	1	1	0	1	2	\N	t	f	No	Signature	\N
122	58	1	-1000000000	t	1	1	1	0	1	62	\N	f	f	No	Signature	\N
123	243	62	0	f	1	1	1	0	1	2	\N	t	f	No	Signature	\N
124	58	1	-1000000000	t	1	1	1	0	1	63	\N	f	f	No	Signature	\N
\.


--
-- Data for Name: zkapp_account_update_failures; Type: TABLE DATA; Schema: public; Owner: postgres
--

COPY public.zkapp_account_update_failures (id, index, failures) FROM stdin;
1	2	{Cancelled}
2	1	{Account_nonce_precondition_unsatisfied}
3	2	{Invalid_fee_excess}
4	1	{Invalid_fee_excess}
\.


--
-- Data for Name: zkapp_accounts; Type: TABLE DATA; Schema: public; Owner: postgres
--

COPY public.zkapp_accounts (id, app_state_id, verification_key_id, zkapp_version, action_state_id, last_action_slot, proved_state, zkapp_uri_id) FROM stdin;
\.


--
-- Data for Name: zkapp_action_states; Type: TABLE DATA; Schema: public; Owner: postgres
--

COPY public.zkapp_action_states (id, element0, element1, element2, element3, element4) FROM stdin;
\.


--
-- Data for Name: zkapp_amount_bounds; Type: TABLE DATA; Schema: public; Owner: postgres
--

COPY public.zkapp_amount_bounds (id, amount_lower_bound, amount_upper_bound) FROM stdin;
\.


--
-- Data for Name: zkapp_balance_bounds; Type: TABLE DATA; Schema: public; Owner: postgres
--

COPY public.zkapp_balance_bounds (id, balance_lower_bound, balance_upper_bound) FROM stdin;
\.


--
-- Data for Name: zkapp_commands; Type: TABLE DATA; Schema: public; Owner: postgres
--

COPY public.zkapp_commands (id, zkapp_fee_payer_body_id, zkapp_account_updates_ids, memo, hash) FROM stdin;
1	1	{1,2}	E4YM2vTHhWEg66xpj52JErHUBU4pZ1yageL4TVDDpTTSsv8mK6YaH	5JvGbgi93tpfrZs8tYkA6yoBLS6uJFzk1t9pZYtMCv6mAqpRXJ1i
2	2	{3,4}	E4YM2vTHhWEg66xpj52JErHUBU4pZ1yageL4TVDDpTTSsv8mK6YaH	5Ju8retqjC3BBP3FMn8E2nrxppWe2RxBRaPAKekqePzKmtzg4p8b
3	3	{5}	E4YM2vTHhWEg66xpj52JErHUBU4pZ1yageL4TVDDpTTSsv8mK6YaH	5JtqnBVGbL1X4gJbHznicN2EXttztXeuhHD5CAFzb54d54HguFwx
4	4	{6,4}	E4YM2vTHhWEg66xpj52JErHUBU4pZ1yageL4TVDDpTTSsv8mK6YaH	5JvLtmrFCEoZg4uHQakdpad9MwKPwLqwFoU34p7k2W8iUJPczSWD
5	5	{7}	E4YM2vTHhWEg66xpj52JErHUBU4pZ1yageL4TVDDpTTSsv8mK6YaH	5JukUovUwRYxzJAzJz6anv5yhc4pm1dDmbUi6ovCbxtWnCjfjo2K
6	6	{8,4}	E4YM2vTHhWEg66xpj52JErHUBU4pZ1yageL4TVDDpTTSsv8mK6YaH	5JuLrB7VQ9TyV9zXWrq2AVt44qMWeDJSA9gXSnpQ5bC33fAmPJfD
7	7	{9}	E4YM2vTHhWEg66xpj52JErHUBU4pZ1yageL4TVDDpTTSsv8mK6YaH	5JuRjPGqhLnNrCEm4S4e3DN4KEc22e7g12U3fgzL87uwAtfpss9q
8	8	{10,4}	E4YM2vTHhWEg66xpj52JErHUBU4pZ1yageL4TVDDpTTSsv8mK6YaH	5Jui5zQnG3nvF5R2ocRq2bTjTGXZim9zXxbBYby9P9euHke7VNcw
9	9	{11}	E4YM2vTHhWEg66xpj52JErHUBU4pZ1yageL4TVDDpTTSsv8mK6YaH	5JuCeQKtNBLeW5ixuQpRj7DtXjhdhdyDxvv9oUeQdCEEPwBWVk9E
10	10	{12,4}	E4YM2vTHhWEg66xpj52JErHUBU4pZ1yageL4TVDDpTTSsv8mK6YaH	5JvK4p8ZRdURBh7eKYsfuMFUmDSn2AovwgBMaz9fzYThjEe7FpRS
11	11	{13}	E4YM2vTHhWEg66xpj52JErHUBU4pZ1yageL4TVDDpTTSsv8mK6YaH	5Jv2LSqyLzxf4fBoQndw8RCt4xoJTEqykPK1yVswNmENtreRwrHm
12	12	{14,4}	E4YM2vTHhWEg66xpj52JErHUBU4pZ1yageL4TVDDpTTSsv8mK6YaH	5JuDD18jfZ14N8n7cf81XcQ4vqNPHgbXbDNMRA8jq8BiLLE3hb35
13	13	{15}	E4YM2vTHhWEg66xpj52JErHUBU4pZ1yageL4TVDDpTTSsv8mK6YaH	5JvQHFUYrtWPVVph8pKcndgumjZpPWr4zXwZ9Ss1zqPa8PAkaWwL
14	14	{16,4}	E4YM2vTHhWEg66xpj52JErHUBU4pZ1yageL4TVDDpTTSsv8mK6YaH	5Juk3Nb8yXd8mCC7ggbLKqLz2XxDkHa74aBoyoUoWC4BRDrhAcsc
15	15	{17}	E4YM2vTHhWEg66xpj52JErHUBU4pZ1yageL4TVDDpTTSsv8mK6YaH	5JuZmm3JiZvx6oVmyH7YfgSiZCDp8af3PvfjhGRaLBAKWt5ubDQ5
16	16	{18,4}	E4YM2vTHhWEg66xpj52JErHUBU4pZ1yageL4TVDDpTTSsv8mK6YaH	5JuyFTxuLWh1pfnT3hnw71H4JtVm2XKXxPAzntdPDPUcZssV256S
17	17	{19}	E4YM2vTHhWEg66xpj52JErHUBU4pZ1yageL4TVDDpTTSsv8mK6YaH	5JuVjE3xXmanH9vAunFPREv4m8dAFmdbK8PhTqesPJx4NwmH2YDk
18	18	{20,4}	E4YM2vTHhWEg66xpj52JErHUBU4pZ1yageL4TVDDpTTSsv8mK6YaH	5JueFag8wv4m9u1EBjtJ4YbKwo8b96wDTGYzQGk1rk3BrQkUb5Hj
19	19	{21}	E4YM2vTHhWEg66xpj52JErHUBU4pZ1yageL4TVDDpTTSsv8mK6YaH	5JtmVQJQvhAtDZMwodSrKSzEk1v65uJDhDECpfCxhWmLDpBjYt1r
20	20	{22,4}	E4YM2vTHhWEg66xpj52JErHUBU4pZ1yageL4TVDDpTTSsv8mK6YaH	5Jut6PXjW6FD186HYRMbNR7ZKngeUKiSERGXZeD4qSQrmirekrob
21	21	{23}	E4YM2vTHhWEg66xpj52JErHUBU4pZ1yageL4TVDDpTTSsv8mK6YaH	5JukdChWW3Qz24h2i6qdg5cwaH93VMuimS6wBEXoG478mzQGEHjy
22	22	{24,4}	E4YM2vTHhWEg66xpj52JErHUBU4pZ1yageL4TVDDpTTSsv8mK6YaH	5JuEZvTXsCKe3oDg8AVAWydDT5CR4SMRpCnpoKSy3Wqi8UQfWcnx
23	23	{25}	E4YM2vTHhWEg66xpj52JErHUBU4pZ1yageL4TVDDpTTSsv8mK6YaH	5JuD1DTLVVjYjLS7u4m6NPb4eum3LpZvVRaf8eTpUDr99nx5oWi7
24	24	{26,4}	E4YM2vTHhWEg66xpj52JErHUBU4pZ1yageL4TVDDpTTSsv8mK6YaH	5Jv39PHCDjDNacoJcu7NLbwLf9tcMGUJDmtHrhi9tvAte5nggTLK
25	25	{27}	E4YM2vTHhWEg66xpj52JErHUBU4pZ1yageL4TVDDpTTSsv8mK6YaH	5JtxP78yB4bXys5H73gNX7KFNs6xxWKozi8sTRwTo5gmHEdej1Tj
26	26	{28,4}	E4YM2vTHhWEg66xpj52JErHUBU4pZ1yageL4TVDDpTTSsv8mK6YaH	5JuCQCevp1eKQhy9pmCCC8QwnDxXvnwTLowBGhSN6W9ywTj5f1q7
27	27	{29}	E4YM2vTHhWEg66xpj52JErHUBU4pZ1yageL4TVDDpTTSsv8mK6YaH	5JuJSwXrvbSiQsQK1jR5sKivLsuEH4ckgqDEwnKs1MLmyYPuYEW2
28	28	{30,4}	E4YM2vTHhWEg66xpj52JErHUBU4pZ1yageL4TVDDpTTSsv8mK6YaH	5Jtut13pTRMub96A3RSFTB7uzEYGX6cUuLjnBHncxcgyoo9EhGp9
29	29	{31}	E4YM2vTHhWEg66xpj52JErHUBU4pZ1yageL4TVDDpTTSsv8mK6YaH	5JuGb5evntHDFdLkzYB7oG4AjdZvCa5x4fSahhMSatYEymYWc1Ac
30	30	{32,4}	E4YM2vTHhWEg66xpj52JErHUBU4pZ1yageL4TVDDpTTSsv8mK6YaH	5JuARwTMhyXa786vzkKhBwjY2dHwHtB7jU3EZ5FR9kw8zivbLge7
31	31	{33}	E4YM2vTHhWEg66xpj52JErHUBU4pZ1yageL4TVDDpTTSsv8mK6YaH	5JvFJxt4teQn7E1a5NZuno6orrW8oCPZoqztqXuy4Ls7WPBL4DNL
32	32	{34,4}	E4YM2vTHhWEg66xpj52JErHUBU4pZ1yageL4TVDDpTTSsv8mK6YaH	5JuDrS6i7ifJ3kf8QHcBLfguuGKBRyUigpty4c17FbC5qf4TZ86x
33	33	{35}	E4YM2vTHhWEg66xpj52JErHUBU4pZ1yageL4TVDDpTTSsv8mK6YaH	5JvF4teBDy6gG8krMnX7UycoTnAypxQYAh5sjKy6gzR8EkfVGrA7
34	34	{36,4}	E4YM2vTHhWEg66xpj52JErHUBU4pZ1yageL4TVDDpTTSsv8mK6YaH	5Ju4ccadixhBZRy3RAc6z871XDng7BKyedXiwyBk7FbsuToUQ9Wh
35	35	{37}	E4YM2vTHhWEg66xpj52JErHUBU4pZ1yageL4TVDDpTTSsv8mK6YaH	5Jtety7Smg8F334Vgwu3rNEB76jGaZXjWut9VXJxfBto8Aa8R1tk
36	36	{38,4}	E4YM2vTHhWEg66xpj52JErHUBU4pZ1yageL4TVDDpTTSsv8mK6YaH	5JtaArRMiuV9hGL4sFHqMseGZDpJ9ZcY4rLqqdUpPtrAEtsF4UtZ
37	37	{39}	E4YM2vTHhWEg66xpj52JErHUBU4pZ1yageL4TVDDpTTSsv8mK6YaH	5JugAQk14T4TmEKLbSmbF8664Y6ac3FKK6LFiTDkZ5y3xGom7sBh
38	38	{40,4}	E4YM2vTHhWEg66xpj52JErHUBU4pZ1yageL4TVDDpTTSsv8mK6YaH	5JujcJZG8L3VC122UdxR9TJHGgfib6tzk6Knqqtc3rgTWAzMD32M
39	39	{41}	E4YM2vTHhWEg66xpj52JErHUBU4pZ1yageL4TVDDpTTSsv8mK6YaH	5JuxT8A4DMWjafUvssKwoiBLirTCEMx1QG29Pe2Tin3TmMzvSGgA
40	40	{42,4}	E4YM2vTHhWEg66xpj52JErHUBU4pZ1yageL4TVDDpTTSsv8mK6YaH	5JvDrnsucWgCFcZoJSFA2iF1oov1fgRpFBJvkW1ZQ4HCx7Qzd1gx
41	41	{43}	E4YM2vTHhWEg66xpj52JErHUBU4pZ1yageL4TVDDpTTSsv8mK6YaH	5Jv43DPXGbJ451UAbvBfTuJUVJbqdJKCrQxxY4fw3f7YX4Qv3wzj
42	42	{44,4}	E4YM2vTHhWEg66xpj52JErHUBU4pZ1yageL4TVDDpTTSsv8mK6YaH	5JugYAd8EVpGuuCygYpjizRJUQoZzts8JxtBnkhiqUDLQL1TgD5Z
43	43	{45}	E4YM2vTHhWEg66xpj52JErHUBU4pZ1yageL4TVDDpTTSsv8mK6YaH	5Jut1CbHkdjLArh72LWx1raHQ66b2yuW29sD7f29zoinDjFnC3BU
44	44	{46,4}	E4YM2vTHhWEg66xpj52JErHUBU4pZ1yageL4TVDDpTTSsv8mK6YaH	5JtpAd9swp6BnZPFtgG9h2whtCQ4w1WEuDtpdMCtDRkvzbMtbEJx
45	45	{47}	E4YM2vTHhWEg66xpj52JErHUBU4pZ1yageL4TVDDpTTSsv8mK6YaH	5Jtqq9KAqJ4P7Bs4wwyPsovYirfgSX9Bw6o6sDNqyQ5sd7jkV4xF
46	46	{48,4}	E4YM2vTHhWEg66xpj52JErHUBU4pZ1yageL4TVDDpTTSsv8mK6YaH	5Ju5Tym5TyFxmaUfkcZQbkPzQrJA8YuZ6cNdM1dmyj3gG2FzM7bP
47	47	{49}	E4YM2vTHhWEg66xpj52JErHUBU4pZ1yageL4TVDDpTTSsv8mK6YaH	5JvGBRmV9PXeLmBHe56BGLPjeGs2nGrZ5uoVeQXZ2HBK6DPXVPpk
48	48	{50,4}	E4YM2vTHhWEg66xpj52JErHUBU4pZ1yageL4TVDDpTTSsv8mK6YaH	5JvDoMfx6kpLrnzTjV66PzwGxkDy1qpN9kGqZT1onshnXjWrGzav
49	49	{51}	E4YM2vTHhWEg66xpj52JErHUBU4pZ1yageL4TVDDpTTSsv8mK6YaH	5JubD9pN785kNBWapRjKZ8MbmXpWFKhVLKi1Z2oohYz3KAjvN3Bq
50	50	{52,4}	E4YM2vTHhWEg66xpj52JErHUBU4pZ1yageL4TVDDpTTSsv8mK6YaH	5JtrUq3fLtc19gbkxZy1onQCnkFdXjfsFXbtoY9QBqp5S7jrxYu4
51	51	{53}	E4YM2vTHhWEg66xpj52JErHUBU4pZ1yageL4TVDDpTTSsv8mK6YaH	5JuvSqmZfnDGCoA6M9emQH4ZwiCEgjnSfdSmfEZeasWDeSAC1b26
52	52	{54,4}	E4YM2vTHhWEg66xpj52JErHUBU4pZ1yageL4TVDDpTTSsv8mK6YaH	5JuqRNF5fKXwUDwM8hzAH3uaYLnYoEsgg45zsiJKVwjHwTBeBLY9
53	53	{55}	E4YM2vTHhWEg66xpj52JErHUBU4pZ1yageL4TVDDpTTSsv8mK6YaH	5Ju9FDkGMfDebpAEVKYR73vPnZTz41YFSkCMQ1raW8jxZCUABSif
54	54	{56,4}	E4YM2vTHhWEg66xpj52JErHUBU4pZ1yageL4TVDDpTTSsv8mK6YaH	5Jv5M7JpC9qyL9YSxaACBghrKHY7Wj43115w2LQ5Tz3p6CtGLfLw
55	55	{57}	E4YM2vTHhWEg66xpj52JErHUBU4pZ1yageL4TVDDpTTSsv8mK6YaH	5JtvG9knjceFHYVMq2igfv2vRYXAsaokadu5zcFwYiGhGpQz2rQ7
56	56	{58,4}	E4YM2vTHhWEg66xpj52JErHUBU4pZ1yageL4TVDDpTTSsv8mK6YaH	5Juj1eJHtZUzVPtK4CiUUucn9xWft5k26wYbiT3Ksur3ggCYABJg
57	57	{59}	E4YM2vTHhWEg66xpj52JErHUBU4pZ1yageL4TVDDpTTSsv8mK6YaH	5JuigyBu5DDQX2KJiYHgm2kYpsnmSd8RcXCwoTxcED1cZTxnLPEB
58	58	{60,4}	E4YM2vTHhWEg66xpj52JErHUBU4pZ1yageL4TVDDpTTSsv8mK6YaH	5JuPT1DC2XKYgPTYcyNYtyd2zjLx9iKnZhYUScj87nvak9b8YvsD
59	59	{61}	E4YM2vTHhWEg66xpj52JErHUBU4pZ1yageL4TVDDpTTSsv8mK6YaH	5JufXJ15us8CCTKGjDP4S2wAgCEjKCazxLZbkoypDGfYavnqp8tf
60	60	{62,4}	E4YM2vTHhWEg66xpj52JErHUBU4pZ1yageL4TVDDpTTSsv8mK6YaH	5Jv6JS7twFGnhMfsFMq4VFf8YtADGFqPMFRRhp52mtvUm5tLe9cV
61	61	{63}	E4YM2vTHhWEg66xpj52JErHUBU4pZ1yageL4TVDDpTTSsv8mK6YaH	5Ju2XtufDXVmPvPjVPte1YLbo5RaQ8ErJvSCkqTDPozjt9D6DnKo
62	62	{64,4}	E4YM2vTHhWEg66xpj52JErHUBU4pZ1yageL4TVDDpTTSsv8mK6YaH	5Ju9R9RFFxkNENeahvgFUiMJ2tFew4fLPGhe5ANyTU2BbWiARwUG
63	63	{65}	E4YM2vTHhWEg66xpj52JErHUBU4pZ1yageL4TVDDpTTSsv8mK6YaH	5JthZ2XmQ5LgxXMEEsTBGarFy3ergdAcpe2Zke3cZXaXbHrXc4Nc
64	64	{66,4}	E4YM2vTHhWEg66xpj52JErHUBU4pZ1yageL4TVDDpTTSsv8mK6YaH	5Jv3Cb3NX43DEoKkWaRbtUdgt8HGFGawpfnw8t4u8YaXgSp4GrAN
65	65	{67}	E4YM2vTHhWEg66xpj52JErHUBU4pZ1yageL4TVDDpTTSsv8mK6YaH	5JtohzMQxUTDhsdGyWgXuZGDkFDxw94eotPLAqnVmTqPaHNTj7T5
66	66	{68,4}	E4YM2vTHhWEg66xpj52JErHUBU4pZ1yageL4TVDDpTTSsv8mK6YaH	5JtgnX7RGTF8p4FWzqzs64qdqrWExWp2zub8jk42NJ3sp4BC1WVs
67	67	{69}	E4YM2vTHhWEg66xpj52JErHUBU4pZ1yageL4TVDDpTTSsv8mK6YaH	5JuUPNavAr2kXkhPk9knwyRsYtwqJYfjdyTtgZvcczP7MHfVnKcu
68	68	{70,4}	E4YM2vTHhWEg66xpj52JErHUBU4pZ1yageL4TVDDpTTSsv8mK6YaH	5JvHaJKQmQSzin4E74ArwCLEAG4njhttH28M9fU9smCmCkKSV7Gh
69	69	{71}	E4YM2vTHhWEg66xpj52JErHUBU4pZ1yageL4TVDDpTTSsv8mK6YaH	5JuiupYkQCV5VeYiaSuRsRe7bBAKCE234tdWSKX7Ru5BkFHc2r2H
70	70	{72,4}	E4YM2vTHhWEg66xpj52JErHUBU4pZ1yageL4TVDDpTTSsv8mK6YaH	5JtaArV863cB1Yzp2wgAMVxsBwRFFUeE4dHbvwtQGXQH9vWazEuq
71	71	{73}	E4YM2vTHhWEg66xpj52JErHUBU4pZ1yageL4TVDDpTTSsv8mK6YaH	5Ju79jxf84ycGf63PtkGkTf5KCmRWo6SSc8Uaoeuakx3422eqYmG
72	72	{74,4}	E4YM2vTHhWEg66xpj52JErHUBU4pZ1yageL4TVDDpTTSsv8mK6YaH	5Jtr9BYdYL1LKHeRCqPQqdfADunNNhAnmiHxkQM8FuGv4rsd8d69
73	73	{75}	E4YM2vTHhWEg66xpj52JErHUBU4pZ1yageL4TVDDpTTSsv8mK6YaH	5JtggAFyGKBDiRfvcMAFFFvZzvoL6pWEmCwnSpFCFh7LQqNpUFvN
74	74	{76,4}	E4YM2vTHhWEg66xpj52JErHUBU4pZ1yageL4TVDDpTTSsv8mK6YaH	5JvMGqDi4qn1H3zDwBBG3gB34MQExtCRpnHZh84HV7nMH8HXSZ9e
75	75	{77}	E4YM2vTHhWEg66xpj52JErHUBU4pZ1yageL4TVDDpTTSsv8mK6YaH	5Jv7BiJ8J1otFAi3Ze5Ee3Uptp7cc7yZebRUtRmcYdsxGVJWGFtT
76	76	{78,4}	E4YM2vTHhWEg66xpj52JErHUBU4pZ1yageL4TVDDpTTSsv8mK6YaH	5JtmsqDjnun26taaiQL8NQAuBYdL3kQq17MuZid3vXrpLerz2MVA
77	77	{79}	E4YM2vTHhWEg66xpj52JErHUBU4pZ1yageL4TVDDpTTSsv8mK6YaH	5JuFw4nL464FhyWGKvc1Ay6MiuA7nxSprbdd28veKTpwTC1oa47Z
78	78	{80,4}	E4YM2vTHhWEg66xpj52JErHUBU4pZ1yageL4TVDDpTTSsv8mK6YaH	5JukiwHFjtNtE6oyR6qhEdWE1awg8FA37huvXfeiDyxFAd9HtCCW
79	79	{81}	E4YM2vTHhWEg66xpj52JErHUBU4pZ1yageL4TVDDpTTSsv8mK6YaH	5Jtc6QTpNVPu2AuKSUzhRWkiotjGo9xyLyRftAC3KTZsN9wVQwJd
80	80	{82,4}	E4YM2vTHhWEg66xpj52JErHUBU4pZ1yageL4TVDDpTTSsv8mK6YaH	5JubH3Qsg14drq28hpezaDWnFJ2XawxBkqmE6W6tJwYAQN3KCtJ6
81	81	{83}	E4YM2vTHhWEg66xpj52JErHUBU4pZ1yageL4TVDDpTTSsv8mK6YaH	5JvRP4eqc8LzuZ5QSAEWktbGh7WzxcnDMrgWfXyL5qp6yuwKP5qU
82	82	{84,4}	E4YM2vTHhWEg66xpj52JErHUBU4pZ1yageL4TVDDpTTSsv8mK6YaH	5JtYZRirRKG5QYoXQJEgYAPQGFTgVEhqLiug5fQxRBTEgzMFyrxS
83	83	{85}	E4YM2vTHhWEg66xpj52JErHUBU4pZ1yageL4TVDDpTTSsv8mK6YaH	5JuatjLHDu3oZbbFUxMMtwuCJ6PZci5ncynhrTpd2W7xrUx4KUAM
84	84	{86,4}	E4YM2vTHhWEg66xpj52JErHUBU4pZ1yageL4TVDDpTTSsv8mK6YaH	5Jv41dxMsniNYR314vd8Sy87KcnT1CuoB4zhtcapAMyzyD7H8Fwm
85	85	{87}	E4YM2vTHhWEg66xpj52JErHUBU4pZ1yageL4TVDDpTTSsv8mK6YaH	5JtcRbyS1shMbY3GqGytyR3KpRk1H9BxS7V23jBLRzXogVZXTXGV
86	86	{88,4}	E4YM2vTHhWEg66xpj52JErHUBU4pZ1yageL4TVDDpTTSsv8mK6YaH	5JupaMXaKnraxuBj5uq5zu7wswgxtAxWHNKXHXQkHNdcTUi5py9f
87	87	{89}	E4YM2vTHhWEg66xpj52JErHUBU4pZ1yageL4TVDDpTTSsv8mK6YaH	5JuPqBoRLFk8T9v4LJi8FSdeHkbCo59Nj8cW11DEFv8Ecd7gEE7R
88	88	{90,4}	E4YM2vTHhWEg66xpj52JErHUBU4pZ1yageL4TVDDpTTSsv8mK6YaH	5Ju9PfhHAb8rARmMjRxZnSwhRBRkuxa669T6CgMLh5HhkA3R6iNv
89	89	{91}	E4YM2vTHhWEg66xpj52JErHUBU4pZ1yageL4TVDDpTTSsv8mK6YaH	5JtwFJ2xUFabxwAYsai4iBLFka2yR6mgK5fduGRiVcX87yJ7wwhZ
90	90	{92,4}	E4YM2vTHhWEg66xpj52JErHUBU4pZ1yageL4TVDDpTTSsv8mK6YaH	5Jv9wvG4mKmtd8W5WCq9hm7NYFMqPC1KjddtbKHGcpa5qxDZyhs8
91	91	{93}	E4YM2vTHhWEg66xpj52JErHUBU4pZ1yageL4TVDDpTTSsv8mK6YaH	5JvMezDWKJ83ufGH8CWovSYDSSj8knqcP6mPh7Jzgu3ZsHbxeCB2
92	92	{94,4}	E4YM2vTHhWEg66xpj52JErHUBU4pZ1yageL4TVDDpTTSsv8mK6YaH	5JvFtLUA8X9mMuNK1hLsvTDLv9QC45KtEgw1RjA9cKYFvrv5NJR2
93	93	{95}	E4YM2vTHhWEg66xpj52JErHUBU4pZ1yageL4TVDDpTTSsv8mK6YaH	5JuLha17xnX5GZwD73sgqCNVjpc11GJxZMm6cMAx73r6YCx7iPba
94	94	{96,4}	E4YM2vTHhWEg66xpj52JErHUBU4pZ1yageL4TVDDpTTSsv8mK6YaH	5Jv85c3pqMYLWTbhfyaYsFNGJEFJudYtwmAjrSdDthE5bWeBU42K
95	95	{97}	E4YM2vTHhWEg66xpj52JErHUBU4pZ1yageL4TVDDpTTSsv8mK6YaH	5JuZNYFXSY8ePzN1AxgoWV9e5LWZoXRg5h1bN6EeozUsi8iog9Sr
96	96	{98,4}	E4YM2vTHhWEg66xpj52JErHUBU4pZ1yageL4TVDDpTTSsv8mK6YaH	5Jv9XTkvaEEZzC61bVY7QgPBmJNRPeG98CVfAzNJ6Fwgpd6JzARP
97	97	{99}	E4YM2vTHhWEg66xpj52JErHUBU4pZ1yageL4TVDDpTTSsv8mK6YaH	5Jv4UgQknoTJpJCaa14wtN8d4pqjNNnZKY7SuufaCTHdke15EDXT
98	98	{100,4}	E4YM2vTHhWEg66xpj52JErHUBU4pZ1yageL4TVDDpTTSsv8mK6YaH	5JucLVMbDGUEYwHv5NEZRVK7ixTpwkmb4W6atpMGwsXTXpR22H6h
123	123	{125}	E4YM2vTHhWEg66xpj52JErHUBU4pZ1yageL4TVDDpTTSsv8mK6YaH	5JuEGCPz6Zpp2yVxCB8bWpLyPKkqrTGe67YFNRrFc6YAJbJ32x1U
124	124	{126,4}	E4YM2vTHhWEg66xpj52JErHUBU4pZ1yageL4TVDDpTTSsv8mK6YaH	5Ju8mAdrMGZNf6Cde3RMheB9kiauDmBFJS5uqPD9e8vUbJVVf8YH
125	125	{127}	E4YM2vTHhWEg66xpj52JErHUBU4pZ1yageL4TVDDpTTSsv8mK6YaH	5JvGnFwoZHiFrCRxomdrKcwzg6s2Aj3xas3DVdVmgDRNxMW3xfJ4
126	126	{128,4}	E4YM2vTHhWEg66xpj52JErHUBU4pZ1yageL4TVDDpTTSsv8mK6YaH	5JucHks7EqF14zrx6P544t9mKB7Y7KMjfEE2ZHCtYguE35AHtcem
127	127	{129}	E4YM2vTHhWEg66xpj52JErHUBU4pZ1yageL4TVDDpTTSsv8mK6YaH	5JupNmYAZ79zNjHVx2DBnHffvPjRqAFQCBynioT2YwkPeutmmBYQ
128	128	{130,4}	E4YM2vTHhWEg66xpj52JErHUBU4pZ1yageL4TVDDpTTSsv8mK6YaH	5JtpSZCmuwsEAzjWMM3GxaczoWwzZZh1JGfAaF8S4xaq5bUocinh
129	129	{131}	E4YM2vTHhWEg66xpj52JErHUBU4pZ1yageL4TVDDpTTSsv8mK6YaH	5Jta81eADsjTU3iBvvMXDNdCvySbC5o5sm5kcWaV2yZ9sULKWMwH
130	130	{132,4}	E4YM2vTHhWEg66xpj52JErHUBU4pZ1yageL4TVDDpTTSsv8mK6YaH	5JtZo8HLAmdv6eSTduZumPLSH6wwc3ojkpDpwwSRHjqi7Y3AHtiz
131	131	{133}	E4YM2vTHhWEg66xpj52JErHUBU4pZ1yageL4TVDDpTTSsv8mK6YaH	5JuWzJTCN4dQ5nPUDu3FS3vPMbZ8p5KMVTts6YPEqSxxdjinyF6k
132	132	{134,4}	E4YM2vTHhWEg66xpj52JErHUBU4pZ1yageL4TVDDpTTSsv8mK6YaH	5JtniG8yffkaH5AoiA7PrdmiaUyNQySGiZoz2QDVScxmjws7m7XV
133	133	{135}	E4YM2vTHhWEg66xpj52JErHUBU4pZ1yageL4TVDDpTTSsv8mK6YaH	5JvFkzDRdB2PDovWnW33swapZzgCqMhAMLvUAoLufQqqUfCLvasx
134	134	{136,4}	E4YM2vTHhWEg66xpj52JErHUBU4pZ1yageL4TVDDpTTSsv8mK6YaH	5JvMyQBmNZdQkw5vdNJnx4o2xTDd2ZyBBqB7pkbxQ63gevLQayX8
135	135	{137}	E4YM2vTHhWEg66xpj52JErHUBU4pZ1yageL4TVDDpTTSsv8mK6YaH	5Jv8SEKamW8bZQEBmKnEcVh4t9SQ5XdbPThWPMa6NdY6x3HffAdL
136	136	{138,4}	E4YM2vTHhWEg66xpj52JErHUBU4pZ1yageL4TVDDpTTSsv8mK6YaH	5JthKGHFixUKHty3WMGykiB62S15ekDZkqnmjsV7oaz2Diko77Vw
137	137	{139}	E4YM2vTHhWEg66xpj52JErHUBU4pZ1yageL4TVDDpTTSsv8mK6YaH	5Ju2UNzegFMBFyRSQBreZ3K512zpZLPZHx94kG9Cu7rg4875iLYY
138	138	{140,4}	E4YM2vTHhWEg66xpj52JErHUBU4pZ1yageL4TVDDpTTSsv8mK6YaH	5JuhqxTgW5Aw4hpdjxPS6zoLF6V8zmpYS7ukjuvRLWdLNtNY8gjh
99	99	{101}	E4YM2vTHhWEg66xpj52JErHUBU4pZ1yageL4TVDDpTTSsv8mK6YaH	5JtuyKWVPayRED36FuovkLyrX3eDdqX5UyYoy55bA1wVM1eU46wP
100	100	{102,4}	E4YM2vTHhWEg66xpj52JErHUBU4pZ1yageL4TVDDpTTSsv8mK6YaH	5JtoEySNmohqz6uKSj1jtpcF3TEZW9c8L4edrKyKhk1p9J7STEj9
101	101	{103}	E4YM2vTHhWEg66xpj52JErHUBU4pZ1yageL4TVDDpTTSsv8mK6YaH	5Juw6BckEeSbyc37bwSWeU4fdWnqS6bFrjnWxX52T2YWHYdfL51T
102	102	{104,4}	E4YM2vTHhWEg66xpj52JErHUBU4pZ1yageL4TVDDpTTSsv8mK6YaH	5JuNKxp4jXC427W2mGGjie7N8Xn2aeihxgtoN99jiSj8fnorU8i9
103	103	{105}	E4YM2vTHhWEg66xpj52JErHUBU4pZ1yageL4TVDDpTTSsv8mK6YaH	5JtZKgUReiHDPEa6AGj5ZjMh6fwt8vYYdsFwicBx5anUJSbj3gKs
104	104	{106,4}	E4YM2vTHhWEg66xpj52JErHUBU4pZ1yageL4TVDDpTTSsv8mK6YaH	5JtZ3DzygA2eSbb4BzqxAEmrtawpKkzzJ4qqs7JEigSsjxwwoCdX
105	105	{107}	E4YM2vTHhWEg66xpj52JErHUBU4pZ1yageL4TVDDpTTSsv8mK6YaH	5JuL1fd4kA6c4jaasnf912AH9pRjjyCaQD1XS1AaJ4cAYYNHCFd8
106	106	{108,4}	E4YM2vTHhWEg66xpj52JErHUBU4pZ1yageL4TVDDpTTSsv8mK6YaH	5JvDSUb2dUwur6ZTkara93Q7HQJVh74DdysnhDJGq5Jxj1yvP8mH
107	107	{109}	E4YM2vTHhWEg66xpj52JErHUBU4pZ1yageL4TVDDpTTSsv8mK6YaH	5Juq7sbEcVcsZFpkHZawnT2sLKhoEXJP7BX9zMBwYWRMcTxteBmi
108	108	{110,4}	E4YM2vTHhWEg66xpj52JErHUBU4pZ1yageL4TVDDpTTSsv8mK6YaH	5JudXDs57vx2dWydvW1Xov7DRFgP5SWFfpCS4YmHHrrXDbjnEHPa
109	109	{111}	E4YM2vTHhWEg66xpj52JErHUBU4pZ1yageL4TVDDpTTSsv8mK6YaH	5JuNZQHcyyAmkEEuSGLA6VqtcTEJqry7xDvEHfqENFH1YB4Y2tn2
110	110	{112,4}	E4YM2vTHhWEg66xpj52JErHUBU4pZ1yageL4TVDDpTTSsv8mK6YaH	5Jv3oEg9wChvM8PBkJ3uRqKkSC1GTeu6i1KVXWn1RkNymG7EX4GX
111	111	{113}	E4YM2vTHhWEg66xpj52JErHUBU4pZ1yageL4TVDDpTTSsv8mK6YaH	5Jupr8KFp7kAfnWudDFia4Sj5xHJKDrZnrrmC2DN7ddAffa4mkLc
112	112	{114,4}	E4YM2vTHhWEg66xpj52JErHUBU4pZ1yageL4TVDDpTTSsv8mK6YaH	5Juokh3qVVfWJQkuJPLWLpPkX2RNzPKpwfevaeoCCf8a4yQWtSpV
113	113	{115}	E4YM2vTHhWEg66xpj52JErHUBU4pZ1yageL4TVDDpTTSsv8mK6YaH	5JuvvE5CCjQ26qPZZfjGTb8PKTMBJtb6JuxR6LAz13jp5FEFCxyF
114	114	{116,4}	E4YM2vTHhWEg66xpj52JErHUBU4pZ1yageL4TVDDpTTSsv8mK6YaH	5JuWrjBjkFjK7vdYhEAMMDPzxvqAugDpFSvFteP2Eu8XiYUrhxLp
115	115	{117}	E4YM2vTHhWEg66xpj52JErHUBU4pZ1yageL4TVDDpTTSsv8mK6YaH	5Jus1D59vvrWoQoAXiFAVJTekbUArvASiUnKGfqCTW7NKLCG2Sa8
116	116	{118,4}	E4YM2vTHhWEg66xpj52JErHUBU4pZ1yageL4TVDDpTTSsv8mK6YaH	5Jtm95nXEjrZoFTubt3K7JqRFwRfwhtNkbC47Skc4682sQLam27x
117	117	{119}	E4YM2vTHhWEg66xpj52JErHUBU4pZ1yageL4TVDDpTTSsv8mK6YaH	5JujYRU5Hmj5kjhXic3uQNwtANAkAyUC9pjkYXhDMQ2vuCMZtkp4
118	118	{120,4}	E4YM2vTHhWEg66xpj52JErHUBU4pZ1yageL4TVDDpTTSsv8mK6YaH	5Jv5mRZ8Sq17Poj1dM8g9g95vyoUNajBMhZtr8jAuWQMiNLEW6cV
119	119	{121}	E4YM2vTHhWEg66xpj52JErHUBU4pZ1yageL4TVDDpTTSsv8mK6YaH	5Jtv134NDFTBzQo2Ah2cesheFFmkxzaurJuYNmZuwn3ow3i5JNyW
120	120	{122,4}	E4YM2vTHhWEg66xpj52JErHUBU4pZ1yageL4TVDDpTTSsv8mK6YaH	5JtyYgK5rGFmKvqDRg77c2Kt3pb4zquPHzHC3CxJ5zRTmfT5Ycsi
121	121	{123}	E4YM2vTHhWEg66xpj52JErHUBU4pZ1yageL4TVDDpTTSsv8mK6YaH	5JtgwPed53ZBRJkYpWZEpdrcntQyB6rE3hi22QDmxj9VbYSDo4fY
122	122	{124,4}	E4YM2vTHhWEg66xpj52JErHUBU4pZ1yageL4TVDDpTTSsv8mK6YaH	5JvHVFPzdU87wRc2D8EXjAeFiA3k6Wk7DifpFgyxGFTTSTrEz4W2
\.


--
-- Data for Name: zkapp_epoch_data; Type: TABLE DATA; Schema: public; Owner: postgres
--

COPY public.zkapp_epoch_data (id, epoch_ledger_id, epoch_seed, start_checkpoint, lock_checkpoint, epoch_length_id) FROM stdin;
1	1	\N	\N	\N	\N
\.


--
-- Data for Name: zkapp_epoch_ledger; Type: TABLE DATA; Schema: public; Owner: postgres
--

COPY public.zkapp_epoch_ledger (id, hash_id, total_currency_id) FROM stdin;
1	\N	\N
\.


--
-- Data for Name: zkapp_events; Type: TABLE DATA; Schema: public; Owner: postgres
--

COPY public.zkapp_events (id, element_ids) FROM stdin;
1	{}
\.


--
-- Data for Name: zkapp_fee_payer_body; Type: TABLE DATA; Schema: public; Owner: postgres
--

COPY public.zkapp_fee_payer_body (id, public_key_id, fee, valid_until, nonce) FROM stdin;
1	148	5000000000	\N	0
2	148	5000000000	\N	1
3	148	5000000000	\N	2
4	148	5000000000	\N	3
5	148	5000000000	\N	4
6	148	5000000000	\N	5
7	148	5000000000	\N	6
8	148	5000000000	\N	7
9	148	5000000000	\N	8
10	148	5000000000	\N	9
11	148	5000000000	\N	10
12	148	5000000000	\N	11
13	148	5000000000	\N	12
14	148	5000000000	\N	13
15	148	5000000000	\N	14
16	148	5000000000	\N	15
17	148	5000000000	\N	16
18	148	5000000000	\N	17
19	148	5000000000	\N	18
20	148	5000000000	\N	19
21	148	5000000000	\N	20
22	148	5000000000	\N	21
23	148	5000000000	\N	22
24	148	5000000000	\N	23
25	148	5000000000	\N	24
26	148	5000000000	\N	25
27	148	5000000000	\N	26
28	148	5000000000	\N	27
29	148	5000000000	\N	28
30	148	5000000000	\N	29
31	148	5000000000	\N	30
32	148	5000000000	\N	31
33	148	5000000000	\N	32
34	148	5000000000	\N	33
35	148	5000000000	\N	34
36	148	5000000000	\N	35
37	148	5000000000	\N	36
38	148	5000000000	\N	37
39	148	5000000000	\N	38
40	148	5000000000	\N	39
41	148	5000000000	\N	40
42	148	5000000000	\N	41
43	148	5000000000	\N	42
44	148	5000000000	\N	43
45	148	5000000000	\N	44
46	148	5000000000	\N	45
47	148	5000000000	\N	46
48	148	5000000000	\N	47
49	148	5000000000	\N	48
50	148	5000000000	\N	49
51	148	5000000000	\N	50
52	148	5000000000	\N	51
53	148	5000000000	\N	52
54	148	5000000000	\N	53
55	148	5000000000	\N	54
56	148	5000000000	\N	55
57	148	5000000000	\N	56
58	148	5000000000	\N	57
59	148	5000000000	\N	58
60	148	5000000000	\N	59
61	148	5000000000	\N	60
62	148	5000000000	\N	61
63	148	5000000000	\N	62
64	148	5000000000	\N	63
65	148	5000000000	\N	64
66	148	5000000000	\N	65
67	148	5000000000	\N	66
68	148	5000000000	\N	67
69	148	5000000000	\N	68
70	148	5000000000	\N	69
71	148	5000000000	\N	70
72	148	5000000000	\N	71
73	148	5000000000	\N	72
74	148	5000000000	\N	73
75	148	5000000000	\N	74
76	148	5000000000	\N	75
77	148	5000000000	\N	76
78	148	5000000000	\N	77
79	148	5000000000	\N	78
80	148	5000000000	\N	79
81	148	5000000000	\N	80
82	148	5000000000	\N	81
83	148	5000000000	\N	82
84	148	5000000000	\N	83
85	148	5000000000	\N	84
86	148	5000000000	\N	85
87	148	5000000000	\N	86
88	148	5000000000	\N	87
89	148	5000000000	\N	88
90	148	5000000000	\N	89
91	148	5000000000	\N	90
92	148	5000000000	\N	91
93	148	5000000000	\N	92
94	148	5000000000	\N	93
95	148	5000000000	\N	94
96	148	5000000000	\N	95
97	148	5000000000	\N	96
98	148	5000000000	\N	97
99	148	5000000000	\N	98
100	148	5000000000	\N	99
101	148	5000000000	\N	100
102	148	5000000000	\N	101
103	148	5000000000	\N	102
104	148	5000000000	\N	103
105	148	5000000000	\N	104
106	148	5000000000	\N	105
107	148	5000000000	\N	106
108	148	5000000000	\N	107
109	148	5000000000	\N	108
110	148	5000000000	\N	109
111	148	5000000000	\N	110
112	148	5000000000	\N	111
113	148	5000000000	\N	112
114	148	5000000000	\N	113
115	148	5000000000	\N	114
116	148	5000000000	\N	115
117	148	5000000000	\N	116
118	148	5000000000	\N	117
119	148	5000000000	\N	118
120	148	5000000000	\N	119
121	148	5000000000	\N	120
122	148	5000000000	\N	121
123	148	5000000000	\N	122
124	148	5000000000	\N	123
125	148	5000000000	\N	124
126	148	5000000000	\N	125
127	148	5000000000	\N	126
128	148	5000000000	\N	127
129	148	5000000000	\N	128
130	148	5000000000	\N	129
131	148	5000000000	\N	130
132	148	5000000000	\N	131
133	148	5000000000	\N	132
134	148	5000000000	\N	133
135	148	5000000000	\N	134
136	148	5000000000	\N	135
137	148	5000000000	\N	136
138	148	5000000000	\N	137
\.


--
-- Data for Name: zkapp_field; Type: TABLE DATA; Schema: public; Owner: postgres
--

COPY public.zkapp_field (id, field) FROM stdin;
1	0
2	1
3	2
4	3
5	4
6	5
7	6
8	7
9	8
10	9
11	10
12	11
13	12
14	13
15	14
16	15
17	16
18	17
19	18
20	19
21	20
22	21
23	22
24	23
25	24
26	25
27	26
28	27
29	28
30	29
31	30
32	31
33	32
34	33
35	34
36	35
37	36
38	37
39	38
40	39
41	40
42	41
43	42
44	43
45	44
46	45
47	46
48	47
49	48
50	49
51	50
52	51
53	52
54	53
55	54
56	55
57	56
58	57
59	58
60	59
61	60
62	61
63	62
64	63
65	64
66	65
67	66
68	67
\.


--
-- Data for Name: zkapp_field_array; Type: TABLE DATA; Schema: public; Owner: postgres
--

COPY public.zkapp_field_array (id, element_ids) FROM stdin;
\.


--
-- Data for Name: zkapp_global_slot_bounds; Type: TABLE DATA; Schema: public; Owner: postgres
--

COPY public.zkapp_global_slot_bounds (id, global_slot_lower_bound, global_slot_upper_bound) FROM stdin;
\.


--
-- Data for Name: zkapp_length_bounds; Type: TABLE DATA; Schema: public; Owner: postgres
--

COPY public.zkapp_length_bounds (id, length_lower_bound, length_upper_bound) FROM stdin;
\.


--
-- Data for Name: zkapp_network_precondition; Type: TABLE DATA; Schema: public; Owner: postgres
--

COPY public.zkapp_network_precondition (id, snarked_ledger_hash_id, blockchain_length_id, min_window_density_id, total_currency_id, global_slot_since_genesis, staking_epoch_data_id, next_epoch_data_id) FROM stdin;
1	\N	\N	\N	\N	\N	1	1
\.


--
-- Data for Name: zkapp_nonce_bounds; Type: TABLE DATA; Schema: public; Owner: postgres
--

COPY public.zkapp_nonce_bounds (id, nonce_lower_bound, nonce_upper_bound) FROM stdin;
1	1	1
2	2	2
3	3	3
4	4	4
5	5	5
6	6	6
7	7	7
8	8	8
9	9	9
10	10	10
11	11	11
12	12	12
13	13	13
14	14	14
15	15	15
16	16	16
17	17	17
18	18	18
19	19	19
20	20	20
21	21	21
22	22	22
23	23	23
24	24	24
25	25	25
26	26	26
27	27	27
28	28	28
29	29	29
30	30	30
31	31	31
32	32	32
33	33	33
34	34	34
35	35	35
36	36	36
37	37	37
38	38	38
39	39	39
40	40	40
41	41	41
42	42	42
43	43	43
44	44	44
45	45	45
46	46	46
47	47	47
48	48	48
49	49	49
50	50	50
51	51	51
52	52	52
53	53	53
54	54	54
55	55	55
56	56	56
57	57	57
58	58	58
59	59	59
60	60	60
61	61	61
62	62	62
63	63	63
64	64	64
65	65	65
66	66	66
67	67	67
68	68	68
69	69	69
70	70	70
\.


--
-- Data for Name: zkapp_permissions; Type: TABLE DATA; Schema: public; Owner: postgres
--

COPY public.zkapp_permissions (id, edit_state, send, receive, access, set_delegate, set_permissions, set_verification_key_auth, set_verification_key_txn_version, set_zkapp_uri, edit_action_state, set_token_symbol, increment_nonce, set_voting_for, set_timing) FROM stdin;
1	signature	signature	none	none	signature	signature	signature	3	signature	signature	signature	signature	signature	signature
\.


--
-- Data for Name: zkapp_states; Type: TABLE DATA; Schema: public; Owner: postgres
--

COPY public.zkapp_states (id, element0, element1, element2, element3, element4, element5, element6, element7) FROM stdin;
\.


--
-- Data for Name: zkapp_states_nullable; Type: TABLE DATA; Schema: public; Owner: postgres
--

COPY public.zkapp_states_nullable (id, element0, element1, element2, element3, element4, element5, element6, element7) FROM stdin;
1	\N	\N	\N	\N	\N	\N	\N	\N
2	1	\N	\N	\N	\N	\N	\N	\N
3	2	\N	\N	\N	\N	\N	\N	\N
4	3	\N	\N	\N	\N	\N	\N	\N
5	4	\N	\N	\N	\N	\N	\N	\N
6	5	\N	\N	\N	\N	\N	\N	\N
7	6	\N	\N	\N	\N	\N	\N	\N
8	7	\N	\N	\N	\N	\N	\N	\N
9	8	\N	\N	\N	\N	\N	\N	\N
10	9	\N	\N	\N	\N	\N	\N	\N
11	10	\N	\N	\N	\N	\N	\N	\N
12	11	\N	\N	\N	\N	\N	\N	\N
13	12	\N	\N	\N	\N	\N	\N	\N
14	13	\N	\N	\N	\N	\N	\N	\N
15	14	\N	\N	\N	\N	\N	\N	\N
16	15	\N	\N	\N	\N	\N	\N	\N
17	16	\N	\N	\N	\N	\N	\N	\N
18	17	\N	\N	\N	\N	\N	\N	\N
19	18	\N	\N	\N	\N	\N	\N	\N
20	19	\N	\N	\N	\N	\N	\N	\N
21	20	\N	\N	\N	\N	\N	\N	\N
22	21	\N	\N	\N	\N	\N	\N	\N
23	22	\N	\N	\N	\N	\N	\N	\N
24	23	\N	\N	\N	\N	\N	\N	\N
25	24	\N	\N	\N	\N	\N	\N	\N
26	25	\N	\N	\N	\N	\N	\N	\N
27	26	\N	\N	\N	\N	\N	\N	\N
28	27	\N	\N	\N	\N	\N	\N	\N
29	28	\N	\N	\N	\N	\N	\N	\N
30	29	\N	\N	\N	\N	\N	\N	\N
31	30	\N	\N	\N	\N	\N	\N	\N
32	31	\N	\N	\N	\N	\N	\N	\N
33	32	\N	\N	\N	\N	\N	\N	\N
34	33	\N	\N	\N	\N	\N	\N	\N
35	34	\N	\N	\N	\N	\N	\N	\N
36	35	\N	\N	\N	\N	\N	\N	\N
37	36	\N	\N	\N	\N	\N	\N	\N
38	37	\N	\N	\N	\N	\N	\N	\N
39	38	\N	\N	\N	\N	\N	\N	\N
40	39	\N	\N	\N	\N	\N	\N	\N
41	40	\N	\N	\N	\N	\N	\N	\N
42	41	\N	\N	\N	\N	\N	\N	\N
43	42	\N	\N	\N	\N	\N	\N	\N
44	43	\N	\N	\N	\N	\N	\N	\N
45	44	\N	\N	\N	\N	\N	\N	\N
46	45	\N	\N	\N	\N	\N	\N	\N
47	46	\N	\N	\N	\N	\N	\N	\N
48	47	\N	\N	\N	\N	\N	\N	\N
49	48	\N	\N	\N	\N	\N	\N	\N
50	49	\N	\N	\N	\N	\N	\N	\N
51	50	\N	\N	\N	\N	\N	\N	\N
52	51	\N	\N	\N	\N	\N	\N	\N
53	52	\N	\N	\N	\N	\N	\N	\N
54	53	\N	\N	\N	\N	\N	\N	\N
55	54	\N	\N	\N	\N	\N	\N	\N
56	55	\N	\N	\N	\N	\N	\N	\N
57	56	\N	\N	\N	\N	\N	\N	\N
58	57	\N	\N	\N	\N	\N	\N	\N
59	58	\N	\N	\N	\N	\N	\N	\N
60	59	\N	\N	\N	\N	\N	\N	\N
61	60	\N	\N	\N	\N	\N	\N	\N
62	61	\N	\N	\N	\N	\N	\N	\N
63	62	\N	\N	\N	\N	\N	\N	\N
64	63	\N	\N	\N	\N	\N	\N	\N
65	64	\N	\N	\N	\N	\N	\N	\N
66	65	\N	\N	\N	\N	\N	\N	\N
67	66	\N	\N	\N	\N	\N	\N	\N
68	67	\N	\N	\N	\N	\N	\N	\N
69	68	\N	\N	\N	\N	\N	\N	\N
\.


--
-- Data for Name: zkapp_timing_info; Type: TABLE DATA; Schema: public; Owner: postgres
--

COPY public.zkapp_timing_info (id, initial_minimum_balance, cliff_time, cliff_amount, vesting_period, vesting_increment) FROM stdin;
\.


--
-- Data for Name: zkapp_token_id_bounds; Type: TABLE DATA; Schema: public; Owner: postgres
--

COPY public.zkapp_token_id_bounds (id, token_id_lower_bound, token_id_upper_bound) FROM stdin;
\.


--
-- Data for Name: zkapp_updates; Type: TABLE DATA; Schema: public; Owner: postgres
--

COPY public.zkapp_updates (id, app_state_id, delegate_id, verification_key_id, permissions_id, zkapp_uri_id, token_symbol_id, timing_id, voting_for_id) FROM stdin;
1	1	\N	\N	\N	\N	\N	\N	\N
2	1	\N	1	1	\N	\N	\N	\N
3	2	\N	\N	\N	\N	\N	\N	\N
4	3	\N	\N	\N	\N	\N	\N	\N
5	4	\N	\N	\N	\N	\N	\N	\N
6	5	\N	\N	\N	\N	\N	\N	\N
7	6	\N	\N	\N	\N	\N	\N	\N
8	7	\N	\N	\N	\N	\N	\N	\N
9	8	\N	\N	\N	\N	\N	\N	\N
10	9	\N	\N	\N	\N	\N	\N	\N
11	10	\N	\N	\N	\N	\N	\N	\N
12	11	\N	\N	\N	\N	\N	\N	\N
13	12	\N	\N	\N	\N	\N	\N	\N
14	13	\N	\N	\N	\N	\N	\N	\N
15	14	\N	\N	\N	\N	\N	\N	\N
16	15	\N	\N	\N	\N	\N	\N	\N
17	16	\N	\N	\N	\N	\N	\N	\N
18	17	\N	\N	\N	\N	\N	\N	\N
19	18	\N	\N	\N	\N	\N	\N	\N
20	19	\N	\N	\N	\N	\N	\N	\N
21	20	\N	\N	\N	\N	\N	\N	\N
22	21	\N	\N	\N	\N	\N	\N	\N
23	22	\N	\N	\N	\N	\N	\N	\N
24	23	\N	\N	\N	\N	\N	\N	\N
25	24	\N	\N	\N	\N	\N	\N	\N
26	25	\N	\N	\N	\N	\N	\N	\N
27	26	\N	\N	\N	\N	\N	\N	\N
28	27	\N	\N	\N	\N	\N	\N	\N
29	28	\N	\N	\N	\N	\N	\N	\N
30	29	\N	\N	\N	\N	\N	\N	\N
31	30	\N	\N	\N	\N	\N	\N	\N
32	31	\N	\N	\N	\N	\N	\N	\N
33	32	\N	\N	\N	\N	\N	\N	\N
34	33	\N	\N	\N	\N	\N	\N	\N
35	34	\N	\N	\N	\N	\N	\N	\N
36	35	\N	\N	\N	\N	\N	\N	\N
37	36	\N	\N	\N	\N	\N	\N	\N
38	37	\N	\N	\N	\N	\N	\N	\N
39	38	\N	\N	\N	\N	\N	\N	\N
40	39	\N	\N	\N	\N	\N	\N	\N
41	40	\N	\N	\N	\N	\N	\N	\N
42	41	\N	\N	\N	\N	\N	\N	\N
43	42	\N	\N	\N	\N	\N	\N	\N
44	43	\N	\N	\N	\N	\N	\N	\N
45	44	\N	\N	\N	\N	\N	\N	\N
46	45	\N	\N	\N	\N	\N	\N	\N
47	46	\N	\N	\N	\N	\N	\N	\N
48	47	\N	\N	\N	\N	\N	\N	\N
49	48	\N	\N	\N	\N	\N	\N	\N
50	49	\N	\N	\N	\N	\N	\N	\N
51	50	\N	\N	\N	\N	\N	\N	\N
52	51	\N	\N	\N	\N	\N	\N	\N
53	52	\N	\N	\N	\N	\N	\N	\N
54	53	\N	\N	\N	\N	\N	\N	\N
55	54	\N	\N	\N	\N	\N	\N	\N
56	55	\N	\N	\N	\N	\N	\N	\N
57	56	\N	\N	\N	\N	\N	\N	\N
58	57	\N	\N	\N	\N	\N	\N	\N
59	58	\N	\N	\N	\N	\N	\N	\N
60	59	\N	\N	\N	\N	\N	\N	\N
61	60	\N	\N	\N	\N	\N	\N	\N
62	61	\N	\N	\N	\N	\N	\N	\N
63	62	\N	\N	\N	\N	\N	\N	\N
64	63	\N	\N	\N	\N	\N	\N	\N
65	64	\N	\N	\N	\N	\N	\N	\N
66	65	\N	\N	\N	\N	\N	\N	\N
67	66	\N	\N	\N	\N	\N	\N	\N
68	67	\N	\N	\N	\N	\N	\N	\N
69	68	\N	\N	\N	\N	\N	\N	\N
70	69	\N	\N	\N	\N	\N	\N	\N
\.


--
-- Data for Name: zkapp_uris; Type: TABLE DATA; Schema: public; Owner: postgres
--

COPY public.zkapp_uris (id, value) FROM stdin;
\.


--
-- Data for Name: zkapp_verification_key_hashes; Type: TABLE DATA; Schema: public; Owner: postgres
--

COPY public.zkapp_verification_key_hashes (id, value) FROM stdin;
1	330109536550383627416201330124291596191867681867265169258470531313815097966
\.


--
-- Data for Name: zkapp_verification_keys; Type: TABLE DATA; Schema: public; Owner: postgres
--

COPY public.zkapp_verification_keys (id, verification_key, hash_id) FROM stdin;
1	AACcenc1yLdGBm4xtUN1dpModROI0zovuy5rz2a94vfdBgG1C75BqviU4vw6JUYqODF8n9ivtfeU5s9PcpEGIP0htil2mfx8v2DB5RuNQ7VxJWkha0TSnJJsOl0FxhjldBbOY3tUZzZxHpPhHOKHz/ZAXRYFIsf2x+7boXC0iPurEX9VcnaJIq+YxxmnSfeYYxHkjxO9lrDBqjXzd5AHMnYyjTPC69B+5In7AOGS6R+A/g3/aR/MKDa4eDVrnsF9Oy/Ay8ahic2sSAZvtn08MdRyk/jm2cLlJbeAAad6Xyz/H9l7JrkbVwDMMPxvHVHs27tNoJCzIlrRzB7pg3ju9aQOu4h3thDr+WSgFQWKvcRPeL7f3TFjIr8WZ2457RgMcTwXwORKbqJCcyKVNOE+FlNwVkOKER+WIpC0OlgGuayPFwQQkbb91jaRlJvahfwkbF2+AJmDnavmNpop9T+/Xak1adXIrsRPeOjC+qIKxIbGimoMOoYzYlevKA80LnJ7HC0IxR+yNLvoSYxDDPNRD+OCCxk5lM2h8IDUiCNWH4FZNJ+doiigKjyZlu/xZ7jHcX7qibu/32KFTX85DPSkQM8dABl309Ne9XzDAjA7rvef7vicw7KNgt56kWcEUki0o3M1yfbB8UxOSuOP07pw5+vrNHINMmJAuEKtNPwa5HvXBA4KR89XcqLS/NP7lwCEej/L8q8R7sKGMCXmgFYluWH4JBSPDgvMxScfjFS33oBNb7po8cLnAORzohXoYTSgztklD0mKn6EegLbkLtwwr9ObsLz3m7fp/3wkNWFRkY5xzSZN1VybbQbmpyQNCpxd/kdDsvlszqlowkyC8HnKbhnvE0Mrz3ZIk4vSs/UGBSXAoESFCFCPcTq11TCOhE5rumMJErv5LusDHJgrBtQUMibLU9A1YbF7SPDAR2QZd0yx3wZoHstfG3lbbtZcnaUabgu8tRdZiwRfX+rV+EBDCClOIpZn5V2SIpPpehhCpEBgDKUT0y2dgMO53Wc7OBDUFfkNX+JGhhD4fuA7IGFdIdthrwcbckBm0CBsRcVLlp+qlQ7a7ryGkxT8Bm3kEjVuRCYk6CbAfdT5lbKbQ7xYK4E2PfzQ2lMDwwuxRP+K2iQgP8UoGIBiUYI0lRvphhDkbCweEg0Owjz1pTUF/uiiMyVPsAyeoyh5fvmUgaNBkf5Hjh0xOGUbSHzawovjubcH7qWjIZoghZJ16QB1c0ryiAfHB48OHhs2p/JZWz8Dp7kfcPkeg2Of2NbupJlNVMLIH4IGWaPAscBRkZ+F4oLqOhJ5as7fAzzU8PQdeZi0YgssGDJVmNEHP61I16KZNcxQqR0EUVwhyMmYmpVjvtfhHi/6IxY/aPPEtcmsYEuy/JUaIuM0ZvnPNyB2E2Ckec+wJmooYjWXxYrXimjXWgv3IUGOiLDuQ0uGmrG5Bk+gyhZ5bhlVmlVsP8zA+xuHylyiww/Lercce7cq0YA5PtYS3ge9IDYwXckBUXb5ikD3alrrv5mvMu6itB7ix2f8lbiF9Fkmc4Bk2ycIWXJDCuBN+2sTFqzUeoT6xY8XWaOcnDvqOgSm/CCSv38umiOE2jEpsKYxhRc6W70UJkrzd3hr2DiSF1I2B+krpUVK1GeOdCLC5sl7YPzk+pF8183uI9wse6UTlqIiroKqsggzLBy/IjAfxS0BxFy5zywXqp+NogFkoTEJmR5MaqOkPfap+OsD1lGScY6+X4WW/HqCWrmA3ZTqDGngQMTGXLCtl6IS/cQpihS1NRbNqOtKTaCB9COQu0oz6RivBlywuaj3MKUdmbQ2gVDj+SGQItCNaXawyPSBjB9VT+68SoJVySQsYPCuEZCb0V/40n/a7RAbyrnNjP+2HwD7p27Pl1RSzqq35xiPdnycD1UeEPLpx/ON65mYCkn+KLQZmkqPio+vA2KmJngWTx+ol4rVFimGm76VT0xCFDsu2K0YX0yoLNH4u2XfmT9NR8gGfkVRCnnNjlbgHQmEwC75+GmEJ5DjD3d+s6IXTQ60MHvxbTHHlnfmPbgKn2SAI0uVoewKC9GyK6dSaboLw3C48jl0E2kyc+7umhCk3kEeWmt//GSjRNhoq+B+mynXiOtgFs/Am2v1TBjSb+6tcijsf5tFJmeGxlCjJnTdNWBkSHpMoo6OFkkpA6/FBAUHLSM7Yv8oYyd0GtwF5cCwQ6aRTbl9oG/mUn5Q92OnDMQcUjpgEho0Dcp2OqZyyxqQSPrbIIZZQrS2HkxBgjcfcSTuSHo7ONqlRjLUpO5yS95VLGXBLLHuCiIMGT+DW6DoJRtRIS+JieVWBoX0YsWgYInXrVlWUv6gDng5AyVFkUIFwZk7/3mVAgvXO83ArVKA4S747jT60w5bgV4Jy55slDM=	1
\.


--
-- Name: account_identifiers_id_seq; Type: SEQUENCE SET; Schema: public; Owner: postgres
--

SELECT pg_catalog.setval('public.account_identifiers_id_seq', 243, true);


--
-- Name: blocks_id_seq; Type: SEQUENCE SET; Schema: public; Owner: postgres
--

SELECT pg_catalog.setval('public.blocks_id_seq', 20, true);


--
-- Name: epoch_data_id_seq; Type: SEQUENCE SET; Schema: public; Owner: postgres
--

SELECT pg_catalog.setval('public.epoch_data_id_seq', 21, true);


--
-- Name: internal_commands_id_seq; Type: SEQUENCE SET; Schema: public; Owner: postgres
--

SELECT pg_catalog.setval('public.internal_commands_id_seq', 19, true);


--
-- Name: protocol_versions_id_seq; Type: SEQUENCE SET; Schema: public; Owner: postgres
--

SELECT pg_catalog.setval('public.protocol_versions_id_seq', 1, true);


--
-- Name: public_keys_id_seq; Type: SEQUENCE SET; Schema: public; Owner: postgres
--

SELECT pg_catalog.setval('public.public_keys_id_seq', 243, true);


--
-- Name: snarked_ledger_hashes_id_seq; Type: SEQUENCE SET; Schema: public; Owner: postgres
--

SELECT pg_catalog.setval('public.snarked_ledger_hashes_id_seq', 1, true);


--
-- Name: timing_info_id_seq; Type: SEQUENCE SET; Schema: public; Owner: postgres
--

SELECT pg_catalog.setval('public.timing_info_id_seq', 242, true);


--
-- Name: token_symbols_id_seq; Type: SEQUENCE SET; Schema: public; Owner: postgres
--

SELECT pg_catalog.setval('public.token_symbols_id_seq', 1, true);


--
-- Name: tokens_id_seq; Type: SEQUENCE SET; Schema: public; Owner: postgres
--

SELECT pg_catalog.setval('public.tokens_id_seq', 1, true);


--
-- Name: user_commands_id_seq; Type: SEQUENCE SET; Schema: public; Owner: postgres
--

SELECT pg_catalog.setval('public.user_commands_id_seq', 70, true);


--
-- Name: voting_for_id_seq; Type: SEQUENCE SET; Schema: public; Owner: postgres
--

SELECT pg_catalog.setval('public.voting_for_id_seq', 1, true);


--
-- Name: zkapp_account_precondition_id_seq; Type: SEQUENCE SET; Schema: public; Owner: postgres
--

SELECT pg_catalog.setval('public.zkapp_account_precondition_id_seq', 71, true);


--
-- Name: zkapp_account_update_body_id_seq; Type: SEQUENCE SET; Schema: public; Owner: postgres
--

SELECT pg_catalog.setval('public.zkapp_account_update_body_id_seq', 140, true);


--
-- Name: zkapp_account_update_failures_id_seq; Type: SEQUENCE SET; Schema: public; Owner: postgres
--

SELECT pg_catalog.setval('public.zkapp_account_update_failures_id_seq', 4, true);


--
-- Name: zkapp_account_update_id_seq; Type: SEQUENCE SET; Schema: public; Owner: postgres
--

SELECT pg_catalog.setval('public.zkapp_account_update_id_seq', 140, true);


--
-- Name: zkapp_accounts_id_seq; Type: SEQUENCE SET; Schema: public; Owner: postgres
--

SELECT pg_catalog.setval('public.zkapp_accounts_id_seq', 1, false);


--
-- Name: zkapp_action_states_id_seq; Type: SEQUENCE SET; Schema: public; Owner: postgres
--

SELECT pg_catalog.setval('public.zkapp_action_states_id_seq', 1, false);


--
-- Name: zkapp_amount_bounds_id_seq; Type: SEQUENCE SET; Schema: public; Owner: postgres
--

SELECT pg_catalog.setval('public.zkapp_amount_bounds_id_seq', 1, false);


--
-- Name: zkapp_balance_bounds_id_seq; Type: SEQUENCE SET; Schema: public; Owner: postgres
--

SELECT pg_catalog.setval('public.zkapp_balance_bounds_id_seq', 1, false);


--
-- Name: zkapp_commands_id_seq; Type: SEQUENCE SET; Schema: public; Owner: postgres
--

SELECT pg_catalog.setval('public.zkapp_commands_id_seq', 138, true);


--
-- Name: zkapp_epoch_data_id_seq; Type: SEQUENCE SET; Schema: public; Owner: postgres
--

SELECT pg_catalog.setval('public.zkapp_epoch_data_id_seq', 1, true);


--
-- Name: zkapp_epoch_ledger_id_seq; Type: SEQUENCE SET; Schema: public; Owner: postgres
--

SELECT pg_catalog.setval('public.zkapp_epoch_ledger_id_seq', 1, true);


--
-- Name: zkapp_events_id_seq; Type: SEQUENCE SET; Schema: public; Owner: postgres
--

SELECT pg_catalog.setval('public.zkapp_events_id_seq', 1, true);


--
-- Name: zkapp_fee_payer_body_id_seq; Type: SEQUENCE SET; Schema: public; Owner: postgres
--

SELECT pg_catalog.setval('public.zkapp_fee_payer_body_id_seq', 138, true);


--
-- Name: zkapp_field_array_id_seq; Type: SEQUENCE SET; Schema: public; Owner: postgres
--

SELECT pg_catalog.setval('public.zkapp_field_array_id_seq', 1, false);


--
-- Name: zkapp_field_id_seq; Type: SEQUENCE SET; Schema: public; Owner: postgres
--

SELECT pg_catalog.setval('public.zkapp_field_id_seq', 68, true);


--
-- Name: zkapp_global_slot_bounds_id_seq; Type: SEQUENCE SET; Schema: public; Owner: postgres
--

SELECT pg_catalog.setval('public.zkapp_global_slot_bounds_id_seq', 1, false);


--
-- Name: zkapp_length_bounds_id_seq; Type: SEQUENCE SET; Schema: public; Owner: postgres
--

SELECT pg_catalog.setval('public.zkapp_length_bounds_id_seq', 1, false);


--
-- Name: zkapp_network_precondition_id_seq; Type: SEQUENCE SET; Schema: public; Owner: postgres
--

SELECT pg_catalog.setval('public.zkapp_network_precondition_id_seq', 1, true);


--
-- Name: zkapp_nonce_bounds_id_seq; Type: SEQUENCE SET; Schema: public; Owner: postgres
--

SELECT pg_catalog.setval('public.zkapp_nonce_bounds_id_seq', 70, true);


--
-- Name: zkapp_permissions_id_seq; Type: SEQUENCE SET; Schema: public; Owner: postgres
--

SELECT pg_catalog.setval('public.zkapp_permissions_id_seq', 1, true);


--
-- Name: zkapp_states_id_seq; Type: SEQUENCE SET; Schema: public; Owner: postgres
--

SELECT pg_catalog.setval('public.zkapp_states_id_seq', 1, false);


--
-- Name: zkapp_states_nullable_id_seq; Type: SEQUENCE SET; Schema: public; Owner: postgres
--

SELECT pg_catalog.setval('public.zkapp_states_nullable_id_seq', 69, true);


--
-- Name: zkapp_timing_info_id_seq; Type: SEQUENCE SET; Schema: public; Owner: postgres
--

SELECT pg_catalog.setval('public.zkapp_timing_info_id_seq', 1, false);


--
-- Name: zkapp_token_id_bounds_id_seq; Type: SEQUENCE SET; Schema: public; Owner: postgres
--

SELECT pg_catalog.setval('public.zkapp_token_id_bounds_id_seq', 1, false);


--
-- Name: zkapp_updates_id_seq; Type: SEQUENCE SET; Schema: public; Owner: postgres
--

SELECT pg_catalog.setval('public.zkapp_updates_id_seq', 70, true);


--
-- Name: zkapp_uris_id_seq; Type: SEQUENCE SET; Schema: public; Owner: postgres
--

SELECT pg_catalog.setval('public.zkapp_uris_id_seq', 1, false);


--
-- Name: zkapp_verification_key_hashes_id_seq; Type: SEQUENCE SET; Schema: public; Owner: postgres
--

SELECT pg_catalog.setval('public.zkapp_verification_key_hashes_id_seq', 1, true);


--
-- Name: zkapp_verification_keys_id_seq; Type: SEQUENCE SET; Schema: public; Owner: postgres
--

SELECT pg_catalog.setval('public.zkapp_verification_keys_id_seq', 1, true);


--
-- Name: account_identifiers account_identifiers_pkey; Type: CONSTRAINT; Schema: public; Owner: postgres
--

ALTER TABLE ONLY public.account_identifiers
    ADD CONSTRAINT account_identifiers_pkey PRIMARY KEY (id);


--
-- Name: account_identifiers account_identifiers_public_key_id_token_id_key; Type: CONSTRAINT; Schema: public; Owner: postgres
--

ALTER TABLE ONLY public.account_identifiers
    ADD CONSTRAINT account_identifiers_public_key_id_token_id_key UNIQUE (public_key_id, token_id);


--
-- Name: accounts_accessed accounts_accessed_pkey; Type: CONSTRAINT; Schema: public; Owner: postgres
--

ALTER TABLE ONLY public.accounts_accessed
    ADD CONSTRAINT accounts_accessed_pkey PRIMARY KEY (block_id, account_identifier_id);


--
-- Name: accounts_created accounts_created_pkey; Type: CONSTRAINT; Schema: public; Owner: postgres
--

ALTER TABLE ONLY public.accounts_created
    ADD CONSTRAINT accounts_created_pkey PRIMARY KEY (block_id, account_identifier_id);


--
-- Name: blocks_internal_commands blocks_internal_commands_pkey; Type: CONSTRAINT; Schema: public; Owner: postgres
--

ALTER TABLE ONLY public.blocks_internal_commands
    ADD CONSTRAINT blocks_internal_commands_pkey PRIMARY KEY (block_id, internal_command_id, sequence_no, secondary_sequence_no);


--
-- Name: blocks blocks_pkey; Type: CONSTRAINT; Schema: public; Owner: postgres
--

ALTER TABLE ONLY public.blocks
    ADD CONSTRAINT blocks_pkey PRIMARY KEY (id);


--
-- Name: blocks blocks_state_hash_key; Type: CONSTRAINT; Schema: public; Owner: postgres
--

ALTER TABLE ONLY public.blocks
    ADD CONSTRAINT blocks_state_hash_key UNIQUE (state_hash);


--
-- Name: blocks_user_commands blocks_user_commands_pkey; Type: CONSTRAINT; Schema: public; Owner: postgres
--

ALTER TABLE ONLY public.blocks_user_commands
    ADD CONSTRAINT blocks_user_commands_pkey PRIMARY KEY (block_id, user_command_id, sequence_no);


--
-- Name: blocks_zkapp_commands blocks_zkapp_commands_pkey; Type: CONSTRAINT; Schema: public; Owner: postgres
--

ALTER TABLE ONLY public.blocks_zkapp_commands
    ADD CONSTRAINT blocks_zkapp_commands_pkey PRIMARY KEY (block_id, zkapp_command_id, sequence_no);


--
-- Name: epoch_data epoch_data_pkey; Type: CONSTRAINT; Schema: public; Owner: postgres
--

ALTER TABLE ONLY public.epoch_data
    ADD CONSTRAINT epoch_data_pkey PRIMARY KEY (id);


--
-- Name: epoch_data epoch_data_seed_ledger_hash_id_total_currency_start_checkpo_key; Type: CONSTRAINT; Schema: public; Owner: postgres
--

ALTER TABLE ONLY public.epoch_data
    ADD CONSTRAINT epoch_data_seed_ledger_hash_id_total_currency_start_checkpo_key UNIQUE (seed, ledger_hash_id, total_currency, start_checkpoint, lock_checkpoint, epoch_length);


--
-- Name: internal_commands internal_commands_hash_command_type_key; Type: CONSTRAINT; Schema: public; Owner: postgres
--

ALTER TABLE ONLY public.internal_commands
    ADD CONSTRAINT internal_commands_hash_command_type_key UNIQUE (hash, command_type);


--
-- Name: internal_commands internal_commands_pkey; Type: CONSTRAINT; Schema: public; Owner: postgres
--

ALTER TABLE ONLY public.internal_commands
    ADD CONSTRAINT internal_commands_pkey PRIMARY KEY (id);


--
-- Name: protocol_versions protocol_versions_pkey; Type: CONSTRAINT; Schema: public; Owner: postgres
--

ALTER TABLE ONLY public.protocol_versions
    ADD CONSTRAINT protocol_versions_pkey PRIMARY KEY (id);


--
-- Name: protocol_versions protocol_versions_transaction_network_patch_key; Type: CONSTRAINT; Schema: public; Owner: postgres
--

ALTER TABLE ONLY public.protocol_versions
    ADD CONSTRAINT protocol_versions_transaction_network_patch_key UNIQUE (transaction, network, patch);


--
-- Name: public_keys public_keys_pkey; Type: CONSTRAINT; Schema: public; Owner: postgres
--

ALTER TABLE ONLY public.public_keys
    ADD CONSTRAINT public_keys_pkey PRIMARY KEY (id);


--
-- Name: public_keys public_keys_value_key; Type: CONSTRAINT; Schema: public; Owner: postgres
--

ALTER TABLE ONLY public.public_keys
    ADD CONSTRAINT public_keys_value_key UNIQUE (value);


--
-- Name: snarked_ledger_hashes snarked_ledger_hashes_pkey; Type: CONSTRAINT; Schema: public; Owner: postgres
--

ALTER TABLE ONLY public.snarked_ledger_hashes
    ADD CONSTRAINT snarked_ledger_hashes_pkey PRIMARY KEY (id);


--
-- Name: snarked_ledger_hashes snarked_ledger_hashes_value_key; Type: CONSTRAINT; Schema: public; Owner: postgres
--

ALTER TABLE ONLY public.snarked_ledger_hashes
    ADD CONSTRAINT snarked_ledger_hashes_value_key UNIQUE (value);


--
-- Name: timing_info timing_info_pkey; Type: CONSTRAINT; Schema: public; Owner: postgres
--

ALTER TABLE ONLY public.timing_info
    ADD CONSTRAINT timing_info_pkey PRIMARY KEY (id);


--
-- Name: token_symbols token_symbols_pkey; Type: CONSTRAINT; Schema: public; Owner: postgres
--

ALTER TABLE ONLY public.token_symbols
    ADD CONSTRAINT token_symbols_pkey PRIMARY KEY (id);


--
-- Name: tokens tokens_pkey; Type: CONSTRAINT; Schema: public; Owner: postgres
--

ALTER TABLE ONLY public.tokens
    ADD CONSTRAINT tokens_pkey PRIMARY KEY (id);


--
-- Name: tokens tokens_value_key; Type: CONSTRAINT; Schema: public; Owner: postgres
--

ALTER TABLE ONLY public.tokens
    ADD CONSTRAINT tokens_value_key UNIQUE (value);


--
-- Name: user_commands user_commands_hash_key; Type: CONSTRAINT; Schema: public; Owner: postgres
--

ALTER TABLE ONLY public.user_commands
    ADD CONSTRAINT user_commands_hash_key UNIQUE (hash);


--
-- Name: user_commands user_commands_pkey; Type: CONSTRAINT; Schema: public; Owner: postgres
--

ALTER TABLE ONLY public.user_commands
    ADD CONSTRAINT user_commands_pkey PRIMARY KEY (id);


--
-- Name: voting_for voting_for_pkey; Type: CONSTRAINT; Schema: public; Owner: postgres
--

ALTER TABLE ONLY public.voting_for
    ADD CONSTRAINT voting_for_pkey PRIMARY KEY (id);


--
-- Name: zkapp_account_precondition zkapp_account_precondition_balance_id_receipt_chain_hash_de_key; Type: CONSTRAINT; Schema: public; Owner: postgres
--

ALTER TABLE ONLY public.zkapp_account_precondition
    ADD CONSTRAINT zkapp_account_precondition_balance_id_receipt_chain_hash_de_key UNIQUE (balance_id, receipt_chain_hash, delegate_id, state_id, action_state_id, proved_state, is_new, nonce_id);


--
-- Name: zkapp_account_precondition zkapp_account_precondition_pkey; Type: CONSTRAINT; Schema: public; Owner: postgres
--

ALTER TABLE ONLY public.zkapp_account_precondition
    ADD CONSTRAINT zkapp_account_precondition_pkey PRIMARY KEY (id);


--
-- Name: zkapp_account_update_body zkapp_account_update_body_pkey; Type: CONSTRAINT; Schema: public; Owner: postgres
--

ALTER TABLE ONLY public.zkapp_account_update_body
    ADD CONSTRAINT zkapp_account_update_body_pkey PRIMARY KEY (id);


--
-- Name: zkapp_account_update_failures zkapp_account_update_failures_pkey; Type: CONSTRAINT; Schema: public; Owner: postgres
--

ALTER TABLE ONLY public.zkapp_account_update_failures
    ADD CONSTRAINT zkapp_account_update_failures_pkey PRIMARY KEY (id);


--
-- Name: zkapp_account_update zkapp_account_update_pkey; Type: CONSTRAINT; Schema: public; Owner: postgres
--

ALTER TABLE ONLY public.zkapp_account_update
    ADD CONSTRAINT zkapp_account_update_pkey PRIMARY KEY (id);


--
-- Name: zkapp_accounts zkapp_accounts_pkey; Type: CONSTRAINT; Schema: public; Owner: postgres
--

ALTER TABLE ONLY public.zkapp_accounts
    ADD CONSTRAINT zkapp_accounts_pkey PRIMARY KEY (id);


--
-- Name: zkapp_action_states zkapp_action_states_pkey; Type: CONSTRAINT; Schema: public; Owner: postgres
--

ALTER TABLE ONLY public.zkapp_action_states
    ADD CONSTRAINT zkapp_action_states_pkey PRIMARY KEY (id);


--
-- Name: zkapp_amount_bounds zkapp_amount_bounds_pkey; Type: CONSTRAINT; Schema: public; Owner: postgres
--

ALTER TABLE ONLY public.zkapp_amount_bounds
    ADD CONSTRAINT zkapp_amount_bounds_pkey PRIMARY KEY (id);


--
-- Name: zkapp_balance_bounds zkapp_balance_bounds_pkey; Type: CONSTRAINT; Schema: public; Owner: postgres
--

ALTER TABLE ONLY public.zkapp_balance_bounds
    ADD CONSTRAINT zkapp_balance_bounds_pkey PRIMARY KEY (id);


--
-- Name: zkapp_commands zkapp_commands_hash_key; Type: CONSTRAINT; Schema: public; Owner: postgres
--

ALTER TABLE ONLY public.zkapp_commands
    ADD CONSTRAINT zkapp_commands_hash_key UNIQUE (hash);


--
-- Name: zkapp_commands zkapp_commands_pkey; Type: CONSTRAINT; Schema: public; Owner: postgres
--

ALTER TABLE ONLY public.zkapp_commands
    ADD CONSTRAINT zkapp_commands_pkey PRIMARY KEY (id);


--
-- Name: zkapp_epoch_data zkapp_epoch_data_pkey; Type: CONSTRAINT; Schema: public; Owner: postgres
--

ALTER TABLE ONLY public.zkapp_epoch_data
    ADD CONSTRAINT zkapp_epoch_data_pkey PRIMARY KEY (id);


--
-- Name: zkapp_epoch_ledger zkapp_epoch_ledger_pkey; Type: CONSTRAINT; Schema: public; Owner: postgres
--

ALTER TABLE ONLY public.zkapp_epoch_ledger
    ADD CONSTRAINT zkapp_epoch_ledger_pkey PRIMARY KEY (id);


--
-- Name: zkapp_events zkapp_events_element_ids_key; Type: CONSTRAINT; Schema: public; Owner: postgres
--

ALTER TABLE ONLY public.zkapp_events
    ADD CONSTRAINT zkapp_events_element_ids_key UNIQUE (element_ids);


--
-- Name: zkapp_events zkapp_events_pkey; Type: CONSTRAINT; Schema: public; Owner: postgres
--

ALTER TABLE ONLY public.zkapp_events
    ADD CONSTRAINT zkapp_events_pkey PRIMARY KEY (id);


--
-- Name: zkapp_fee_payer_body zkapp_fee_payer_body_pkey; Type: CONSTRAINT; Schema: public; Owner: postgres
--

ALTER TABLE ONLY public.zkapp_fee_payer_body
    ADD CONSTRAINT zkapp_fee_payer_body_pkey PRIMARY KEY (id);


--
-- Name: zkapp_field_array zkapp_field_array_element_ids_key; Type: CONSTRAINT; Schema: public; Owner: postgres
--

ALTER TABLE ONLY public.zkapp_field_array
    ADD CONSTRAINT zkapp_field_array_element_ids_key UNIQUE (element_ids);


--
-- Name: zkapp_field_array zkapp_field_array_pkey; Type: CONSTRAINT; Schema: public; Owner: postgres
--

ALTER TABLE ONLY public.zkapp_field_array
    ADD CONSTRAINT zkapp_field_array_pkey PRIMARY KEY (id);


--
-- Name: zkapp_field zkapp_field_field_key; Type: CONSTRAINT; Schema: public; Owner: postgres
--

ALTER TABLE ONLY public.zkapp_field
    ADD CONSTRAINT zkapp_field_field_key UNIQUE (field);


--
-- Name: zkapp_field zkapp_field_pkey; Type: CONSTRAINT; Schema: public; Owner: postgres
--

ALTER TABLE ONLY public.zkapp_field
    ADD CONSTRAINT zkapp_field_pkey PRIMARY KEY (id);


--
-- Name: zkapp_global_slot_bounds zkapp_global_slot_bounds_pkey; Type: CONSTRAINT; Schema: public; Owner: postgres
--

ALTER TABLE ONLY public.zkapp_global_slot_bounds
    ADD CONSTRAINT zkapp_global_slot_bounds_pkey PRIMARY KEY (id);


--
-- Name: zkapp_length_bounds zkapp_length_bounds_pkey; Type: CONSTRAINT; Schema: public; Owner: postgres
--

ALTER TABLE ONLY public.zkapp_length_bounds
    ADD CONSTRAINT zkapp_length_bounds_pkey PRIMARY KEY (id);


--
-- Name: zkapp_network_precondition zkapp_network_precondition_pkey; Type: CONSTRAINT; Schema: public; Owner: postgres
--

ALTER TABLE ONLY public.zkapp_network_precondition
    ADD CONSTRAINT zkapp_network_precondition_pkey PRIMARY KEY (id);


--
-- Name: zkapp_nonce_bounds zkapp_nonce_bounds_pkey; Type: CONSTRAINT; Schema: public; Owner: postgres
--

ALTER TABLE ONLY public.zkapp_nonce_bounds
    ADD CONSTRAINT zkapp_nonce_bounds_pkey PRIMARY KEY (id);


--
-- Name: zkapp_permissions zkapp_permissions_pkey; Type: CONSTRAINT; Schema: public; Owner: postgres
--

ALTER TABLE ONLY public.zkapp_permissions
    ADD CONSTRAINT zkapp_permissions_pkey PRIMARY KEY (id);


--
-- Name: zkapp_states_nullable zkapp_states_nullable_pkey; Type: CONSTRAINT; Schema: public; Owner: postgres
--

ALTER TABLE ONLY public.zkapp_states_nullable
    ADD CONSTRAINT zkapp_states_nullable_pkey PRIMARY KEY (id);


--
-- Name: zkapp_states zkapp_states_pkey; Type: CONSTRAINT; Schema: public; Owner: postgres
--

ALTER TABLE ONLY public.zkapp_states
    ADD CONSTRAINT zkapp_states_pkey PRIMARY KEY (id);


--
-- Name: zkapp_timing_info zkapp_timing_info_pkey; Type: CONSTRAINT; Schema: public; Owner: postgres
--

ALTER TABLE ONLY public.zkapp_timing_info
    ADD CONSTRAINT zkapp_timing_info_pkey PRIMARY KEY (id);


--
-- Name: zkapp_token_id_bounds zkapp_token_id_bounds_pkey; Type: CONSTRAINT; Schema: public; Owner: postgres
--

ALTER TABLE ONLY public.zkapp_token_id_bounds
    ADD CONSTRAINT zkapp_token_id_bounds_pkey PRIMARY KEY (id);


--
-- Name: zkapp_updates zkapp_updates_pkey; Type: CONSTRAINT; Schema: public; Owner: postgres
--

ALTER TABLE ONLY public.zkapp_updates
    ADD CONSTRAINT zkapp_updates_pkey PRIMARY KEY (id);


--
-- Name: zkapp_uris zkapp_uris_pkey; Type: CONSTRAINT; Schema: public; Owner: postgres
--

ALTER TABLE ONLY public.zkapp_uris
    ADD CONSTRAINT zkapp_uris_pkey PRIMARY KEY (id);


--
-- Name: zkapp_uris zkapp_uris_value_key; Type: CONSTRAINT; Schema: public; Owner: postgres
--

ALTER TABLE ONLY public.zkapp_uris
    ADD CONSTRAINT zkapp_uris_value_key UNIQUE (value);


--
-- Name: zkapp_verification_key_hashes zkapp_verification_key_hashes_pkey; Type: CONSTRAINT; Schema: public; Owner: postgres
--

ALTER TABLE ONLY public.zkapp_verification_key_hashes
    ADD CONSTRAINT zkapp_verification_key_hashes_pkey PRIMARY KEY (id);


--
-- Name: zkapp_verification_key_hashes zkapp_verification_key_hashes_value_key; Type: CONSTRAINT; Schema: public; Owner: postgres
--

ALTER TABLE ONLY public.zkapp_verification_key_hashes
    ADD CONSTRAINT zkapp_verification_key_hashes_value_key UNIQUE (value);


--
-- Name: zkapp_verification_keys zkapp_verification_keys_hash_id_key; Type: CONSTRAINT; Schema: public; Owner: postgres
--

ALTER TABLE ONLY public.zkapp_verification_keys
    ADD CONSTRAINT zkapp_verification_keys_hash_id_key UNIQUE (hash_id);


--
-- Name: zkapp_verification_keys zkapp_verification_keys_pkey; Type: CONSTRAINT; Schema: public; Owner: postgres
--

ALTER TABLE ONLY public.zkapp_verification_keys
    ADD CONSTRAINT zkapp_verification_keys_pkey PRIMARY KEY (id);


--
-- Name: zkapp_verification_keys zkapp_verification_keys_verification_key_key; Type: CONSTRAINT; Schema: public; Owner: postgres
--

ALTER TABLE ONLY public.zkapp_verification_keys
    ADD CONSTRAINT zkapp_verification_keys_verification_key_key UNIQUE (verification_key);


--
-- Name: idx_accounts_accessed_block_account_identifier_id; Type: INDEX; Schema: public; Owner: postgres
--

CREATE INDEX idx_accounts_accessed_block_account_identifier_id ON public.accounts_accessed USING btree (account_identifier_id);


--
-- Name: idx_accounts_accessed_block_id; Type: INDEX; Schema: public; Owner: postgres
--

CREATE INDEX idx_accounts_accessed_block_id ON public.accounts_accessed USING btree (block_id);


--
-- Name: idx_accounts_created_block_account_identifier_id; Type: INDEX; Schema: public; Owner: postgres
--

CREATE INDEX idx_accounts_created_block_account_identifier_id ON public.accounts_created USING btree (account_identifier_id);


--
-- Name: idx_accounts_created_block_id; Type: INDEX; Schema: public; Owner: postgres
--

CREATE INDEX idx_accounts_created_block_id ON public.accounts_created USING btree (block_id);


--
-- Name: idx_blocks_creator_id; Type: INDEX; Schema: public; Owner: postgres
--

CREATE INDEX idx_blocks_creator_id ON public.blocks USING btree (creator_id);


--
-- Name: idx_blocks_height; Type: INDEX; Schema: public; Owner: postgres
--

CREATE INDEX idx_blocks_height ON public.blocks USING btree (height);


--
-- Name: idx_blocks_internal_commands_block_id; Type: INDEX; Schema: public; Owner: postgres
--

CREATE INDEX idx_blocks_internal_commands_block_id ON public.blocks_internal_commands USING btree (block_id);


--
-- Name: idx_blocks_internal_commands_internal_command_id; Type: INDEX; Schema: public; Owner: postgres
--

CREATE INDEX idx_blocks_internal_commands_internal_command_id ON public.blocks_internal_commands USING btree (internal_command_id);


--
-- Name: idx_blocks_internal_commands_secondary_sequence_no; Type: INDEX; Schema: public; Owner: postgres
--

CREATE INDEX idx_blocks_internal_commands_secondary_sequence_no ON public.blocks_internal_commands USING btree (secondary_sequence_no);


--
-- Name: idx_blocks_internal_commands_sequence_no; Type: INDEX; Schema: public; Owner: postgres
--

CREATE INDEX idx_blocks_internal_commands_sequence_no ON public.blocks_internal_commands USING btree (sequence_no);


--
-- Name: idx_blocks_parent_id; Type: INDEX; Schema: public; Owner: postgres
--

CREATE INDEX idx_blocks_parent_id ON public.blocks USING btree (parent_id);


--
-- Name: idx_blocks_user_commands_block_id; Type: INDEX; Schema: public; Owner: postgres
--

CREATE INDEX idx_blocks_user_commands_block_id ON public.blocks_user_commands USING btree (block_id);


--
-- Name: idx_blocks_user_commands_sequence_no; Type: INDEX; Schema: public; Owner: postgres
--

CREATE INDEX idx_blocks_user_commands_sequence_no ON public.blocks_user_commands USING btree (sequence_no);


--
-- Name: idx_blocks_user_commands_user_command_id; Type: INDEX; Schema: public; Owner: postgres
--

CREATE INDEX idx_blocks_user_commands_user_command_id ON public.blocks_user_commands USING btree (user_command_id);


--
-- Name: idx_blocks_zkapp_commands_block_id; Type: INDEX; Schema: public; Owner: postgres
--

CREATE INDEX idx_blocks_zkapp_commands_block_id ON public.blocks_zkapp_commands USING btree (block_id);


--
-- Name: idx_blocks_zkapp_commands_sequence_no; Type: INDEX; Schema: public; Owner: postgres
--

CREATE INDEX idx_blocks_zkapp_commands_sequence_no ON public.blocks_zkapp_commands USING btree (sequence_no);


--
-- Name: idx_blocks_zkapp_commands_zkapp_command_id; Type: INDEX; Schema: public; Owner: postgres
--

CREATE INDEX idx_blocks_zkapp_commands_zkapp_command_id ON public.blocks_zkapp_commands USING btree (zkapp_command_id);


--
-- Name: idx_chain_status; Type: INDEX; Schema: public; Owner: postgres
--

CREATE INDEX idx_chain_status ON public.blocks USING btree (chain_status);


--
-- Name: idx_token_symbols_value; Type: INDEX; Schema: public; Owner: postgres
--

CREATE INDEX idx_token_symbols_value ON public.token_symbols USING btree (value);


--
-- Name: idx_voting_for_value; Type: INDEX; Schema: public; Owner: postgres
--

CREATE INDEX idx_voting_for_value ON public.voting_for USING btree (value);


--
-- Name: idx_zkapp_events_element_ids; Type: INDEX; Schema: public; Owner: postgres
--

CREATE INDEX idx_zkapp_events_element_ids ON public.zkapp_events USING btree (element_ids);


--
-- Name: idx_zkapp_field_array_element_ids; Type: INDEX; Schema: public; Owner: postgres
--

CREATE INDEX idx_zkapp_field_array_element_ids ON public.zkapp_field_array USING btree (element_ids);


--
-- Name: account_identifiers account_identifiers_public_key_id_fkey; Type: FK CONSTRAINT; Schema: public; Owner: postgres
--

ALTER TABLE ONLY public.account_identifiers
    ADD CONSTRAINT account_identifiers_public_key_id_fkey FOREIGN KEY (public_key_id) REFERENCES public.public_keys(id) ON DELETE CASCADE;


--
-- Name: account_identifiers account_identifiers_token_id_fkey; Type: FK CONSTRAINT; Schema: public; Owner: postgres
--

ALTER TABLE ONLY public.account_identifiers
    ADD CONSTRAINT account_identifiers_token_id_fkey FOREIGN KEY (token_id) REFERENCES public.tokens(id) ON DELETE CASCADE;


--
-- Name: accounts_accessed accounts_accessed_account_identifier_id_fkey; Type: FK CONSTRAINT; Schema: public; Owner: postgres
--

ALTER TABLE ONLY public.accounts_accessed
    ADD CONSTRAINT accounts_accessed_account_identifier_id_fkey FOREIGN KEY (account_identifier_id) REFERENCES public.account_identifiers(id);


--
-- Name: accounts_accessed accounts_accessed_block_id_fkey; Type: FK CONSTRAINT; Schema: public; Owner: postgres
--

ALTER TABLE ONLY public.accounts_accessed
    ADD CONSTRAINT accounts_accessed_block_id_fkey FOREIGN KEY (block_id) REFERENCES public.blocks(id);


--
-- Name: accounts_accessed accounts_accessed_delegate_id_fkey; Type: FK CONSTRAINT; Schema: public; Owner: postgres
--

ALTER TABLE ONLY public.accounts_accessed
    ADD CONSTRAINT accounts_accessed_delegate_id_fkey FOREIGN KEY (delegate_id) REFERENCES public.public_keys(id);


--
-- Name: accounts_accessed accounts_accessed_permissions_id_fkey; Type: FK CONSTRAINT; Schema: public; Owner: postgres
--

ALTER TABLE ONLY public.accounts_accessed
    ADD CONSTRAINT accounts_accessed_permissions_id_fkey FOREIGN KEY (permissions_id) REFERENCES public.zkapp_permissions(id);


--
-- Name: accounts_accessed accounts_accessed_timing_id_fkey; Type: FK CONSTRAINT; Schema: public; Owner: postgres
--

ALTER TABLE ONLY public.accounts_accessed
    ADD CONSTRAINT accounts_accessed_timing_id_fkey FOREIGN KEY (timing_id) REFERENCES public.timing_info(id);


--
-- Name: accounts_accessed accounts_accessed_token_symbol_id_fkey; Type: FK CONSTRAINT; Schema: public; Owner: postgres
--

ALTER TABLE ONLY public.accounts_accessed
    ADD CONSTRAINT accounts_accessed_token_symbol_id_fkey FOREIGN KEY (token_symbol_id) REFERENCES public.token_symbols(id);


--
-- Name: accounts_accessed accounts_accessed_voting_for_id_fkey; Type: FK CONSTRAINT; Schema: public; Owner: postgres
--

ALTER TABLE ONLY public.accounts_accessed
    ADD CONSTRAINT accounts_accessed_voting_for_id_fkey FOREIGN KEY (voting_for_id) REFERENCES public.voting_for(id);


--
-- Name: accounts_accessed accounts_accessed_zkapp_id_fkey; Type: FK CONSTRAINT; Schema: public; Owner: postgres
--

ALTER TABLE ONLY public.accounts_accessed
    ADD CONSTRAINT accounts_accessed_zkapp_id_fkey FOREIGN KEY (zkapp_id) REFERENCES public.zkapp_accounts(id);


--
-- Name: accounts_created accounts_created_account_identifier_id_fkey; Type: FK CONSTRAINT; Schema: public; Owner: postgres
--

ALTER TABLE ONLY public.accounts_created
    ADD CONSTRAINT accounts_created_account_identifier_id_fkey FOREIGN KEY (account_identifier_id) REFERENCES public.account_identifiers(id);


--
-- Name: accounts_created accounts_created_block_id_fkey; Type: FK CONSTRAINT; Schema: public; Owner: postgres
--

ALTER TABLE ONLY public.accounts_created
    ADD CONSTRAINT accounts_created_block_id_fkey FOREIGN KEY (block_id) REFERENCES public.blocks(id);


--
-- Name: blocks blocks_block_winner_id_fkey; Type: FK CONSTRAINT; Schema: public; Owner: postgres
--

ALTER TABLE ONLY public.blocks
    ADD CONSTRAINT blocks_block_winner_id_fkey FOREIGN KEY (block_winner_id) REFERENCES public.public_keys(id);


--
-- Name: blocks blocks_creator_id_fkey; Type: FK CONSTRAINT; Schema: public; Owner: postgres
--

ALTER TABLE ONLY public.blocks
    ADD CONSTRAINT blocks_creator_id_fkey FOREIGN KEY (creator_id) REFERENCES public.public_keys(id);


--
-- Name: blocks_internal_commands blocks_internal_commands_block_id_fkey; Type: FK CONSTRAINT; Schema: public; Owner: postgres
--

ALTER TABLE ONLY public.blocks_internal_commands
    ADD CONSTRAINT blocks_internal_commands_block_id_fkey FOREIGN KEY (block_id) REFERENCES public.blocks(id) ON DELETE CASCADE;


--
-- Name: blocks_internal_commands blocks_internal_commands_internal_command_id_fkey; Type: FK CONSTRAINT; Schema: public; Owner: postgres
--

ALTER TABLE ONLY public.blocks_internal_commands
    ADD CONSTRAINT blocks_internal_commands_internal_command_id_fkey FOREIGN KEY (internal_command_id) REFERENCES public.internal_commands(id) ON DELETE CASCADE;


--
-- Name: blocks blocks_next_epoch_data_id_fkey; Type: FK CONSTRAINT; Schema: public; Owner: postgres
--

ALTER TABLE ONLY public.blocks
    ADD CONSTRAINT blocks_next_epoch_data_id_fkey FOREIGN KEY (next_epoch_data_id) REFERENCES public.epoch_data(id);


--
-- Name: blocks blocks_parent_id_fkey; Type: FK CONSTRAINT; Schema: public; Owner: postgres
--

ALTER TABLE ONLY public.blocks
    ADD CONSTRAINT blocks_parent_id_fkey FOREIGN KEY (parent_id) REFERENCES public.blocks(id);


--
-- Name: blocks blocks_proposed_protocol_version_id_fkey; Type: FK CONSTRAINT; Schema: public; Owner: postgres
--

ALTER TABLE ONLY public.blocks
    ADD CONSTRAINT blocks_proposed_protocol_version_id_fkey FOREIGN KEY (proposed_protocol_version_id) REFERENCES public.protocol_versions(id);


--
-- Name: blocks blocks_protocol_version_id_fkey; Type: FK CONSTRAINT; Schema: public; Owner: postgres
--

ALTER TABLE ONLY public.blocks
    ADD CONSTRAINT blocks_protocol_version_id_fkey FOREIGN KEY (protocol_version_id) REFERENCES public.protocol_versions(id);


--
-- Name: blocks blocks_snarked_ledger_hash_id_fkey; Type: FK CONSTRAINT; Schema: public; Owner: postgres
--

ALTER TABLE ONLY public.blocks
    ADD CONSTRAINT blocks_snarked_ledger_hash_id_fkey FOREIGN KEY (snarked_ledger_hash_id) REFERENCES public.snarked_ledger_hashes(id);


--
-- Name: blocks blocks_staking_epoch_data_id_fkey; Type: FK CONSTRAINT; Schema: public; Owner: postgres
--

ALTER TABLE ONLY public.blocks
    ADD CONSTRAINT blocks_staking_epoch_data_id_fkey FOREIGN KEY (staking_epoch_data_id) REFERENCES public.epoch_data(id);


--
-- Name: blocks_user_commands blocks_user_commands_block_id_fkey; Type: FK CONSTRAINT; Schema: public; Owner: postgres
--

ALTER TABLE ONLY public.blocks_user_commands
    ADD CONSTRAINT blocks_user_commands_block_id_fkey FOREIGN KEY (block_id) REFERENCES public.blocks(id) ON DELETE CASCADE;


--
-- Name: blocks_user_commands blocks_user_commands_user_command_id_fkey; Type: FK CONSTRAINT; Schema: public; Owner: postgres
--

ALTER TABLE ONLY public.blocks_user_commands
    ADD CONSTRAINT blocks_user_commands_user_command_id_fkey FOREIGN KEY (user_command_id) REFERENCES public.user_commands(id) ON DELETE CASCADE;


--
-- Name: blocks_zkapp_commands blocks_zkapp_commands_block_id_fkey; Type: FK CONSTRAINT; Schema: public; Owner: postgres
--

ALTER TABLE ONLY public.blocks_zkapp_commands
    ADD CONSTRAINT blocks_zkapp_commands_block_id_fkey FOREIGN KEY (block_id) REFERENCES public.blocks(id) ON DELETE CASCADE;


--
-- Name: blocks_zkapp_commands blocks_zkapp_commands_zkapp_command_id_fkey; Type: FK CONSTRAINT; Schema: public; Owner: postgres
--

ALTER TABLE ONLY public.blocks_zkapp_commands
    ADD CONSTRAINT blocks_zkapp_commands_zkapp_command_id_fkey FOREIGN KEY (zkapp_command_id) REFERENCES public.zkapp_commands(id) ON DELETE CASCADE;


--
-- Name: epoch_data epoch_data_ledger_hash_id_fkey; Type: FK CONSTRAINT; Schema: public; Owner: postgres
--

ALTER TABLE ONLY public.epoch_data
    ADD CONSTRAINT epoch_data_ledger_hash_id_fkey FOREIGN KEY (ledger_hash_id) REFERENCES public.snarked_ledger_hashes(id);


--
-- Name: internal_commands internal_commands_receiver_id_fkey; Type: FK CONSTRAINT; Schema: public; Owner: postgres
--

ALTER TABLE ONLY public.internal_commands
    ADD CONSTRAINT internal_commands_receiver_id_fkey FOREIGN KEY (receiver_id) REFERENCES public.public_keys(id);


--
-- Name: timing_info timing_info_account_identifier_id_fkey; Type: FK CONSTRAINT; Schema: public; Owner: postgres
--

ALTER TABLE ONLY public.timing_info
    ADD CONSTRAINT timing_info_account_identifier_id_fkey FOREIGN KEY (account_identifier_id) REFERENCES public.account_identifiers(id);


--
-- Name: tokens tokens_owner_public_key_id_fkey; Type: FK CONSTRAINT; Schema: public; Owner: postgres
--

ALTER TABLE ONLY public.tokens
    ADD CONSTRAINT tokens_owner_public_key_id_fkey FOREIGN KEY (owner_public_key_id) REFERENCES public.public_keys(id) ON DELETE CASCADE;


--
-- Name: tokens tokens_owner_token_id_fkey; Type: FK CONSTRAINT; Schema: public; Owner: postgres
--

ALTER TABLE ONLY public.tokens
    ADD CONSTRAINT tokens_owner_token_id_fkey FOREIGN KEY (owner_token_id) REFERENCES public.tokens(id);


--
-- Name: user_commands user_commands_fee_payer_id_fkey; Type: FK CONSTRAINT; Schema: public; Owner: postgres
--

ALTER TABLE ONLY public.user_commands
    ADD CONSTRAINT user_commands_fee_payer_id_fkey FOREIGN KEY (fee_payer_id) REFERENCES public.public_keys(id);


--
-- Name: user_commands user_commands_receiver_id_fkey; Type: FK CONSTRAINT; Schema: public; Owner: postgres
--

ALTER TABLE ONLY public.user_commands
    ADD CONSTRAINT user_commands_receiver_id_fkey FOREIGN KEY (receiver_id) REFERENCES public.public_keys(id);


--
-- Name: user_commands user_commands_source_id_fkey; Type: FK CONSTRAINT; Schema: public; Owner: postgres
--

ALTER TABLE ONLY public.user_commands
    ADD CONSTRAINT user_commands_source_id_fkey FOREIGN KEY (source_id) REFERENCES public.public_keys(id);


--
-- Name: zkapp_account_precondition zkapp_account_precondition_action_state_id_fkey; Type: FK CONSTRAINT; Schema: public; Owner: postgres
--

ALTER TABLE ONLY public.zkapp_account_precondition
    ADD CONSTRAINT zkapp_account_precondition_action_state_id_fkey FOREIGN KEY (action_state_id) REFERENCES public.zkapp_field(id);


--
-- Name: zkapp_account_precondition zkapp_account_precondition_balance_id_fkey; Type: FK CONSTRAINT; Schema: public; Owner: postgres
--

ALTER TABLE ONLY public.zkapp_account_precondition
    ADD CONSTRAINT zkapp_account_precondition_balance_id_fkey FOREIGN KEY (balance_id) REFERENCES public.zkapp_balance_bounds(id);


--
-- Name: zkapp_account_precondition zkapp_account_precondition_delegate_id_fkey; Type: FK CONSTRAINT; Schema: public; Owner: postgres
--

ALTER TABLE ONLY public.zkapp_account_precondition
    ADD CONSTRAINT zkapp_account_precondition_delegate_id_fkey FOREIGN KEY (delegate_id) REFERENCES public.public_keys(id);


--
-- Name: zkapp_account_precondition zkapp_account_precondition_nonce_id_fkey; Type: FK CONSTRAINT; Schema: public; Owner: postgres
--

ALTER TABLE ONLY public.zkapp_account_precondition
    ADD CONSTRAINT zkapp_account_precondition_nonce_id_fkey FOREIGN KEY (nonce_id) REFERENCES public.zkapp_nonce_bounds(id);


--
-- Name: zkapp_account_precondition zkapp_account_precondition_state_id_fkey; Type: FK CONSTRAINT; Schema: public; Owner: postgres
--

ALTER TABLE ONLY public.zkapp_account_precondition
    ADD CONSTRAINT zkapp_account_precondition_state_id_fkey FOREIGN KEY (state_id) REFERENCES public.zkapp_states_nullable(id);


--
-- Name: zkapp_account_update_body zkapp_account_update_body_account_identifier_id_fkey; Type: FK CONSTRAINT; Schema: public; Owner: postgres
--

ALTER TABLE ONLY public.zkapp_account_update_body
    ADD CONSTRAINT zkapp_account_update_body_account_identifier_id_fkey FOREIGN KEY (account_identifier_id) REFERENCES public.account_identifiers(id);


--
-- Name: zkapp_account_update_body zkapp_account_update_body_actions_id_fkey; Type: FK CONSTRAINT; Schema: public; Owner: postgres
--

ALTER TABLE ONLY public.zkapp_account_update_body
    ADD CONSTRAINT zkapp_account_update_body_actions_id_fkey FOREIGN KEY (actions_id) REFERENCES public.zkapp_events(id);


--
-- Name: zkapp_account_update_body zkapp_account_update_body_call_data_id_fkey; Type: FK CONSTRAINT; Schema: public; Owner: postgres
--

ALTER TABLE ONLY public.zkapp_account_update_body
    ADD CONSTRAINT zkapp_account_update_body_call_data_id_fkey FOREIGN KEY (call_data_id) REFERENCES public.zkapp_field(id);


--
-- Name: zkapp_account_update_body zkapp_account_update_body_events_id_fkey; Type: FK CONSTRAINT; Schema: public; Owner: postgres
--

ALTER TABLE ONLY public.zkapp_account_update_body
    ADD CONSTRAINT zkapp_account_update_body_events_id_fkey FOREIGN KEY (events_id) REFERENCES public.zkapp_events(id);


--
-- Name: zkapp_account_update zkapp_account_update_body_id_fkey; Type: FK CONSTRAINT; Schema: public; Owner: postgres
--

ALTER TABLE ONLY public.zkapp_account_update
    ADD CONSTRAINT zkapp_account_update_body_id_fkey FOREIGN KEY (body_id) REFERENCES public.zkapp_account_update_body(id);


--
-- Name: zkapp_account_update_body zkapp_account_update_body_update_id_fkey; Type: FK CONSTRAINT; Schema: public; Owner: postgres
--

ALTER TABLE ONLY public.zkapp_account_update_body
    ADD CONSTRAINT zkapp_account_update_body_update_id_fkey FOREIGN KEY (update_id) REFERENCES public.zkapp_updates(id);


--
-- Name: zkapp_account_update_body zkapp_account_update_body_verification_key_hash_id_fkey; Type: FK CONSTRAINT; Schema: public; Owner: postgres
--

ALTER TABLE ONLY public.zkapp_account_update_body
    ADD CONSTRAINT zkapp_account_update_body_verification_key_hash_id_fkey FOREIGN KEY (verification_key_hash_id) REFERENCES public.zkapp_verification_key_hashes(id);


--
-- Name: zkapp_account_update_body zkapp_account_update_body_zkapp_account_precondition_id_fkey; Type: FK CONSTRAINT; Schema: public; Owner: postgres
--

ALTER TABLE ONLY public.zkapp_account_update_body
    ADD CONSTRAINT zkapp_account_update_body_zkapp_account_precondition_id_fkey FOREIGN KEY (zkapp_account_precondition_id) REFERENCES public.zkapp_account_precondition(id);


--
-- Name: zkapp_account_update_body zkapp_account_update_body_zkapp_network_precondition_id_fkey; Type: FK CONSTRAINT; Schema: public; Owner: postgres
--

ALTER TABLE ONLY public.zkapp_account_update_body
    ADD CONSTRAINT zkapp_account_update_body_zkapp_network_precondition_id_fkey FOREIGN KEY (zkapp_network_precondition_id) REFERENCES public.zkapp_network_precondition(id);


--
-- Name: zkapp_account_update_body zkapp_account_update_body_zkapp_valid_while_precondition_i_fkey; Type: FK CONSTRAINT; Schema: public; Owner: postgres
--

ALTER TABLE ONLY public.zkapp_account_update_body
    ADD CONSTRAINT zkapp_account_update_body_zkapp_valid_while_precondition_i_fkey FOREIGN KEY (zkapp_valid_while_precondition_id) REFERENCES public.zkapp_global_slot_bounds(id);


--
-- Name: zkapp_accounts zkapp_accounts_action_state_id_fkey; Type: FK CONSTRAINT; Schema: public; Owner: postgres
--

ALTER TABLE ONLY public.zkapp_accounts
    ADD CONSTRAINT zkapp_accounts_action_state_id_fkey FOREIGN KEY (action_state_id) REFERENCES public.zkapp_action_states(id);


--
-- Name: zkapp_accounts zkapp_accounts_app_state_id_fkey; Type: FK CONSTRAINT; Schema: public; Owner: postgres
--

ALTER TABLE ONLY public.zkapp_accounts
    ADD CONSTRAINT zkapp_accounts_app_state_id_fkey FOREIGN KEY (app_state_id) REFERENCES public.zkapp_states(id);


--
-- Name: zkapp_accounts zkapp_accounts_verification_key_id_fkey; Type: FK CONSTRAINT; Schema: public; Owner: postgres
--

ALTER TABLE ONLY public.zkapp_accounts
    ADD CONSTRAINT zkapp_accounts_verification_key_id_fkey FOREIGN KEY (verification_key_id) REFERENCES public.zkapp_verification_keys(id);


--
-- Name: zkapp_accounts zkapp_accounts_zkapp_uri_id_fkey; Type: FK CONSTRAINT; Schema: public; Owner: postgres
--

ALTER TABLE ONLY public.zkapp_accounts
    ADD CONSTRAINT zkapp_accounts_zkapp_uri_id_fkey FOREIGN KEY (zkapp_uri_id) REFERENCES public.zkapp_uris(id);


--
-- Name: zkapp_action_states zkapp_action_states_element0_fkey; Type: FK CONSTRAINT; Schema: public; Owner: postgres
--

ALTER TABLE ONLY public.zkapp_action_states
    ADD CONSTRAINT zkapp_action_states_element0_fkey FOREIGN KEY (element0) REFERENCES public.zkapp_field(id);


--
-- Name: zkapp_action_states zkapp_action_states_element1_fkey; Type: FK CONSTRAINT; Schema: public; Owner: postgres
--

ALTER TABLE ONLY public.zkapp_action_states
    ADD CONSTRAINT zkapp_action_states_element1_fkey FOREIGN KEY (element1) REFERENCES public.zkapp_field(id);


--
-- Name: zkapp_action_states zkapp_action_states_element2_fkey; Type: FK CONSTRAINT; Schema: public; Owner: postgres
--

ALTER TABLE ONLY public.zkapp_action_states
    ADD CONSTRAINT zkapp_action_states_element2_fkey FOREIGN KEY (element2) REFERENCES public.zkapp_field(id);


--
-- Name: zkapp_action_states zkapp_action_states_element3_fkey; Type: FK CONSTRAINT; Schema: public; Owner: postgres
--

ALTER TABLE ONLY public.zkapp_action_states
    ADD CONSTRAINT zkapp_action_states_element3_fkey FOREIGN KEY (element3) REFERENCES public.zkapp_field(id);


--
-- Name: zkapp_action_states zkapp_action_states_element4_fkey; Type: FK CONSTRAINT; Schema: public; Owner: postgres
--

ALTER TABLE ONLY public.zkapp_action_states
    ADD CONSTRAINT zkapp_action_states_element4_fkey FOREIGN KEY (element4) REFERENCES public.zkapp_field(id);


--
-- Name: zkapp_commands zkapp_commands_zkapp_fee_payer_body_id_fkey; Type: FK CONSTRAINT; Schema: public; Owner: postgres
--

ALTER TABLE ONLY public.zkapp_commands
    ADD CONSTRAINT zkapp_commands_zkapp_fee_payer_body_id_fkey FOREIGN KEY (zkapp_fee_payer_body_id) REFERENCES public.zkapp_fee_payer_body(id);


--
-- Name: zkapp_epoch_data zkapp_epoch_data_epoch_ledger_id_fkey; Type: FK CONSTRAINT; Schema: public; Owner: postgres
--

ALTER TABLE ONLY public.zkapp_epoch_data
    ADD CONSTRAINT zkapp_epoch_data_epoch_ledger_id_fkey FOREIGN KEY (epoch_ledger_id) REFERENCES public.zkapp_epoch_ledger(id);


--
-- Name: zkapp_epoch_data zkapp_epoch_data_epoch_length_id_fkey; Type: FK CONSTRAINT; Schema: public; Owner: postgres
--

ALTER TABLE ONLY public.zkapp_epoch_data
    ADD CONSTRAINT zkapp_epoch_data_epoch_length_id_fkey FOREIGN KEY (epoch_length_id) REFERENCES public.zkapp_length_bounds(id);


--
-- Name: zkapp_epoch_ledger zkapp_epoch_ledger_hash_id_fkey; Type: FK CONSTRAINT; Schema: public; Owner: postgres
--

ALTER TABLE ONLY public.zkapp_epoch_ledger
    ADD CONSTRAINT zkapp_epoch_ledger_hash_id_fkey FOREIGN KEY (hash_id) REFERENCES public.snarked_ledger_hashes(id);


--
-- Name: zkapp_epoch_ledger zkapp_epoch_ledger_total_currency_id_fkey; Type: FK CONSTRAINT; Schema: public; Owner: postgres
--

ALTER TABLE ONLY public.zkapp_epoch_ledger
    ADD CONSTRAINT zkapp_epoch_ledger_total_currency_id_fkey FOREIGN KEY (total_currency_id) REFERENCES public.zkapp_amount_bounds(id);


--
-- Name: zkapp_fee_payer_body zkapp_fee_payer_body_public_key_id_fkey; Type: FK CONSTRAINT; Schema: public; Owner: postgres
--

ALTER TABLE ONLY public.zkapp_fee_payer_body
    ADD CONSTRAINT zkapp_fee_payer_body_public_key_id_fkey FOREIGN KEY (public_key_id) REFERENCES public.public_keys(id);


--
-- Name: zkapp_network_precondition zkapp_network_precondition_blockchain_length_id_fkey; Type: FK CONSTRAINT; Schema: public; Owner: postgres
--

ALTER TABLE ONLY public.zkapp_network_precondition
    ADD CONSTRAINT zkapp_network_precondition_blockchain_length_id_fkey FOREIGN KEY (blockchain_length_id) REFERENCES public.zkapp_length_bounds(id);


--
-- Name: zkapp_network_precondition zkapp_network_precondition_global_slot_since_genesis_fkey; Type: FK CONSTRAINT; Schema: public; Owner: postgres
--

ALTER TABLE ONLY public.zkapp_network_precondition
    ADD CONSTRAINT zkapp_network_precondition_global_slot_since_genesis_fkey FOREIGN KEY (global_slot_since_genesis) REFERENCES public.zkapp_global_slot_bounds(id);


--
-- Name: zkapp_network_precondition zkapp_network_precondition_min_window_density_id_fkey; Type: FK CONSTRAINT; Schema: public; Owner: postgres
--

ALTER TABLE ONLY public.zkapp_network_precondition
    ADD CONSTRAINT zkapp_network_precondition_min_window_density_id_fkey FOREIGN KEY (min_window_density_id) REFERENCES public.zkapp_length_bounds(id);


--
-- Name: zkapp_network_precondition zkapp_network_precondition_next_epoch_data_id_fkey; Type: FK CONSTRAINT; Schema: public; Owner: postgres
--

ALTER TABLE ONLY public.zkapp_network_precondition
    ADD CONSTRAINT zkapp_network_precondition_next_epoch_data_id_fkey FOREIGN KEY (next_epoch_data_id) REFERENCES public.zkapp_epoch_data(id);


--
-- Name: zkapp_network_precondition zkapp_network_precondition_snarked_ledger_hash_id_fkey; Type: FK CONSTRAINT; Schema: public; Owner: postgres
--

ALTER TABLE ONLY public.zkapp_network_precondition
    ADD CONSTRAINT zkapp_network_precondition_snarked_ledger_hash_id_fkey FOREIGN KEY (snarked_ledger_hash_id) REFERENCES public.snarked_ledger_hashes(id);


--
-- Name: zkapp_network_precondition zkapp_network_precondition_staking_epoch_data_id_fkey; Type: FK CONSTRAINT; Schema: public; Owner: postgres
--

ALTER TABLE ONLY public.zkapp_network_precondition
    ADD CONSTRAINT zkapp_network_precondition_staking_epoch_data_id_fkey FOREIGN KEY (staking_epoch_data_id) REFERENCES public.zkapp_epoch_data(id);


--
-- Name: zkapp_network_precondition zkapp_network_precondition_total_currency_id_fkey; Type: FK CONSTRAINT; Schema: public; Owner: postgres
--

ALTER TABLE ONLY public.zkapp_network_precondition
    ADD CONSTRAINT zkapp_network_precondition_total_currency_id_fkey FOREIGN KEY (total_currency_id) REFERENCES public.zkapp_amount_bounds(id);


--
-- Name: zkapp_states zkapp_states_element0_fkey; Type: FK CONSTRAINT; Schema: public; Owner: postgres
--

ALTER TABLE ONLY public.zkapp_states
    ADD CONSTRAINT zkapp_states_element0_fkey FOREIGN KEY (element0) REFERENCES public.zkapp_field(id);


--
-- Name: zkapp_states zkapp_states_element1_fkey; Type: FK CONSTRAINT; Schema: public; Owner: postgres
--

ALTER TABLE ONLY public.zkapp_states
    ADD CONSTRAINT zkapp_states_element1_fkey FOREIGN KEY (element1) REFERENCES public.zkapp_field(id);


--
-- Name: zkapp_states zkapp_states_element2_fkey; Type: FK CONSTRAINT; Schema: public; Owner: postgres
--

ALTER TABLE ONLY public.zkapp_states
    ADD CONSTRAINT zkapp_states_element2_fkey FOREIGN KEY (element2) REFERENCES public.zkapp_field(id);


--
-- Name: zkapp_states zkapp_states_element3_fkey; Type: FK CONSTRAINT; Schema: public; Owner: postgres
--

ALTER TABLE ONLY public.zkapp_states
    ADD CONSTRAINT zkapp_states_element3_fkey FOREIGN KEY (element3) REFERENCES public.zkapp_field(id);


--
-- Name: zkapp_states zkapp_states_element4_fkey; Type: FK CONSTRAINT; Schema: public; Owner: postgres
--

ALTER TABLE ONLY public.zkapp_states
    ADD CONSTRAINT zkapp_states_element4_fkey FOREIGN KEY (element4) REFERENCES public.zkapp_field(id);


--
-- Name: zkapp_states zkapp_states_element5_fkey; Type: FK CONSTRAINT; Schema: public; Owner: postgres
--

ALTER TABLE ONLY public.zkapp_states
    ADD CONSTRAINT zkapp_states_element5_fkey FOREIGN KEY (element5) REFERENCES public.zkapp_field(id);


--
-- Name: zkapp_states zkapp_states_element6_fkey; Type: FK CONSTRAINT; Schema: public; Owner: postgres
--

ALTER TABLE ONLY public.zkapp_states
    ADD CONSTRAINT zkapp_states_element6_fkey FOREIGN KEY (element6) REFERENCES public.zkapp_field(id);


--
-- Name: zkapp_states zkapp_states_element7_fkey; Type: FK CONSTRAINT; Schema: public; Owner: postgres
--

ALTER TABLE ONLY public.zkapp_states
    ADD CONSTRAINT zkapp_states_element7_fkey FOREIGN KEY (element7) REFERENCES public.zkapp_field(id);


--
-- Name: zkapp_states_nullable zkapp_states_nullable_element0_fkey; Type: FK CONSTRAINT; Schema: public; Owner: postgres
--

ALTER TABLE ONLY public.zkapp_states_nullable
    ADD CONSTRAINT zkapp_states_nullable_element0_fkey FOREIGN KEY (element0) REFERENCES public.zkapp_field(id);


--
-- Name: zkapp_states_nullable zkapp_states_nullable_element1_fkey; Type: FK CONSTRAINT; Schema: public; Owner: postgres
--

ALTER TABLE ONLY public.zkapp_states_nullable
    ADD CONSTRAINT zkapp_states_nullable_element1_fkey FOREIGN KEY (element1) REFERENCES public.zkapp_field(id);


--
-- Name: zkapp_states_nullable zkapp_states_nullable_element2_fkey; Type: FK CONSTRAINT; Schema: public; Owner: postgres
--

ALTER TABLE ONLY public.zkapp_states_nullable
    ADD CONSTRAINT zkapp_states_nullable_element2_fkey FOREIGN KEY (element2) REFERENCES public.zkapp_field(id);


--
-- Name: zkapp_states_nullable zkapp_states_nullable_element3_fkey; Type: FK CONSTRAINT; Schema: public; Owner: postgres
--

ALTER TABLE ONLY public.zkapp_states_nullable
    ADD CONSTRAINT zkapp_states_nullable_element3_fkey FOREIGN KEY (element3) REFERENCES public.zkapp_field(id);


--
-- Name: zkapp_states_nullable zkapp_states_nullable_element4_fkey; Type: FK CONSTRAINT; Schema: public; Owner: postgres
--

ALTER TABLE ONLY public.zkapp_states_nullable
    ADD CONSTRAINT zkapp_states_nullable_element4_fkey FOREIGN KEY (element4) REFERENCES public.zkapp_field(id);


--
-- Name: zkapp_states_nullable zkapp_states_nullable_element5_fkey; Type: FK CONSTRAINT; Schema: public; Owner: postgres
--

ALTER TABLE ONLY public.zkapp_states_nullable
    ADD CONSTRAINT zkapp_states_nullable_element5_fkey FOREIGN KEY (element5) REFERENCES public.zkapp_field(id);


--
-- Name: zkapp_states_nullable zkapp_states_nullable_element6_fkey; Type: FK CONSTRAINT; Schema: public; Owner: postgres
--

ALTER TABLE ONLY public.zkapp_states_nullable
    ADD CONSTRAINT zkapp_states_nullable_element6_fkey FOREIGN KEY (element6) REFERENCES public.zkapp_field(id);


--
-- Name: zkapp_states_nullable zkapp_states_nullable_element7_fkey; Type: FK CONSTRAINT; Schema: public; Owner: postgres
--

ALTER TABLE ONLY public.zkapp_states_nullable
    ADD CONSTRAINT zkapp_states_nullable_element7_fkey FOREIGN KEY (element7) REFERENCES public.zkapp_field(id);


--
-- Name: zkapp_updates zkapp_updates_app_state_id_fkey; Type: FK CONSTRAINT; Schema: public; Owner: postgres
--

ALTER TABLE ONLY public.zkapp_updates
    ADD CONSTRAINT zkapp_updates_app_state_id_fkey FOREIGN KEY (app_state_id) REFERENCES public.zkapp_states_nullable(id);


--
-- Name: zkapp_updates zkapp_updates_delegate_id_fkey; Type: FK CONSTRAINT; Schema: public; Owner: postgres
--

ALTER TABLE ONLY public.zkapp_updates
    ADD CONSTRAINT zkapp_updates_delegate_id_fkey FOREIGN KEY (delegate_id) REFERENCES public.public_keys(id);


--
-- Name: zkapp_updates zkapp_updates_permissions_id_fkey; Type: FK CONSTRAINT; Schema: public; Owner: postgres
--

ALTER TABLE ONLY public.zkapp_updates
    ADD CONSTRAINT zkapp_updates_permissions_id_fkey FOREIGN KEY (permissions_id) REFERENCES public.zkapp_permissions(id);


--
-- Name: zkapp_updates zkapp_updates_timing_id_fkey; Type: FK CONSTRAINT; Schema: public; Owner: postgres
--

ALTER TABLE ONLY public.zkapp_updates
    ADD CONSTRAINT zkapp_updates_timing_id_fkey FOREIGN KEY (timing_id) REFERENCES public.zkapp_timing_info(id);


--
-- Name: zkapp_updates zkapp_updates_token_symbol_id_fkey; Type: FK CONSTRAINT; Schema: public; Owner: postgres
--

ALTER TABLE ONLY public.zkapp_updates
    ADD CONSTRAINT zkapp_updates_token_symbol_id_fkey FOREIGN KEY (token_symbol_id) REFERENCES public.token_symbols(id);


--
-- Name: zkapp_updates zkapp_updates_verification_key_id_fkey; Type: FK CONSTRAINT; Schema: public; Owner: postgres
--

ALTER TABLE ONLY public.zkapp_updates
    ADD CONSTRAINT zkapp_updates_verification_key_id_fkey FOREIGN KEY (verification_key_id) REFERENCES public.zkapp_verification_keys(id);


--
-- Name: zkapp_updates zkapp_updates_voting_for_id_fkey; Type: FK CONSTRAINT; Schema: public; Owner: postgres
--

ALTER TABLE ONLY public.zkapp_updates
    ADD CONSTRAINT zkapp_updates_voting_for_id_fkey FOREIGN KEY (voting_for_id) REFERENCES public.voting_for(id);


--
-- Name: zkapp_updates zkapp_updates_zkapp_uri_id_fkey; Type: FK CONSTRAINT; Schema: public; Owner: postgres
--

ALTER TABLE ONLY public.zkapp_updates
    ADD CONSTRAINT zkapp_updates_zkapp_uri_id_fkey FOREIGN KEY (zkapp_uri_id) REFERENCES public.zkapp_uris(id);


--
-- Name: zkapp_verification_keys zkapp_verification_keys_hash_id_fkey; Type: FK CONSTRAINT; Schema: public; Owner: postgres
--

ALTER TABLE ONLY public.zkapp_verification_keys
    ADD CONSTRAINT zkapp_verification_keys_hash_id_fkey FOREIGN KEY (hash_id) REFERENCES public.zkapp_verification_key_hashes(id);


--
-- Name: SCHEMA public; Type: ACL; Schema: -; Owner: postgres
--

REVOKE USAGE ON SCHEMA public FROM PUBLIC;
GRANT ALL ON SCHEMA public TO PUBLIC;


--
-- PostgreSQL database dump complete
--

