--
-- PostgreSQL database dump
--

-- Dumped from database version 14.15
-- Dumped by pg_dump version 15.6

SET statement_timeout = 0;
SET lock_timeout = 0;
SET idle_in_transaction_session_timeout = 0;
SET client_encoding = 'UTF8';
SET standard_conforming_strings = on;
SELECT pg_catalog.set_config('search_path', '', false);
SET check_function_bodies = false;
SET xmloption = content;
SET client_min_messages = warning;
SET row_security = off;

--
-- Name: public; Type: SCHEMA; Schema: -; Owner: postgres
--

-- *not* creating schema, since initdb creates it


ALTER SCHEMA public OWNER TO postgres;

--
-- Name: authorization_kind_type; Type: TYPE; Schema: public; Owner: postgres
--

CREATE TYPE public.authorization_kind_type AS ENUM (
    'None_given',
    'Signature',
    'Proof'
);


ALTER TYPE public.authorization_kind_type OWNER TO postgres;

--
-- Name: chain_status_type; Type: TYPE; Schema: public; Owner: postgres
--

CREATE TYPE public.chain_status_type AS ENUM (
    'canonical',
    'orphaned',
    'pending'
);


ALTER TYPE public.chain_status_type OWNER TO postgres;

--
-- Name: internal_command_type; Type: TYPE; Schema: public; Owner: postgres
--

CREATE TYPE public.internal_command_type AS ENUM (
    'fee_transfer_via_coinbase',
    'fee_transfer',
    'coinbase'
);


ALTER TYPE public.internal_command_type OWNER TO postgres;

--
-- Name: may_use_token; Type: TYPE; Schema: public; Owner: postgres
--

CREATE TYPE public.may_use_token AS ENUM (
    'No',
    'ParentsOwnToken',
    'InheritFromParent'
);


ALTER TYPE public.may_use_token OWNER TO postgres;

--
-- Name: transaction_status; Type: TYPE; Schema: public; Owner: postgres
--

CREATE TYPE public.transaction_status AS ENUM (
    'applied',
    'failed'
);


ALTER TYPE public.transaction_status OWNER TO postgres;

--
-- Name: user_command_type; Type: TYPE; Schema: public; Owner: postgres
--

CREATE TYPE public.user_command_type AS ENUM (
    'payment',
    'delegation'
);


ALTER TYPE public.user_command_type OWNER TO postgres;

--
-- Name: zkapp_auth_required_type; Type: TYPE; Schema: public; Owner: postgres
--

CREATE TYPE public.zkapp_auth_required_type AS ENUM (
    'none',
    'either',
    'proof',
    'signature',
    'both',
    'impossible'
);


ALTER TYPE public.zkapp_auth_required_type OWNER TO postgres;

SET default_tablespace = '';

SET default_table_access_method = heap;

--
-- Name: account_identifiers; Type: TABLE; Schema: public; Owner: postgres
--

CREATE TABLE public.account_identifiers (
    id integer NOT NULL,
    public_key_id integer NOT NULL,
    token_id integer NOT NULL
);


ALTER TABLE public.account_identifiers OWNER TO postgres;

--
-- Name: account_identifiers_id_seq; Type: SEQUENCE; Schema: public; Owner: postgres
--

CREATE SEQUENCE public.account_identifiers_id_seq
    AS integer
    START WITH 1
    INCREMENT BY 1
    NO MINVALUE
    NO MAXVALUE
    CACHE 1;


ALTER TABLE public.account_identifiers_id_seq OWNER TO postgres;

--
-- Name: account_identifiers_id_seq; Type: SEQUENCE OWNED BY; Schema: public; Owner: postgres
--

ALTER SEQUENCE public.account_identifiers_id_seq OWNED BY public.account_identifiers.id;


--
-- Name: accounts_accessed; Type: TABLE; Schema: public; Owner: postgres
--

CREATE TABLE public.accounts_accessed (
    ledger_index integer NOT NULL,
    block_id integer NOT NULL,
    account_identifier_id integer NOT NULL,
    token_symbol_id integer NOT NULL,
    balance text NOT NULL,
    nonce bigint NOT NULL,
    receipt_chain_hash text NOT NULL,
    delegate_id integer,
    voting_for_id integer NOT NULL,
    timing_id integer,
    permissions_id integer NOT NULL,
    zkapp_id integer
);


ALTER TABLE public.accounts_accessed OWNER TO postgres;

--
-- Name: accounts_created; Type: TABLE; Schema: public; Owner: postgres
--

CREATE TABLE public.accounts_created (
    block_id integer NOT NULL,
    account_identifier_id integer NOT NULL,
    creation_fee text NOT NULL
);


ALTER TABLE public.accounts_created OWNER TO postgres;

--
-- Name: blocks; Type: TABLE; Schema: public; Owner: postgres
--

CREATE TABLE public.blocks (
    id integer NOT NULL,
    state_hash text NOT NULL,
    parent_id integer,
    parent_hash text NOT NULL,
    creator_id integer NOT NULL,
    block_winner_id integer NOT NULL,
    last_vrf_output text NOT NULL,
    snarked_ledger_hash_id integer NOT NULL,
    staking_epoch_data_id integer NOT NULL,
    next_epoch_data_id integer NOT NULL,
    min_window_density bigint NOT NULL,
    sub_window_densities bigint[] NOT NULL,
    total_currency text NOT NULL,
    ledger_hash text NOT NULL,
    height bigint NOT NULL,
    global_slot_since_hard_fork bigint NOT NULL,
    global_slot_since_genesis bigint NOT NULL,
    protocol_version_id integer NOT NULL,
    proposed_protocol_version_id integer,
    "timestamp" text NOT NULL,
    chain_status public.chain_status_type NOT NULL
);


ALTER TABLE public.blocks OWNER TO postgres;

--
-- Name: blocks_id_seq; Type: SEQUENCE; Schema: public; Owner: postgres
--

CREATE SEQUENCE public.blocks_id_seq
    AS integer
    START WITH 1
    INCREMENT BY 1
    NO MINVALUE
    NO MAXVALUE
    CACHE 1;


ALTER TABLE public.blocks_id_seq OWNER TO postgres;

--
-- Name: blocks_id_seq; Type: SEQUENCE OWNED BY; Schema: public; Owner: postgres
--

ALTER SEQUENCE public.blocks_id_seq OWNED BY public.blocks.id;


--
-- Name: blocks_internal_commands; Type: TABLE; Schema: public; Owner: postgres
--

CREATE TABLE public.blocks_internal_commands (
    block_id integer NOT NULL,
    internal_command_id integer NOT NULL,
    sequence_no integer NOT NULL,
    secondary_sequence_no integer NOT NULL,
    status public.transaction_status NOT NULL,
    failure_reason text
);


ALTER TABLE public.blocks_internal_commands OWNER TO postgres;

--
-- Name: blocks_user_commands; Type: TABLE; Schema: public; Owner: postgres
--

CREATE TABLE public.blocks_user_commands (
    block_id integer NOT NULL,
    user_command_id integer NOT NULL,
    sequence_no integer NOT NULL,
    status public.transaction_status NOT NULL,
    failure_reason text
);


ALTER TABLE public.blocks_user_commands OWNER TO postgres;

--
-- Name: blocks_zkapp_commands; Type: TABLE; Schema: public; Owner: postgres
--

CREATE TABLE public.blocks_zkapp_commands (
    block_id integer NOT NULL,
    zkapp_command_id integer NOT NULL,
    sequence_no integer NOT NULL,
    status public.transaction_status NOT NULL,
    failure_reasons_ids integer[]
);


ALTER TABLE public.blocks_zkapp_commands OWNER TO postgres;

--
-- Name: epoch_data; Type: TABLE; Schema: public; Owner: postgres
--

CREATE TABLE public.epoch_data (
    id integer NOT NULL,
    seed text NOT NULL,
    ledger_hash_id integer NOT NULL,
    total_currency text NOT NULL,
    start_checkpoint text NOT NULL,
    lock_checkpoint text NOT NULL,
    epoch_length bigint NOT NULL
);


ALTER TABLE public.epoch_data OWNER TO postgres;

--
-- Name: epoch_data_id_seq; Type: SEQUENCE; Schema: public; Owner: postgres
--

CREATE SEQUENCE public.epoch_data_id_seq
    AS integer
    START WITH 1
    INCREMENT BY 1
    NO MINVALUE
    NO MAXVALUE
    CACHE 1;


ALTER TABLE public.epoch_data_id_seq OWNER TO postgres;

--
-- Name: epoch_data_id_seq; Type: SEQUENCE OWNED BY; Schema: public; Owner: postgres
--

ALTER SEQUENCE public.epoch_data_id_seq OWNED BY public.epoch_data.id;


--
-- Name: internal_commands; Type: TABLE; Schema: public; Owner: postgres
--

CREATE TABLE public.internal_commands (
    id integer NOT NULL,
    command_type public.internal_command_type NOT NULL,
    receiver_id integer NOT NULL,
    fee text NOT NULL,
    hash text NOT NULL
);


ALTER TABLE public.internal_commands OWNER TO postgres;

--
-- Name: internal_commands_id_seq; Type: SEQUENCE; Schema: public; Owner: postgres
--

CREATE SEQUENCE public.internal_commands_id_seq
    AS integer
    START WITH 1
    INCREMENT BY 1
    NO MINVALUE
    NO MAXVALUE
    CACHE 1;


ALTER TABLE public.internal_commands_id_seq OWNER TO postgres;

--
-- Name: internal_commands_id_seq; Type: SEQUENCE OWNED BY; Schema: public; Owner: postgres
--

ALTER SEQUENCE public.internal_commands_id_seq OWNED BY public.internal_commands.id;


--
-- Name: protocol_versions; Type: TABLE; Schema: public; Owner: postgres
--

CREATE TABLE public.protocol_versions (
    id integer NOT NULL,
    transaction integer NOT NULL,
    network integer NOT NULL,
    patch integer NOT NULL
);


ALTER TABLE public.protocol_versions OWNER TO postgres;

--
-- Name: protocol_versions_id_seq; Type: SEQUENCE; Schema: public; Owner: postgres
--

CREATE SEQUENCE public.protocol_versions_id_seq
    AS integer
    START WITH 1
    INCREMENT BY 1
    NO MINVALUE
    NO MAXVALUE
    CACHE 1;


ALTER TABLE public.protocol_versions_id_seq OWNER TO postgres;

--
-- Name: protocol_versions_id_seq; Type: SEQUENCE OWNED BY; Schema: public; Owner: postgres
--

ALTER SEQUENCE public.protocol_versions_id_seq OWNED BY public.protocol_versions.id;


--
-- Name: public_keys; Type: TABLE; Schema: public; Owner: postgres
--

CREATE TABLE public.public_keys (
    id integer NOT NULL,
    value text NOT NULL
);


ALTER TABLE public.public_keys OWNER TO postgres;

--
-- Name: public_keys_id_seq; Type: SEQUENCE; Schema: public; Owner: postgres
--

CREATE SEQUENCE public.public_keys_id_seq
    AS integer
    START WITH 1
    INCREMENT BY 1
    NO MINVALUE
    NO MAXVALUE
    CACHE 1;


ALTER TABLE public.public_keys_id_seq OWNER TO postgres;

--
-- Name: public_keys_id_seq; Type: SEQUENCE OWNED BY; Schema: public; Owner: postgres
--

ALTER SEQUENCE public.public_keys_id_seq OWNED BY public.public_keys.id;


--
-- Name: snarked_ledger_hashes; Type: TABLE; Schema: public; Owner: postgres
--

CREATE TABLE public.snarked_ledger_hashes (
    id integer NOT NULL,
    value text NOT NULL
);


ALTER TABLE public.snarked_ledger_hashes OWNER TO postgres;

--
-- Name: snarked_ledger_hashes_id_seq; Type: SEQUENCE; Schema: public; Owner: postgres
--

CREATE SEQUENCE public.snarked_ledger_hashes_id_seq
    AS integer
    START WITH 1
    INCREMENT BY 1
    NO MINVALUE
    NO MAXVALUE
    CACHE 1;


ALTER TABLE public.snarked_ledger_hashes_id_seq OWNER TO postgres;

--
-- Name: snarked_ledger_hashes_id_seq; Type: SEQUENCE OWNED BY; Schema: public; Owner: postgres
--

ALTER SEQUENCE public.snarked_ledger_hashes_id_seq OWNED BY public.snarked_ledger_hashes.id;


--
-- Name: timing_info; Type: TABLE; Schema: public; Owner: postgres
--

CREATE TABLE public.timing_info (
    id integer NOT NULL,
    account_identifier_id integer NOT NULL,
    initial_minimum_balance text NOT NULL,
    cliff_time bigint NOT NULL,
    cliff_amount text NOT NULL,
    vesting_period bigint NOT NULL,
    vesting_increment text NOT NULL
);


ALTER TABLE public.timing_info OWNER TO postgres;

--
-- Name: timing_info_id_seq; Type: SEQUENCE; Schema: public; Owner: postgres
--

CREATE SEQUENCE public.timing_info_id_seq
    AS integer
    START WITH 1
    INCREMENT BY 1
    NO MINVALUE
    NO MAXVALUE
    CACHE 1;


ALTER TABLE public.timing_info_id_seq OWNER TO postgres;

--
-- Name: timing_info_id_seq; Type: SEQUENCE OWNED BY; Schema: public; Owner: postgres
--

ALTER SEQUENCE public.timing_info_id_seq OWNED BY public.timing_info.id;


--
-- Name: token_symbols; Type: TABLE; Schema: public; Owner: postgres
--

CREATE TABLE public.token_symbols (
    id integer NOT NULL,
    value text NOT NULL
);


ALTER TABLE public.token_symbols OWNER TO postgres;

--
-- Name: token_symbols_id_seq; Type: SEQUENCE; Schema: public; Owner: postgres
--

CREATE SEQUENCE public.token_symbols_id_seq
    AS integer
    START WITH 1
    INCREMENT BY 1
    NO MINVALUE
    NO MAXVALUE
    CACHE 1;


ALTER TABLE public.token_symbols_id_seq OWNER TO postgres;

--
-- Name: token_symbols_id_seq; Type: SEQUENCE OWNED BY; Schema: public; Owner: postgres
--

ALTER SEQUENCE public.token_symbols_id_seq OWNED BY public.token_symbols.id;


--
-- Name: tokens; Type: TABLE; Schema: public; Owner: postgres
--

CREATE TABLE public.tokens (
    id integer NOT NULL,
    value text NOT NULL,
    owner_public_key_id integer,
    owner_token_id integer
);


ALTER TABLE public.tokens OWNER TO postgres;

--
-- Name: tokens_id_seq; Type: SEQUENCE; Schema: public; Owner: postgres
--

CREATE SEQUENCE public.tokens_id_seq
    AS integer
    START WITH 1
    INCREMENT BY 1
    NO MINVALUE
    NO MAXVALUE
    CACHE 1;


ALTER TABLE public.tokens_id_seq OWNER TO postgres;

--
-- Name: tokens_id_seq; Type: SEQUENCE OWNED BY; Schema: public; Owner: postgres
--

ALTER SEQUENCE public.tokens_id_seq OWNED BY public.tokens.id;


--
-- Name: user_commands; Type: TABLE; Schema: public; Owner: postgres
--

CREATE TABLE public.user_commands (
    id integer NOT NULL,
    command_type public.user_command_type NOT NULL,
    fee_payer_id integer NOT NULL,
    source_id integer NOT NULL,
    receiver_id integer NOT NULL,
    nonce bigint NOT NULL,
    amount text,
    fee text NOT NULL,
    valid_until bigint,
    memo text NOT NULL,
    hash text NOT NULL
);


ALTER TABLE public.user_commands OWNER TO postgres;

--
-- Name: user_commands_id_seq; Type: SEQUENCE; Schema: public; Owner: postgres
--

CREATE SEQUENCE public.user_commands_id_seq
    AS integer
    START WITH 1
    INCREMENT BY 1
    NO MINVALUE
    NO MAXVALUE
    CACHE 1;


ALTER TABLE public.user_commands_id_seq OWNER TO postgres;

--
-- Name: user_commands_id_seq; Type: SEQUENCE OWNED BY; Schema: public; Owner: postgres
--

ALTER SEQUENCE public.user_commands_id_seq OWNED BY public.user_commands.id;


--
-- Name: voting_for; Type: TABLE; Schema: public; Owner: postgres
--

CREATE TABLE public.voting_for (
    id integer NOT NULL,
    value text NOT NULL
);


ALTER TABLE public.voting_for OWNER TO postgres;

--
-- Name: voting_for_id_seq; Type: SEQUENCE; Schema: public; Owner: postgres
--

CREATE SEQUENCE public.voting_for_id_seq
    AS integer
    START WITH 1
    INCREMENT BY 1
    NO MINVALUE
    NO MAXVALUE
    CACHE 1;


ALTER TABLE public.voting_for_id_seq OWNER TO postgres;

--
-- Name: voting_for_id_seq; Type: SEQUENCE OWNED BY; Schema: public; Owner: postgres
--

ALTER SEQUENCE public.voting_for_id_seq OWNED BY public.voting_for.id;


--
-- Name: zkapp_account_precondition; Type: TABLE; Schema: public; Owner: postgres
--

CREATE TABLE public.zkapp_account_precondition (
    id integer NOT NULL,
    balance_id integer,
    nonce_id integer,
    receipt_chain_hash text,
    delegate_id integer,
    state_id integer NOT NULL,
    action_state_id integer,
    proved_state boolean,
    is_new boolean,
    extra_bool boolean
);


ALTER TABLE public.zkapp_account_precondition OWNER TO postgres;

--
-- Name: zkapp_account_precondition_id_seq; Type: SEQUENCE; Schema: public; Owner: postgres
--

CREATE SEQUENCE public.zkapp_account_precondition_id_seq
    AS integer
    START WITH 1
    INCREMENT BY 1
    NO MINVALUE
    NO MAXVALUE
    CACHE 1;


ALTER TABLE public.zkapp_account_precondition_id_seq OWNER TO postgres;

--
-- Name: zkapp_account_precondition_id_seq; Type: SEQUENCE OWNED BY; Schema: public; Owner: postgres
--

ALTER SEQUENCE public.zkapp_account_precondition_id_seq OWNED BY public.zkapp_account_precondition.id;


--
-- Name: zkapp_account_update; Type: TABLE; Schema: public; Owner: postgres
--

CREATE TABLE public.zkapp_account_update (
    id integer NOT NULL,
    body_id integer NOT NULL
);


ALTER TABLE public.zkapp_account_update OWNER TO postgres;

--
-- Name: zkapp_account_update_body; Type: TABLE; Schema: public; Owner: postgres
--

CREATE TABLE public.zkapp_account_update_body (
    id integer NOT NULL,
    account_identifier_id integer NOT NULL,
    update_id integer NOT NULL,
    balance_change text NOT NULL,
    increment_nonce boolean NOT NULL,
    events_id integer NOT NULL,
    actions_id integer NOT NULL,
    call_data_id integer NOT NULL,
    call_depth integer NOT NULL,
    zkapp_network_precondition_id integer NOT NULL,
    zkapp_account_precondition_id integer NOT NULL,
    zkapp_valid_while_precondition_id integer,
    use_full_commitment boolean NOT NULL,
    implicit_account_creation_fee boolean NOT NULL,
    may_use_token public.may_use_token NOT NULL,
    authorization_kind public.authorization_kind_type NOT NULL,
    verification_key_hash_id integer
);


ALTER TABLE public.zkapp_account_update_body OWNER TO postgres;

--
-- Name: zkapp_account_update_body_id_seq; Type: SEQUENCE; Schema: public; Owner: postgres
--

CREATE SEQUENCE public.zkapp_account_update_body_id_seq
    AS integer
    START WITH 1
    INCREMENT BY 1
    NO MINVALUE
    NO MAXVALUE
    CACHE 1;


ALTER TABLE public.zkapp_account_update_body_id_seq OWNER TO postgres;

--
-- Name: zkapp_account_update_body_id_seq; Type: SEQUENCE OWNED BY; Schema: public; Owner: postgres
--

ALTER SEQUENCE public.zkapp_account_update_body_id_seq OWNED BY public.zkapp_account_update_body.id;


--
-- Name: zkapp_account_update_failures; Type: TABLE; Schema: public; Owner: postgres
--

CREATE TABLE public.zkapp_account_update_failures (
    id integer NOT NULL,
    index integer NOT NULL,
    failures text[] NOT NULL
);


ALTER TABLE public.zkapp_account_update_failures OWNER TO postgres;

--
-- Name: zkapp_account_update_failures_id_seq; Type: SEQUENCE; Schema: public; Owner: postgres
--

CREATE SEQUENCE public.zkapp_account_update_failures_id_seq
    AS integer
    START WITH 1
    INCREMENT BY 1
    NO MINVALUE
    NO MAXVALUE
    CACHE 1;


ALTER TABLE public.zkapp_account_update_failures_id_seq OWNER TO postgres;

--
-- Name: zkapp_account_update_failures_id_seq; Type: SEQUENCE OWNED BY; Schema: public; Owner: postgres
--

ALTER SEQUENCE public.zkapp_account_update_failures_id_seq OWNED BY public.zkapp_account_update_failures.id;


--
-- Name: zkapp_account_update_id_seq; Type: SEQUENCE; Schema: public; Owner: postgres
--

CREATE SEQUENCE public.zkapp_account_update_id_seq
    AS integer
    START WITH 1
    INCREMENT BY 1
    NO MINVALUE
    NO MAXVALUE
    CACHE 1;


ALTER TABLE public.zkapp_account_update_id_seq OWNER TO postgres;

--
-- Name: zkapp_account_update_id_seq; Type: SEQUENCE OWNED BY; Schema: public; Owner: postgres
--

ALTER SEQUENCE public.zkapp_account_update_id_seq OWNED BY public.zkapp_account_update.id;


--
-- Name: zkapp_accounts; Type: TABLE; Schema: public; Owner: postgres
--

CREATE TABLE public.zkapp_accounts (
    id integer NOT NULL,
    app_state_id integer NOT NULL,
    verification_key_id integer,
    zkapp_version bigint NOT NULL,
    action_state_id integer NOT NULL,
    last_action_slot bigint NOT NULL,
    proved_state boolean NOT NULL,
    zkapp_uri_id integer NOT NULL
);


ALTER TABLE public.zkapp_accounts OWNER TO postgres;

--
-- Name: zkapp_accounts_id_seq; Type: SEQUENCE; Schema: public; Owner: postgres
--

CREATE SEQUENCE public.zkapp_accounts_id_seq
    AS integer
    START WITH 1
    INCREMENT BY 1
    NO MINVALUE
    NO MAXVALUE
    CACHE 1;


ALTER TABLE public.zkapp_accounts_id_seq OWNER TO postgres;

--
-- Name: zkapp_accounts_id_seq; Type: SEQUENCE OWNED BY; Schema: public; Owner: postgres
--

ALTER SEQUENCE public.zkapp_accounts_id_seq OWNED BY public.zkapp_accounts.id;


--
-- Name: zkapp_action_states; Type: TABLE; Schema: public; Owner: postgres
--

CREATE TABLE public.zkapp_action_states (
    id integer NOT NULL,
    element0 integer NOT NULL,
    element1 integer NOT NULL,
    element2 integer NOT NULL,
    element3 integer NOT NULL,
    element4 integer NOT NULL
);


ALTER TABLE public.zkapp_action_states OWNER TO postgres;

--
-- Name: zkapp_action_states_id_seq; Type: SEQUENCE; Schema: public; Owner: postgres
--

CREATE SEQUENCE public.zkapp_action_states_id_seq
    AS integer
    START WITH 1
    INCREMENT BY 1
    NO MINVALUE
    NO MAXVALUE
    CACHE 1;


ALTER TABLE public.zkapp_action_states_id_seq OWNER TO postgres;

--
-- Name: zkapp_action_states_id_seq; Type: SEQUENCE OWNED BY; Schema: public; Owner: postgres
--

ALTER SEQUENCE public.zkapp_action_states_id_seq OWNED BY public.zkapp_action_states.id;


--
-- Name: zkapp_amount_bounds; Type: TABLE; Schema: public; Owner: postgres
--

CREATE TABLE public.zkapp_amount_bounds (
    id integer NOT NULL,
    amount_lower_bound text NOT NULL,
    amount_upper_bound text NOT NULL
);


ALTER TABLE public.zkapp_amount_bounds OWNER TO postgres;

--
-- Name: zkapp_amount_bounds_id_seq; Type: SEQUENCE; Schema: public; Owner: postgres
--

CREATE SEQUENCE public.zkapp_amount_bounds_id_seq
    AS integer
    START WITH 1
    INCREMENT BY 1
    NO MINVALUE
    NO MAXVALUE
    CACHE 1;


ALTER TABLE public.zkapp_amount_bounds_id_seq OWNER TO postgres;

--
-- Name: zkapp_amount_bounds_id_seq; Type: SEQUENCE OWNED BY; Schema: public; Owner: postgres
--

ALTER SEQUENCE public.zkapp_amount_bounds_id_seq OWNED BY public.zkapp_amount_bounds.id;


--
-- Name: zkapp_balance_bounds; Type: TABLE; Schema: public; Owner: postgres
--

CREATE TABLE public.zkapp_balance_bounds (
    id integer NOT NULL,
    balance_lower_bound text NOT NULL,
    balance_upper_bound text NOT NULL
);


ALTER TABLE public.zkapp_balance_bounds OWNER TO postgres;

--
-- Name: zkapp_balance_bounds_id_seq; Type: SEQUENCE; Schema: public; Owner: postgres
--

CREATE SEQUENCE public.zkapp_balance_bounds_id_seq
    AS integer
    START WITH 1
    INCREMENT BY 1
    NO MINVALUE
    NO MAXVALUE
    CACHE 1;


ALTER TABLE public.zkapp_balance_bounds_id_seq OWNER TO postgres;

--
-- Name: zkapp_balance_bounds_id_seq; Type: SEQUENCE OWNED BY; Schema: public; Owner: postgres
--

ALTER SEQUENCE public.zkapp_balance_bounds_id_seq OWNED BY public.zkapp_balance_bounds.id;


--
-- Name: zkapp_commands; Type: TABLE; Schema: public; Owner: postgres
--

CREATE TABLE public.zkapp_commands (
    id integer NOT NULL,
    zkapp_fee_payer_body_id integer NOT NULL,
    zkapp_account_updates_ids integer[] NOT NULL,
    memo text NOT NULL,
    hash text NOT NULL
);


ALTER TABLE public.zkapp_commands OWNER TO postgres;

--
-- Name: zkapp_commands_id_seq; Type: SEQUENCE; Schema: public; Owner: postgres
--

CREATE SEQUENCE public.zkapp_commands_id_seq
    AS integer
    START WITH 1
    INCREMENT BY 1
    NO MINVALUE
    NO MAXVALUE
    CACHE 1;


ALTER TABLE public.zkapp_commands_id_seq OWNER TO postgres;

--
-- Name: zkapp_commands_id_seq; Type: SEQUENCE OWNED BY; Schema: public; Owner: postgres
--

ALTER SEQUENCE public.zkapp_commands_id_seq OWNED BY public.zkapp_commands.id;


--
-- Name: zkapp_epoch_data; Type: TABLE; Schema: public; Owner: postgres
--

CREATE TABLE public.zkapp_epoch_data (
    id integer NOT NULL,
    epoch_ledger_id integer,
    epoch_seed text,
    start_checkpoint text,
    lock_checkpoint text,
    epoch_length_id integer
);


ALTER TABLE public.zkapp_epoch_data OWNER TO postgres;

--
-- Name: zkapp_epoch_data_id_seq; Type: SEQUENCE; Schema: public; Owner: postgres
--

CREATE SEQUENCE public.zkapp_epoch_data_id_seq
    AS integer
    START WITH 1
    INCREMENT BY 1
    NO MINVALUE
    NO MAXVALUE
    CACHE 1;


ALTER TABLE public.zkapp_epoch_data_id_seq OWNER TO postgres;

--
-- Name: zkapp_epoch_data_id_seq; Type: SEQUENCE OWNED BY; Schema: public; Owner: postgres
--

ALTER SEQUENCE public.zkapp_epoch_data_id_seq OWNED BY public.zkapp_epoch_data.id;


--
-- Name: zkapp_epoch_ledger; Type: TABLE; Schema: public; Owner: postgres
--

CREATE TABLE public.zkapp_epoch_ledger (
    id integer NOT NULL,
    hash_id integer,
    total_currency_id integer
);


ALTER TABLE public.zkapp_epoch_ledger OWNER TO postgres;

--
-- Name: zkapp_epoch_ledger_id_seq; Type: SEQUENCE; Schema: public; Owner: postgres
--

CREATE SEQUENCE public.zkapp_epoch_ledger_id_seq
    AS integer
    START WITH 1
    INCREMENT BY 1
    NO MINVALUE
    NO MAXVALUE
    CACHE 1;


ALTER TABLE public.zkapp_epoch_ledger_id_seq OWNER TO postgres;

--
-- Name: zkapp_epoch_ledger_id_seq; Type: SEQUENCE OWNED BY; Schema: public; Owner: postgres
--

ALTER SEQUENCE public.zkapp_epoch_ledger_id_seq OWNED BY public.zkapp_epoch_ledger.id;


--
-- Name: zkapp_events; Type: TABLE; Schema: public; Owner: postgres
--

CREATE TABLE public.zkapp_events (
    id integer NOT NULL,
    element_ids integer[] NOT NULL
);


ALTER TABLE public.zkapp_events OWNER TO postgres;

--
-- Name: zkapp_events_id_seq; Type: SEQUENCE; Schema: public; Owner: postgres
--

CREATE SEQUENCE public.zkapp_events_id_seq
    AS integer
    START WITH 1
    INCREMENT BY 1
    NO MINVALUE
    NO MAXVALUE
    CACHE 1;


ALTER TABLE public.zkapp_events_id_seq OWNER TO postgres;

--
-- Name: zkapp_events_id_seq; Type: SEQUENCE OWNED BY; Schema: public; Owner: postgres
--

ALTER SEQUENCE public.zkapp_events_id_seq OWNED BY public.zkapp_events.id;


--
-- Name: zkapp_fee_payer_body; Type: TABLE; Schema: public; Owner: postgres
--

CREATE TABLE public.zkapp_fee_payer_body (
    id integer NOT NULL,
    public_key_id integer NOT NULL,
    fee text NOT NULL,
    valid_until bigint,
    nonce bigint NOT NULL
);


ALTER TABLE public.zkapp_fee_payer_body OWNER TO postgres;

--
-- Name: zkapp_fee_payer_body_id_seq; Type: SEQUENCE; Schema: public; Owner: postgres
--

CREATE SEQUENCE public.zkapp_fee_payer_body_id_seq
    AS integer
    START WITH 1
    INCREMENT BY 1
    NO MINVALUE
    NO MAXVALUE
    CACHE 1;


ALTER TABLE public.zkapp_fee_payer_body_id_seq OWNER TO postgres;

--
-- Name: zkapp_fee_payer_body_id_seq; Type: SEQUENCE OWNED BY; Schema: public; Owner: postgres
--

ALTER SEQUENCE public.zkapp_fee_payer_body_id_seq OWNED BY public.zkapp_fee_payer_body.id;


--
-- Name: zkapp_field; Type: TABLE; Schema: public; Owner: postgres
--

CREATE TABLE public.zkapp_field (
    id integer NOT NULL,
    field text NOT NULL
);


ALTER TABLE public.zkapp_field OWNER TO postgres;

--
-- Name: zkapp_field_array; Type: TABLE; Schema: public; Owner: postgres
--

CREATE TABLE public.zkapp_field_array (
    id integer NOT NULL,
    element_ids integer[] NOT NULL
);


ALTER TABLE public.zkapp_field_array OWNER TO postgres;

--
-- Name: zkapp_field_array_id_seq; Type: SEQUENCE; Schema: public; Owner: postgres
--

CREATE SEQUENCE public.zkapp_field_array_id_seq
    AS integer
    START WITH 1
    INCREMENT BY 1
    NO MINVALUE
    NO MAXVALUE
    CACHE 1;


ALTER TABLE public.zkapp_field_array_id_seq OWNER TO postgres;

--
-- Name: zkapp_field_array_id_seq; Type: SEQUENCE OWNED BY; Schema: public; Owner: postgres
--

ALTER SEQUENCE public.zkapp_field_array_id_seq OWNED BY public.zkapp_field_array.id;


--
-- Name: zkapp_field_id_seq; Type: SEQUENCE; Schema: public; Owner: postgres
--

CREATE SEQUENCE public.zkapp_field_id_seq
    AS integer
    START WITH 1
    INCREMENT BY 1
    NO MINVALUE
    NO MAXVALUE
    CACHE 1;


ALTER TABLE public.zkapp_field_id_seq OWNER TO postgres;

--
-- Name: zkapp_field_id_seq; Type: SEQUENCE OWNED BY; Schema: public; Owner: postgres
--

ALTER SEQUENCE public.zkapp_field_id_seq OWNED BY public.zkapp_field.id;


--
-- Name: zkapp_global_slot_bounds; Type: TABLE; Schema: public; Owner: postgres
--

CREATE TABLE public.zkapp_global_slot_bounds (
    id integer NOT NULL,
    global_slot_lower_bound bigint NOT NULL,
    global_slot_upper_bound bigint NOT NULL
);


ALTER TABLE public.zkapp_global_slot_bounds OWNER TO postgres;

--
-- Name: zkapp_global_slot_bounds_id_seq; Type: SEQUENCE; Schema: public; Owner: postgres
--

CREATE SEQUENCE public.zkapp_global_slot_bounds_id_seq
    AS integer
    START WITH 1
    INCREMENT BY 1
    NO MINVALUE
    NO MAXVALUE
    CACHE 1;


ALTER TABLE public.zkapp_global_slot_bounds_id_seq OWNER TO postgres;

--
-- Name: zkapp_global_slot_bounds_id_seq; Type: SEQUENCE OWNED BY; Schema: public; Owner: postgres
--

ALTER SEQUENCE public.zkapp_global_slot_bounds_id_seq OWNED BY public.zkapp_global_slot_bounds.id;


--
-- Name: zkapp_length_bounds; Type: TABLE; Schema: public; Owner: postgres
--

CREATE TABLE public.zkapp_length_bounds (
    id integer NOT NULL,
    length_lower_bound bigint NOT NULL,
    length_upper_bound bigint NOT NULL
);


ALTER TABLE public.zkapp_length_bounds OWNER TO postgres;

--
-- Name: zkapp_length_bounds_id_seq; Type: SEQUENCE; Schema: public; Owner: postgres
--

CREATE SEQUENCE public.zkapp_length_bounds_id_seq
    AS integer
    START WITH 1
    INCREMENT BY 1
    NO MINVALUE
    NO MAXVALUE
    CACHE 1;


ALTER TABLE public.zkapp_length_bounds_id_seq OWNER TO postgres;

--
-- Name: zkapp_length_bounds_id_seq; Type: SEQUENCE OWNED BY; Schema: public; Owner: postgres
--

ALTER SEQUENCE public.zkapp_length_bounds_id_seq OWNED BY public.zkapp_length_bounds.id;


--
-- Name: zkapp_network_precondition; Type: TABLE; Schema: public; Owner: postgres
--

CREATE TABLE public.zkapp_network_precondition (
    id integer NOT NULL,
    snarked_ledger_hash_id integer,
    blockchain_length_id integer,
    min_window_density_id integer,
    total_currency_id integer,
    global_slot_since_genesis integer,
    staking_epoch_data_id integer,
    next_epoch_data_id integer
);


ALTER TABLE public.zkapp_network_precondition OWNER TO postgres;

--
-- Name: zkapp_network_precondition_id_seq; Type: SEQUENCE; Schema: public; Owner: postgres
--

CREATE SEQUENCE public.zkapp_network_precondition_id_seq
    AS integer
    START WITH 1
    INCREMENT BY 1
    NO MINVALUE
    NO MAXVALUE
    CACHE 1;


ALTER TABLE public.zkapp_network_precondition_id_seq OWNER TO postgres;

--
-- Name: zkapp_network_precondition_id_seq; Type: SEQUENCE OWNED BY; Schema: public; Owner: postgres
--

ALTER SEQUENCE public.zkapp_network_precondition_id_seq OWNED BY public.zkapp_network_precondition.id;


--
-- Name: zkapp_nonce_bounds; Type: TABLE; Schema: public; Owner: postgres
--

CREATE TABLE public.zkapp_nonce_bounds (
    id integer NOT NULL,
    nonce_lower_bound bigint NOT NULL,
    nonce_upper_bound bigint NOT NULL
);


ALTER TABLE public.zkapp_nonce_bounds OWNER TO postgres;

--
-- Name: zkapp_nonce_bounds_id_seq; Type: SEQUENCE; Schema: public; Owner: postgres
--

CREATE SEQUENCE public.zkapp_nonce_bounds_id_seq
    AS integer
    START WITH 1
    INCREMENT BY 1
    NO MINVALUE
    NO MAXVALUE
    CACHE 1;


ALTER TABLE public.zkapp_nonce_bounds_id_seq OWNER TO postgres;

--
-- Name: zkapp_nonce_bounds_id_seq; Type: SEQUENCE OWNED BY; Schema: public; Owner: postgres
--

ALTER SEQUENCE public.zkapp_nonce_bounds_id_seq OWNED BY public.zkapp_nonce_bounds.id;


--
-- Name: zkapp_permissions; Type: TABLE; Schema: public; Owner: postgres
--

CREATE TABLE public.zkapp_permissions (
    id integer NOT NULL,
    edit_state public.zkapp_auth_required_type NOT NULL,
    send public.zkapp_auth_required_type NOT NULL,
    receive public.zkapp_auth_required_type NOT NULL,
    access public.zkapp_auth_required_type NOT NULL,
    set_delegate public.zkapp_auth_required_type NOT NULL,
    set_permissions public.zkapp_auth_required_type NOT NULL,
    set_verification_key_auth public.zkapp_auth_required_type NOT NULL,
    set_verification_key_txn_version integer NOT NULL,
    set_zkapp_uri public.zkapp_auth_required_type NOT NULL,
    edit_action_state public.zkapp_auth_required_type NOT NULL,
    set_token_symbol public.zkapp_auth_required_type NOT NULL,
    increment_nonce public.zkapp_auth_required_type NOT NULL,
    set_voting_for public.zkapp_auth_required_type NOT NULL,
    set_timing public.zkapp_auth_required_type NOT NULL
);


ALTER TABLE public.zkapp_permissions OWNER TO postgres;

--
-- Name: zkapp_permissions_id_seq; Type: SEQUENCE; Schema: public; Owner: postgres
--

CREATE SEQUENCE public.zkapp_permissions_id_seq
    AS integer
    START WITH 1
    INCREMENT BY 1
    NO MINVALUE
    NO MAXVALUE
    CACHE 1;


ALTER TABLE public.zkapp_permissions_id_seq OWNER TO postgres;

--
-- Name: zkapp_permissions_id_seq; Type: SEQUENCE OWNED BY; Schema: public; Owner: postgres
--

ALTER SEQUENCE public.zkapp_permissions_id_seq OWNED BY public.zkapp_permissions.id;


--
-- Name: zkapp_states; Type: TABLE; Schema: public; Owner: postgres
--

CREATE TABLE public.zkapp_states (
    id integer NOT NULL,
    element0 integer NOT NULL,
    element1 integer NOT NULL,
    element2 integer NOT NULL,
    element3 integer NOT NULL,
    element4 integer NOT NULL,
    element5 integer NOT NULL,
    element6 integer NOT NULL,
    element7 integer NOT NULL
);


ALTER TABLE public.zkapp_states OWNER TO postgres;

--
-- Name: zkapp_states_id_seq; Type: SEQUENCE; Schema: public; Owner: postgres
--

CREATE SEQUENCE public.zkapp_states_id_seq
    AS integer
    START WITH 1
    INCREMENT BY 1
    NO MINVALUE
    NO MAXVALUE
    CACHE 1;


ALTER TABLE public.zkapp_states_id_seq OWNER TO postgres;

--
-- Name: zkapp_states_id_seq; Type: SEQUENCE OWNED BY; Schema: public; Owner: postgres
--

ALTER SEQUENCE public.zkapp_states_id_seq OWNED BY public.zkapp_states.id;


--
-- Name: zkapp_states_nullable; Type: TABLE; Schema: public; Owner: postgres
--

CREATE TABLE public.zkapp_states_nullable (
    id integer NOT NULL,
    element0 integer,
    element1 integer,
    element2 integer,
    element3 integer,
    element4 integer,
    element5 integer,
    element6 integer,
    element7 integer
);


ALTER TABLE public.zkapp_states_nullable OWNER TO postgres;

--
-- Name: zkapp_states_nullable_id_seq; Type: SEQUENCE; Schema: public; Owner: postgres
--

CREATE SEQUENCE public.zkapp_states_nullable_id_seq
    AS integer
    START WITH 1
    INCREMENT BY 1
    NO MINVALUE
    NO MAXVALUE
    CACHE 1;


ALTER TABLE public.zkapp_states_nullable_id_seq OWNER TO postgres;

--
-- Name: zkapp_states_nullable_id_seq; Type: SEQUENCE OWNED BY; Schema: public; Owner: postgres
--

ALTER SEQUENCE public.zkapp_states_nullable_id_seq OWNED BY public.zkapp_states_nullable.id;


--
-- Name: zkapp_timing_info; Type: TABLE; Schema: public; Owner: postgres
--

CREATE TABLE public.zkapp_timing_info (
    id integer NOT NULL,
    initial_minimum_balance text NOT NULL,
    cliff_time bigint NOT NULL,
    cliff_amount text NOT NULL,
    vesting_period bigint NOT NULL,
    vesting_increment text NOT NULL
);


ALTER TABLE public.zkapp_timing_info OWNER TO postgres;

--
-- Name: zkapp_timing_info_id_seq; Type: SEQUENCE; Schema: public; Owner: postgres
--

CREATE SEQUENCE public.zkapp_timing_info_id_seq
    AS integer
    START WITH 1
    INCREMENT BY 1
    NO MINVALUE
    NO MAXVALUE
    CACHE 1;


ALTER TABLE public.zkapp_timing_info_id_seq OWNER TO postgres;

--
-- Name: zkapp_timing_info_id_seq; Type: SEQUENCE OWNED BY; Schema: public; Owner: postgres
--

ALTER SEQUENCE public.zkapp_timing_info_id_seq OWNED BY public.zkapp_timing_info.id;


--
-- Name: zkapp_token_id_bounds; Type: TABLE; Schema: public; Owner: postgres
--

CREATE TABLE public.zkapp_token_id_bounds (
    id integer NOT NULL,
    token_id_lower_bound text NOT NULL,
    token_id_upper_bound text NOT NULL
);


ALTER TABLE public.zkapp_token_id_bounds OWNER TO postgres;

--
-- Name: zkapp_token_id_bounds_id_seq; Type: SEQUENCE; Schema: public; Owner: postgres
--

CREATE SEQUENCE public.zkapp_token_id_bounds_id_seq
    AS integer
    START WITH 1
    INCREMENT BY 1
    NO MINVALUE
    NO MAXVALUE
    CACHE 1;


ALTER TABLE public.zkapp_token_id_bounds_id_seq OWNER TO postgres;

--
-- Name: zkapp_token_id_bounds_id_seq; Type: SEQUENCE OWNED BY; Schema: public; Owner: postgres
--

ALTER SEQUENCE public.zkapp_token_id_bounds_id_seq OWNED BY public.zkapp_token_id_bounds.id;


--
-- Name: zkapp_updates; Type: TABLE; Schema: public; Owner: postgres
--

CREATE TABLE public.zkapp_updates (
    id integer NOT NULL,
    app_state_id integer NOT NULL,
    delegate_id integer,
    verification_key_id integer,
    permissions_id integer,
    zkapp_uri_id integer,
    token_symbol_id integer,
    timing_id integer,
    voting_for_id integer
);


ALTER TABLE public.zkapp_updates OWNER TO postgres;

--
-- Name: zkapp_updates_id_seq; Type: SEQUENCE; Schema: public; Owner: postgres
--

CREATE SEQUENCE public.zkapp_updates_id_seq
    AS integer
    START WITH 1
    INCREMENT BY 1
    NO MINVALUE
    NO MAXVALUE
    CACHE 1;


ALTER TABLE public.zkapp_updates_id_seq OWNER TO postgres;

--
-- Name: zkapp_updates_id_seq; Type: SEQUENCE OWNED BY; Schema: public; Owner: postgres
--

ALTER SEQUENCE public.zkapp_updates_id_seq OWNED BY public.zkapp_updates.id;


--
-- Name: zkapp_uris; Type: TABLE; Schema: public; Owner: postgres
--

CREATE TABLE public.zkapp_uris (
    id integer NOT NULL,
    value text NOT NULL
);


ALTER TABLE public.zkapp_uris OWNER TO postgres;

--
-- Name: zkapp_uris_id_seq; Type: SEQUENCE; Schema: public; Owner: postgres
--

CREATE SEQUENCE public.zkapp_uris_id_seq
    AS integer
    START WITH 1
    INCREMENT BY 1
    NO MINVALUE
    NO MAXVALUE
    CACHE 1;


ALTER TABLE public.zkapp_uris_id_seq OWNER TO postgres;

--
-- Name: zkapp_uris_id_seq; Type: SEQUENCE OWNED BY; Schema: public; Owner: postgres
--

ALTER SEQUENCE public.zkapp_uris_id_seq OWNED BY public.zkapp_uris.id;


--
-- Name: zkapp_verification_key_hashes; Type: TABLE; Schema: public; Owner: postgres
--

CREATE TABLE public.zkapp_verification_key_hashes (
    id integer NOT NULL,
    value text NOT NULL
);


ALTER TABLE public.zkapp_verification_key_hashes OWNER TO postgres;

--
-- Name: zkapp_verification_key_hashes_id_seq; Type: SEQUENCE; Schema: public; Owner: postgres
--

CREATE SEQUENCE public.zkapp_verification_key_hashes_id_seq
    AS integer
    START WITH 1
    INCREMENT BY 1
    NO MINVALUE
    NO MAXVALUE
    CACHE 1;


ALTER TABLE public.zkapp_verification_key_hashes_id_seq OWNER TO postgres;

--
-- Name: zkapp_verification_key_hashes_id_seq; Type: SEQUENCE OWNED BY; Schema: public; Owner: postgres
--

ALTER SEQUENCE public.zkapp_verification_key_hashes_id_seq OWNED BY public.zkapp_verification_key_hashes.id;


--
-- Name: zkapp_verification_keys; Type: TABLE; Schema: public; Owner: postgres
--

CREATE TABLE public.zkapp_verification_keys (
    id integer NOT NULL,
    verification_key text NOT NULL,
    hash_id integer NOT NULL
);


ALTER TABLE public.zkapp_verification_keys OWNER TO postgres;

--
-- Name: zkapp_verification_keys_id_seq; Type: SEQUENCE; Schema: public; Owner: postgres
--

CREATE SEQUENCE public.zkapp_verification_keys_id_seq
    AS integer
    START WITH 1
    INCREMENT BY 1
    NO MINVALUE
    NO MAXVALUE
    CACHE 1;


ALTER TABLE public.zkapp_verification_keys_id_seq OWNER TO postgres;

--
-- Name: zkapp_verification_keys_id_seq; Type: SEQUENCE OWNED BY; Schema: public; Owner: postgres
--

ALTER SEQUENCE public.zkapp_verification_keys_id_seq OWNED BY public.zkapp_verification_keys.id;


--
-- Name: account_identifiers id; Type: DEFAULT; Schema: public; Owner: postgres
--

ALTER TABLE ONLY public.account_identifiers ALTER COLUMN id SET DEFAULT nextval('public.account_identifiers_id_seq'::regclass);


--
-- Name: blocks id; Type: DEFAULT; Schema: public; Owner: postgres
--

ALTER TABLE ONLY public.blocks ALTER COLUMN id SET DEFAULT nextval('public.blocks_id_seq'::regclass);


--
-- Name: epoch_data id; Type: DEFAULT; Schema: public; Owner: postgres
--

ALTER TABLE ONLY public.epoch_data ALTER COLUMN id SET DEFAULT nextval('public.epoch_data_id_seq'::regclass);


--
-- Name: internal_commands id; Type: DEFAULT; Schema: public; Owner: postgres
--

ALTER TABLE ONLY public.internal_commands ALTER COLUMN id SET DEFAULT nextval('public.internal_commands_id_seq'::regclass);


--
-- Name: protocol_versions id; Type: DEFAULT; Schema: public; Owner: postgres
--

ALTER TABLE ONLY public.protocol_versions ALTER COLUMN id SET DEFAULT nextval('public.protocol_versions_id_seq'::regclass);


--
-- Name: public_keys id; Type: DEFAULT; Schema: public; Owner: postgres
--

ALTER TABLE ONLY public.public_keys ALTER COLUMN id SET DEFAULT nextval('public.public_keys_id_seq'::regclass);


--
-- Name: snarked_ledger_hashes id; Type: DEFAULT; Schema: public; Owner: postgres
--

ALTER TABLE ONLY public.snarked_ledger_hashes ALTER COLUMN id SET DEFAULT nextval('public.snarked_ledger_hashes_id_seq'::regclass);


--
-- Name: timing_info id; Type: DEFAULT; Schema: public; Owner: postgres
--

ALTER TABLE ONLY public.timing_info ALTER COLUMN id SET DEFAULT nextval('public.timing_info_id_seq'::regclass);


--
-- Name: token_symbols id; Type: DEFAULT; Schema: public; Owner: postgres
--

ALTER TABLE ONLY public.token_symbols ALTER COLUMN id SET DEFAULT nextval('public.token_symbols_id_seq'::regclass);


--
-- Name: tokens id; Type: DEFAULT; Schema: public; Owner: postgres
--

ALTER TABLE ONLY public.tokens ALTER COLUMN id SET DEFAULT nextval('public.tokens_id_seq'::regclass);


--
-- Name: user_commands id; Type: DEFAULT; Schema: public; Owner: postgres
--

ALTER TABLE ONLY public.user_commands ALTER COLUMN id SET DEFAULT nextval('public.user_commands_id_seq'::regclass);


--
-- Name: voting_for id; Type: DEFAULT; Schema: public; Owner: postgres
--

ALTER TABLE ONLY public.voting_for ALTER COLUMN id SET DEFAULT nextval('public.voting_for_id_seq'::regclass);


--
-- Name: zkapp_account_precondition id; Type: DEFAULT; Schema: public; Owner: postgres
--

ALTER TABLE ONLY public.zkapp_account_precondition ALTER COLUMN id SET DEFAULT nextval('public.zkapp_account_precondition_id_seq'::regclass);


--
-- Name: zkapp_account_update id; Type: DEFAULT; Schema: public; Owner: postgres
--

ALTER TABLE ONLY public.zkapp_account_update ALTER COLUMN id SET DEFAULT nextval('public.zkapp_account_update_id_seq'::regclass);


--
-- Name: zkapp_account_update_body id; Type: DEFAULT; Schema: public; Owner: postgres
--

ALTER TABLE ONLY public.zkapp_account_update_body ALTER COLUMN id SET DEFAULT nextval('public.zkapp_account_update_body_id_seq'::regclass);


--
-- Name: zkapp_account_update_failures id; Type: DEFAULT; Schema: public; Owner: postgres
--

ALTER TABLE ONLY public.zkapp_account_update_failures ALTER COLUMN id SET DEFAULT nextval('public.zkapp_account_update_failures_id_seq'::regclass);


--
-- Name: zkapp_accounts id; Type: DEFAULT; Schema: public; Owner: postgres
--

ALTER TABLE ONLY public.zkapp_accounts ALTER COLUMN id SET DEFAULT nextval('public.zkapp_accounts_id_seq'::regclass);


--
-- Name: zkapp_action_states id; Type: DEFAULT; Schema: public; Owner: postgres
--

ALTER TABLE ONLY public.zkapp_action_states ALTER COLUMN id SET DEFAULT nextval('public.zkapp_action_states_id_seq'::regclass);


--
-- Name: zkapp_amount_bounds id; Type: DEFAULT; Schema: public; Owner: postgres
--

ALTER TABLE ONLY public.zkapp_amount_bounds ALTER COLUMN id SET DEFAULT nextval('public.zkapp_amount_bounds_id_seq'::regclass);


--
-- Name: zkapp_balance_bounds id; Type: DEFAULT; Schema: public; Owner: postgres
--

ALTER TABLE ONLY public.zkapp_balance_bounds ALTER COLUMN id SET DEFAULT nextval('public.zkapp_balance_bounds_id_seq'::regclass);


--
-- Name: zkapp_commands id; Type: DEFAULT; Schema: public; Owner: postgres
--

ALTER TABLE ONLY public.zkapp_commands ALTER COLUMN id SET DEFAULT nextval('public.zkapp_commands_id_seq'::regclass);


--
-- Name: zkapp_epoch_data id; Type: DEFAULT; Schema: public; Owner: postgres
--

ALTER TABLE ONLY public.zkapp_epoch_data ALTER COLUMN id SET DEFAULT nextval('public.zkapp_epoch_data_id_seq'::regclass);


--
-- Name: zkapp_epoch_ledger id; Type: DEFAULT; Schema: public; Owner: postgres
--

ALTER TABLE ONLY public.zkapp_epoch_ledger ALTER COLUMN id SET DEFAULT nextval('public.zkapp_epoch_ledger_id_seq'::regclass);


--
-- Name: zkapp_events id; Type: DEFAULT; Schema: public; Owner: postgres
--

ALTER TABLE ONLY public.zkapp_events ALTER COLUMN id SET DEFAULT nextval('public.zkapp_events_id_seq'::regclass);


--
-- Name: zkapp_fee_payer_body id; Type: DEFAULT; Schema: public; Owner: postgres
--

ALTER TABLE ONLY public.zkapp_fee_payer_body ALTER COLUMN id SET DEFAULT nextval('public.zkapp_fee_payer_body_id_seq'::regclass);


--
-- Name: zkapp_field id; Type: DEFAULT; Schema: public; Owner: postgres
--

ALTER TABLE ONLY public.zkapp_field ALTER COLUMN id SET DEFAULT nextval('public.zkapp_field_id_seq'::regclass);


--
-- Name: zkapp_field_array id; Type: DEFAULT; Schema: public; Owner: postgres
--

ALTER TABLE ONLY public.zkapp_field_array ALTER COLUMN id SET DEFAULT nextval('public.zkapp_field_array_id_seq'::regclass);


--
-- Name: zkapp_global_slot_bounds id; Type: DEFAULT; Schema: public; Owner: postgres
--

ALTER TABLE ONLY public.zkapp_global_slot_bounds ALTER COLUMN id SET DEFAULT nextval('public.zkapp_global_slot_bounds_id_seq'::regclass);


--
-- Name: zkapp_length_bounds id; Type: DEFAULT; Schema: public; Owner: postgres
--

ALTER TABLE ONLY public.zkapp_length_bounds ALTER COLUMN id SET DEFAULT nextval('public.zkapp_length_bounds_id_seq'::regclass);


--
-- Name: zkapp_network_precondition id; Type: DEFAULT; Schema: public; Owner: postgres
--

ALTER TABLE ONLY public.zkapp_network_precondition ALTER COLUMN id SET DEFAULT nextval('public.zkapp_network_precondition_id_seq'::regclass);


--
-- Name: zkapp_nonce_bounds id; Type: DEFAULT; Schema: public; Owner: postgres
--

ALTER TABLE ONLY public.zkapp_nonce_bounds ALTER COLUMN id SET DEFAULT nextval('public.zkapp_nonce_bounds_id_seq'::regclass);


--
-- Name: zkapp_permissions id; Type: DEFAULT; Schema: public; Owner: postgres
--

ALTER TABLE ONLY public.zkapp_permissions ALTER COLUMN id SET DEFAULT nextval('public.zkapp_permissions_id_seq'::regclass);


--
-- Name: zkapp_states id; Type: DEFAULT; Schema: public; Owner: postgres
--

ALTER TABLE ONLY public.zkapp_states ALTER COLUMN id SET DEFAULT nextval('public.zkapp_states_id_seq'::regclass);


--
-- Name: zkapp_states_nullable id; Type: DEFAULT; Schema: public; Owner: postgres
--

ALTER TABLE ONLY public.zkapp_states_nullable ALTER COLUMN id SET DEFAULT nextval('public.zkapp_states_nullable_id_seq'::regclass);


--
-- Name: zkapp_timing_info id; Type: DEFAULT; Schema: public; Owner: postgres
--

ALTER TABLE ONLY public.zkapp_timing_info ALTER COLUMN id SET DEFAULT nextval('public.zkapp_timing_info_id_seq'::regclass);


--
-- Name: zkapp_token_id_bounds id; Type: DEFAULT; Schema: public; Owner: postgres
--

ALTER TABLE ONLY public.zkapp_token_id_bounds ALTER COLUMN id SET DEFAULT nextval('public.zkapp_token_id_bounds_id_seq'::regclass);


--
-- Name: zkapp_updates id; Type: DEFAULT; Schema: public; Owner: postgres
--

ALTER TABLE ONLY public.zkapp_updates ALTER COLUMN id SET DEFAULT nextval('public.zkapp_updates_id_seq'::regclass);


--
-- Name: zkapp_uris id; Type: DEFAULT; Schema: public; Owner: postgres
--

ALTER TABLE ONLY public.zkapp_uris ALTER COLUMN id SET DEFAULT nextval('public.zkapp_uris_id_seq'::regclass);


--
-- Name: zkapp_verification_key_hashes id; Type: DEFAULT; Schema: public; Owner: postgres
--

ALTER TABLE ONLY public.zkapp_verification_key_hashes ALTER COLUMN id SET DEFAULT nextval('public.zkapp_verification_key_hashes_id_seq'::regclass);


--
-- Name: zkapp_verification_keys id; Type: DEFAULT; Schema: public; Owner: postgres
--

ALTER TABLE ONLY public.zkapp_verification_keys ALTER COLUMN id SET DEFAULT nextval('public.zkapp_verification_keys_id_seq'::regclass);


--
-- Data for Name: account_identifiers; Type: TABLE DATA; Schema: public; Owner: postgres
--

COPY public.account_identifiers (id, public_key_id, token_id) FROM stdin;
1	2	1
2	3	1
3	4	1
4	5	1
5	6	1
6	7	1
7	8	1
8	9	1
9	10	1
10	11	1
11	12	1
12	13	1
13	14	1
14	15	1
15	16	1
16	17	1
17	18	1
18	19	1
19	20	1
20	22	1
21	23	1
22	24	1
23	25	1
24	26	1
25	27	1
26	28	1
27	29	1
28	30	1
29	31	1
30	32	1
31	33	1
32	34	1
33	35	1
34	36	1
35	37	1
36	38	1
37	39	1
38	40	1
39	41	1
40	42	1
41	43	1
42	44	1
43	45	1
44	46	1
45	47	1
46	48	1
47	49	1
48	50	1
49	51	1
50	52	1
51	53	1
52	54	1
53	55	1
54	56	1
55	57	1
56	58	1
57	59	1
58	60	1
59	61	1
60	62	1
61	63	1
62	64	1
63	65	1
64	66	1
65	67	1
66	68	1
67	69	1
68	70	1
69	71	1
70	72	1
71	73	1
72	74	1
73	75	1
74	76	1
75	77	1
76	78	1
77	79	1
78	80	1
79	81	1
80	82	1
81	83	1
82	84	1
83	85	1
84	86	1
85	87	1
86	88	1
87	89	1
88	90	1
89	91	1
90	92	1
91	93	1
92	94	1
93	95	1
94	96	1
95	97	1
96	98	1
97	99	1
98	100	1
99	101	1
100	102	1
101	103	1
102	104	1
103	105	1
104	106	1
105	107	1
106	108	1
107	109	1
108	110	1
109	111	1
110	112	1
111	113	1
112	114	1
113	115	1
114	116	1
115	117	1
116	118	1
117	119	1
118	120	1
119	121	1
120	122	1
121	123	1
122	124	1
123	125	1
124	126	1
125	127	1
126	128	1
127	129	1
128	130	1
129	131	1
130	132	1
131	133	1
132	134	1
133	135	1
134	136	1
135	137	1
136	138	1
137	139	1
138	140	1
139	21	1
140	141	1
141	142	1
142	143	1
143	144	1
144	145	1
145	146	1
146	147	1
147	148	1
148	149	1
149	150	1
150	151	1
151	152	1
152	153	1
153	154	1
154	155	1
155	156	1
156	157	1
157	158	1
158	159	1
159	160	1
160	161	1
161	162	1
162	163	1
163	164	1
164	165	1
165	166	1
166	167	1
167	168	1
168	169	1
169	170	1
170	171	1
171	172	1
172	173	1
173	174	1
174	175	1
175	176	1
176	177	1
177	178	1
178	179	1
179	180	1
180	181	1
181	182	1
182	183	1
183	184	1
184	185	1
185	186	1
186	187	1
187	1	1
188	188	1
189	189	1
190	190	1
191	191	1
192	192	1
193	193	1
194	194	1
195	195	1
196	196	1
197	197	1
198	198	1
199	199	1
200	200	1
201	201	1
202	202	1
203	203	1
204	204	1
205	205	1
206	206	1
207	207	1
208	208	1
209	209	1
210	210	1
211	211	1
212	212	1
213	213	1
214	214	1
215	215	1
216	216	1
217	217	1
218	218	1
219	219	1
220	220	1
221	221	1
222	222	1
223	223	1
224	224	1
225	225	1
226	226	1
227	227	1
228	228	1
229	229	1
230	230	1
231	231	1
232	232	1
233	233	1
234	234	1
235	235	1
236	236	1
237	237	1
238	238	1
239	239	1
240	240	1
241	241	1
242	242	1
243	243	1
\.


--
-- Data for Name: accounts_accessed; Type: TABLE DATA; Schema: public; Owner: postgres
--

COPY public.accounts_accessed (ledger_index, block_id, account_identifier_id, token_symbol_id, balance, nonce, receipt_chain_hash, delegate_id, voting_for_id, timing_id, permissions_id, zkapp_id) FROM stdin;
5	1	1	1	0	0	2mzbV7WevxLuchs2dAMY4vQBS6XttnCUF8Hvks4XNBQ5qiSGGBQe	2	1	1	1	\N
10	1	2	1	285	0	2mzbV7WevxLuchs2dAMY4vQBS6XttnCUF8Hvks4XNBQ5qiSGGBQe	3	1	2	1	\N
107	1	3	1	500	0	2mzbV7WevxLuchs2dAMY4vQBS6XttnCUF8Hvks4XNBQ5qiSGGBQe	4	1	3	1	\N
81	1	4	1	331	0	2mzbV7WevxLuchs2dAMY4vQBS6XttnCUF8Hvks4XNBQ5qiSGGBQe	5	1	4	1	\N
32	1	5	1	226	0	2mzbV7WevxLuchs2dAMY4vQBS6XttnCUF8Hvks4XNBQ5qiSGGBQe	6	1	5	1	\N
12	1	6	1	123	0	2mzbV7WevxLuchs2dAMY4vQBS6XttnCUF8Hvks4XNBQ5qiSGGBQe	7	1	6	1	\N
78	1	7	1	292	0	2mzbV7WevxLuchs2dAMY4vQBS6XttnCUF8Hvks4XNBQ5qiSGGBQe	8	1	7	1	\N
121	1	8	1	104	0	2mzbV7WevxLuchs2dAMY4vQBS6XttnCUF8Hvks4XNBQ5qiSGGBQe	9	1	8	1	\N
176	1	9	1	10	0	2mzbV7WevxLuchs2dAMY4vQBS6XttnCUF8Hvks4XNBQ5qiSGGBQe	10	1	9	1	\N
236	1	10	1	488	0	2mzbV7WevxLuchs2dAMY4vQBS6XttnCUF8Hvks4XNBQ5qiSGGBQe	11	1	10	1	\N
226	1	11	1	469	0	2mzbV7WevxLuchs2dAMY4vQBS6XttnCUF8Hvks4XNBQ5qiSGGBQe	12	1	11	1	\N
19	1	12	1	242	0	2mzbV7WevxLuchs2dAMY4vQBS6XttnCUF8Hvks4XNBQ5qiSGGBQe	13	1	12	1	\N
128	1	13	1	135	0	2mzbV7WevxLuchs2dAMY4vQBS6XttnCUF8Hvks4XNBQ5qiSGGBQe	14	1	13	1	\N
94	1	14	1	196	0	2mzbV7WevxLuchs2dAMY4vQBS6XttnCUF8Hvks4XNBQ5qiSGGBQe	15	1	14	1	\N
153	1	15	1	79	0	2mzbV7WevxLuchs2dAMY4vQBS6XttnCUF8Hvks4XNBQ5qiSGGBQe	16	1	15	1	\N
166	1	16	1	206	0	2mzbV7WevxLuchs2dAMY4vQBS6XttnCUF8Hvks4XNBQ5qiSGGBQe	17	1	16	1	\N
137	1	17	1	340	0	2mzbV7WevxLuchs2dAMY4vQBS6XttnCUF8Hvks4XNBQ5qiSGGBQe	18	1	17	1	\N
105	1	18	1	382	0	2mzbV7WevxLuchs2dAMY4vQBS6XttnCUF8Hvks4XNBQ5qiSGGBQe	19	1	18	1	\N
6	1	19	1	11550000000000000	0	2mzbV7WevxLuchs2dAMY4vQBS6XttnCUF8Hvks4XNBQ5qiSGGBQe	21	1	19	1	\N
70	1	20	1	488	0	2mzbV7WevxLuchs2dAMY4vQBS6XttnCUF8Hvks4XNBQ5qiSGGBQe	22	1	20	1	\N
27	1	21	1	135	0	2mzbV7WevxLuchs2dAMY4vQBS6XttnCUF8Hvks4XNBQ5qiSGGBQe	23	1	21	1	\N
1	1	22	1	5000000000	0	2mzbV7WevxLuchs2dAMY4vQBS6XttnCUF8Hvks4XNBQ5qiSGGBQe	24	1	22	1	\N
46	1	23	1	126	0	2mzbV7WevxLuchs2dAMY4vQBS6XttnCUF8Hvks4XNBQ5qiSGGBQe	25	1	23	1	\N
43	1	24	1	10	0	2mzbV7WevxLuchs2dAMY4vQBS6XttnCUF8Hvks4XNBQ5qiSGGBQe	26	1	24	1	\N
117	1	25	1	278	0	2mzbV7WevxLuchs2dAMY4vQBS6XttnCUF8Hvks4XNBQ5qiSGGBQe	27	1	25	1	\N
204	1	26	1	46	0	2mzbV7WevxLuchs2dAMY4vQBS6XttnCUF8Hvks4XNBQ5qiSGGBQe	28	1	26	1	\N
187	1	27	1	104	0	2mzbV7WevxLuchs2dAMY4vQBS6XttnCUF8Hvks4XNBQ5qiSGGBQe	29	1	27	1	\N
72	1	28	1	10	0	2mzbV7WevxLuchs2dAMY4vQBS6XttnCUF8Hvks4XNBQ5qiSGGBQe	30	1	28	1	\N
216	1	29	1	271	0	2mzbV7WevxLuchs2dAMY4vQBS6XttnCUF8Hvks4XNBQ5qiSGGBQe	31	1	29	1	\N
210	1	30	1	315	0	2mzbV7WevxLuchs2dAMY4vQBS6XttnCUF8Hvks4XNBQ5qiSGGBQe	32	1	30	1	\N
79	1	31	1	162	0	2mzbV7WevxLuchs2dAMY4vQBS6XttnCUF8Hvks4XNBQ5qiSGGBQe	33	1	31	1	\N
167	1	32	1	86	0	2mzbV7WevxLuchs2dAMY4vQBS6XttnCUF8Hvks4XNBQ5qiSGGBQe	34	1	32	1	\N
181	1	33	1	409	0	2mzbV7WevxLuchs2dAMY4vQBS6XttnCUF8Hvks4XNBQ5qiSGGBQe	35	1	33	1	\N
156	1	34	1	500	0	2mzbV7WevxLuchs2dAMY4vQBS6XttnCUF8Hvks4XNBQ5qiSGGBQe	36	1	34	1	\N
96	1	35	1	57	0	2mzbV7WevxLuchs2dAMY4vQBS6XttnCUF8Hvks4XNBQ5qiSGGBQe	37	1	35	1	\N
191	1	36	1	204	0	2mzbV7WevxLuchs2dAMY4vQBS6XttnCUF8Hvks4XNBQ5qiSGGBQe	38	1	36	1	\N
132	1	37	1	262	0	2mzbV7WevxLuchs2dAMY4vQBS6XttnCUF8Hvks4XNBQ5qiSGGBQe	39	1	37	1	\N
111	1	38	1	10	0	2mzbV7WevxLuchs2dAMY4vQBS6XttnCUF8Hvks4XNBQ5qiSGGBQe	40	1	38	1	\N
171	1	39	1	156	0	2mzbV7WevxLuchs2dAMY4vQBS6XttnCUF8Hvks4XNBQ5qiSGGBQe	41	1	39	1	\N
64	1	40	1	417	0	2mzbV7WevxLuchs2dAMY4vQBS6XttnCUF8Hvks4XNBQ5qiSGGBQe	42	1	40	1	\N
68	1	41	1	10	0	2mzbV7WevxLuchs2dAMY4vQBS6XttnCUF8Hvks4XNBQ5qiSGGBQe	43	1	41	1	\N
51	1	42	1	85	0	2mzbV7WevxLuchs2dAMY4vQBS6XttnCUF8Hvks4XNBQ5qiSGGBQe	44	1	42	1	\N
227	1	43	1	103	0	2mzbV7WevxLuchs2dAMY4vQBS6XttnCUF8Hvks4XNBQ5qiSGGBQe	45	1	43	1	\N
141	1	44	1	67	0	2mzbV7WevxLuchs2dAMY4vQBS6XttnCUF8Hvks4XNBQ5qiSGGBQe	46	1	44	1	\N
42	1	45	1	10	0	2mzbV7WevxLuchs2dAMY4vQBS6XttnCUF8Hvks4XNBQ5qiSGGBQe	47	1	45	1	\N
133	1	46	1	500	0	2mzbV7WevxLuchs2dAMY4vQBS6XttnCUF8Hvks4XNBQ5qiSGGBQe	48	1	46	1	\N
82	1	47	1	198	0	2mzbV7WevxLuchs2dAMY4vQBS6XttnCUF8Hvks4XNBQ5qiSGGBQe	49	1	47	1	\N
95	1	48	1	489	0	2mzbV7WevxLuchs2dAMY4vQBS6XttnCUF8Hvks4XNBQ5qiSGGBQe	50	1	48	1	\N
188	1	49	1	298	0	2mzbV7WevxLuchs2dAMY4vQBS6XttnCUF8Hvks4XNBQ5qiSGGBQe	51	1	49	1	\N
30	1	50	1	36	0	2mzbV7WevxLuchs2dAMY4vQBS6XttnCUF8Hvks4XNBQ5qiSGGBQe	52	1	50	1	\N
90	1	51	1	334	0	2mzbV7WevxLuchs2dAMY4vQBS6XttnCUF8Hvks4XNBQ5qiSGGBQe	53	1	51	1	\N
14	1	52	1	344	0	2mzbV7WevxLuchs2dAMY4vQBS6XttnCUF8Hvks4XNBQ5qiSGGBQe	54	1	52	1	\N
35	1	53	1	451	0	2mzbV7WevxLuchs2dAMY4vQBS6XttnCUF8Hvks4XNBQ5qiSGGBQe	55	1	53	1	\N
85	1	54	1	371	0	2mzbV7WevxLuchs2dAMY4vQBS6XttnCUF8Hvks4XNBQ5qiSGGBQe	56	1	54	1	\N
127	1	55	1	234	0	2mzbV7WevxLuchs2dAMY4vQBS6XttnCUF8Hvks4XNBQ5qiSGGBQe	57	1	55	1	\N
222	1	56	1	345	0	2mzbV7WevxLuchs2dAMY4vQBS6XttnCUF8Hvks4XNBQ5qiSGGBQe	58	1	56	1	\N
76	1	57	1	282	0	2mzbV7WevxLuchs2dAMY4vQBS6XttnCUF8Hvks4XNBQ5qiSGGBQe	59	1	57	1	\N
231	1	58	1	339	0	2mzbV7WevxLuchs2dAMY4vQBS6XttnCUF8Hvks4XNBQ5qiSGGBQe	60	1	58	1	\N
15	1	59	1	215	0	2mzbV7WevxLuchs2dAMY4vQBS6XttnCUF8Hvks4XNBQ5qiSGGBQe	61	1	59	1	\N
220	1	60	1	193	0	2mzbV7WevxLuchs2dAMY4vQBS6XttnCUF8Hvks4XNBQ5qiSGGBQe	62	1	60	1	\N
16	1	61	1	60	0	2mzbV7WevxLuchs2dAMY4vQBS6XttnCUF8Hvks4XNBQ5qiSGGBQe	63	1	61	1	\N
58	1	62	1	350	0	2mzbV7WevxLuchs2dAMY4vQBS6XttnCUF8Hvks4XNBQ5qiSGGBQe	64	1	62	1	\N
146	1	63	1	223	0	2mzbV7WevxLuchs2dAMY4vQBS6XttnCUF8Hvks4XNBQ5qiSGGBQe	65	1	63	1	\N
62	1	64	1	449	0	2mzbV7WevxLuchs2dAMY4vQBS6XttnCUF8Hvks4XNBQ5qiSGGBQe	66	1	64	1	\N
185	1	65	1	142	0	2mzbV7WevxLuchs2dAMY4vQBS6XttnCUF8Hvks4XNBQ5qiSGGBQe	67	1	65	1	\N
151	1	66	1	300	0	2mzbV7WevxLuchs2dAMY4vQBS6XttnCUF8Hvks4XNBQ5qiSGGBQe	68	1	66	1	\N
165	1	67	1	256	0	2mzbV7WevxLuchs2dAMY4vQBS6XttnCUF8Hvks4XNBQ5qiSGGBQe	69	1	67	1	\N
103	1	68	1	125	0	2mzbV7WevxLuchs2dAMY4vQBS6XttnCUF8Hvks4XNBQ5qiSGGBQe	70	1	68	1	\N
41	1	69	1	236	0	2mzbV7WevxLuchs2dAMY4vQBS6XttnCUF8Hvks4XNBQ5qiSGGBQe	71	1	69	1	\N
239	1	70	1	10	0	2mzbV7WevxLuchs2dAMY4vQBS6XttnCUF8Hvks4XNBQ5qiSGGBQe	72	1	70	1	\N
110	1	71	1	179	0	2mzbV7WevxLuchs2dAMY4vQBS6XttnCUF8Hvks4XNBQ5qiSGGBQe	73	1	71	1	\N
13	1	72	1	194	0	2mzbV7WevxLuchs2dAMY4vQBS6XttnCUF8Hvks4XNBQ5qiSGGBQe	74	1	72	1	\N
26	1	73	1	185	0	2mzbV7WevxLuchs2dAMY4vQBS6XttnCUF8Hvks4XNBQ5qiSGGBQe	75	1	73	1	\N
98	1	74	1	342	0	2mzbV7WevxLuchs2dAMY4vQBS6XttnCUF8Hvks4XNBQ5qiSGGBQe	76	1	74	1	\N
215	1	75	1	157	0	2mzbV7WevxLuchs2dAMY4vQBS6XttnCUF8Hvks4XNBQ5qiSGGBQe	77	1	75	1	\N
91	1	76	1	135	0	2mzbV7WevxLuchs2dAMY4vQBS6XttnCUF8Hvks4XNBQ5qiSGGBQe	78	1	76	1	\N
159	1	77	1	456	0	2mzbV7WevxLuchs2dAMY4vQBS6XttnCUF8Hvks4XNBQ5qiSGGBQe	79	1	77	1	\N
208	1	78	1	336	0	2mzbV7WevxLuchs2dAMY4vQBS6XttnCUF8Hvks4XNBQ5qiSGGBQe	80	1	78	1	\N
207	1	79	1	280	0	2mzbV7WevxLuchs2dAMY4vQBS6XttnCUF8Hvks4XNBQ5qiSGGBQe	81	1	79	1	\N
182	1	80	1	187	0	2mzbV7WevxLuchs2dAMY4vQBS6XttnCUF8Hvks4XNBQ5qiSGGBQe	82	1	80	1	\N
157	1	81	1	387	0	2mzbV7WevxLuchs2dAMY4vQBS6XttnCUF8Hvks4XNBQ5qiSGGBQe	83	1	81	1	\N
33	1	82	1	500	0	2mzbV7WevxLuchs2dAMY4vQBS6XttnCUF8Hvks4XNBQ5qiSGGBQe	84	1	82	1	\N
201	1	83	1	151	0	2mzbV7WevxLuchs2dAMY4vQBS6XttnCUF8Hvks4XNBQ5qiSGGBQe	85	1	83	1	\N
9	1	84	1	356	0	2mzbV7WevxLuchs2dAMY4vQBS6XttnCUF8Hvks4XNBQ5qiSGGBQe	86	1	84	1	\N
234	1	85	1	24	0	2mzbV7WevxLuchs2dAMY4vQBS6XttnCUF8Hvks4XNBQ5qiSGGBQe	87	1	85	1	\N
40	1	86	1	152	0	2mzbV7WevxLuchs2dAMY4vQBS6XttnCUF8Hvks4XNBQ5qiSGGBQe	88	1	86	1	\N
18	1	87	1	10	0	2mzbV7WevxLuchs2dAMY4vQBS6XttnCUF8Hvks4XNBQ5qiSGGBQe	89	1	87	1	\N
229	1	88	1	500	0	2mzbV7WevxLuchs2dAMY4vQBS6XttnCUF8Hvks4XNBQ5qiSGGBQe	90	1	88	1	\N
20	1	89	1	186	0	2mzbV7WevxLuchs2dAMY4vQBS6XttnCUF8Hvks4XNBQ5qiSGGBQe	91	1	89	1	\N
184	1	90	1	266	0	2mzbV7WevxLuchs2dAMY4vQBS6XttnCUF8Hvks4XNBQ5qiSGGBQe	92	1	90	1	\N
139	1	91	1	81	0	2mzbV7WevxLuchs2dAMY4vQBS6XttnCUF8Hvks4XNBQ5qiSGGBQe	93	1	91	1	\N
164	1	92	1	10	0	2mzbV7WevxLuchs2dAMY4vQBS6XttnCUF8Hvks4XNBQ5qiSGGBQe	94	1	92	1	\N
199	1	93	1	379	0	2mzbV7WevxLuchs2dAMY4vQBS6XttnCUF8Hvks4XNBQ5qiSGGBQe	95	1	93	1	\N
3	1	94	1	500000000000	0	2mzbV7WevxLuchs2dAMY4vQBS6XttnCUF8Hvks4XNBQ5qiSGGBQe	96	1	94	1	\N
109	1	95	1	315	0	2mzbV7WevxLuchs2dAMY4vQBS6XttnCUF8Hvks4XNBQ5qiSGGBQe	97	1	95	1	\N
47	1	96	1	226	0	2mzbV7WevxLuchs2dAMY4vQBS6XttnCUF8Hvks4XNBQ5qiSGGBQe	98	1	96	1	\N
214	1	97	1	166	0	2mzbV7WevxLuchs2dAMY4vQBS6XttnCUF8Hvks4XNBQ5qiSGGBQe	99	1	97	1	\N
112	1	98	1	302	0	2mzbV7WevxLuchs2dAMY4vQBS6XttnCUF8Hvks4XNBQ5qiSGGBQe	100	1	98	1	\N
144	1	99	1	269	0	2mzbV7WevxLuchs2dAMY4vQBS6XttnCUF8Hvks4XNBQ5qiSGGBQe	101	1	99	1	\N
178	1	100	1	172	0	2mzbV7WevxLuchs2dAMY4vQBS6XttnCUF8Hvks4XNBQ5qiSGGBQe	102	1	100	1	\N
155	1	101	1	195	0	2mzbV7WevxLuchs2dAMY4vQBS6XttnCUF8Hvks4XNBQ5qiSGGBQe	103	1	101	1	\N
38	1	102	1	243	0	2mzbV7WevxLuchs2dAMY4vQBS6XttnCUF8Hvks4XNBQ5qiSGGBQe	104	1	102	1	\N
80	1	103	1	128	0	2mzbV7WevxLuchs2dAMY4vQBS6XttnCUF8Hvks4XNBQ5qiSGGBQe	105	1	103	1	\N
147	1	104	1	349	0	2mzbV7WevxLuchs2dAMY4vQBS6XttnCUF8Hvks4XNBQ5qiSGGBQe	106	1	104	1	\N
24	1	105	1	87	0	2mzbV7WevxLuchs2dAMY4vQBS6XttnCUF8Hvks4XNBQ5qiSGGBQe	107	1	105	1	\N
126	1	106	1	424	0	2mzbV7WevxLuchs2dAMY4vQBS6XttnCUF8Hvks4XNBQ5qiSGGBQe	108	1	106	1	\N
89	1	107	1	239	0	2mzbV7WevxLuchs2dAMY4vQBS6XttnCUF8Hvks4XNBQ5qiSGGBQe	109	1	107	1	\N
135	1	108	1	316	0	2mzbV7WevxLuchs2dAMY4vQBS6XttnCUF8Hvks4XNBQ5qiSGGBQe	110	1	108	1	\N
194	1	109	1	492	0	2mzbV7WevxLuchs2dAMY4vQBS6XttnCUF8Hvks4XNBQ5qiSGGBQe	111	1	109	1	\N
190	1	110	1	294	0	2mzbV7WevxLuchs2dAMY4vQBS6XttnCUF8Hvks4XNBQ5qiSGGBQe	112	1	110	1	\N
218	1	111	1	191	0	2mzbV7WevxLuchs2dAMY4vQBS6XttnCUF8Hvks4XNBQ5qiSGGBQe	113	1	111	1	\N
93	1	112	1	380	0	2mzbV7WevxLuchs2dAMY4vQBS6XttnCUF8Hvks4XNBQ5qiSGGBQe	114	1	112	1	\N
162	1	113	1	331	0	2mzbV7WevxLuchs2dAMY4vQBS6XttnCUF8Hvks4XNBQ5qiSGGBQe	115	1	113	1	\N
221	1	114	1	459	0	2mzbV7WevxLuchs2dAMY4vQBS6XttnCUF8Hvks4XNBQ5qiSGGBQe	116	1	114	1	\N
205	1	115	1	28	0	2mzbV7WevxLuchs2dAMY4vQBS6XttnCUF8Hvks4XNBQ5qiSGGBQe	117	1	115	1	\N
195	1	116	1	472	0	2mzbV7WevxLuchs2dAMY4vQBS6XttnCUF8Hvks4XNBQ5qiSGGBQe	118	1	116	1	\N
34	1	117	1	119	0	2mzbV7WevxLuchs2dAMY4vQBS6XttnCUF8Hvks4XNBQ5qiSGGBQe	119	1	117	1	\N
213	1	118	1	10	0	2mzbV7WevxLuchs2dAMY4vQBS6XttnCUF8Hvks4XNBQ5qiSGGBQe	120	1	118	1	\N
196	1	119	1	41	0	2mzbV7WevxLuchs2dAMY4vQBS6XttnCUF8Hvks4XNBQ5qiSGGBQe	121	1	119	1	\N
104	1	120	1	27	0	2mzbV7WevxLuchs2dAMY4vQBS6XttnCUF8Hvks4XNBQ5qiSGGBQe	122	1	120	1	\N
44	1	121	1	70	0	2mzbV7WevxLuchs2dAMY4vQBS6XttnCUF8Hvks4XNBQ5qiSGGBQe	123	1	121	1	\N
52	1	122	1	337	0	2mzbV7WevxLuchs2dAMY4vQBS6XttnCUF8Hvks4XNBQ5qiSGGBQe	124	1	122	1	\N
114	1	123	1	210	0	2mzbV7WevxLuchs2dAMY4vQBS6XttnCUF8Hvks4XNBQ5qiSGGBQe	125	1	123	1	\N
177	1	124	1	495	0	2mzbV7WevxLuchs2dAMY4vQBS6XttnCUF8Hvks4XNBQ5qiSGGBQe	126	1	124	1	\N
148	1	125	1	144	0	2mzbV7WevxLuchs2dAMY4vQBS6XttnCUF8Hvks4XNBQ5qiSGGBQe	127	1	125	1	\N
100	1	126	1	148	0	2mzbV7WevxLuchs2dAMY4vQBS6XttnCUF8Hvks4XNBQ5qiSGGBQe	128	1	126	1	\N
206	1	127	1	376	0	2mzbV7WevxLuchs2dAMY4vQBS6XttnCUF8Hvks4XNBQ5qiSGGBQe	129	1	127	1	\N
28	1	128	1	329	0	2mzbV7WevxLuchs2dAMY4vQBS6XttnCUF8Hvks4XNBQ5qiSGGBQe	130	1	128	1	\N
173	1	129	1	500	0	2mzbV7WevxLuchs2dAMY4vQBS6XttnCUF8Hvks4XNBQ5qiSGGBQe	131	1	129	1	\N
4	1	130	1	11550000000000000	0	2mzbV7WevxLuchs2dAMY4vQBS6XttnCUF8Hvks4XNBQ5qiSGGBQe	2	1	130	1	\N
130	1	131	1	500	0	2mzbV7WevxLuchs2dAMY4vQBS6XttnCUF8Hvks4XNBQ5qiSGGBQe	133	1	131	1	\N
39	1	132	1	181	0	2mzbV7WevxLuchs2dAMY4vQBS6XttnCUF8Hvks4XNBQ5qiSGGBQe	134	1	132	1	\N
212	1	133	1	200	0	2mzbV7WevxLuchs2dAMY4vQBS6XttnCUF8Hvks4XNBQ5qiSGGBQe	135	1	133	1	\N
116	1	134	1	159	0	2mzbV7WevxLuchs2dAMY4vQBS6XttnCUF8Hvks4XNBQ5qiSGGBQe	136	1	134	1	\N
48	1	135	1	319	0	2mzbV7WevxLuchs2dAMY4vQBS6XttnCUF8Hvks4XNBQ5qiSGGBQe	137	1	135	1	\N
101	1	136	1	10	0	2mzbV7WevxLuchs2dAMY4vQBS6XttnCUF8Hvks4XNBQ5qiSGGBQe	138	1	136	1	\N
203	1	137	1	365	0	2mzbV7WevxLuchs2dAMY4vQBS6XttnCUF8Hvks4XNBQ5qiSGGBQe	139	1	137	1	\N
50	1	138	1	342	0	2mzbV7WevxLuchs2dAMY4vQBS6XttnCUF8Hvks4XNBQ5qiSGGBQe	140	1	138	1	\N
7	1	139	1	0	0	2mzbV7WevxLuchs2dAMY4vQBS6XttnCUF8Hvks4XNBQ5qiSGGBQe	21	1	139	1	\N
59	1	140	1	237	0	2mzbV7WevxLuchs2dAMY4vQBS6XttnCUF8Hvks4XNBQ5qiSGGBQe	141	1	140	1	\N
150	1	141	1	427	0	2mzbV7WevxLuchs2dAMY4vQBS6XttnCUF8Hvks4XNBQ5qiSGGBQe	142	1	141	1	\N
180	1	142	1	315	0	2mzbV7WevxLuchs2dAMY4vQBS6XttnCUF8Hvks4XNBQ5qiSGGBQe	143	1	142	1	\N
142	1	143	1	10	0	2mzbV7WevxLuchs2dAMY4vQBS6XttnCUF8Hvks4XNBQ5qiSGGBQe	144	1	143	1	\N
23	1	144	1	378	0	2mzbV7WevxLuchs2dAMY4vQBS6XttnCUF8Hvks4XNBQ5qiSGGBQe	145	1	144	1	\N
122	1	145	1	420	0	2mzbV7WevxLuchs2dAMY4vQBS6XttnCUF8Hvks4XNBQ5qiSGGBQe	146	1	145	1	\N
115	1	146	1	411	0	2mzbV7WevxLuchs2dAMY4vQBS6XttnCUF8Hvks4XNBQ5qiSGGBQe	147	1	146	1	\N
75	1	147	1	172	0	2mzbV7WevxLuchs2dAMY4vQBS6XttnCUF8Hvks4XNBQ5qiSGGBQe	148	1	147	1	\N
77	1	148	1	309	0	2mzbV7WevxLuchs2dAMY4vQBS6XttnCUF8Hvks4XNBQ5qiSGGBQe	149	1	148	1	\N
152	1	149	1	10	0	2mzbV7WevxLuchs2dAMY4vQBS6XttnCUF8Hvks4XNBQ5qiSGGBQe	150	1	149	1	\N
120	1	150	1	154	0	2mzbV7WevxLuchs2dAMY4vQBS6XttnCUF8Hvks4XNBQ5qiSGGBQe	151	1	150	1	\N
118	1	151	1	153	0	2mzbV7WevxLuchs2dAMY4vQBS6XttnCUF8Hvks4XNBQ5qiSGGBQe	152	1	151	1	\N
37	1	152	1	47	0	2mzbV7WevxLuchs2dAMY4vQBS6XttnCUF8Hvks4XNBQ5qiSGGBQe	153	1	152	1	\N
168	1	153	1	87	0	2mzbV7WevxLuchs2dAMY4vQBS6XttnCUF8Hvks4XNBQ5qiSGGBQe	154	1	153	1	\N
149	1	154	1	398	0	2mzbV7WevxLuchs2dAMY4vQBS6XttnCUF8Hvks4XNBQ5qiSGGBQe	155	1	154	1	\N
29	1	155	1	452	0	2mzbV7WevxLuchs2dAMY4vQBS6XttnCUF8Hvks4XNBQ5qiSGGBQe	156	1	155	1	\N
8	1	156	1	283	0	2mzbV7WevxLuchs2dAMY4vQBS6XttnCUF8Hvks4XNBQ5qiSGGBQe	157	1	156	1	\N
88	1	157	1	291	0	2mzbV7WevxLuchs2dAMY4vQBS6XttnCUF8Hvks4XNBQ5qiSGGBQe	158	1	157	1	\N
233	1	158	1	367	0	2mzbV7WevxLuchs2dAMY4vQBS6XttnCUF8Hvks4XNBQ5qiSGGBQe	159	1	158	1	\N
83	1	159	1	500	0	2mzbV7WevxLuchs2dAMY4vQBS6XttnCUF8Hvks4XNBQ5qiSGGBQe	160	1	159	1	\N
154	1	160	1	311	0	2mzbV7WevxLuchs2dAMY4vQBS6XttnCUF8Hvks4XNBQ5qiSGGBQe	161	1	160	1	\N
175	1	161	1	258	0	2mzbV7WevxLuchs2dAMY4vQBS6XttnCUF8Hvks4XNBQ5qiSGGBQe	162	1	161	1	\N
69	1	162	1	323	0	2mzbV7WevxLuchs2dAMY4vQBS6XttnCUF8Hvks4XNBQ5qiSGGBQe	163	1	162	1	\N
63	1	163	1	405	0	2mzbV7WevxLuchs2dAMY4vQBS6XttnCUF8Hvks4XNBQ5qiSGGBQe	164	1	163	1	\N
189	1	164	1	32	0	2mzbV7WevxLuchs2dAMY4vQBS6XttnCUF8Hvks4XNBQ5qiSGGBQe	165	1	164	1	\N
92	1	165	1	130	0	2mzbV7WevxLuchs2dAMY4vQBS6XttnCUF8Hvks4XNBQ5qiSGGBQe	166	1	165	1	\N
140	1	166	1	234	0	2mzbV7WevxLuchs2dAMY4vQBS6XttnCUF8Hvks4XNBQ5qiSGGBQe	167	1	166	1	\N
17	1	167	1	500	0	2mzbV7WevxLuchs2dAMY4vQBS6XttnCUF8Hvks4XNBQ5qiSGGBQe	168	1	167	1	\N
87	1	168	1	481	0	2mzbV7WevxLuchs2dAMY4vQBS6XttnCUF8Hvks4XNBQ5qiSGGBQe	169	1	168	1	\N
183	1	169	1	240	0	2mzbV7WevxLuchs2dAMY4vQBS6XttnCUF8Hvks4XNBQ5qiSGGBQe	170	1	169	1	\N
129	1	170	1	314	0	2mzbV7WevxLuchs2dAMY4vQBS6XttnCUF8Hvks4XNBQ5qiSGGBQe	171	1	170	1	\N
193	1	171	1	183	0	2mzbV7WevxLuchs2dAMY4vQBS6XttnCUF8Hvks4XNBQ5qiSGGBQe	172	1	171	1	\N
174	1	172	1	486	0	2mzbV7WevxLuchs2dAMY4vQBS6XttnCUF8Hvks4XNBQ5qiSGGBQe	173	1	172	1	\N
57	1	173	1	178	0	2mzbV7WevxLuchs2dAMY4vQBS6XttnCUF8Hvks4XNBQ5qiSGGBQe	174	1	173	1	\N
224	1	174	1	65	0	2mzbV7WevxLuchs2dAMY4vQBS6XttnCUF8Hvks4XNBQ5qiSGGBQe	175	1	174	1	\N
232	1	175	1	277	0	2mzbV7WevxLuchs2dAMY4vQBS6XttnCUF8Hvks4XNBQ5qiSGGBQe	176	1	175	1	\N
119	1	176	1	433	0	2mzbV7WevxLuchs2dAMY4vQBS6XttnCUF8Hvks4XNBQ5qiSGGBQe	177	1	176	1	\N
55	1	177	1	100	0	2mzbV7WevxLuchs2dAMY4vQBS6XttnCUF8Hvks4XNBQ5qiSGGBQe	178	1	177	1	\N
169	1	178	1	272	0	2mzbV7WevxLuchs2dAMY4vQBS6XttnCUF8Hvks4XNBQ5qiSGGBQe	179	1	178	1	\N
125	1	179	1	10	0	2mzbV7WevxLuchs2dAMY4vQBS6XttnCUF8Hvks4XNBQ5qiSGGBQe	180	1	179	1	\N
45	1	180	1	212	0	2mzbV7WevxLuchs2dAMY4vQBS6XttnCUF8Hvks4XNBQ5qiSGGBQe	181	1	180	1	\N
60	1	181	1	151	0	2mzbV7WevxLuchs2dAMY4vQBS6XttnCUF8Hvks4XNBQ5qiSGGBQe	182	1	181	1	\N
99	1	182	1	387	0	2mzbV7WevxLuchs2dAMY4vQBS6XttnCUF8Hvks4XNBQ5qiSGGBQe	183	1	182	1	\N
179	1	183	1	158	0	2mzbV7WevxLuchs2dAMY4vQBS6XttnCUF8Hvks4XNBQ5qiSGGBQe	184	1	183	1	\N
49	1	184	1	440	0	2mzbV7WevxLuchs2dAMY4vQBS6XttnCUF8Hvks4XNBQ5qiSGGBQe	185	1	184	1	\N
230	1	185	1	438	0	2mzbV7WevxLuchs2dAMY4vQBS6XttnCUF8Hvks4XNBQ5qiSGGBQe	186	1	185	1	\N
131	1	186	1	500	0	2mzbV7WevxLuchs2dAMY4vQBS6XttnCUF8Hvks4XNBQ5qiSGGBQe	187	1	186	1	\N
0	1	187	1	1000	0	2mzbV7WevxLuchs2dAMY4vQBS6XttnCUF8Hvks4XNBQ5qiSGGBQe	1	1	187	1	\N
186	1	188	1	290	0	2mzbV7WevxLuchs2dAMY4vQBS6XttnCUF8Hvks4XNBQ5qiSGGBQe	188	1	188	1	\N
198	1	189	1	417	0	2mzbV7WevxLuchs2dAMY4vQBS6XttnCUF8Hvks4XNBQ5qiSGGBQe	189	1	189	1	\N
202	1	190	1	375	0	2mzbV7WevxLuchs2dAMY4vQBS6XttnCUF8Hvks4XNBQ5qiSGGBQe	190	1	190	1	\N
22	1	191	1	178	0	2mzbV7WevxLuchs2dAMY4vQBS6XttnCUF8Hvks4XNBQ5qiSGGBQe	191	1	191	1	\N
102	1	192	1	59	0	2mzbV7WevxLuchs2dAMY4vQBS6XttnCUF8Hvks4XNBQ5qiSGGBQe	192	1	192	1	\N
124	1	193	1	95	0	2mzbV7WevxLuchs2dAMY4vQBS6XttnCUF8Hvks4XNBQ5qiSGGBQe	193	1	193	1	\N
200	1	194	1	394	0	2mzbV7WevxLuchs2dAMY4vQBS6XttnCUF8Hvks4XNBQ5qiSGGBQe	194	1	194	1	\N
54	1	195	1	500	0	2mzbV7WevxLuchs2dAMY4vQBS6XttnCUF8Hvks4XNBQ5qiSGGBQe	195	1	195	1	\N
225	1	196	1	256	0	2mzbV7WevxLuchs2dAMY4vQBS6XttnCUF8Hvks4XNBQ5qiSGGBQe	196	1	196	1	\N
134	1	197	1	128	0	2mzbV7WevxLuchs2dAMY4vQBS6XttnCUF8Hvks4XNBQ5qiSGGBQe	197	1	197	1	\N
97	1	198	1	199	0	2mzbV7WevxLuchs2dAMY4vQBS6XttnCUF8Hvks4XNBQ5qiSGGBQe	198	1	198	1	\N
84	1	199	1	22	0	2mzbV7WevxLuchs2dAMY4vQBS6XttnCUF8Hvks4XNBQ5qiSGGBQe	199	1	199	1	\N
161	1	200	1	276	0	2mzbV7WevxLuchs2dAMY4vQBS6XttnCUF8Hvks4XNBQ5qiSGGBQe	200	1	200	1	\N
228	1	201	1	451	0	2mzbV7WevxLuchs2dAMY4vQBS6XttnCUF8Hvks4XNBQ5qiSGGBQe	201	1	201	1	\N
238	1	202	1	133	0	2mzbV7WevxLuchs2dAMY4vQBS6XttnCUF8Hvks4XNBQ5qiSGGBQe	202	1	202	1	\N
65	1	203	1	460	0	2mzbV7WevxLuchs2dAMY4vQBS6XttnCUF8Hvks4XNBQ5qiSGGBQe	203	1	203	1	\N
219	1	204	1	500	0	2mzbV7WevxLuchs2dAMY4vQBS6XttnCUF8Hvks4XNBQ5qiSGGBQe	204	1	204	1	\N
56	1	205	1	489	0	2mzbV7WevxLuchs2dAMY4vQBS6XttnCUF8Hvks4XNBQ5qiSGGBQe	205	1	205	1	\N
163	1	206	1	190	0	2mzbV7WevxLuchs2dAMY4vQBS6XttnCUF8Hvks4XNBQ5qiSGGBQe	206	1	206	1	\N
192	1	207	1	221	0	2mzbV7WevxLuchs2dAMY4vQBS6XttnCUF8Hvks4XNBQ5qiSGGBQe	207	1	207	1	\N
143	1	208	1	464	0	2mzbV7WevxLuchs2dAMY4vQBS6XttnCUF8Hvks4XNBQ5qiSGGBQe	208	1	208	1	\N
61	1	209	1	10	0	2mzbV7WevxLuchs2dAMY4vQBS6XttnCUF8Hvks4XNBQ5qiSGGBQe	209	1	209	1	\N
136	1	210	1	500	0	2mzbV7WevxLuchs2dAMY4vQBS6XttnCUF8Hvks4XNBQ5qiSGGBQe	210	1	210	1	\N
71	1	211	1	353	0	2mzbV7WevxLuchs2dAMY4vQBS6XttnCUF8Hvks4XNBQ5qiSGGBQe	211	1	211	1	\N
145	1	212	1	396	0	2mzbV7WevxLuchs2dAMY4vQBS6XttnCUF8Hvks4XNBQ5qiSGGBQe	212	1	212	1	\N
106	1	213	1	417	0	2mzbV7WevxLuchs2dAMY4vQBS6XttnCUF8Hvks4XNBQ5qiSGGBQe	213	1	213	1	\N
138	1	214	1	46	0	2mzbV7WevxLuchs2dAMY4vQBS6XttnCUF8Hvks4XNBQ5qiSGGBQe	214	1	214	1	\N
158	1	215	1	305	0	2mzbV7WevxLuchs2dAMY4vQBS6XttnCUF8Hvks4XNBQ5qiSGGBQe	215	1	215	1	\N
123	1	216	1	337	0	2mzbV7WevxLuchs2dAMY4vQBS6XttnCUF8Hvks4XNBQ5qiSGGBQe	216	1	216	1	\N
25	1	217	1	444	0	2mzbV7WevxLuchs2dAMY4vQBS6XttnCUF8Hvks4XNBQ5qiSGGBQe	217	1	217	1	\N
240	1	218	1	479	0	2mzbV7WevxLuchs2dAMY4vQBS6XttnCUF8Hvks4XNBQ5qiSGGBQe	218	1	218	1	\N
211	1	219	1	344	0	2mzbV7WevxLuchs2dAMY4vQBS6XttnCUF8Hvks4XNBQ5qiSGGBQe	219	1	219	1	\N
241	1	220	1	113	0	2mzbV7WevxLuchs2dAMY4vQBS6XttnCUF8Hvks4XNBQ5qiSGGBQe	220	1	220	1	\N
197	1	221	1	236	0	2mzbV7WevxLuchs2dAMY4vQBS6XttnCUF8Hvks4XNBQ5qiSGGBQe	221	1	221	1	\N
170	1	222	1	480	0	2mzbV7WevxLuchs2dAMY4vQBS6XttnCUF8Hvks4XNBQ5qiSGGBQe	222	1	222	1	\N
2	1	223	1	65500000000000	0	2mzbV7WevxLuchs2dAMY4vQBS6XttnCUF8Hvks4XNBQ5qiSGGBQe	96	1	223	1	\N
31	1	224	1	160	0	2mzbV7WevxLuchs2dAMY4vQBS6XttnCUF8Hvks4XNBQ5qiSGGBQe	224	1	224	1	\N
160	1	225	1	318	0	2mzbV7WevxLuchs2dAMY4vQBS6XttnCUF8Hvks4XNBQ5qiSGGBQe	225	1	225	1	\N
21	1	226	1	214	0	2mzbV7WevxLuchs2dAMY4vQBS6XttnCUF8Hvks4XNBQ5qiSGGBQe	226	1	226	1	\N
67	1	227	1	163	0	2mzbV7WevxLuchs2dAMY4vQBS6XttnCUF8Hvks4XNBQ5qiSGGBQe	227	1	227	1	\N
66	1	228	1	500	0	2mzbV7WevxLuchs2dAMY4vQBS6XttnCUF8Hvks4XNBQ5qiSGGBQe	228	1	228	1	\N
108	1	229	1	366	0	2mzbV7WevxLuchs2dAMY4vQBS6XttnCUF8Hvks4XNBQ5qiSGGBQe	229	1	229	1	\N
86	1	230	1	320	0	2mzbV7WevxLuchs2dAMY4vQBS6XttnCUF8Hvks4XNBQ5qiSGGBQe	230	1	230	1	\N
237	1	231	1	407	0	2mzbV7WevxLuchs2dAMY4vQBS6XttnCUF8Hvks4XNBQ5qiSGGBQe	231	1	231	1	\N
74	1	232	1	204	0	2mzbV7WevxLuchs2dAMY4vQBS6XttnCUF8Hvks4XNBQ5qiSGGBQe	232	1	232	1	\N
73	1	233	1	341	0	2mzbV7WevxLuchs2dAMY4vQBS6XttnCUF8Hvks4XNBQ5qiSGGBQe	233	1	233	1	\N
217	1	234	1	18	0	2mzbV7WevxLuchs2dAMY4vQBS6XttnCUF8Hvks4XNBQ5qiSGGBQe	234	1	234	1	\N
36	1	235	1	229	0	2mzbV7WevxLuchs2dAMY4vQBS6XttnCUF8Hvks4XNBQ5qiSGGBQe	235	1	235	1	\N
172	1	236	1	477	0	2mzbV7WevxLuchs2dAMY4vQBS6XttnCUF8Hvks4XNBQ5qiSGGBQe	236	1	236	1	\N
53	1	237	1	94	0	2mzbV7WevxLuchs2dAMY4vQBS6XttnCUF8Hvks4XNBQ5qiSGGBQe	237	1	237	1	\N
235	1	238	1	126	0	2mzbV7WevxLuchs2dAMY4vQBS6XttnCUF8Hvks4XNBQ5qiSGGBQe	238	1	238	1	\N
113	1	239	1	112	0	2mzbV7WevxLuchs2dAMY4vQBS6XttnCUF8Hvks4XNBQ5qiSGGBQe	239	1	239	1	\N
223	1	240	1	387	0	2mzbV7WevxLuchs2dAMY4vQBS6XttnCUF8Hvks4XNBQ5qiSGGBQe	240	1	240	1	\N
209	1	241	1	265	0	2mzbV7WevxLuchs2dAMY4vQBS6XttnCUF8Hvks4XNBQ5qiSGGBQe	241	1	241	1	\N
11	1	242	1	269	0	2mzbV7WevxLuchs2dAMY4vQBS6XttnCUF8Hvks4XNBQ5qiSGGBQe	242	1	242	1	\N
5	2	1	1	725000000000	0	2mzbV7WevxLuchs2dAMY4vQBS6XttnCUF8Hvks4XNBQ5qiSGGBQe	2	1	1	1	\N
4	2	130	1	11549995000000000	1	2n2Lhd6bUnnYed7ZodpqrktsjXNG8b7dtEicqgHUsZ461ii97Kt6	2	1	130	1	\N
5	3	1	1	1570250000000	0	2mzbV7WevxLuchs2dAMY4vQBS6XttnCUF8Hvks4XNBQ5qiSGGBQe	2	1	1	1	\N
3	3	94	1	494750000000	21	2mzxZKMAxdu4hLVuHntBumyqnS3ZDk2rNp2cBjmDmoeXYQkarYQU	96	1	94	1	\N
4	3	130	1	11549875000000000	25	2n2D71FNd86P3fJmUtxN2fZhQVWSS2bPT7KFa236V7T49jp7U37U	2	1	130	1	\N
\.


--
-- Data for Name: accounts_created; Type: TABLE DATA; Schema: public; Owner: postgres
--

COPY public.accounts_created (block_id, account_identifier_id, creation_fee) FROM stdin;
\.


--
-- Data for Name: blocks; Type: TABLE DATA; Schema: public; Owner: postgres
--

COPY public.blocks (id, state_hash, parent_id, parent_hash, creator_id, block_winner_id, last_vrf_output, snarked_ledger_hash_id, staking_epoch_data_id, next_epoch_data_id, min_window_density, sub_window_densities, total_currency, ledger_hash, height, global_slot_since_hard_fork, global_slot_since_genesis, protocol_version_id, proposed_protocol_version_id, "timestamp", chain_status) FROM stdin;
2	3NLJ7nXea5vhr1d8rdENLpwoe1qSqHW7pWAYRpJiQZMZLRExUZdV	1	3NKdd19o5oz4DBnbQcugXeRp6ZLZq6C9rgRSaNLLhYsGUogxnuRe	2	132	6S_qnGeaWz0y7oosSwjM9JR67Am0O6r564_mXwaxlQ8=	1	1	3	77	{2,7,7,7,7,7,7,7,7,7,7}	23166005000061388	jwEBHDsSxytUFG1TJQY1qFjGqVukTFAcHroatppF8HGnmnj1BcH	2	1	1	1	\N	1737749088397	orphaned
3	3NLhSMk9drLZbiNWFm3V25QeZRZ8kPjKYPK6ceiyimJxnocWsE5T	2	3NLJ7nXea5vhr1d8rdENLpwoe1qSqHW7pWAYRpJiQZMZLRExUZdV	2	132	YFcAzI7EULWvFBhzGYdwYLCVjVxGbs-GAx2J4NjXAQw=	1	1	4	77	{3,7,7,7,7,7,7,7,7,7,7}	23166005000061388	jwQD4HwjraDQAPvNKdPv3covidqHBCkPMFjVwehsXG3RHWYLMbw	3	3	3	1	\N	1737749425000	canonical
1	3NKdd19o5oz4DBnbQcugXeRp6ZLZq6C9rgRSaNLLhYsGUogxnuRe	\N	3NL9gPoALH2UuGjBRLMkekHQzGuUyPaZbdNBvwP9gSrUJTfhvYnR	1	1	39cyg4ZmMtnb_aFUIerNAoAJV8qtkfOpq0zFzPspjgM=	1	1	2	77	{1,7,7,7,7,7,7,7,7,7,7}	23166005000061388	jxhMnf2UUWmuvTTRfo3SnJdboXBtHC8Roq6eV9ge8xD7JMY3CY9	1	0	0	1	\N	1737748885000	canonical
\.


--
-- Data for Name: blocks_internal_commands; Type: TABLE DATA; Schema: public; Owner: postgres
--

COPY public.blocks_internal_commands (block_id, internal_command_id, sequence_no, secondary_sequence_no, status, failure_reason) FROM stdin;
2	1	1	0	applied	\N
2	2	2	0	applied	\N
3	1	45	0	applied	\N
3	3	46	0	applied	\N
\.


--
-- Data for Name: blocks_user_commands; Type: TABLE DATA; Schema: public; Owner: postgres
--

COPY public.blocks_user_commands (block_id, user_command_id, sequence_no, status, failure_reason) FROM stdin;
3	1	24	applied	\N
3	2	25	applied	\N
3	3	26	applied	\N
3	4	27	applied	\N
3	5	28	applied	\N
3	6	29	applied	\N
3	7	30	applied	\N
3	8	31	applied	\N
3	9	32	applied	\N
3	10	33	applied	\N
3	11	34	applied	\N
3	12	35	applied	\N
3	13	36	applied	\N
3	14	37	applied	\N
3	15	38	applied	\N
3	16	39	applied	\N
3	17	40	applied	\N
3	18	41	applied	\N
3	19	42	applied	\N
3	20	43	applied	\N
3	21	44	applied	\N
\.


--
-- Data for Name: blocks_zkapp_commands; Type: TABLE DATA; Schema: public; Owner: postgres
--

COPY public.blocks_zkapp_commands (block_id, zkapp_command_id, sequence_no, status, failure_reasons_ids) FROM stdin;
2	1	0	failed	{1,2}
3	2	0	failed	{3,2}
3	3	1	failed	{4}
3	4	2	failed	{3,2}
3	5	3	failed	{4}
3	6	4	failed	{3,2}
3	7	5	failed	{4}
3	8	6	failed	{3,2}
3	9	7	failed	{4}
3	10	8	failed	{3,2}
3	11	9	failed	{4}
3	12	10	failed	{3,2}
3	13	11	failed	{4}
3	14	12	failed	{3,2}
3	15	13	failed	{4}
3	16	14	failed	{3,2}
3	17	15	failed	{4}
3	18	16	failed	{3,2}
3	19	17	failed	{4}
3	20	18	failed	{3,2}
3	21	19	failed	{4}
3	22	20	failed	{3,2}
3	23	21	failed	{4}
3	24	22	failed	{3,2}
3	25	23	failed	{4}
\.


--
-- Data for Name: epoch_data; Type: TABLE DATA; Schema: public; Owner: postgres
--

COPY public.epoch_data (id, seed, ledger_hash_id, total_currency, start_checkpoint, lock_checkpoint, epoch_length) FROM stdin;
1	2va9BGv9JrLTtrzZttiEMDYw1Zj6a6EHzXjmP9evHDTG3oEquURA	1	23166005000061388	3NK2tkzqqK5spR2sZ7tujjqPksL45M3UUrcA4WhCkeiPtnugyE2x	3NK2tkzqqK5spR2sZ7tujjqPksL45M3UUrcA4WhCkeiPtnugyE2x	1
2	2vafPBQ3zQdHUEDDnFGuiNvJz7s2MhTLJgSzQSnu5fnZavT27cms	1	23166005000061388	3NK2tkzqqK5spR2sZ7tujjqPksL45M3UUrcA4WhCkeiPtnugyE2x	3NL9gPoALH2UuGjBRLMkekHQzGuUyPaZbdNBvwP9gSrUJTfhvYnR	2
3	2vaDNryRcUgqHuTzU4gBTKsgU5bdBDVCpEhd7HNKvM9AjRMrkH5H	1	23166005000061388	3NK2tkzqqK5spR2sZ7tujjqPksL45M3UUrcA4WhCkeiPtnugyE2x	3NKdd19o5oz4DBnbQcugXeRp6ZLZq6C9rgRSaNLLhYsGUogxnuRe	3
4	2vaRsBeoLEQrPjrt2ERmF7WwUrvRNbJBXh6X4jSq4eRvvYFqBnpd	1	23166005000061388	3NK2tkzqqK5spR2sZ7tujjqPksL45M3UUrcA4WhCkeiPtnugyE2x	3NLJ7nXea5vhr1d8rdENLpwoe1qSqHW7pWAYRpJiQZMZLRExUZdV	4
\.


--
-- Data for Name: internal_commands; Type: TABLE DATA; Schema: public; Owner: postgres
--

COPY public.internal_commands (id, command_type, receiver_id, fee, hash) FROM stdin;
1	coinbase	2	720000000000	5Jtq8wc8nm3QCbAh36U1NGA3krS6SFdBDXVZPA835psQpZd5uYLX
2	fee_transfer	2	5000000000	5JumZWW1ZLVg2aykEfc8auu8fqxe8r56b7e2AfJvVgmAuV6UUgfA
3	fee_transfer	2	125250000000	5JvJYhr7LcEcSspag7z2kZvCCphYuvdbTJfrCCzv7zeqKTr6W6Sk
\.


--
-- Data for Name: protocol_versions; Type: TABLE DATA; Schema: public; Owner: postgres
--

COPY public.protocol_versions (id, transaction, network, patch) FROM stdin;
1	3	0	0
\.


--
-- Data for Name: public_keys; Type: TABLE DATA; Schema: public; Owner: postgres
--

COPY public.public_keys (id, value) FROM stdin;
1	B62qiy32p8kAKnny8ZFwoMhYpBppM1DWVCqAPBYNcXnsAHhnfAAuXgg
2	B62qpCi2cqTgZL3oHZiMzgA2FjEpnRV1aatorVJ1USA72JPuSuRwm6U
3	B62qp3Wu9Ayd7rkDrJDvoi6zMKciG1Jv6imE9SRUJzdUbQHVttKPWPF
4	B62qr6VZXBDXUntN5bcwu69ae4oqsB7J7cHYaUWKhWygfujRCtFu4C3
5	B62qnFJWYYYbTuDWQ5oCRhP4hT8sc8F1xDf34wyxhvTzosxnV6UYNDP
6	B62qmmV9zHiWwXj2Do14t2bUtT7onfHwsNa7KSJxrFhpXbunUd9gLEi
7	B62qnzUQLreTeYj7TkkKyFR9s5REY6GTKc4sVK8K34Xvw8dfRPAUByg
8	B62qoxkuzRkqEXbw2D7FS1EJctSvrKhFDjwo1s7UqaRbzAC9wW9CqXB
9	B62qk4Y4VLT1oUbD1NjPunSEUjz5yVNbiETWCfNTvT5VLrmbRwnKcMk
10	B62qnsdKhWmeQZjvas2bVuE7AcUjqWxSjb5B6pFqyVdtVbrro8D9p9F
11	B62qqDcNXt7LK6686QQ9TvLaFF5as6xRRSMEjfwXJUEk3hSHVXksUth
12	B62qmRRtdPM1XRnHpchjrVdVyRtUKFX5Nmrhu7MWSs3wDVsLuTQ54dV
13	B62qnT7rV3ZQ71n6Z2RaPZSn38zEniZq1A8CXEdArxrF7q6sTTWZdZc
14	B62qmnTkaf43Ctbxq1NgvtakVwKKcB1nk2vee61bMAcPfDB5FR5upJN
15	B62qpTgN6VhfdCGimamFjarhSBfiK1oGEKyrqHN5FHejeJR8Z2vgKYt
16	B62qkaFHyAx1TMzuez3APX1hG33j2ZXCTXJFFzeSxgt8fA3henaeT84
17	B62qkCd6ftXqh39xPVb7qyJkSWZYa12QCsxFCaCmDrvfZoTNYmKQtkC
18	B62qrEWSxSXzp8QLDpvuJKeHWxybsE2iwaMPViMpdjptmUxQbtDV178
19	B62qnUCyUPAGE9ZXcu2TpkqUPaU3fhgzxRSEiyt5C8V7mcgNNvj1oc9
20	B62qigUVHr46QQ3gyzDsycBdu9uFQSGsLEeHtx7EVmAjSGHiFs68Umi
21	B62qp1hVybeyBTC9WSB4XFEnYUQqQ5sQdcRPUJ8k9VGtoo7tkSM71Hr
22	B62qiquMTUSJa6qqyd3hY2PjkxiUqgPEN2NXYhP56SqwhJoBsFfEF5T
23	B62qm174LzHrFzjwo3jRXst9LGSYjY3gLiCzniUkVDMW912gLBw63iZ
24	B62qpBoUPH4r85tFjPKJ8Nmpb4Y1TdTQ2LtnZaZNULs46cePUJT3KYD
25	B62qrrLFhpise34oGcCsDZMSqZJmy9X6q7DsJ4gSAFSEAJakdwvPbVe
26	B62qo11BPUzNFEuVeskPRhXHYa3yzf2WoGjdZ2hmeBT9RmgFoaLE34A
27	B62qmSTojN3aDbB311Vxc1MwbkdLJ4NCau8d6ZURTuX9Z57RyBxWgZX
28	B62qiaEMrWiYdK7LcJ2ScdMyG8LzUxi7yaw17XvBD34on7UKfhAkRML
29	B62qoGEe4SECC5FouayhJM3BG1qP6kQLzp3W9Q2eYWQyKu5Y1CcSAy1
30	B62qn8rXK3r2GRDEnRQEgyQY6pax17ZZ9kiFNbQoNncMdtmiVGnNc8Y
31	B62qnjQ1xe7MS6R51vWE1qbG6QXi2xQtbEQxD3JQ4wQHXw3H9aKRPsA
32	B62qmzatbnJ4ErusAasA4c7jcuqoSHyte5ZDiLvkxnmB1sZDkabKua3
33	B62qrS1Ry5qJ6bQm2x7zk7WLidjWpShRig9KDAViM1A3viuv1GyH2q3
34	B62qqSTnNqUFqyXzH2SUzHrW3rt5sJKLv1JH1sgPnMM6mpePtfu7tTg
35	B62qkLh5vbFwcq4zs8d2tYynGYoxLVK5iP39WZHbTsqZCJdwMsme1nr
36	B62qiqUe1zktgV9SEmseUCL3tkf7aosu8F8HPZPQq8KDjqt3yc7yet8
37	B62qkNP2GF9j8DQUbpLoGKQXBYnBiP7jqNLoiNUguvebfCGSyCZWXrq
38	B62qr4z6pyzZvdfrDi33Ck7PnPe3wddZVaa7DYzWHUGivigyy9zEfPh
39	B62qiWZKC4ff7RKQggVKcxAy9xrc1yHaXPLJjxcUtjiaDKY4GDmAtCP
40	B62qqCpCJ7Lx7WuKCDSPQWYZzRWdVGHndW4jNARZ8C9JB4M5osqYnvw
41	B62qo9mUWwGSjKLpEpgm5Yuw5qTXRi9YNvo5prdB7PXMhGN6jeVmuKS
42	B62qpRvBE7SFJWG38WhDrSHsm3LXMAhdiXXeLkDqtGxhfexCNh4RPqZ
43	B62qoScK9pW5SBdJeMZagwkfqWfvKAKc6pgPFrP72CNktbGKzVUdRs3
44	B62qkT8tFTiFfZqPmehQMCT1SRRGon6MyUBVXYS3q9hPPJhusxHLi9L
45	B62qiw7Qam1FnvUHV4JYwffCf2mjcuz2s5F3LK9TBa5e4Vhh7gq2um1
46	B62qrncSq9df3SnHmSjFsk13W7PmQE5ujZb7TGnXggawp3SLb1zbuRR
47	B62qip9dMNE7fjTVpB7n2MCJhDw89YYKd9hMsXmKZ5cYuVzLrsS46ZG
48	B62qmMc2ec1D4V78sHZzhdfBA979SxUFGKTqHyYcKexgv2zJn6MUghv
49	B62qqmQhJaEqxcggMG9GepiXrY1j4WgerXXb2NwkmABwrkhRK671sSn
50	B62qp7yamrqYvcAv3jJ4RuwdvWnb8zFGfXchbfqR4BCkeub998mVJ3j
51	B62qk7NGhMEpPAwdwfqnxCbAuCm1qawX4YXh956nanhkfDdzZ4vZ91g
52	B62qnUPwKuUQZcNFnr5L5S5mpH9zcKDdi2FsKnAGQ1Vrd3F4HcH724A
53	B62qqMV93QdKFLmPnqvzaBE8T2jY38HVch4JW5xZr4kNHNYr1VtSUn8
54	B62qmtQmCLX8msSHASDTzNtXq81XQoNtLz6CUMhFeueMbJoQaYbyPCi
55	B62qp2Jgs8ChRsQSh93cL2SuDN8Umqp6GtDd9Ng7gpkxgw3Z9WXduAw
56	B62qo131ZAwzBd3mhd2GjTf3SjuNqdieDifuYqnCGkwRrD3VvHLM2N1
57	B62qo9XsygkAARYLKi5jHwXjPNxZaf537CVp88npjrUpaEHypF6TGLj
58	B62qnG8dAvhGtPGuAQkwUqcwpiAT9pNjQ7iCjpYw5k2UT3UZTFgDJW1
59	B62qj3u5Ensdc611cJpcmNKq1ddiQ63Xa8L2DnFqEBgNqBCAqVALeAK
60	B62qjw1BdYXp74JQGoeyZ7bWtnsPPd4iCxBzfUsiVjmQPLk8984dV9D
61	B62qpP2xUscwDA5TaQee71MGvU7dYXiTHffdL4ndRGktHBcj6fwqDcE
62	B62qo1he9m5vqVfbU26ZRqSdyWvkVURLxJZLLwPdu1oRAp3E7rCvyxk
63	B62qjzHRw1dhwS1NCWDH64yzovyxsbrvqBW846BRCaWmyJyoufddBSA
64	B62qkoANXg95uVHwpLAiQsT1PaGxuXBcrBzdjMgN3mP5WJxiE1uYcG9
65	B62qnzk698yW9rmyeC8mLCKhdmQZa2TRCG5hN3Z5NovZZqE1oou7Upc
66	B62qrQDYA9DvUNdgU87xp64MsQm3MxBeDRNuhuwwQ3hfS5sJhchipzu
67	B62qnSKLuJiF1gNnCEDHJeWFKPbYLKjXqz18pnLGE2pUq7PBYnU4h95
68	B62qk8onaP8h1VYVbJkQQ8kKtHszsA12Haw3ts5jm4AkpvNDkhUtKBH
69	B62qnbQoJyaGKvgRDthSPwWZPrYiYCpqeYoHhJ9415r1ws6DecWa8h9
70	B62qmpV1DwQvBMUmBxyDV6jJwSpS1zFWHHEZYuXYhPja4RWCbYG3Hv1
71	B62qiYSHjqf77rS6eBiBSiDwgqpsZEUf8KZZNmpxzULpxqm58u49m7M
72	B62qrULyp6Kp5PAmtJMHcRngmHyU2t9DF2oBpU4Q1GMvfrgsUBVUSm8
73	B62qpitzPa3MB2eqJucswcwQrN3ayxTTKNMWLW7SwsvjjR4kTpC57Cr
74	B62qpSfoFPJPXvyUwXWGJqTVya4kqThCH5LyEsdKrmqRm1mvDrgsz1V
75	B62qk9uVP24E5fE5x4FxnFxz17TBAZ4rrkmRDErheEZnVyFmCKvdBMH
76	B62qjeNbQNefZdv388wHg9ancPdFBw6Dj2Wxo6Jyw2EhR7J9kti48qx
77	B62qqwCS1S72xt9VPD6C6FjJkdwDghRCWJnYjebCagX8M2xzthqKDQC
78	B62qrGWHg32ZdFydA4UF7prU4zm3UH3dRxJZ5xAHW1QtNhgzuP2G62z
79	B62qkqZ1b8BkCK9PqWnQLjYueExVUVJon1Nn15SnZScG5AR3LqkEqzY
80	B62qkQ9tPTmzm9oD2i8HbDRERFBHvG7Mi3dz6XLa3BEJcwA4ZcQaDa8
81	B62qnt4FQxWNcP49W5HaQNEe5Q1KqTBQJnnyqn7KyvSfNb6Dskbhy9i
82	B62qoxTxNh4o9ftUHSRatjTQagToJy7pW1zh7zZdyFYr9ECNDvugmyx
83	B62qrPuf95oqANBTTmvcvM1BKkBNrsmaXnaNpHGJYersezYTHWq5BTh
84	B62qkBdApDjoUj9Lckf4Bg7fWJSzSnyJHyCNkvq7XsPVzWk97BeGkae
85	B62qs23tCNy7qbrYHBwMfVNyiA82aA7xtWKh3QkFr1fMog3ptyXhptq
86	B62qpMFwmJ6fMm4cUb9wLLwoKRPFpYUJQmYqDe7RRaXgvAHjJpnEz3f
87	B62qkF4qisEVJ3WBdxcWoianq4YLaYXw89yJRzc7cPRu2ujXqp4v8Ji
88	B62qmFcUZJgxBQpTxnQHjyHWdprnsmRDiTZe6NiMNF9drGTM8hh1tZf
89	B62qo4Pc6HKhbc55RZuPrDfzbVZfxDqxkG3hV7sRDSivAthXAjtWaGg
90	B62qoKioA9hueF4xhZszsACn6GT7o69wZZJUoErVyvgP7WPrj92e9Tv
91	B62qkoTczRzwCUr6AmSiNcr3UWwkgbWeihVZphwP8CEuiDzrNHvunTX
92	B62qpGkYNpBS3MBgortSQuwV1aXcK6bRRQyYz3wGW5tCpCLdvxk8J6q
93	B62qnYfsf8P7B7UYcjN9bwL7HPpNrAJh7fG5zqWvZnSsaQJP2Z1qD84
94	B62qpAwcFY3oTy2oFUEc3gB4x879CvPqHUqHqjT3PiGxggroaUYHxkm
95	B62qib1VQVfLQeCW6oAKEX2GRuvXjYaX2Lw9qqjkBPAvdshHPyJXVMv
96	B62qpREVEbtHrHVPRgakoYd7CyrhQ3hyGHPXdfPfPVgBQztDv7JMTiP
97	B62qm5TQe1nz3gfHqb6S4FE7FWV92AaKzUuAyNSDNeNJYgND35JaK8w
98	B62qrmfQsKRd5pwg1EZNYXSmcbsgCekCkJAxxJcZhWyX7ChfExZtFAj
99	B62qitvFhawB29DGkGv9NEfGZ8d9hECEKnKMHAvtULVATdw5epPS2s6
100	B62qo81kkuqxFZw9cZAcoYb4ZeCjY9HodT3yDkh8Zxhg9omfRexyNAz
101	B62qmeDPPUDtPVVHqesiKD7ecz6YZvGDHzVw2swBa84EGs5NBKpGK4H
102	B62qqwLQXBrhJmfAtF7GUf7FNVS2xoTPrkyw7d4Pj9W431bpysAdr3V
103	B62qkgcEQJ9qhjwQgt2XeN3RJpPTfjCrqFUUAW2NsVpzmyQwFbekNMM
104	B62qnAotEqbcE8sjbdyJkkvKnTzW3BCPaL5HrMEdHa4pVnfPBXWGXXW
105	B62qquzjE4bbK3mhk6jtFMnkm9BdzasTHuvMxx6JmhXeYKZkPbyZUry
106	B62qrj3VHfVadkyJCvmu7SvczS7QZy1Yk1uQjcjwkS4QqDt9oqi4eWf
107	B62qn6fTLLatKHi4aCX7p6Lg5rzZSq6VK2vrFVgX14gjaQqay8zHfsJ
108	B62qjrBApNy5mx6biRzL5AfRrDEarq3kv9Zcf5LcUR6iKAX9ve5vvud
109	B62qkdysBPreF3ef7bFEwCghYjbywFgumUHXYKDrBkUB89KgisAFGSV
110	B62qmRjcL489UysBEnabin5be824q7ok4VjyssKNutPq3YceMRSW4gi
111	B62qo3TjT6pu6i7UT8w39UVQc2Ljg8K69eng55vu5itof3Ma3qwcgZF
112	B62qpXFq7VJG6Spy7BSYjqSC1GBwKLCzfU8bcrUrALEFEXphpvjn3bG
113	B62qmp2xXJyj9LegRQUtFMCCGV3DQu337n6s6BK8a2kaYrMf1MmZHkT
114	B62qpjkSafKdAeCBh6PV6ZizJjtfs3v1DuXu1WowkYq2Bcr5X7bmk7G
115	B62qnjhGUFX636v8HyJsYKUkAS5ms58q9C9GtwNvPbMzMVy7FmRNhLG
116	B62qoCS2htWnx3g8gFq2ypSLHMW1jkZF6XMTH8yKE8gYTH7jfrcdjCo
117	B62qk2wpLtL3PUEQZBYPeabiXcZi6yzbVimciFWZSCHpxufKFDTmhi6
118	B62qjWRcn5eRmdppcsDNudiogbnNPzW4jWC6XH2LczMRDXzjK9AgfA2
119	B62qjJrgSK4wa3HnZZqmfJzxtMfACK9r2zEHqo5Rm6UUvyFrk4UjdPW
120	B62qoq6uA96gWVYBDtMQLZC5hB4hgAVojbuhw9Z2CE1Acj6iESSS1cE
121	B62qkSpe1P6FgwWU3BfvU2FXnuYt2vR4DzsEZf5TbJynBgyZy7W9yyE
122	B62qr225GCSVzAGKBYxB7rKE6ibtQAcfcXMfYH84hvkqHWAnFzWR4RT
123	B62qkQT9sAztAWnYdxQMaQSxrA93DRa5f8LxWCEzYA3Y3tewDQKUMyQ
124	B62qieyc3j9pYR6aA8DC1rhoUNRiPacx1ij6qW534VwTtuk8rF2UBrk
125	B62qoFyzjU4pC3mFgUidmTFt9YBnHjke5SU6jcNe7vVcvvoj4CCXYJf
126	B62qihY3kUVYcMk965RMKfEAYRwgh9ATLBWDiTzivneCmeEahgWTE58
127	B62qm8kJSo4SZt7zmNP29aYAUqETjPq6ge2hj5TxZWxWK2JDscQtx1Y
128	B62qkY3LksqsR2ETeNmAHAmYxi7mZXsoSgGMEMujrPtXQjRwxe5Bmdn
129	B62qrJ9hFcVQ4sjveJpQUsXZenisBnXKVzDdPntw48PYXxP17DNdKg4
130	B62qpKCYLZz2Eyb9vFfaVPgWjTWf1p3VpBLnQSSme2RC3ob4m1p8fCv
131	B62qkFYQghamWpPuNxzr1zw6ARk1mKFwkdQWJqHvmxdM95d45AjwWXE
132	B62qjU1fwPJSgmE6GhCXAVYaYXJV1yGdEUF7brVqzJdv6saALgAv4G6
133	B62qnzhgbY3HD19eKMeQTFPZijFTvJN82pHeGYQ2xM9HxZRPv6xhtqe
134	B62qroho2SKx4wignPPRf2qPbGzvfRgQf4zCMioxnmwKyLZCg3reYPc
135	B62qm4jN36Cwbtyd8j3BLevPK7Yhpv8KtWTia5fuwMAyvcHLCosU4PN
136	B62qk9Dk1rwSVtSLCYdWNfPTXRPDWPPu3rR5sqvrawP82m9P1LhBZ94
137	B62qnR8RErysAmsLHk6E7teSg56Dr3RyF6qWycyVjQhoQCVC9GfQqhD
138	B62qo7XmFPKML7WfgUe9FvCMUrMihfapBPeCJh9Yxfka7zUwy1nNDCY
139	B62qqZw4bXrb8PCxvEvRJ9DPASPPaHyoAWXw1avG7mEjnkFy7jGLz1i
140	B62qkFKcfRwVgdQ1UDhhCoExwsMPNWFJStxnDtJ1hNVmLzzGsyCRLuo
141	B62qofSbCaTfL61ZybYEpAeGe14TK8wNN8VFDV8uUEVBGpqVDAxYePK
142	B62qn8Vo7WTK4mwQJ8sjiQvbWDavetBS4f3Gdi42KzQZmL3sri25rFp
143	B62qo6pZqSTym2umKYeZ53F1woYCuX3qHrUtTezBoztURNRDAiNbq5Q
144	B62qo8AvB3EoCWAogvUg6wezt5GkNRTZmYXCw5Gutj8tAg6cdffX3kr
145	B62qqF7gk2yFsigWL7JyW1R8sdUcQjAPkp32i9B6f9GRYMzFoLPdBqJ
146	B62qjdhhu4bsmbMFxykEgbhf4atVvgQWB4dizqsMEBbmQPe9GeXZ42N
147	B62qmCsUFPNLpExtzt6NUeosa8L5qb7cEKi9btkMdAQS2GnQzTMjUGM
148	B62qneAWh9zy9ufLxKJfgrccdGfbgeoswyjPJp2WLhBpWKM7wMJtLZM
149	B62qoqu7NDPVJAdZPJWjia4gW3MHk9Cy3JtpACiVbvBLPYw7pWyn2vL
150	B62qmwfTv4co8uACHkz9hJuUND9ubZfpP2FsAwvru9hSg5Hb8rtLbFS
151	B62qkhxmcB6vwRxLxKZV2R4ifFLfTSCdtxJ8nt94pKVbwWd9MshJadp
152	B62qjYRWXeQ52Y9ADFTp55p829ZE7DE4zn9Nd8puJc2QVyuiooBDTJ3
153	B62qo3b6pfzKVWNFgetepK6rXRekLgAYdfEAMHT6WwaSn2Ux8frnbmP
154	B62qncxbMSrL1mKqCSc6huUwDffg5qNDDD8FHtUob9d3CE9ZC2EFPhw
155	B62qpzLLC49Cb6rcpFyCroFiAtGtBCXny9xRbuMKi64vsU5QLoWDoaL
156	B62qj7bnmz2VYRtJMna4bKfUYX8DyQeqxKEmHaKSzE9L6v7fjfrMbjF
157	B62qnEQ9eQ94BxdECbFJjbkqCrPYH9wJd7B9rzKL7EeNqvYzAUCNxCT
158	B62qokmEKEJs6VUV7QwFaHHfEr6rRnFXQe9jbodnaDuWzfUK6YoXt2w
159	B62qpPJfgTfiSghnXisMvgTCNmyt7dA5MxXnpHfMaDGYGs8C3UdGWm7
160	B62qkzi5Dxf6oUaiJYzb5Kq78UG8fEKnnGuytPN78gJRdSK7qvkDK6A
161	B62qs2sRxQrpkcJSkzNF1WKiRTbvhTeh2X8LJxB9ydXbBNXimCgDQ8k
162	B62qoayMYNMJvSh27WJog3K74996uSEFDCmHs7AwkBX6sXiEdzXn9SQ
163	B62qibjCrFmXT3RrSbHgjtLHQyb63Q89gBLUZgRj7KMCeesF9zEymPP
164	B62qrw63RAyz2QfqhHk8pttD2ussturr1rvneUWjAGuhsrGgzxr2ZRo
165	B62qmNVzYukv4VxXoukakohrGNK7yq1Tgjv5SuX1TTWmpvVwD5Xnu2L
166	B62qoucdKZheVHX8udLGmo3vieCnyje5dvAayiLm8trYEp3op9jxCMa
167	B62qo51F51yp7PcqmHd6G1hpNBAj3kwRSQvKmy5ybd675xVJJVtMBh8
168	B62qjHbDMJGPUz3M6JK2uC3tm6VPLaEtv4sMCcrMBz6hnD5hrET4RJM
169	B62qnyxTMk4JbYsaMx8EN2KmoZUsb9Zd3nvjwyrZr2GdAHC9nKF16PY
170	B62qrPo6f9vRwqDmgfNYzaFd9J3wTwQ1SC72yMAxwaGpjt2vJrxo4ri
171	B62qoZXUxxowQuERSJWb6EkoyciRthxycW5csa4cQkZUfm151sn8BSa
172	B62qr7QqCysRpMbJGKpAw1JsrZyQfSyT4iYoP4MsTYungBDJgwx8vXg
173	B62qo3JqbYXcuW75ZHMSMnJX7qbU8QF3N9k9DhQGbw8RKNP6tNQsePE
174	B62qjCC8yevoQ4ucM7fw4pDUSvg3PDGAhvWxhdM3qrKsnXW5prfjo1o
175	B62qnAcTRHehWDEuKmERBqSakPM1dg8L3JPSZd5yKfg4UNaHdRhiwdd
176	B62qruGMQFShgABruLG24bvCPhF2yHw83eboSqhMFYA3HAZH9aR3am3
177	B62qiuFiD6eX5mf4w52b1GpFMpk1LHtL3GWdQ4hxGLcxHh36RRmjpei
178	B62qokvW3jFhj1yz915TzoHubhFuR6o8QFQReVaTFcj8zpPF52EU9Ux
179	B62qr6AEDV6T66apiAX1GxUkCjYRnjWphyiDro9t9waw93xr2MW6Wif
180	B62qjYBQ6kJ9PJTTPnytp4rnaonUQaE8YuKeimJXHQUfirJ8UX8Qz4L
181	B62qqB7CLD6r9M532oCDKxxfcevtffzkZarWxdzC3Dqf6LitoYhzBj9
182	B62qr87pihBCoZNsJPuzdpuixve37kkgnFJGq1sqzMcGsB95Ga5XUA6
183	B62qoRyE8Yqm4GNkjnYrbtGWJLYLNoqwWzSRRBw8MbmRUS1GDiPitV7
184	B62qm4NwW8rFhUh4XquVC23fn3t8MqumhfjGbovLwfeLdxXQ3KhA9Ai
185	B62qmAgWQ9WXHTPh4timV5KFuHWe1GLb4WRDRh31NULbyz9ub1oYf8u
186	B62qroqFW16P7JhyaZCFsUNaCYg5Ptutp9ECPrFFf1VXhb9SdHE8MHJ
187	B62qriG5CJaBLFwd5TESfXB4rgSDfPSFyYNmpjWw3hqw1LDxPvpfaV6
188	B62qjYVKAZ7qtXDoFyCXWVpf8xcEDpujXS5Jvg4sjQBEP8XoRNufD3S
189	B62qjBzcUxPayV8dJiWhtCYdBZYnrQeWjz28KiMYGYodYjgwgi961ir
190	B62qkG2Jg1Rs78D2t1DtQPjuyydvVSkfQMDxBb1hPi29HyzHt2ztc8B
191	B62qpNWv5cQySYSgCJubZUi6f4N8AHMkDdHSXaRLVwy7aG2orM3RWLp
192	B62qism2zDgKmJaAy5oHRpdUyk4EUi9K6iFfxc5K5xtARHRuUgHugUQ
193	B62qqaG9PpXK5CNPsPSZUdAUhkTzSoZKCtceGQ1efjMdHtRmuq7796d
194	B62qpk8ww1Vut3M3r2PYGrcwhw6gshqvK5PwmC4goSY4RQ1SbWDcb16
195	B62qqxvqA4qfjXgPxLbmMh84pp3kB4CSuj9mSttTA8hGeLeREfzLGiC
196	B62qnqFpzBPpxNkuazmDWbvcQX6KvuCZvenM1ev9hhjKj9cFj4dXSMb
197	B62qpdxyyVPG1v5LvPdTayyoUtp4BMYbYYwRSCkyW9n45383yrP2hJz
198	B62qohCkbCHvE3DxG8YejQtLtE1o86Z53mHEe1nmzMdjNPzLcaVhPx2
199	B62qiUvkf8HWS1tv8dNkHKJdrj36f5uxMcH1gdF61T2GDrFbfbeeyxY
200	B62qngQ2joTkrS8RAFystfTa7HSc9agnhLsBvvkevhLmn5JXxtmKMfv
201	B62qrCfZaRAK5LjjigtSNYRoZgN4W4bwWbAffkvdhQYUDkB7UzBdk6w
202	B62qq8p3wd6YjuLqTrrUC8ag4wYzxoMUBKu4bdkUmZegwC3oqoXpGy3
203	B62qqmgpUFj5gYxoS6yZj6pr22tQHpbKaFSKXkT8yzdxatLunCvWtSA
204	B62qrjk6agoyBBy13yFobKQRE6FurWwXwk5P1VrxavxpZhkiHXqsyuR
205	B62qr3YEZne4Hyu9jCsxA6nYTziPNpxoyyxZHCGZ7cJrvckX9hoxjC6
206	B62qm7tX4g8RCRVRuCe4MZJFdtqAx5vKgLGR75djzQib7StKiTfbWVy
207	B62qjaAVCFYmsKt2CR2yUs9EqwxvT1b3KWeRWwrDQuHhems1oC2DNrg
208	B62qj49MogZdnBobJZ6ju8njQUhP2Rp59xjPxw3LV9cCj6XGAxkENhE
209	B62qpc1zRxqn3eTYAmcEosHyP5My3etfokSBX9Ge2cxtuSztAWWhadt
210	B62qm4Kvpidd4gX4p4r71DGsQUnEmhi12H4D5k3F2rdxvWmWEiJyfU2
211	B62qjMzwAAoUbqpnuntqxeb1vf2qgDtzQwj4a3zkNeA7PVoKHEGwLXg
212	B62qmyLw1LNGHkvqkH5nsQZU6uJu3begXAe7WzavUH4HPSsjJNKP9po
213	B62qqmQY1gPzEv6qr6AbLBp1yLW5tVcMB4dwVPMF218gv2xPk48j3sb
214	B62qmmhQ2eQDnyFTdsgzztgLndmsSyQBBWtjALnRdGbZ87RkNeEuri1
215	B62qqCAQRnjJCnS5uwC1A3j4XmHqZrisvNdG534R8eMvzsFRx9h8hip
216	B62qoUdnygTtJyyivQ3mTrgffMeDpUG1dsgqswbXvrypvCa9z8MDSFz
217	B62qnt6Lu7cqkAiHg9qF6qcj9uFcqDCz3J6pTcLTbwrNde97KbR6rf6
218	B62qoTmf1JEAZTWPqWvMq66xAonpPVAhMtSR8UbbX3t8FhRKrdyTFbr
219	B62qiqiPtbo7ppvjDJ536Nf968zQM3BrYxQXoWeistF8J12BovP5e1F
220	B62qpP5T35yJUz1U25Eqi5VtLVkjbDyMMXaTa87FE9bhoEbtz7bzAXz
221	B62qqdtmbGF5LwL47qj7hMWjt6XYcwJnft3YgD8ydLgf1M59PFCHv44
222	B62qm8TrWwzu2px1bZG38QkpXC5JgU7RnCyqbVyiy2Fmh63N5d9cbA6
223	B62qpZiyb3VJKYskbkvJqYbRZT1rsqwfPZGdYZ2piVKJDd6z1PsfPdU
224	B62qnZXs2RGudz1q9eAgxxtZQnNNHi6P5RAzoznCKNdqvSyyWghmYX6
225	B62qo7dRx2VHmDKXZ8XffNNeUK1j4znWxFUvg48hrxrNChqwUrDBgiA
226	B62qke1AAPWuurJQ5p1zQ34uRbtogxsfHEdzfqufAHrqKKHba7ZYC2G
227	B62qjy64ysP1cHmvHqyrZ899gdUy48PvBCnAYRykM5EMpjHccdVZ4Fy
228	B62qjDFzBEMSsJX6i6ta6baPjCAoJmHY4a4xXUmgCJQv4sAXhQAAbpt
229	B62qrV4S63yeVPjcEUmCkAx1bKA5aSfzCLTgh3b8D5uPr7UrJoVxA6S
230	B62qnqEX8jNJxJNyCvnbhUPu87xo3ki4FXdRyUUjQuLCnyvZE2qxyTy
231	B62qpivmqu3HDNenKMHPNhie31sFD68nZkMteLW58R21gcorUfenmBB
232	B62qjoiPU3JM2UtM1BCWjJZ5mdDBr8SadyEMRtaREsr7iCGPabKbFXf
233	B62qoRBTLL6SgP2JkuA8VKnNVybUygRm3VaD9uUsmswb2HULLdGFue6
234	B62qpLj8UrCZtRWWGstWPsE6vYZc9gA8FBavUT7RToRxpxHYuT3xiKf
235	B62qkZeQptw1qMSwe53pQN5HXj258zQN5bATF6bUz8gFLZ8Tj3vHdfa
236	B62qjzfgc1Z5tcbbuprWNtPmcA1aVEEf75EnDtss3VM3JrTyvWN5w8R
237	B62qkjyPMQDyVcBt4is9wamDeQBgvBTHbx6bYSFyGk6NndJJ3c1Te4Q
238	B62qjrZB4CzmYULfHB4NAXqjQoEnAESXmeyBAjxEfjCksXE1F7uLGtH
239	B62qkixmJk8DEY8wa7EQbVbZ4b36dCwGoW94rwPkzZnBkB8GjVaRMP5
240	B62qjkjpZtKLrVFyUE4i4hAhYEqaTQYYuJDoQrhisdFbpm61TEm1tE5
241	B62qrqndewerFzXSvc2JzDbFYNvoFTrbLsya4hTsy5bLTXmb9owUzcd
242	B62qrGPBCRyP4xiGWn8FNVveFbYuHWxKL677VZWteikeJJjWzHGzczB
243	B62qjS4zYEJiuq5twvHFG8UdEANF4usxNPPMMALb8GV7YrJ5Az92da7
\.


--
-- Data for Name: snarked_ledger_hashes; Type: TABLE DATA; Schema: public; Owner: postgres
--

COPY public.snarked_ledger_hashes (id, value) FROM stdin;
1	jxhMnf2UUWmuvTTRfo3SnJdboXBtHC8Roq6eV9ge8xD7JMY3CY9
\.


--
-- Data for Name: timing_info; Type: TABLE DATA; Schema: public; Owner: postgres
--

COPY public.timing_info (id, account_identifier_id, initial_minimum_balance, cliff_time, cliff_amount, vesting_period, vesting_increment) FROM stdin;
1	1	0	0	0	0	0
2	2	0	0	0	0	0
3	3	0	0	0	0	0
4	4	0	0	0	0	0
5	5	0	0	0	0	0
6	6	0	0	0	0	0
7	7	0	0	0	0	0
8	8	0	0	0	0	0
9	9	0	0	0	0	0
10	10	0	0	0	0	0
11	11	0	0	0	0	0
12	12	0	0	0	0	0
13	13	0	0	0	0	0
14	14	0	0	0	0	0
15	15	0	0	0	0	0
16	16	0	0	0	0	0
17	17	0	0	0	0	0
18	18	0	0	0	0	0
19	19	0	0	0	0	0
20	20	0	0	0	0	0
21	21	0	0	0	0	0
22	22	0	0	0	0	0
23	23	0	0	0	0	0
24	24	0	0	0	0	0
25	25	0	0	0	0	0
26	26	0	0	0	0	0
27	27	0	0	0	0	0
28	28	0	0	0	0	0
29	29	0	0	0	0	0
30	30	0	0	0	0	0
31	31	0	0	0	0	0
32	32	0	0	0	0	0
33	33	0	0	0	0	0
34	34	0	0	0	0	0
35	35	0	0	0	0	0
36	36	0	0	0	0	0
37	37	0	0	0	0	0
38	38	0	0	0	0	0
39	39	0	0	0	0	0
40	40	0	0	0	0	0
41	41	0	0	0	0	0
42	42	0	0	0	0	0
43	43	0	0	0	0	0
44	44	0	0	0	0	0
45	45	0	0	0	0	0
46	46	0	0	0	0	0
47	47	0	0	0	0	0
48	48	0	0	0	0	0
49	49	0	0	0	0	0
50	50	0	0	0	0	0
51	51	0	0	0	0	0
52	52	0	0	0	0	0
53	53	0	0	0	0	0
54	54	0	0	0	0	0
55	55	0	0	0	0	0
56	56	0	0	0	0	0
57	57	0	0	0	0	0
58	58	0	0	0	0	0
59	59	0	0	0	0	0
60	60	0	0	0	0	0
61	61	0	0	0	0	0
62	62	0	0	0	0	0
63	63	0	0	0	0	0
64	64	0	0	0	0	0
65	65	0	0	0	0	0
66	66	0	0	0	0	0
67	67	0	0	0	0	0
68	68	0	0	0	0	0
69	69	0	0	0	0	0
70	70	0	0	0	0	0
71	71	0	0	0	0	0
72	72	0	0	0	0	0
73	73	0	0	0	0	0
74	74	0	0	0	0	0
75	75	0	0	0	0	0
76	76	0	0	0	0	0
77	77	0	0	0	0	0
78	78	0	0	0	0	0
79	79	0	0	0	0	0
80	80	0	0	0	0	0
81	81	0	0	0	0	0
82	82	0	0	0	0	0
83	83	0	0	0	0	0
84	84	0	0	0	0	0
85	85	0	0	0	0	0
86	86	0	0	0	0	0
87	87	0	0	0	0	0
88	88	0	0	0	0	0
89	89	0	0	0	0	0
90	90	0	0	0	0	0
91	91	0	0	0	0	0
92	92	0	0	0	0	0
93	93	0	0	0	0	0
94	94	0	0	0	0	0
95	95	0	0	0	0	0
96	96	0	0	0	0	0
97	97	0	0	0	0	0
98	98	0	0	0	0	0
99	99	0	0	0	0	0
100	100	0	0	0	0	0
101	101	0	0	0	0	0
102	102	0	0	0	0	0
103	103	0	0	0	0	0
104	104	0	0	0	0	0
105	105	0	0	0	0	0
106	106	0	0	0	0	0
107	107	0	0	0	0	0
108	108	0	0	0	0	0
109	109	0	0	0	0	0
110	110	0	0	0	0	0
111	111	0	0	0	0	0
112	112	0	0	0	0	0
113	113	0	0	0	0	0
114	114	0	0	0	0	0
115	115	0	0	0	0	0
116	116	0	0	0	0	0
117	117	0	0	0	0	0
118	118	0	0	0	0	0
119	119	0	0	0	0	0
120	120	0	0	0	0	0
121	121	0	0	0	0	0
122	122	0	0	0	0	0
123	123	0	0	0	0	0
124	124	0	0	0	0	0
125	125	0	0	0	0	0
126	126	0	0	0	0	0
127	127	0	0	0	0	0
128	128	0	0	0	0	0
129	129	0	0	0	0	0
130	130	0	0	0	0	0
131	131	0	0	0	0	0
132	132	0	0	0	0	0
133	133	0	0	0	0	0
134	134	0	0	0	0	0
135	135	0	0	0	0	0
136	136	0	0	0	0	0
137	137	0	0	0	0	0
138	138	0	0	0	0	0
139	139	0	0	0	0	0
140	140	0	0	0	0	0
141	141	0	0	0	0	0
142	142	0	0	0	0	0
143	143	0	0	0	0	0
144	144	0	0	0	0	0
145	145	0	0	0	0	0
146	146	0	0	0	0	0
147	147	0	0	0	0	0
148	148	0	0	0	0	0
149	149	0	0	0	0	0
150	150	0	0	0	0	0
151	151	0	0	0	0	0
152	152	0	0	0	0	0
153	153	0	0	0	0	0
154	154	0	0	0	0	0
155	155	0	0	0	0	0
156	156	0	0	0	0	0
157	157	0	0	0	0	0
158	158	0	0	0	0	0
159	159	0	0	0	0	0
160	160	0	0	0	0	0
161	161	0	0	0	0	0
162	162	0	0	0	0	0
163	163	0	0	0	0	0
164	164	0	0	0	0	0
165	165	0	0	0	0	0
166	166	0	0	0	0	0
167	167	0	0	0	0	0
168	168	0	0	0	0	0
169	169	0	0	0	0	0
170	170	0	0	0	0	0
171	171	0	0	0	0	0
172	172	0	0	0	0	0
173	173	0	0	0	0	0
174	174	0	0	0	0	0
175	175	0	0	0	0	0
176	176	0	0	0	0	0
177	177	0	0	0	0	0
178	178	0	0	0	0	0
179	179	0	0	0	0	0
180	180	0	0	0	0	0
181	181	0	0	0	0	0
182	182	0	0	0	0	0
183	183	0	0	0	0	0
184	184	0	0	0	0	0
185	185	0	0	0	0	0
186	186	0	0	0	0	0
187	187	0	0	0	0	0
188	188	0	0	0	0	0
189	189	0	0	0	0	0
190	190	0	0	0	0	0
191	191	0	0	0	0	0
192	192	0	0	0	0	0
193	193	0	0	0	0	0
194	194	0	0	0	0	0
195	195	0	0	0	0	0
196	196	0	0	0	0	0
197	197	0	0	0	0	0
198	198	0	0	0	0	0
199	199	0	0	0	0	0
200	200	0	0	0	0	0
201	201	0	0	0	0	0
202	202	0	0	0	0	0
203	203	0	0	0	0	0
204	204	0	0	0	0	0
205	205	0	0	0	0	0
206	206	0	0	0	0	0
207	207	0	0	0	0	0
208	208	0	0	0	0	0
209	209	0	0	0	0	0
210	210	0	0	0	0	0
211	211	0	0	0	0	0
212	212	0	0	0	0	0
213	213	0	0	0	0	0
214	214	0	0	0	0	0
215	215	0	0	0	0	0
216	216	0	0	0	0	0
217	217	0	0	0	0	0
218	218	0	0	0	0	0
219	219	0	0	0	0	0
220	220	0	0	0	0	0
221	221	0	0	0	0	0
222	222	0	0	0	0	0
223	223	0	0	0	0	0
224	224	0	0	0	0	0
225	225	0	0	0	0	0
226	226	0	0	0	0	0
227	227	0	0	0	0	0
228	228	0	0	0	0	0
229	229	0	0	0	0	0
230	230	0	0	0	0	0
231	231	0	0	0	0	0
232	232	0	0	0	0	0
233	233	0	0	0	0	0
234	234	0	0	0	0	0
235	235	0	0	0	0	0
236	236	0	0	0	0	0
237	237	0	0	0	0	0
238	238	0	0	0	0	0
239	239	0	0	0	0	0
240	240	0	0	0	0	0
241	241	0	0	0	0	0
242	242	0	0	0	0	0
\.


--
-- Data for Name: token_symbols; Type: TABLE DATA; Schema: public; Owner: postgres
--

COPY public.token_symbols (id, value) FROM stdin;
1	
\.


--
-- Data for Name: tokens; Type: TABLE DATA; Schema: public; Owner: postgres
--

COPY public.tokens (id, value, owner_public_key_id, owner_token_id) FROM stdin;
1	wSHV2S4qX9jFsLjQo8r1BsMLH2ZRKsZx6EJd1sbozGPieEC4Jf	\N	\N
\.


--
-- Data for Name: user_commands; Type: TABLE DATA; Schema: public; Owner: postgres
--

COPY public.user_commands (id, command_type, fee_payer_id, source_id, receiver_id, nonce, amount, fee, valid_until, memo, hash) FROM stdin;
1	payment	96	96	96	0	1000000000	250000000	\N	E4YM2vTHhWEg66xpj52JErHUBU4pZ1yageL4TVDDpTTSsv8mK6YaH	5JtyTte5ubFsPhv8nj9buEMyE4HnfonZYwPmzthXdjjE8tovrYNv
2	payment	96	96	96	1	1000000000	250000000	\N	E4YM2vTHhWEg66xpj52JErHUBU4pZ1yageL4TVDDpTTSsv8mK6YaH	5JufeU3xeDzDfbrubX5UVx6YoHZLDeAcvB9URa5TsmBDKTtNLy5D
3	payment	96	96	96	2	1000000000	250000000	\N	E4YM2vTHhWEg66xpj52JErHUBU4pZ1yageL4TVDDpTTSsv8mK6YaH	5JuETGtYxj1BMWVbLVTX8Z8nMUnJjzVNoj7LGXQG3N6EkaFv7Jf2
4	payment	96	96	96	3	1000000000	250000000	\N	E4YM2vTHhWEg66xpj52JErHUBU4pZ1yageL4TVDDpTTSsv8mK6YaH	5JvA1gYiJ9E9cJBnLwVxsUQLRiY7E2H1kRbwuHXnrtoff85Rmbkx
5	payment	96	96	96	4	1000000000	250000000	\N	E4YM2vTHhWEg66xpj52JErHUBU4pZ1yageL4TVDDpTTSsv8mK6YaH	5JumwP1hBXhD7z1eNA7o71hSo9QJ1BmQCjFBRcrTE2eLQAzV7hwS
6	payment	96	96	96	5	1000000000	250000000	\N	E4YM2vTHhWEg66xpj52JErHUBU4pZ1yageL4TVDDpTTSsv8mK6YaH	5JubpFGuhQtRQwvt8PkL2exCSNC3fmHMzNMxuh1Rt8xQXHUMERjQ
7	payment	96	96	96	6	1000000000	250000000	\N	E4YM2vTHhWEg66xpj52JErHUBU4pZ1yageL4TVDDpTTSsv8mK6YaH	5JuiUbqgYWgau5TC6smpvfdYMzWMZvfw9zn4kyue4ef7bJzGMmE9
8	payment	96	96	96	7	1000000000	250000000	\N	E4YM2vTHhWEg66xpj52JErHUBU4pZ1yageL4TVDDpTTSsv8mK6YaH	5Jv2CNkeFSqeVneUpYUdr6wXvwrM6PVuPSBMwpKw415KvdeC3sm9
9	payment	96	96	96	8	1000000000	250000000	\N	E4YM2vTHhWEg66xpj52JErHUBU4pZ1yageL4TVDDpTTSsv8mK6YaH	5JuuGb83N1w7fURgCXUyd1Yz4tbDcTYDNxX119cdxihEbRyAuyWz
10	payment	96	96	96	9	1000000000	250000000	\N	E4YM2vTHhWEg66xpj52JErHUBU4pZ1yageL4TVDDpTTSsv8mK6YaH	5Jv2b8SpdTkZzhogrLVjf9irkngKZ5xAn7XM8iefiBCBhiH16KGi
11	payment	96	96	96	10	1000000000	250000000	\N	E4YM2vTHhWEg66xpj52JErHUBU4pZ1yageL4TVDDpTTSsv8mK6YaH	5JutyWKqUiobD84pZKqjcxCFefwF2AGNtnhexF75D5wvitcNo7JA
12	payment	96	96	96	11	1000000000	250000000	\N	E4YM2vTHhWEg66xpj52JErHUBU4pZ1yageL4TVDDpTTSsv8mK6YaH	5JuV6cEKZdi4hfHBqvgdAq1krmBvgG8Bf2h5dDENPqTr8pA1LJrw
13	payment	96	96	96	12	1000000000	250000000	\N	E4YM2vTHhWEg66xpj52JErHUBU4pZ1yageL4TVDDpTTSsv8mK6YaH	5JtdmqVuyhchyiAb3Nfn3KFnTNVn4NSW3BKXgFe4X5qXGboCyGfC
14	payment	96	96	96	13	1000000000	250000000	\N	E4YM2vTHhWEg66xpj52JErHUBU4pZ1yageL4TVDDpTTSsv8mK6YaH	5JtpFb38sohmH1WdX9gPepQjFCNqNC9h3Gyiio87cerVpmvq6J32
15	payment	96	96	96	14	1000000000	250000000	\N	E4YM2vTHhWEg66xpj52JErHUBU4pZ1yageL4TVDDpTTSsv8mK6YaH	5JuLoS4x6y9vMpJqbgAUDV3cpLJN8RuxEr7kqcv5GwF9d7RDf5aX
16	payment	96	96	96	15	1000000000	250000000	\N	E4YM2vTHhWEg66xpj52JErHUBU4pZ1yageL4TVDDpTTSsv8mK6YaH	5JugVpj89krpGypNKP9syV7JZbnGQj9ZESFxWLuLrEqWdXhnEXud
17	payment	96	96	96	16	1000000000	250000000	\N	E4YM2vTHhWEg66xpj52JErHUBU4pZ1yageL4TVDDpTTSsv8mK6YaH	5Juiv9ZpcCw4hfD3rxzsL9RKETnbKGGUEF1nwf2v5Aie3XtqDTx3
18	payment	96	96	96	17	1000000000	250000000	\N	E4YM2vTHhWEg66xpj52JErHUBU4pZ1yageL4TVDDpTTSsv8mK6YaH	5Jv73hUwtmtxf7CSFrbiQHNY7gS1CBQLdF7mibFLn3S8FqQ6FAZY
19	payment	96	96	96	18	1000000000	250000000	\N	E4YM2vTHhWEg66xpj52JErHUBU4pZ1yageL4TVDDpTTSsv8mK6YaH	5Ju9JBGyQtfHKgd4WeJNe3yAkW9eKRcrAUi1CQQVnWS9yvssu5kG
20	payment	96	96	96	19	1000000000	250000000	\N	E4YM2vTHhWEg66xpj52JErHUBU4pZ1yageL4TVDDpTTSsv8mK6YaH	5JuiikyDfYbf8fJ2ARehFjNBfQQUg3w46y72LxfhvxokZFaM3mnX
21	payment	96	96	96	20	1000000000	250000000	\N	E4YM2vTHhWEg66xpj52JErHUBU4pZ1yageL4TVDDpTTSsv8mK6YaH	5JtpjYHhFeXCg3VUZaRJhi3gqRFgVesmgxyc9xDCpQE9TwwJ68ts
\.


--
-- Data for Name: voting_for; Type: TABLE DATA; Schema: public; Owner: postgres
--

COPY public.voting_for (id, value) FROM stdin;
1	3NK2tkzqqK5spR2sZ7tujjqPksL45M3UUrcA4WhCkeiPtnugyE2x
\.


--
-- Data for Name: zkapp_account_precondition; Type: TABLE DATA; Schema: public; Owner: postgres
--

COPY public.zkapp_account_precondition (id, balance_id, nonce_id, receipt_chain_hash, delegate_id, state_id, action_state_id, proved_state, is_new, extra_bool) FROM stdin;
1	\N	1	\N	\N	1	\N	\N	\N	\N
2	\N	\N	\N	\N	1	\N	\N	\N	\N
3	\N	2	\N	\N	1	\N	\N	\N	\N
4	\N	3	\N	\N	1	\N	\N	\N	\N
5	\N	4	\N	\N	1	\N	\N	\N	\N
6	\N	5	\N	\N	1	\N	\N	\N	\N
7	\N	6	\N	\N	1	\N	\N	\N	\N
8	\N	7	\N	\N	1	\N	\N	\N	\N
9	\N	8	\N	\N	1	\N	\N	\N	\N
10	\N	9	\N	\N	1	\N	\N	\N	\N
11	\N	10	\N	\N	1	\N	\N	\N	\N
12	\N	11	\N	\N	1	\N	\N	\N	\N
13	\N	12	\N	\N	1	\N	\N	\N	\N
14	\N	13	\N	\N	1	\N	\N	\N	\N
\.


--
-- Data for Name: zkapp_account_update; Type: TABLE DATA; Schema: public; Owner: postgres
--

COPY public.zkapp_account_update (id, body_id) FROM stdin;
1	1
2	2
3	3
4	4
5	5
6	6
7	7
8	8
9	9
10	10
11	11
12	12
13	13
14	14
15	15
16	16
17	17
18	18
19	19
20	20
21	21
22	22
23	23
24	24
25	25
26	26
27	27
\.


--
-- Data for Name: zkapp_account_update_body; Type: TABLE DATA; Schema: public; Owner: postgres
--

COPY public.zkapp_account_update_body (id, account_identifier_id, update_id, balance_change, increment_nonce, events_id, actions_id, call_data_id, call_depth, zkapp_network_precondition_id, zkapp_account_precondition_id, zkapp_valid_while_precondition_id, use_full_commitment, implicit_account_creation_fee, may_use_token, authorization_kind, verification_key_hash_id) FROM stdin;
1	19	1	-1000000000000	t	1	1	1	0	1	1	\N	f	f	No	Signature	\N
2	243	2	999000000000	f	1	1	1	0	1	2	\N	t	f	No	Signature	\N
3	19	1	-1000000000	t	1	1	1	0	1	3	\N	f	f	No	Signature	\N
4	243	1	1000000000	f	1	1	1	0	1	2	\N	f	f	No	None_given	\N
5	243	3	0	f	1	1	1	0	1	2	\N	t	f	No	Signature	\N
6	19	1	-1000000000	t	1	1	1	0	1	4	\N	f	f	No	Signature	\N
7	243	4	0	f	1	1	1	0	1	2	\N	t	f	No	Signature	\N
8	19	1	-1000000000	t	1	1	1	0	1	5	\N	f	f	No	Signature	\N
9	243	5	0	f	1	1	1	0	1	2	\N	t	f	No	Signature	\N
10	19	1	-1000000000	t	1	1	1	0	1	6	\N	f	f	No	Signature	\N
11	243	6	0	f	1	1	1	0	1	2	\N	t	f	No	Signature	\N
12	19	1	-1000000000	t	1	1	1	0	1	7	\N	f	f	No	Signature	\N
13	243	7	0	f	1	1	1	0	1	2	\N	t	f	No	Signature	\N
14	19	1	-1000000000	t	1	1	1	0	1	8	\N	f	f	No	Signature	\N
15	243	8	0	f	1	1	1	0	1	2	\N	t	f	No	Signature	\N
16	19	1	-1000000000	t	1	1	1	0	1	9	\N	f	f	No	Signature	\N
17	243	9	0	f	1	1	1	0	1	2	\N	t	f	No	Signature	\N
18	19	1	-1000000000	t	1	1	1	0	1	10	\N	f	f	No	Signature	\N
19	243	10	0	f	1	1	1	0	1	2	\N	t	f	No	Signature	\N
20	19	1	-1000000000	t	1	1	1	0	1	11	\N	f	f	No	Signature	\N
21	243	11	0	f	1	1	1	0	1	2	\N	t	f	No	Signature	\N
22	19	1	-1000000000	t	1	1	1	0	1	12	\N	f	f	No	Signature	\N
23	243	12	0	f	1	1	1	0	1	2	\N	t	f	No	Signature	\N
24	19	1	-1000000000	t	1	1	1	0	1	13	\N	f	f	No	Signature	\N
25	243	13	0	f	1	1	1	0	1	2	\N	t	f	No	Signature	\N
26	19	1	-1000000000	t	1	1	1	0	1	14	\N	f	f	No	Signature	\N
27	243	14	0	f	1	1	1	0	1	2	\N	t	f	No	Signature	\N
\.


--
-- Data for Name: zkapp_account_update_failures; Type: TABLE DATA; Schema: public; Owner: postgres
--

COPY public.zkapp_account_update_failures (id, index, failures) FROM stdin;
1	2	{Cancelled}
2	1	{Account_nonce_precondition_unsatisfied}
3	2	{Invalid_fee_excess}
4	1	{Invalid_fee_excess}
\.


--
-- Data for Name: zkapp_accounts; Type: TABLE DATA; Schema: public; Owner: postgres
--

COPY public.zkapp_accounts (id, app_state_id, verification_key_id, zkapp_version, action_state_id, last_action_slot, proved_state, zkapp_uri_id) FROM stdin;
\.


--
-- Data for Name: zkapp_action_states; Type: TABLE DATA; Schema: public; Owner: postgres
--

COPY public.zkapp_action_states (id, element0, element1, element2, element3, element4) FROM stdin;
\.


--
-- Data for Name: zkapp_amount_bounds; Type: TABLE DATA; Schema: public; Owner: postgres
--

COPY public.zkapp_amount_bounds (id, amount_lower_bound, amount_upper_bound) FROM stdin;
\.


--
-- Data for Name: zkapp_balance_bounds; Type: TABLE DATA; Schema: public; Owner: postgres
--

COPY public.zkapp_balance_bounds (id, balance_lower_bound, balance_upper_bound) FROM stdin;
\.


--
-- Data for Name: zkapp_commands; Type: TABLE DATA; Schema: public; Owner: postgres
--

COPY public.zkapp_commands (id, zkapp_fee_payer_body_id, zkapp_account_updates_ids, memo, hash) FROM stdin;
1	1	{1,2}	E4YM2vTHhWEg66xpj52JErHUBU4pZ1yageL4TVDDpTTSsv8mK6YaH	5JvRGcsU7aAbdsP6p6YuqsJts4XBypY4VZBVjK6rgyxkyQ2jyuaF
2	2	{3,4}	E4YM2vTHhWEg66xpj52JErHUBU4pZ1yageL4TVDDpTTSsv8mK6YaH	5JvR7ayXALitiJHpkCqL1xNfLW5qUtkSPJ4e4S6zcJTrXaMDQ4pQ
3	3	{5}	E4YM2vTHhWEg66xpj52JErHUBU4pZ1yageL4TVDDpTTSsv8mK6YaH	5JvHzXDd7mvAPNmvK1HezSxoEsYsuwZEqP9LoDJGvFGkMQWNDbMh
4	4	{6,4}	E4YM2vTHhWEg66xpj52JErHUBU4pZ1yageL4TVDDpTTSsv8mK6YaH	5JuYshPDhitdagQFgJWGZdtK2KudtYi9r7xUsamKJYiYvSyJ7Dpr
5	5	{7}	E4YM2vTHhWEg66xpj52JErHUBU4pZ1yageL4TVDDpTTSsv8mK6YaH	5Jtpo8DEEFSSqfM2KTvY6Rw6SAuvFMCUuHW7jGs24pjyEXdYWE9N
6	6	{8,4}	E4YM2vTHhWEg66xpj52JErHUBU4pZ1yageL4TVDDpTTSsv8mK6YaH	5JuuYGsn4w8WFG8kAHQUWyAU9YY42w5BBXnoVYQEj5csB6jDEYen
7	7	{9}	E4YM2vTHhWEg66xpj52JErHUBU4pZ1yageL4TVDDpTTSsv8mK6YaH	5Jtjrv9e3t9HpgUeskoV4WcboEebYnzJA6xDSPaMEBsncgZV1h2s
8	8	{10,4}	E4YM2vTHhWEg66xpj52JErHUBU4pZ1yageL4TVDDpTTSsv8mK6YaH	5JuKN9HGSykofjLCbQqRTb9nGq5ARmbp1Q2kBWq3A1wrz1WieoQp
9	9	{11}	E4YM2vTHhWEg66xpj52JErHUBU4pZ1yageL4TVDDpTTSsv8mK6YaH	5JuWebKBQpFZFKKW9fdZvm3zp13k5PUKR3biNMR1g247N3XJWnNC
10	10	{12,4}	E4YM2vTHhWEg66xpj52JErHUBU4pZ1yageL4TVDDpTTSsv8mK6YaH	5JvLA4zcn6sTyM9FSPSfC8pzmJpGAmDpHSmbfhEMe8taRHM7wi63
11	11	{13}	E4YM2vTHhWEg66xpj52JErHUBU4pZ1yageL4TVDDpTTSsv8mK6YaH	5JvAU2ymf4AB66Vz1iqcxbGgpBJ9SnUaZpqojLurQHdZcY3cD4mZ
12	12	{14,4}	E4YM2vTHhWEg66xpj52JErHUBU4pZ1yageL4TVDDpTTSsv8mK6YaH	5Jujdiu9ZXhm45scQBzhvgBVA9MV5Vc7FDSAytcU7cKq8Ufz5woA
13	13	{15}	E4YM2vTHhWEg66xpj52JErHUBU4pZ1yageL4TVDDpTTSsv8mK6YaH	5Ju2x8snMZRBxKAErt2g8jvCMJKmnYTiC5CAKnoP6SJ58z4MBDB3
14	14	{16,4}	E4YM2vTHhWEg66xpj52JErHUBU4pZ1yageL4TVDDpTTSsv8mK6YaH	5JuMDqFh2wL8PvMi9thY18d5vnQXEmQsRxuaW6UAWb2gHeUaJLrq
15	15	{17}	E4YM2vTHhWEg66xpj52JErHUBU4pZ1yageL4TVDDpTTSsv8mK6YaH	5JuMMmiTw6nzgg3AfaCVDbfmmt9CD9NoUrLdGXPV3jY8RoTmLAVv
16	16	{18,4}	E4YM2vTHhWEg66xpj52JErHUBU4pZ1yageL4TVDDpTTSsv8mK6YaH	5Jud83E2vXsoofunH8J4Fdp8uWRtASvZqFXpTkdatSdwKU5UXhip
17	17	{19}	E4YM2vTHhWEg66xpj52JErHUBU4pZ1yageL4TVDDpTTSsv8mK6YaH	5Juv9wsBYvrv2mRTaVyzuS5F1HonbVu9s1wyEuMNt7aKqdfmgert
18	18	{20,4}	E4YM2vTHhWEg66xpj52JErHUBU4pZ1yageL4TVDDpTTSsv8mK6YaH	5JuS3rtS1Ca6jViKE4X3wwKgYwzaHzU6UTU4uUC1vgHvX9KsuBij
19	19	{21}	E4YM2vTHhWEg66xpj52JErHUBU4pZ1yageL4TVDDpTTSsv8mK6YaH	5JudJufcmeTDbTm5Gt3cYF4ewh3fYyThjZWesLzZBnH2sMT6YyUP
20	20	{22,4}	E4YM2vTHhWEg66xpj52JErHUBU4pZ1yageL4TVDDpTTSsv8mK6YaH	5JuZ57McdGCA5QBpDdtUfJ5GA1vK4upnAcXm2aiAmdymuXQoX2iq
21	21	{23}	E4YM2vTHhWEg66xpj52JErHUBU4pZ1yageL4TVDDpTTSsv8mK6YaH	5JtfXHVD8kyVVvG9bV17CX33DftqooSckC1Z1ejCxVua4zG9Qv6L
22	22	{24,4}	E4YM2vTHhWEg66xpj52JErHUBU4pZ1yageL4TVDDpTTSsv8mK6YaH	5Jtx3HJy9q2hZkrsYVFjdKHswfAd2PqsfCLnoj3DAJVw1shJ9WFV
23	23	{25}	E4YM2vTHhWEg66xpj52JErHUBU4pZ1yageL4TVDDpTTSsv8mK6YaH	5JujuscNKCCsppw2ucfrkzmetDUAzwnVaDiU71WyrTLp2CUrgxi2
24	24	{26,4}	E4YM2vTHhWEg66xpj52JErHUBU4pZ1yageL4TVDDpTTSsv8mK6YaH	5JvJZTo8Q5iGjQU98YjQPoxLVXFQWGxEcchb8Gtm1d8EqNLVKeMp
25	25	{27}	E4YM2vTHhWEg66xpj52JErHUBU4pZ1yageL4TVDDpTTSsv8mK6YaH	5JuPT33KZ9H2kW8JpyTnnUAzP7jp9TdNfx9kH2yK8Vq4M14WxECz
\.


--
-- Data for Name: zkapp_epoch_data; Type: TABLE DATA; Schema: public; Owner: postgres
--

COPY public.zkapp_epoch_data (id, epoch_ledger_id, epoch_seed, start_checkpoint, lock_checkpoint, epoch_length_id) FROM stdin;
1	1	\N	\N	\N	\N
\.


--
-- Data for Name: zkapp_epoch_ledger; Type: TABLE DATA; Schema: public; Owner: postgres
--

COPY public.zkapp_epoch_ledger (id, hash_id, total_currency_id) FROM stdin;
1	\N	\N
\.


--
-- Data for Name: zkapp_events; Type: TABLE DATA; Schema: public; Owner: postgres
--

COPY public.zkapp_events (id, element_ids) FROM stdin;
1	{}
\.


--
-- Data for Name: zkapp_fee_payer_body; Type: TABLE DATA; Schema: public; Owner: postgres
--

COPY public.zkapp_fee_payer_body (id, public_key_id, fee, valid_until, nonce) FROM stdin;
1	132	5000000000	\N	0
2	132	5000000000	\N	1
3	132	5000000000	\N	2
4	132	5000000000	\N	3
5	132	5000000000	\N	4
6	132	5000000000	\N	5
7	132	5000000000	\N	6
8	132	5000000000	\N	7
9	132	5000000000	\N	8
10	132	5000000000	\N	9
11	132	5000000000	\N	10
12	132	5000000000	\N	11
13	132	5000000000	\N	12
14	132	5000000000	\N	13
15	132	5000000000	\N	14
16	132	5000000000	\N	15
17	132	5000000000	\N	16
18	132	5000000000	\N	17
19	132	5000000000	\N	18
20	132	5000000000	\N	19
21	132	5000000000	\N	20
22	132	5000000000	\N	21
23	132	5000000000	\N	22
24	132	5000000000	\N	23
25	132	5000000000	\N	24
\.


--
-- Data for Name: zkapp_field; Type: TABLE DATA; Schema: public; Owner: postgres
--

COPY public.zkapp_field (id, field) FROM stdin;
1	0
2	1
3	2
4	3
5	4
6	5
7	6
8	7
9	8
10	9
11	10
12	11
\.


--
-- Data for Name: zkapp_field_array; Type: TABLE DATA; Schema: public; Owner: postgres
--

COPY public.zkapp_field_array (id, element_ids) FROM stdin;
\.


--
-- Data for Name: zkapp_global_slot_bounds; Type: TABLE DATA; Schema: public; Owner: postgres
--

COPY public.zkapp_global_slot_bounds (id, global_slot_lower_bound, global_slot_upper_bound) FROM stdin;
\.


--
-- Data for Name: zkapp_length_bounds; Type: TABLE DATA; Schema: public; Owner: postgres
--

COPY public.zkapp_length_bounds (id, length_lower_bound, length_upper_bound) FROM stdin;
\.


--
-- Data for Name: zkapp_network_precondition; Type: TABLE DATA; Schema: public; Owner: postgres
--

COPY public.zkapp_network_precondition (id, snarked_ledger_hash_id, blockchain_length_id, min_window_density_id, total_currency_id, global_slot_since_genesis, staking_epoch_data_id, next_epoch_data_id) FROM stdin;
1	\N	\N	\N	\N	\N	1	1
\.


--
-- Data for Name: zkapp_nonce_bounds; Type: TABLE DATA; Schema: public; Owner: postgres
--

COPY public.zkapp_nonce_bounds (id, nonce_lower_bound, nonce_upper_bound) FROM stdin;
1	1	1
2	2	2
3	3	3
4	4	4
5	5	5
6	6	6
7	7	7
8	8	8
9	9	9
10	10	10
11	11	11
12	12	12
13	13	13
\.


--
-- Data for Name: zkapp_permissions; Type: TABLE DATA; Schema: public; Owner: postgres
--

COPY public.zkapp_permissions (id, edit_state, send, receive, access, set_delegate, set_permissions, set_verification_key_auth, set_verification_key_txn_version, set_zkapp_uri, edit_action_state, set_token_symbol, increment_nonce, set_voting_for, set_timing) FROM stdin;
1	signature	signature	none	none	signature	signature	signature	3	signature	signature	signature	signature	signature	signature
\.


--
-- Data for Name: zkapp_states; Type: TABLE DATA; Schema: public; Owner: postgres
--

COPY public.zkapp_states (id, element0, element1, element2, element3, element4, element5, element6, element7) FROM stdin;
\.


--
-- Data for Name: zkapp_states_nullable; Type: TABLE DATA; Schema: public; Owner: postgres
--

COPY public.zkapp_states_nullable (id, element0, element1, element2, element3, element4, element5, element6, element7) FROM stdin;
1	\N	\N	\N	\N	\N	\N	\N	\N
2	1	\N	\N	\N	\N	\N	\N	\N
3	2	\N	\N	\N	\N	\N	\N	\N
4	3	\N	\N	\N	\N	\N	\N	\N
5	4	\N	\N	\N	\N	\N	\N	\N
6	5	\N	\N	\N	\N	\N	\N	\N
7	6	\N	\N	\N	\N	\N	\N	\N
8	7	\N	\N	\N	\N	\N	\N	\N
9	8	\N	\N	\N	\N	\N	\N	\N
10	9	\N	\N	\N	\N	\N	\N	\N
11	10	\N	\N	\N	\N	\N	\N	\N
12	11	\N	\N	\N	\N	\N	\N	\N
13	12	\N	\N	\N	\N	\N	\N	\N
\.


--
-- Data for Name: zkapp_timing_info; Type: TABLE DATA; Schema: public; Owner: postgres
--

COPY public.zkapp_timing_info (id, initial_minimum_balance, cliff_time, cliff_amount, vesting_period, vesting_increment) FROM stdin;
\.


--
-- Data for Name: zkapp_token_id_bounds; Type: TABLE DATA; Schema: public; Owner: postgres
--

COPY public.zkapp_token_id_bounds (id, token_id_lower_bound, token_id_upper_bound) FROM stdin;
\.


--
-- Data for Name: zkapp_updates; Type: TABLE DATA; Schema: public; Owner: postgres
--

COPY public.zkapp_updates (id, app_state_id, delegate_id, verification_key_id, permissions_id, zkapp_uri_id, token_symbol_id, timing_id, voting_for_id) FROM stdin;
1	1	\N	\N	\N	\N	\N	\N	\N
2	1	\N	1	1	\N	\N	\N	\N
3	2	\N	\N	\N	\N	\N	\N	\N
4	3	\N	\N	\N	\N	\N	\N	\N
5	4	\N	\N	\N	\N	\N	\N	\N
6	5	\N	\N	\N	\N	\N	\N	\N
7	6	\N	\N	\N	\N	\N	\N	\N
8	7	\N	\N	\N	\N	\N	\N	\N
9	8	\N	\N	\N	\N	\N	\N	\N
10	9	\N	\N	\N	\N	\N	\N	\N
11	10	\N	\N	\N	\N	\N	\N	\N
12	11	\N	\N	\N	\N	\N	\N	\N
13	12	\N	\N	\N	\N	\N	\N	\N
14	13	\N	\N	\N	\N	\N	\N	\N
\.


--
-- Data for Name: zkapp_uris; Type: TABLE DATA; Schema: public; Owner: postgres
--

COPY public.zkapp_uris (id, value) FROM stdin;
\.


--
-- Data for Name: zkapp_verification_key_hashes; Type: TABLE DATA; Schema: public; Owner: postgres
--

COPY public.zkapp_verification_key_hashes (id, value) FROM stdin;
1	330109536550383627416201330124291596191867681867265169258470531313815097966
\.


--
-- Data for Name: zkapp_verification_keys; Type: TABLE DATA; Schema: public; Owner: postgres
--

COPY public.zkapp_verification_keys (id, verification_key, hash_id) FROM stdin;
1	AACcenc1yLdGBm4xtUN1dpModROI0zovuy5rz2a94vfdBgG1C75BqviU4vw6JUYqODF8n9ivtfeU5s9PcpEGIP0htil2mfx8v2DB5RuNQ7VxJWkha0TSnJJsOl0FxhjldBbOY3tUZzZxHpPhHOKHz/ZAXRYFIsf2x+7boXC0iPurEX9VcnaJIq+YxxmnSfeYYxHkjxO9lrDBqjXzd5AHMnYyjTPC69B+5In7AOGS6R+A/g3/aR/MKDa4eDVrnsF9Oy/Ay8ahic2sSAZvtn08MdRyk/jm2cLlJbeAAad6Xyz/H9l7JrkbVwDMMPxvHVHs27tNoJCzIlrRzB7pg3ju9aQOu4h3thDr+WSgFQWKvcRPeL7f3TFjIr8WZ2457RgMcTwXwORKbqJCcyKVNOE+FlNwVkOKER+WIpC0OlgGuayPFwQQkbb91jaRlJvahfwkbF2+AJmDnavmNpop9T+/Xak1adXIrsRPeOjC+qIKxIbGimoMOoYzYlevKA80LnJ7HC0IxR+yNLvoSYxDDPNRD+OCCxk5lM2h8IDUiCNWH4FZNJ+doiigKjyZlu/xZ7jHcX7qibu/32KFTX85DPSkQM8dABl309Ne9XzDAjA7rvef7vicw7KNgt56kWcEUki0o3M1yfbB8UxOSuOP07pw5+vrNHINMmJAuEKtNPwa5HvXBA4KR89XcqLS/NP7lwCEej/L8q8R7sKGMCXmgFYluWH4JBSPDgvMxScfjFS33oBNb7po8cLnAORzohXoYTSgztklD0mKn6EegLbkLtwwr9ObsLz3m7fp/3wkNWFRkY5xzSZN1VybbQbmpyQNCpxd/kdDsvlszqlowkyC8HnKbhnvE0Mrz3ZIk4vSs/UGBSXAoESFCFCPcTq11TCOhE5rumMJErv5LusDHJgrBtQUMibLU9A1YbF7SPDAR2QZd0yx3wZoHstfG3lbbtZcnaUabgu8tRdZiwRfX+rV+EBDCClOIpZn5V2SIpPpehhCpEBgDKUT0y2dgMO53Wc7OBDUFfkNX+JGhhD4fuA7IGFdIdthrwcbckBm0CBsRcVLlp+qlQ7a7ryGkxT8Bm3kEjVuRCYk6CbAfdT5lbKbQ7xYK4E2PfzQ2lMDwwuxRP+K2iQgP8UoGIBiUYI0lRvphhDkbCweEg0Owjz1pTUF/uiiMyVPsAyeoyh5fvmUgaNBkf5Hjh0xOGUbSHzawovjubcH7qWjIZoghZJ16QB1c0ryiAfHB48OHhs2p/JZWz8Dp7kfcPkeg2Of2NbupJlNVMLIH4IGWaPAscBRkZ+F4oLqOhJ5as7fAzzU8PQdeZi0YgssGDJVmNEHP61I16KZNcxQqR0EUVwhyMmYmpVjvtfhHi/6IxY/aPPEtcmsYEuy/JUaIuM0ZvnPNyB2E2Ckec+wJmooYjWXxYrXimjXWgv3IUGOiLDuQ0uGmrG5Bk+gyhZ5bhlVmlVsP8zA+xuHylyiww/Lercce7cq0YA5PtYS3ge9IDYwXckBUXb5ikD3alrrv5mvMu6itB7ix2f8lbiF9Fkmc4Bk2ycIWXJDCuBN+2sTFqzUeoT6xY8XWaOcnDvqOgSm/CCSv38umiOE2jEpsKYxhRc6W70UJkrzd3hr2DiSF1I2B+krpUVK1GeOdCLC5sl7YPzk+pF8183uI9wse6UTlqIiroKqsggzLBy/IjAfxS0BxFy5zywXqp+NogFkoTEJmR5MaqOkPfap+OsD1lGScY6+X4WW/HqCWrmA3ZTqDGngQMTGXLCtl6IS/cQpihS1NRbNqOtKTaCB9COQu0oz6RivBlywuaj3MKUdmbQ2gVDj+SGQItCNaXawyPSBjB9VT+68SoJVySQsYPCuEZCb0V/40n/a7RAbyrnNjP+2HwD7p27Pl1RSzqq35xiPdnycD1UeEPLpx/ON65mYCkn+KLQZmkqPio+vA2KmJngWTx+ol4rVFimGm76VT0xCFDsu2K0YX0yoLNH4u2XfmT9NR8gGfkVRCnnNjlbgHQmEwC75+GmEJ5DjD3d+s6IXTQ60MHvxbTHHlnfmPbgKn2SAI0uVoewKC9GyK6dSaboLw3C48jl0E2kyc+7umhCk3kEeWmt//GSjRNhoq+B+mynXiOtgFs/Am2v1TBjSb+6tcijsf5tFJmeGxlCjJnTdNWBkSHpMoo6OFkkpA6/FBAUHLSM7Yv8oYyd0GtwF5cCwQ6aRTbl9oG/mUn5Q92OnDMQcUjpgEho0Dcp2OqZyyxqQSPrbIIZZQrS2HkxBgjcfcSTuSHo7ONqlRjLUpO5yS95VLGXBLLHuCiIMGT+DW6DoJRtRIS+JieVWBoX0YsWgYInXrVlWUv6gDng5AyVFkUIFwZk7/3mVAgvXO83ArVKA4S747jT60w5bgV4Jy55slDM=	1
\.


--
-- Name: account_identifiers_id_seq; Type: SEQUENCE SET; Schema: public; Owner: postgres
--

SELECT pg_catalog.setval('public.account_identifiers_id_seq', 243, true);


--
-- Name: blocks_id_seq; Type: SEQUENCE SET; Schema: public; Owner: postgres
--

SELECT pg_catalog.setval('public.blocks_id_seq', 3, true);


--
-- Name: epoch_data_id_seq; Type: SEQUENCE SET; Schema: public; Owner: postgres
--

SELECT pg_catalog.setval('public.epoch_data_id_seq', 4, true);


--
-- Name: internal_commands_id_seq; Type: SEQUENCE SET; Schema: public; Owner: postgres
--

SELECT pg_catalog.setval('public.internal_commands_id_seq', 3, true);


--
-- Name: protocol_versions_id_seq; Type: SEQUENCE SET; Schema: public; Owner: postgres
--

SELECT pg_catalog.setval('public.protocol_versions_id_seq', 1, true);


--
-- Name: public_keys_id_seq; Type: SEQUENCE SET; Schema: public; Owner: postgres
--

SELECT pg_catalog.setval('public.public_keys_id_seq', 243, true);


--
-- Name: snarked_ledger_hashes_id_seq; Type: SEQUENCE SET; Schema: public; Owner: postgres
--

SELECT pg_catalog.setval('public.snarked_ledger_hashes_id_seq', 1, true);


--
-- Name: timing_info_id_seq; Type: SEQUENCE SET; Schema: public; Owner: postgres
--

SELECT pg_catalog.setval('public.timing_info_id_seq', 242, true);


--
-- Name: token_symbols_id_seq; Type: SEQUENCE SET; Schema: public; Owner: postgres
--

SELECT pg_catalog.setval('public.token_symbols_id_seq', 1, true);


--
-- Name: tokens_id_seq; Type: SEQUENCE SET; Schema: public; Owner: postgres
--

SELECT pg_catalog.setval('public.tokens_id_seq', 1, true);


--
-- Name: user_commands_id_seq; Type: SEQUENCE SET; Schema: public; Owner: postgres
--

SELECT pg_catalog.setval('public.user_commands_id_seq', 21, true);


--
-- Name: voting_for_id_seq; Type: SEQUENCE SET; Schema: public; Owner: postgres
--

SELECT pg_catalog.setval('public.voting_for_id_seq', 1, true);


--
-- Name: zkapp_account_precondition_id_seq; Type: SEQUENCE SET; Schema: public; Owner: postgres
--

SELECT pg_catalog.setval('public.zkapp_account_precondition_id_seq', 14, true);


--
-- Name: zkapp_account_update_body_id_seq; Type: SEQUENCE SET; Schema: public; Owner: postgres
--

SELECT pg_catalog.setval('public.zkapp_account_update_body_id_seq', 27, true);


--
-- Name: zkapp_account_update_failures_id_seq; Type: SEQUENCE SET; Schema: public; Owner: postgres
--

SELECT pg_catalog.setval('public.zkapp_account_update_failures_id_seq', 4, true);


--
-- Name: zkapp_account_update_id_seq; Type: SEQUENCE SET; Schema: public; Owner: postgres
--

SELECT pg_catalog.setval('public.zkapp_account_update_id_seq', 27, true);


--
-- Name: zkapp_accounts_id_seq; Type: SEQUENCE SET; Schema: public; Owner: postgres
--

SELECT pg_catalog.setval('public.zkapp_accounts_id_seq', 1, false);


--
-- Name: zkapp_action_states_id_seq; Type: SEQUENCE SET; Schema: public; Owner: postgres
--

SELECT pg_catalog.setval('public.zkapp_action_states_id_seq', 1, false);


--
-- Name: zkapp_amount_bounds_id_seq; Type: SEQUENCE SET; Schema: public; Owner: postgres
--

SELECT pg_catalog.setval('public.zkapp_amount_bounds_id_seq', 1, false);


--
-- Name: zkapp_balance_bounds_id_seq; Type: SEQUENCE SET; Schema: public; Owner: postgres
--

SELECT pg_catalog.setval('public.zkapp_balance_bounds_id_seq', 1, false);


--
-- Name: zkapp_commands_id_seq; Type: SEQUENCE SET; Schema: public; Owner: postgres
--

SELECT pg_catalog.setval('public.zkapp_commands_id_seq', 25, true);


--
-- Name: zkapp_epoch_data_id_seq; Type: SEQUENCE SET; Schema: public; Owner: postgres
--

SELECT pg_catalog.setval('public.zkapp_epoch_data_id_seq', 1, true);


--
-- Name: zkapp_epoch_ledger_id_seq; Type: SEQUENCE SET; Schema: public; Owner: postgres
--

SELECT pg_catalog.setval('public.zkapp_epoch_ledger_id_seq', 1, true);


--
-- Name: zkapp_events_id_seq; Type: SEQUENCE SET; Schema: public; Owner: postgres
--

SELECT pg_catalog.setval('public.zkapp_events_id_seq', 1, true);


--
-- Name: zkapp_fee_payer_body_id_seq; Type: SEQUENCE SET; Schema: public; Owner: postgres
--

SELECT pg_catalog.setval('public.zkapp_fee_payer_body_id_seq', 25, true);


--
-- Name: zkapp_field_array_id_seq; Type: SEQUENCE SET; Schema: public; Owner: postgres
--

SELECT pg_catalog.setval('public.zkapp_field_array_id_seq', 1, false);


--
-- Name: zkapp_field_id_seq; Type: SEQUENCE SET; Schema: public; Owner: postgres
--

SELECT pg_catalog.setval('public.zkapp_field_id_seq', 12, true);


--
-- Name: zkapp_global_slot_bounds_id_seq; Type: SEQUENCE SET; Schema: public; Owner: postgres
--

SELECT pg_catalog.setval('public.zkapp_global_slot_bounds_id_seq', 1, false);


--
-- Name: zkapp_length_bounds_id_seq; Type: SEQUENCE SET; Schema: public; Owner: postgres
--

SELECT pg_catalog.setval('public.zkapp_length_bounds_id_seq', 1, false);


--
-- Name: zkapp_network_precondition_id_seq; Type: SEQUENCE SET; Schema: public; Owner: postgres
--

SELECT pg_catalog.setval('public.zkapp_network_precondition_id_seq', 1, true);


--
-- Name: zkapp_nonce_bounds_id_seq; Type: SEQUENCE SET; Schema: public; Owner: postgres
--

SELECT pg_catalog.setval('public.zkapp_nonce_bounds_id_seq', 13, true);


--
-- Name: zkapp_permissions_id_seq; Type: SEQUENCE SET; Schema: public; Owner: postgres
--

SELECT pg_catalog.setval('public.zkapp_permissions_id_seq', 1, true);


--
-- Name: zkapp_states_id_seq; Type: SEQUENCE SET; Schema: public; Owner: postgres
--

SELECT pg_catalog.setval('public.zkapp_states_id_seq', 1, false);


--
-- Name: zkapp_states_nullable_id_seq; Type: SEQUENCE SET; Schema: public; Owner: postgres
--

SELECT pg_catalog.setval('public.zkapp_states_nullable_id_seq', 13, true);


--
-- Name: zkapp_timing_info_id_seq; Type: SEQUENCE SET; Schema: public; Owner: postgres
--

SELECT pg_catalog.setval('public.zkapp_timing_info_id_seq', 1, false);


--
-- Name: zkapp_token_id_bounds_id_seq; Type: SEQUENCE SET; Schema: public; Owner: postgres
--

SELECT pg_catalog.setval('public.zkapp_token_id_bounds_id_seq', 1, false);


--
-- Name: zkapp_updates_id_seq; Type: SEQUENCE SET; Schema: public; Owner: postgres
--

SELECT pg_catalog.setval('public.zkapp_updates_id_seq', 14, true);


--
-- Name: zkapp_uris_id_seq; Type: SEQUENCE SET; Schema: public; Owner: postgres
--

SELECT pg_catalog.setval('public.zkapp_uris_id_seq', 1, false);


--
-- Name: zkapp_verification_key_hashes_id_seq; Type: SEQUENCE SET; Schema: public; Owner: postgres
--

SELECT pg_catalog.setval('public.zkapp_verification_key_hashes_id_seq', 1, true);


--
-- Name: zkapp_verification_keys_id_seq; Type: SEQUENCE SET; Schema: public; Owner: postgres
--

SELECT pg_catalog.setval('public.zkapp_verification_keys_id_seq', 1, true);


--
-- Name: account_identifiers account_identifiers_pkey; Type: CONSTRAINT; Schema: public; Owner: postgres
--

ALTER TABLE ONLY public.account_identifiers
    ADD CONSTRAINT account_identifiers_pkey PRIMARY KEY (id);


--
-- Name: account_identifiers account_identifiers_public_key_id_token_id_key; Type: CONSTRAINT; Schema: public; Owner: postgres
--

ALTER TABLE ONLY public.account_identifiers
    ADD CONSTRAINT account_identifiers_public_key_id_token_id_key UNIQUE (public_key_id, token_id);


--
-- Name: accounts_accessed accounts_accessed_pkey; Type: CONSTRAINT; Schema: public; Owner: postgres
--

ALTER TABLE ONLY public.accounts_accessed
    ADD CONSTRAINT accounts_accessed_pkey PRIMARY KEY (block_id, account_identifier_id);


--
-- Name: accounts_created accounts_created_pkey; Type: CONSTRAINT; Schema: public; Owner: postgres
--

ALTER TABLE ONLY public.accounts_created
    ADD CONSTRAINT accounts_created_pkey PRIMARY KEY (block_id, account_identifier_id);


--
-- Name: blocks_internal_commands blocks_internal_commands_pkey; Type: CONSTRAINT; Schema: public; Owner: postgres
--

ALTER TABLE ONLY public.blocks_internal_commands
    ADD CONSTRAINT blocks_internal_commands_pkey PRIMARY KEY (block_id, internal_command_id, sequence_no, secondary_sequence_no);


--
-- Name: blocks blocks_pkey; Type: CONSTRAINT; Schema: public; Owner: postgres
--

ALTER TABLE ONLY public.blocks
    ADD CONSTRAINT blocks_pkey PRIMARY KEY (id);


--
-- Name: blocks blocks_state_hash_key; Type: CONSTRAINT; Schema: public; Owner: postgres
--

ALTER TABLE ONLY public.blocks
    ADD CONSTRAINT blocks_state_hash_key UNIQUE (state_hash);


--
-- Name: blocks_user_commands blocks_user_commands_pkey; Type: CONSTRAINT; Schema: public; Owner: postgres
--

ALTER TABLE ONLY public.blocks_user_commands
    ADD CONSTRAINT blocks_user_commands_pkey PRIMARY KEY (block_id, user_command_id, sequence_no);


--
-- Name: blocks_zkapp_commands blocks_zkapp_commands_pkey; Type: CONSTRAINT; Schema: public; Owner: postgres
--

ALTER TABLE ONLY public.blocks_zkapp_commands
    ADD CONSTRAINT blocks_zkapp_commands_pkey PRIMARY KEY (block_id, zkapp_command_id, sequence_no);


--
-- Name: epoch_data epoch_data_pkey; Type: CONSTRAINT; Schema: public; Owner: postgres
--

ALTER TABLE ONLY public.epoch_data
    ADD CONSTRAINT epoch_data_pkey PRIMARY KEY (id);


--
-- Name: epoch_data epoch_data_seed_ledger_hash_id_total_currency_start_checkpo_key; Type: CONSTRAINT; Schema: public; Owner: postgres
--

ALTER TABLE ONLY public.epoch_data
    ADD CONSTRAINT epoch_data_seed_ledger_hash_id_total_currency_start_checkpo_key UNIQUE (seed, ledger_hash_id, total_currency, start_checkpoint, lock_checkpoint, epoch_length);


--
-- Name: internal_commands internal_commands_hash_command_type_key; Type: CONSTRAINT; Schema: public; Owner: postgres
--

ALTER TABLE ONLY public.internal_commands
    ADD CONSTRAINT internal_commands_hash_command_type_key UNIQUE (hash, command_type);


--
-- Name: internal_commands internal_commands_pkey; Type: CONSTRAINT; Schema: public; Owner: postgres
--

ALTER TABLE ONLY public.internal_commands
    ADD CONSTRAINT internal_commands_pkey PRIMARY KEY (id);


--
-- Name: protocol_versions protocol_versions_pkey; Type: CONSTRAINT; Schema: public; Owner: postgres
--

ALTER TABLE ONLY public.protocol_versions
    ADD CONSTRAINT protocol_versions_pkey PRIMARY KEY (id);


--
-- Name: protocol_versions protocol_versions_transaction_network_patch_key; Type: CONSTRAINT; Schema: public; Owner: postgres
--

ALTER TABLE ONLY public.protocol_versions
    ADD CONSTRAINT protocol_versions_transaction_network_patch_key UNIQUE (transaction, network, patch);


--
-- Name: public_keys public_keys_pkey; Type: CONSTRAINT; Schema: public; Owner: postgres
--

ALTER TABLE ONLY public.public_keys
    ADD CONSTRAINT public_keys_pkey PRIMARY KEY (id);


--
-- Name: public_keys public_keys_value_key; Type: CONSTRAINT; Schema: public; Owner: postgres
--

ALTER TABLE ONLY public.public_keys
    ADD CONSTRAINT public_keys_value_key UNIQUE (value);


--
-- Name: snarked_ledger_hashes snarked_ledger_hashes_pkey; Type: CONSTRAINT; Schema: public; Owner: postgres
--

ALTER TABLE ONLY public.snarked_ledger_hashes
    ADD CONSTRAINT snarked_ledger_hashes_pkey PRIMARY KEY (id);


--
-- Name: snarked_ledger_hashes snarked_ledger_hashes_value_key; Type: CONSTRAINT; Schema: public; Owner: postgres
--

ALTER TABLE ONLY public.snarked_ledger_hashes
    ADD CONSTRAINT snarked_ledger_hashes_value_key UNIQUE (value);


--
-- Name: timing_info timing_info_pkey; Type: CONSTRAINT; Schema: public; Owner: postgres
--

ALTER TABLE ONLY public.timing_info
    ADD CONSTRAINT timing_info_pkey PRIMARY KEY (id);


--
-- Name: token_symbols token_symbols_pkey; Type: CONSTRAINT; Schema: public; Owner: postgres
--

ALTER TABLE ONLY public.token_symbols
    ADD CONSTRAINT token_symbols_pkey PRIMARY KEY (id);


--
-- Name: tokens tokens_pkey; Type: CONSTRAINT; Schema: public; Owner: postgres
--

ALTER TABLE ONLY public.tokens
    ADD CONSTRAINT tokens_pkey PRIMARY KEY (id);


--
-- Name: tokens tokens_value_key; Type: CONSTRAINT; Schema: public; Owner: postgres
--

ALTER TABLE ONLY public.tokens
    ADD CONSTRAINT tokens_value_key UNIQUE (value);


--
-- Name: user_commands user_commands_hash_key; Type: CONSTRAINT; Schema: public; Owner: postgres
--

ALTER TABLE ONLY public.user_commands
    ADD CONSTRAINT user_commands_hash_key UNIQUE (hash);


--
-- Name: user_commands user_commands_pkey; Type: CONSTRAINT; Schema: public; Owner: postgres
--

ALTER TABLE ONLY public.user_commands
    ADD CONSTRAINT user_commands_pkey PRIMARY KEY (id);


--
-- Name: voting_for voting_for_pkey; Type: CONSTRAINT; Schema: public; Owner: postgres
--

ALTER TABLE ONLY public.voting_for
    ADD CONSTRAINT voting_for_pkey PRIMARY KEY (id);


--
-- Name: zkapp_account_precondition zkapp_account_precondition_balance_id_receipt_chain_hash_de_key; Type: CONSTRAINT; Schema: public; Owner: postgres
--

ALTER TABLE ONLY public.zkapp_account_precondition
    ADD CONSTRAINT zkapp_account_precondition_balance_id_receipt_chain_hash_de_key UNIQUE (balance_id, receipt_chain_hash, delegate_id, state_id, action_state_id, proved_state, is_new, nonce_id);


--
-- Name: zkapp_account_precondition zkapp_account_precondition_pkey; Type: CONSTRAINT; Schema: public; Owner: postgres
--

ALTER TABLE ONLY public.zkapp_account_precondition
    ADD CONSTRAINT zkapp_account_precondition_pkey PRIMARY KEY (id);


--
-- Name: zkapp_account_update_body zkapp_account_update_body_pkey; Type: CONSTRAINT; Schema: public; Owner: postgres
--

ALTER TABLE ONLY public.zkapp_account_update_body
    ADD CONSTRAINT zkapp_account_update_body_pkey PRIMARY KEY (id);


--
-- Name: zkapp_account_update_failures zkapp_account_update_failures_pkey; Type: CONSTRAINT; Schema: public; Owner: postgres
--

ALTER TABLE ONLY public.zkapp_account_update_failures
    ADD CONSTRAINT zkapp_account_update_failures_pkey PRIMARY KEY (id);


--
-- Name: zkapp_account_update zkapp_account_update_pkey; Type: CONSTRAINT; Schema: public; Owner: postgres
--

ALTER TABLE ONLY public.zkapp_account_update
    ADD CONSTRAINT zkapp_account_update_pkey PRIMARY KEY (id);


--
-- Name: zkapp_accounts zkapp_accounts_pkey; Type: CONSTRAINT; Schema: public; Owner: postgres
--

ALTER TABLE ONLY public.zkapp_accounts
    ADD CONSTRAINT zkapp_accounts_pkey PRIMARY KEY (id);


--
-- Name: zkapp_action_states zkapp_action_states_pkey; Type: CONSTRAINT; Schema: public; Owner: postgres
--

ALTER TABLE ONLY public.zkapp_action_states
    ADD CONSTRAINT zkapp_action_states_pkey PRIMARY KEY (id);


--
-- Name: zkapp_amount_bounds zkapp_amount_bounds_pkey; Type: CONSTRAINT; Schema: public; Owner: postgres
--

ALTER TABLE ONLY public.zkapp_amount_bounds
    ADD CONSTRAINT zkapp_amount_bounds_pkey PRIMARY KEY (id);


--
-- Name: zkapp_balance_bounds zkapp_balance_bounds_pkey; Type: CONSTRAINT; Schema: public; Owner: postgres
--

ALTER TABLE ONLY public.zkapp_balance_bounds
    ADD CONSTRAINT zkapp_balance_bounds_pkey PRIMARY KEY (id);


--
-- Name: zkapp_commands zkapp_commands_hash_key; Type: CONSTRAINT; Schema: public; Owner: postgres
--

ALTER TABLE ONLY public.zkapp_commands
    ADD CONSTRAINT zkapp_commands_hash_key UNIQUE (hash);


--
-- Name: zkapp_commands zkapp_commands_pkey; Type: CONSTRAINT; Schema: public; Owner: postgres
--

ALTER TABLE ONLY public.zkapp_commands
    ADD CONSTRAINT zkapp_commands_pkey PRIMARY KEY (id);


--
-- Name: zkapp_epoch_data zkapp_epoch_data_pkey; Type: CONSTRAINT; Schema: public; Owner: postgres
--

ALTER TABLE ONLY public.zkapp_epoch_data
    ADD CONSTRAINT zkapp_epoch_data_pkey PRIMARY KEY (id);


--
-- Name: zkapp_epoch_ledger zkapp_epoch_ledger_pkey; Type: CONSTRAINT; Schema: public; Owner: postgres
--

ALTER TABLE ONLY public.zkapp_epoch_ledger
    ADD CONSTRAINT zkapp_epoch_ledger_pkey PRIMARY KEY (id);


--
-- Name: zkapp_events zkapp_events_element_ids_key; Type: CONSTRAINT; Schema: public; Owner: postgres
--

ALTER TABLE ONLY public.zkapp_events
    ADD CONSTRAINT zkapp_events_element_ids_key UNIQUE (element_ids);


--
-- Name: zkapp_events zkapp_events_pkey; Type: CONSTRAINT; Schema: public; Owner: postgres
--

ALTER TABLE ONLY public.zkapp_events
    ADD CONSTRAINT zkapp_events_pkey PRIMARY KEY (id);


--
-- Name: zkapp_fee_payer_body zkapp_fee_payer_body_pkey; Type: CONSTRAINT; Schema: public; Owner: postgres
--

ALTER TABLE ONLY public.zkapp_fee_payer_body
    ADD CONSTRAINT zkapp_fee_payer_body_pkey PRIMARY KEY (id);


--
-- Name: zkapp_field_array zkapp_field_array_element_ids_key; Type: CONSTRAINT; Schema: public; Owner: postgres
--

ALTER TABLE ONLY public.zkapp_field_array
    ADD CONSTRAINT zkapp_field_array_element_ids_key UNIQUE (element_ids);


--
-- Name: zkapp_field_array zkapp_field_array_pkey; Type: CONSTRAINT; Schema: public; Owner: postgres
--

ALTER TABLE ONLY public.zkapp_field_array
    ADD CONSTRAINT zkapp_field_array_pkey PRIMARY KEY (id);


--
-- Name: zkapp_field zkapp_field_field_key; Type: CONSTRAINT; Schema: public; Owner: postgres
--

ALTER TABLE ONLY public.zkapp_field
    ADD CONSTRAINT zkapp_field_field_key UNIQUE (field);


--
-- Name: zkapp_field zkapp_field_pkey; Type: CONSTRAINT; Schema: public; Owner: postgres
--

ALTER TABLE ONLY public.zkapp_field
    ADD CONSTRAINT zkapp_field_pkey PRIMARY KEY (id);


--
-- Name: zkapp_global_slot_bounds zkapp_global_slot_bounds_pkey; Type: CONSTRAINT; Schema: public; Owner: postgres
--

ALTER TABLE ONLY public.zkapp_global_slot_bounds
    ADD CONSTRAINT zkapp_global_slot_bounds_pkey PRIMARY KEY (id);


--
-- Name: zkapp_length_bounds zkapp_length_bounds_pkey; Type: CONSTRAINT; Schema: public; Owner: postgres
--

ALTER TABLE ONLY public.zkapp_length_bounds
    ADD CONSTRAINT zkapp_length_bounds_pkey PRIMARY KEY (id);


--
-- Name: zkapp_network_precondition zkapp_network_precondition_pkey; Type: CONSTRAINT; Schema: public; Owner: postgres
--

ALTER TABLE ONLY public.zkapp_network_precondition
    ADD CONSTRAINT zkapp_network_precondition_pkey PRIMARY KEY (id);


--
-- Name: zkapp_nonce_bounds zkapp_nonce_bounds_pkey; Type: CONSTRAINT; Schema: public; Owner: postgres
--

ALTER TABLE ONLY public.zkapp_nonce_bounds
    ADD CONSTRAINT zkapp_nonce_bounds_pkey PRIMARY KEY (id);


--
-- Name: zkapp_permissions zkapp_permissions_pkey; Type: CONSTRAINT; Schema: public; Owner: postgres
--

ALTER TABLE ONLY public.zkapp_permissions
    ADD CONSTRAINT zkapp_permissions_pkey PRIMARY KEY (id);


--
-- Name: zkapp_states_nullable zkapp_states_nullable_pkey; Type: CONSTRAINT; Schema: public; Owner: postgres
--

ALTER TABLE ONLY public.zkapp_states_nullable
    ADD CONSTRAINT zkapp_states_nullable_pkey PRIMARY KEY (id);


--
-- Name: zkapp_states zkapp_states_pkey; Type: CONSTRAINT; Schema: public; Owner: postgres
--

ALTER TABLE ONLY public.zkapp_states
    ADD CONSTRAINT zkapp_states_pkey PRIMARY KEY (id);


--
-- Name: zkapp_timing_info zkapp_timing_info_pkey; Type: CONSTRAINT; Schema: public; Owner: postgres
--

ALTER TABLE ONLY public.zkapp_timing_info
    ADD CONSTRAINT zkapp_timing_info_pkey PRIMARY KEY (id);


--
-- Name: zkapp_token_id_bounds zkapp_token_id_bounds_pkey; Type: CONSTRAINT; Schema: public; Owner: postgres
--

ALTER TABLE ONLY public.zkapp_token_id_bounds
    ADD CONSTRAINT zkapp_token_id_bounds_pkey PRIMARY KEY (id);


--
-- Name: zkapp_updates zkapp_updates_pkey; Type: CONSTRAINT; Schema: public; Owner: postgres
--

ALTER TABLE ONLY public.zkapp_updates
    ADD CONSTRAINT zkapp_updates_pkey PRIMARY KEY (id);


--
-- Name: zkapp_uris zkapp_uris_pkey; Type: CONSTRAINT; Schema: public; Owner: postgres
--

ALTER TABLE ONLY public.zkapp_uris
    ADD CONSTRAINT zkapp_uris_pkey PRIMARY KEY (id);


--
-- Name: zkapp_uris zkapp_uris_value_key; Type: CONSTRAINT; Schema: public; Owner: postgres
--

ALTER TABLE ONLY public.zkapp_uris
    ADD CONSTRAINT zkapp_uris_value_key UNIQUE (value);


--
-- Name: zkapp_verification_key_hashes zkapp_verification_key_hashes_pkey; Type: CONSTRAINT; Schema: public; Owner: postgres
--

ALTER TABLE ONLY public.zkapp_verification_key_hashes
    ADD CONSTRAINT zkapp_verification_key_hashes_pkey PRIMARY KEY (id);


--
-- Name: zkapp_verification_key_hashes zkapp_verification_key_hashes_value_key; Type: CONSTRAINT; Schema: public; Owner: postgres
--

ALTER TABLE ONLY public.zkapp_verification_key_hashes
    ADD CONSTRAINT zkapp_verification_key_hashes_value_key UNIQUE (value);


--
-- Name: zkapp_verification_keys zkapp_verification_keys_hash_id_key; Type: CONSTRAINT; Schema: public; Owner: postgres
--

ALTER TABLE ONLY public.zkapp_verification_keys
    ADD CONSTRAINT zkapp_verification_keys_hash_id_key UNIQUE (hash_id);


--
-- Name: zkapp_verification_keys zkapp_verification_keys_pkey; Type: CONSTRAINT; Schema: public; Owner: postgres
--

ALTER TABLE ONLY public.zkapp_verification_keys
    ADD CONSTRAINT zkapp_verification_keys_pkey PRIMARY KEY (id);


--
-- Name: zkapp_verification_keys zkapp_verification_keys_verification_key_key; Type: CONSTRAINT; Schema: public; Owner: postgres
--

ALTER TABLE ONLY public.zkapp_verification_keys
    ADD CONSTRAINT zkapp_verification_keys_verification_key_key UNIQUE (verification_key);


--
-- Name: idx_accounts_accessed_block_account_identifier_id; Type: INDEX; Schema: public; Owner: postgres
--

CREATE INDEX idx_accounts_accessed_block_account_identifier_id ON public.accounts_accessed USING btree (account_identifier_id);


--
-- Name: idx_accounts_accessed_block_id; Type: INDEX; Schema: public; Owner: postgres
--

CREATE INDEX idx_accounts_accessed_block_id ON public.accounts_accessed USING btree (block_id);


--
-- Name: idx_accounts_created_block_account_identifier_id; Type: INDEX; Schema: public; Owner: postgres
--

CREATE INDEX idx_accounts_created_block_account_identifier_id ON public.accounts_created USING btree (account_identifier_id);


--
-- Name: idx_accounts_created_block_id; Type: INDEX; Schema: public; Owner: postgres
--

CREATE INDEX idx_accounts_created_block_id ON public.accounts_created USING btree (block_id);


--
-- Name: idx_blocks_creator_id; Type: INDEX; Schema: public; Owner: postgres
--

CREATE INDEX idx_blocks_creator_id ON public.blocks USING btree (creator_id);


--
-- Name: idx_blocks_height; Type: INDEX; Schema: public; Owner: postgres
--

CREATE INDEX idx_blocks_height ON public.blocks USING btree (height);


--
-- Name: idx_blocks_internal_commands_block_id; Type: INDEX; Schema: public; Owner: postgres
--

CREATE INDEX idx_blocks_internal_commands_block_id ON public.blocks_internal_commands USING btree (block_id);


--
-- Name: idx_blocks_internal_commands_internal_command_id; Type: INDEX; Schema: public; Owner: postgres
--

CREATE INDEX idx_blocks_internal_commands_internal_command_id ON public.blocks_internal_commands USING btree (internal_command_id);


--
-- Name: idx_blocks_internal_commands_secondary_sequence_no; Type: INDEX; Schema: public; Owner: postgres
--

CREATE INDEX idx_blocks_internal_commands_secondary_sequence_no ON public.blocks_internal_commands USING btree (secondary_sequence_no);


--
-- Name: idx_blocks_internal_commands_sequence_no; Type: INDEX; Schema: public; Owner: postgres
--

CREATE INDEX idx_blocks_internal_commands_sequence_no ON public.blocks_internal_commands USING btree (sequence_no);


--
-- Name: idx_blocks_parent_id; Type: INDEX; Schema: public; Owner: postgres
--

CREATE INDEX idx_blocks_parent_id ON public.blocks USING btree (parent_id);


--
-- Name: idx_blocks_user_commands_block_id; Type: INDEX; Schema: public; Owner: postgres
--

CREATE INDEX idx_blocks_user_commands_block_id ON public.blocks_user_commands USING btree (block_id);


--
-- Name: idx_blocks_user_commands_sequence_no; Type: INDEX; Schema: public; Owner: postgres
--

CREATE INDEX idx_blocks_user_commands_sequence_no ON public.blocks_user_commands USING btree (sequence_no);


--
-- Name: idx_blocks_user_commands_user_command_id; Type: INDEX; Schema: public; Owner: postgres
--

CREATE INDEX idx_blocks_user_commands_user_command_id ON public.blocks_user_commands USING btree (user_command_id);


--
-- Name: idx_blocks_zkapp_commands_block_id; Type: INDEX; Schema: public; Owner: postgres
--

CREATE INDEX idx_blocks_zkapp_commands_block_id ON public.blocks_zkapp_commands USING btree (block_id);


--
-- Name: idx_blocks_zkapp_commands_sequence_no; Type: INDEX; Schema: public; Owner: postgres
--

CREATE INDEX idx_blocks_zkapp_commands_sequence_no ON public.blocks_zkapp_commands USING btree (sequence_no);


--
-- Name: idx_blocks_zkapp_commands_zkapp_command_id; Type: INDEX; Schema: public; Owner: postgres
--

CREATE INDEX idx_blocks_zkapp_commands_zkapp_command_id ON public.blocks_zkapp_commands USING btree (zkapp_command_id);


--
-- Name: idx_chain_status; Type: INDEX; Schema: public; Owner: postgres
--

CREATE INDEX idx_chain_status ON public.blocks USING btree (chain_status);


--
-- Name: idx_token_symbols_value; Type: INDEX; Schema: public; Owner: postgres
--

CREATE INDEX idx_token_symbols_value ON public.token_symbols USING btree (value);


--
-- Name: idx_voting_for_value; Type: INDEX; Schema: public; Owner: postgres
--

CREATE INDEX idx_voting_for_value ON public.voting_for USING btree (value);


--
-- Name: idx_zkapp_events_element_ids; Type: INDEX; Schema: public; Owner: postgres
--

CREATE INDEX idx_zkapp_events_element_ids ON public.zkapp_events USING btree (element_ids);


--
-- Name: idx_zkapp_field_array_element_ids; Type: INDEX; Schema: public; Owner: postgres
--

CREATE INDEX idx_zkapp_field_array_element_ids ON public.zkapp_field_array USING btree (element_ids);


--
-- Name: account_identifiers account_identifiers_public_key_id_fkey; Type: FK CONSTRAINT; Schema: public; Owner: postgres
--

ALTER TABLE ONLY public.account_identifiers
    ADD CONSTRAINT account_identifiers_public_key_id_fkey FOREIGN KEY (public_key_id) REFERENCES public.public_keys(id) ON DELETE CASCADE;


--
-- Name: account_identifiers account_identifiers_token_id_fkey; Type: FK CONSTRAINT; Schema: public; Owner: postgres
--

ALTER TABLE ONLY public.account_identifiers
    ADD CONSTRAINT account_identifiers_token_id_fkey FOREIGN KEY (token_id) REFERENCES public.tokens(id) ON DELETE CASCADE;


--
-- Name: accounts_accessed accounts_accessed_account_identifier_id_fkey; Type: FK CONSTRAINT; Schema: public; Owner: postgres
--

ALTER TABLE ONLY public.accounts_accessed
    ADD CONSTRAINT accounts_accessed_account_identifier_id_fkey FOREIGN KEY (account_identifier_id) REFERENCES public.account_identifiers(id);


--
-- Name: accounts_accessed accounts_accessed_block_id_fkey; Type: FK CONSTRAINT; Schema: public; Owner: postgres
--

ALTER TABLE ONLY public.accounts_accessed
    ADD CONSTRAINT accounts_accessed_block_id_fkey FOREIGN KEY (block_id) REFERENCES public.blocks(id);


--
-- Name: accounts_accessed accounts_accessed_delegate_id_fkey; Type: FK CONSTRAINT; Schema: public; Owner: postgres
--

ALTER TABLE ONLY public.accounts_accessed
    ADD CONSTRAINT accounts_accessed_delegate_id_fkey FOREIGN KEY (delegate_id) REFERENCES public.public_keys(id);


--
-- Name: accounts_accessed accounts_accessed_permissions_id_fkey; Type: FK CONSTRAINT; Schema: public; Owner: postgres
--

ALTER TABLE ONLY public.accounts_accessed
    ADD CONSTRAINT accounts_accessed_permissions_id_fkey FOREIGN KEY (permissions_id) REFERENCES public.zkapp_permissions(id);


--
-- Name: accounts_accessed accounts_accessed_timing_id_fkey; Type: FK CONSTRAINT; Schema: public; Owner: postgres
--

ALTER TABLE ONLY public.accounts_accessed
    ADD CONSTRAINT accounts_accessed_timing_id_fkey FOREIGN KEY (timing_id) REFERENCES public.timing_info(id);


--
-- Name: accounts_accessed accounts_accessed_token_symbol_id_fkey; Type: FK CONSTRAINT; Schema: public; Owner: postgres
--

ALTER TABLE ONLY public.accounts_accessed
    ADD CONSTRAINT accounts_accessed_token_symbol_id_fkey FOREIGN KEY (token_symbol_id) REFERENCES public.token_symbols(id);


--
-- Name: accounts_accessed accounts_accessed_voting_for_id_fkey; Type: FK CONSTRAINT; Schema: public; Owner: postgres
--

ALTER TABLE ONLY public.accounts_accessed
    ADD CONSTRAINT accounts_accessed_voting_for_id_fkey FOREIGN KEY (voting_for_id) REFERENCES public.voting_for(id);


--
-- Name: accounts_accessed accounts_accessed_zkapp_id_fkey; Type: FK CONSTRAINT; Schema: public; Owner: postgres
--

ALTER TABLE ONLY public.accounts_accessed
    ADD CONSTRAINT accounts_accessed_zkapp_id_fkey FOREIGN KEY (zkapp_id) REFERENCES public.zkapp_accounts(id);


--
-- Name: accounts_created accounts_created_account_identifier_id_fkey; Type: FK CONSTRAINT; Schema: public; Owner: postgres
--

ALTER TABLE ONLY public.accounts_created
    ADD CONSTRAINT accounts_created_account_identifier_id_fkey FOREIGN KEY (account_identifier_id) REFERENCES public.account_identifiers(id);


--
-- Name: accounts_created accounts_created_block_id_fkey; Type: FK CONSTRAINT; Schema: public; Owner: postgres
--

ALTER TABLE ONLY public.accounts_created
    ADD CONSTRAINT accounts_created_block_id_fkey FOREIGN KEY (block_id) REFERENCES public.blocks(id);


--
-- Name: blocks blocks_block_winner_id_fkey; Type: FK CONSTRAINT; Schema: public; Owner: postgres
--

ALTER TABLE ONLY public.blocks
    ADD CONSTRAINT blocks_block_winner_id_fkey FOREIGN KEY (block_winner_id) REFERENCES public.public_keys(id);


--
-- Name: blocks blocks_creator_id_fkey; Type: FK CONSTRAINT; Schema: public; Owner: postgres
--

ALTER TABLE ONLY public.blocks
    ADD CONSTRAINT blocks_creator_id_fkey FOREIGN KEY (creator_id) REFERENCES public.public_keys(id);


--
-- Name: blocks_internal_commands blocks_internal_commands_block_id_fkey; Type: FK CONSTRAINT; Schema: public; Owner: postgres
--

ALTER TABLE ONLY public.blocks_internal_commands
    ADD CONSTRAINT blocks_internal_commands_block_id_fkey FOREIGN KEY (block_id) REFERENCES public.blocks(id) ON DELETE CASCADE;


--
-- Name: blocks_internal_commands blocks_internal_commands_internal_command_id_fkey; Type: FK CONSTRAINT; Schema: public; Owner: postgres
--

ALTER TABLE ONLY public.blocks_internal_commands
    ADD CONSTRAINT blocks_internal_commands_internal_command_id_fkey FOREIGN KEY (internal_command_id) REFERENCES public.internal_commands(id) ON DELETE CASCADE;


--
-- Name: blocks blocks_next_epoch_data_id_fkey; Type: FK CONSTRAINT; Schema: public; Owner: postgres
--

ALTER TABLE ONLY public.blocks
    ADD CONSTRAINT blocks_next_epoch_data_id_fkey FOREIGN KEY (next_epoch_data_id) REFERENCES public.epoch_data(id);


--
-- Name: blocks blocks_parent_id_fkey; Type: FK CONSTRAINT; Schema: public; Owner: postgres
--

ALTER TABLE ONLY public.blocks
    ADD CONSTRAINT blocks_parent_id_fkey FOREIGN KEY (parent_id) REFERENCES public.blocks(id);


--
-- Name: blocks blocks_proposed_protocol_version_id_fkey; Type: FK CONSTRAINT; Schema: public; Owner: postgres
--

ALTER TABLE ONLY public.blocks
    ADD CONSTRAINT blocks_proposed_protocol_version_id_fkey FOREIGN KEY (proposed_protocol_version_id) REFERENCES public.protocol_versions(id);


--
-- Name: blocks blocks_protocol_version_id_fkey; Type: FK CONSTRAINT; Schema: public; Owner: postgres
--

ALTER TABLE ONLY public.blocks
    ADD CONSTRAINT blocks_protocol_version_id_fkey FOREIGN KEY (protocol_version_id) REFERENCES public.protocol_versions(id);


--
-- Name: blocks blocks_snarked_ledger_hash_id_fkey; Type: FK CONSTRAINT; Schema: public; Owner: postgres
--

ALTER TABLE ONLY public.blocks
    ADD CONSTRAINT blocks_snarked_ledger_hash_id_fkey FOREIGN KEY (snarked_ledger_hash_id) REFERENCES public.snarked_ledger_hashes(id);


--
-- Name: blocks blocks_staking_epoch_data_id_fkey; Type: FK CONSTRAINT; Schema: public; Owner: postgres
--

ALTER TABLE ONLY public.blocks
    ADD CONSTRAINT blocks_staking_epoch_data_id_fkey FOREIGN KEY (staking_epoch_data_id) REFERENCES public.epoch_data(id);


--
-- Name: blocks_user_commands blocks_user_commands_block_id_fkey; Type: FK CONSTRAINT; Schema: public; Owner: postgres
--

ALTER TABLE ONLY public.blocks_user_commands
    ADD CONSTRAINT blocks_user_commands_block_id_fkey FOREIGN KEY (block_id) REFERENCES public.blocks(id) ON DELETE CASCADE;


--
-- Name: blocks_user_commands blocks_user_commands_user_command_id_fkey; Type: FK CONSTRAINT; Schema: public; Owner: postgres
--

ALTER TABLE ONLY public.blocks_user_commands
    ADD CONSTRAINT blocks_user_commands_user_command_id_fkey FOREIGN KEY (user_command_id) REFERENCES public.user_commands(id) ON DELETE CASCADE;


--
-- Name: blocks_zkapp_commands blocks_zkapp_commands_block_id_fkey; Type: FK CONSTRAINT; Schema: public; Owner: postgres
--

ALTER TABLE ONLY public.blocks_zkapp_commands
    ADD CONSTRAINT blocks_zkapp_commands_block_id_fkey FOREIGN KEY (block_id) REFERENCES public.blocks(id) ON DELETE CASCADE;


--
-- Name: blocks_zkapp_commands blocks_zkapp_commands_zkapp_command_id_fkey; Type: FK CONSTRAINT; Schema: public; Owner: postgres
--

ALTER TABLE ONLY public.blocks_zkapp_commands
    ADD CONSTRAINT blocks_zkapp_commands_zkapp_command_id_fkey FOREIGN KEY (zkapp_command_id) REFERENCES public.zkapp_commands(id) ON DELETE CASCADE;


--
-- Name: epoch_data epoch_data_ledger_hash_id_fkey; Type: FK CONSTRAINT; Schema: public; Owner: postgres
--

ALTER TABLE ONLY public.epoch_data
    ADD CONSTRAINT epoch_data_ledger_hash_id_fkey FOREIGN KEY (ledger_hash_id) REFERENCES public.snarked_ledger_hashes(id);


--
-- Name: internal_commands internal_commands_receiver_id_fkey; Type: FK CONSTRAINT; Schema: public; Owner: postgres
--

ALTER TABLE ONLY public.internal_commands
    ADD CONSTRAINT internal_commands_receiver_id_fkey FOREIGN KEY (receiver_id) REFERENCES public.public_keys(id);


--
-- Name: timing_info timing_info_account_identifier_id_fkey; Type: FK CONSTRAINT; Schema: public; Owner: postgres
--

ALTER TABLE ONLY public.timing_info
    ADD CONSTRAINT timing_info_account_identifier_id_fkey FOREIGN KEY (account_identifier_id) REFERENCES public.account_identifiers(id);


--
-- Name: tokens tokens_owner_public_key_id_fkey; Type: FK CONSTRAINT; Schema: public; Owner: postgres
--

ALTER TABLE ONLY public.tokens
    ADD CONSTRAINT tokens_owner_public_key_id_fkey FOREIGN KEY (owner_public_key_id) REFERENCES public.public_keys(id) ON DELETE CASCADE;


--
-- Name: tokens tokens_owner_token_id_fkey; Type: FK CONSTRAINT; Schema: public; Owner: postgres
--

ALTER TABLE ONLY public.tokens
    ADD CONSTRAINT tokens_owner_token_id_fkey FOREIGN KEY (owner_token_id) REFERENCES public.tokens(id);


--
-- Name: user_commands user_commands_fee_payer_id_fkey; Type: FK CONSTRAINT; Schema: public; Owner: postgres
--

ALTER TABLE ONLY public.user_commands
    ADD CONSTRAINT user_commands_fee_payer_id_fkey FOREIGN KEY (fee_payer_id) REFERENCES public.public_keys(id);


--
-- Name: user_commands user_commands_receiver_id_fkey; Type: FK CONSTRAINT; Schema: public; Owner: postgres
--

ALTER TABLE ONLY public.user_commands
    ADD CONSTRAINT user_commands_receiver_id_fkey FOREIGN KEY (receiver_id) REFERENCES public.public_keys(id);


--
-- Name: user_commands user_commands_source_id_fkey; Type: FK CONSTRAINT; Schema: public; Owner: postgres
--

ALTER TABLE ONLY public.user_commands
    ADD CONSTRAINT user_commands_source_id_fkey FOREIGN KEY (source_id) REFERENCES public.public_keys(id);


--
-- Name: zkapp_account_precondition zkapp_account_precondition_action_state_id_fkey; Type: FK CONSTRAINT; Schema: public; Owner: postgres
--

ALTER TABLE ONLY public.zkapp_account_precondition
    ADD CONSTRAINT zkapp_account_precondition_action_state_id_fkey FOREIGN KEY (action_state_id) REFERENCES public.zkapp_field(id);


--
-- Name: zkapp_account_precondition zkapp_account_precondition_balance_id_fkey; Type: FK CONSTRAINT; Schema: public; Owner: postgres
--

ALTER TABLE ONLY public.zkapp_account_precondition
    ADD CONSTRAINT zkapp_account_precondition_balance_id_fkey FOREIGN KEY (balance_id) REFERENCES public.zkapp_balance_bounds(id);


--
-- Name: zkapp_account_precondition zkapp_account_precondition_delegate_id_fkey; Type: FK CONSTRAINT; Schema: public; Owner: postgres
--

ALTER TABLE ONLY public.zkapp_account_precondition
    ADD CONSTRAINT zkapp_account_precondition_delegate_id_fkey FOREIGN KEY (delegate_id) REFERENCES public.public_keys(id);


--
-- Name: zkapp_account_precondition zkapp_account_precondition_nonce_id_fkey; Type: FK CONSTRAINT; Schema: public; Owner: postgres
--

ALTER TABLE ONLY public.zkapp_account_precondition
    ADD CONSTRAINT zkapp_account_precondition_nonce_id_fkey FOREIGN KEY (nonce_id) REFERENCES public.zkapp_nonce_bounds(id);


--
-- Name: zkapp_account_precondition zkapp_account_precondition_state_id_fkey; Type: FK CONSTRAINT; Schema: public; Owner: postgres
--

ALTER TABLE ONLY public.zkapp_account_precondition
    ADD CONSTRAINT zkapp_account_precondition_state_id_fkey FOREIGN KEY (state_id) REFERENCES public.zkapp_states_nullable(id);


--
-- Name: zkapp_account_update_body zkapp_account_update_body_account_identifier_id_fkey; Type: FK CONSTRAINT; Schema: public; Owner: postgres
--

ALTER TABLE ONLY public.zkapp_account_update_body
    ADD CONSTRAINT zkapp_account_update_body_account_identifier_id_fkey FOREIGN KEY (account_identifier_id) REFERENCES public.account_identifiers(id);


--
-- Name: zkapp_account_update_body zkapp_account_update_body_actions_id_fkey; Type: FK CONSTRAINT; Schema: public; Owner: postgres
--

ALTER TABLE ONLY public.zkapp_account_update_body
    ADD CONSTRAINT zkapp_account_update_body_actions_id_fkey FOREIGN KEY (actions_id) REFERENCES public.zkapp_events(id);


--
-- Name: zkapp_account_update_body zkapp_account_update_body_call_data_id_fkey; Type: FK CONSTRAINT; Schema: public; Owner: postgres
--

ALTER TABLE ONLY public.zkapp_account_update_body
    ADD CONSTRAINT zkapp_account_update_body_call_data_id_fkey FOREIGN KEY (call_data_id) REFERENCES public.zkapp_field(id);


--
-- Name: zkapp_account_update_body zkapp_account_update_body_events_id_fkey; Type: FK CONSTRAINT; Schema: public; Owner: postgres
--

ALTER TABLE ONLY public.zkapp_account_update_body
    ADD CONSTRAINT zkapp_account_update_body_events_id_fkey FOREIGN KEY (events_id) REFERENCES public.zkapp_events(id);


--
-- Name: zkapp_account_update zkapp_account_update_body_id_fkey; Type: FK CONSTRAINT; Schema: public; Owner: postgres
--

ALTER TABLE ONLY public.zkapp_account_update
    ADD CONSTRAINT zkapp_account_update_body_id_fkey FOREIGN KEY (body_id) REFERENCES public.zkapp_account_update_body(id);


--
-- Name: zkapp_account_update_body zkapp_account_update_body_update_id_fkey; Type: FK CONSTRAINT; Schema: public; Owner: postgres
--

ALTER TABLE ONLY public.zkapp_account_update_body
    ADD CONSTRAINT zkapp_account_update_body_update_id_fkey FOREIGN KEY (update_id) REFERENCES public.zkapp_updates(id);


--
-- Name: zkapp_account_update_body zkapp_account_update_body_verification_key_hash_id_fkey; Type: FK CONSTRAINT; Schema: public; Owner: postgres
--

ALTER TABLE ONLY public.zkapp_account_update_body
    ADD CONSTRAINT zkapp_account_update_body_verification_key_hash_id_fkey FOREIGN KEY (verification_key_hash_id) REFERENCES public.zkapp_verification_key_hashes(id);


--
-- Name: zkapp_account_update_body zkapp_account_update_body_zkapp_account_precondition_id_fkey; Type: FK CONSTRAINT; Schema: public; Owner: postgres
--

ALTER TABLE ONLY public.zkapp_account_update_body
    ADD CONSTRAINT zkapp_account_update_body_zkapp_account_precondition_id_fkey FOREIGN KEY (zkapp_account_precondition_id) REFERENCES public.zkapp_account_precondition(id);


--
-- Name: zkapp_account_update_body zkapp_account_update_body_zkapp_network_precondition_id_fkey; Type: FK CONSTRAINT; Schema: public; Owner: postgres
--

ALTER TABLE ONLY public.zkapp_account_update_body
    ADD CONSTRAINT zkapp_account_update_body_zkapp_network_precondition_id_fkey FOREIGN KEY (zkapp_network_precondition_id) REFERENCES public.zkapp_network_precondition(id);


--
-- Name: zkapp_account_update_body zkapp_account_update_body_zkapp_valid_while_precondition_i_fkey; Type: FK CONSTRAINT; Schema: public; Owner: postgres
--

ALTER TABLE ONLY public.zkapp_account_update_body
    ADD CONSTRAINT zkapp_account_update_body_zkapp_valid_while_precondition_i_fkey FOREIGN KEY (zkapp_valid_while_precondition_id) REFERENCES public.zkapp_global_slot_bounds(id);


--
-- Name: zkapp_accounts zkapp_accounts_action_state_id_fkey; Type: FK CONSTRAINT; Schema: public; Owner: postgres
--

ALTER TABLE ONLY public.zkapp_accounts
    ADD CONSTRAINT zkapp_accounts_action_state_id_fkey FOREIGN KEY (action_state_id) REFERENCES public.zkapp_action_states(id);


--
-- Name: zkapp_accounts zkapp_accounts_app_state_id_fkey; Type: FK CONSTRAINT; Schema: public; Owner: postgres
--

ALTER TABLE ONLY public.zkapp_accounts
    ADD CONSTRAINT zkapp_accounts_app_state_id_fkey FOREIGN KEY (app_state_id) REFERENCES public.zkapp_states(id);


--
-- Name: zkapp_accounts zkapp_accounts_verification_key_id_fkey; Type: FK CONSTRAINT; Schema: public; Owner: postgres
--

ALTER TABLE ONLY public.zkapp_accounts
    ADD CONSTRAINT zkapp_accounts_verification_key_id_fkey FOREIGN KEY (verification_key_id) REFERENCES public.zkapp_verification_keys(id);


--
-- Name: zkapp_accounts zkapp_accounts_zkapp_uri_id_fkey; Type: FK CONSTRAINT; Schema: public; Owner: postgres
--

ALTER TABLE ONLY public.zkapp_accounts
    ADD CONSTRAINT zkapp_accounts_zkapp_uri_id_fkey FOREIGN KEY (zkapp_uri_id) REFERENCES public.zkapp_uris(id);


--
-- Name: zkapp_action_states zkapp_action_states_element0_fkey; Type: FK CONSTRAINT; Schema: public; Owner: postgres
--

ALTER TABLE ONLY public.zkapp_action_states
    ADD CONSTRAINT zkapp_action_states_element0_fkey FOREIGN KEY (element0) REFERENCES public.zkapp_field(id);


--
-- Name: zkapp_action_states zkapp_action_states_element1_fkey; Type: FK CONSTRAINT; Schema: public; Owner: postgres
--

ALTER TABLE ONLY public.zkapp_action_states
    ADD CONSTRAINT zkapp_action_states_element1_fkey FOREIGN KEY (element1) REFERENCES public.zkapp_field(id);


--
-- Name: zkapp_action_states zkapp_action_states_element2_fkey; Type: FK CONSTRAINT; Schema: public; Owner: postgres
--

ALTER TABLE ONLY public.zkapp_action_states
    ADD CONSTRAINT zkapp_action_states_element2_fkey FOREIGN KEY (element2) REFERENCES public.zkapp_field(id);


--
-- Name: zkapp_action_states zkapp_action_states_element3_fkey; Type: FK CONSTRAINT; Schema: public; Owner: postgres
--

ALTER TABLE ONLY public.zkapp_action_states
    ADD CONSTRAINT zkapp_action_states_element3_fkey FOREIGN KEY (element3) REFERENCES public.zkapp_field(id);


--
-- Name: zkapp_action_states zkapp_action_states_element4_fkey; Type: FK CONSTRAINT; Schema: public; Owner: postgres
--

ALTER TABLE ONLY public.zkapp_action_states
    ADD CONSTRAINT zkapp_action_states_element4_fkey FOREIGN KEY (element4) REFERENCES public.zkapp_field(id);


--
-- Name: zkapp_commands zkapp_commands_zkapp_fee_payer_body_id_fkey; Type: FK CONSTRAINT; Schema: public; Owner: postgres
--

ALTER TABLE ONLY public.zkapp_commands
    ADD CONSTRAINT zkapp_commands_zkapp_fee_payer_body_id_fkey FOREIGN KEY (zkapp_fee_payer_body_id) REFERENCES public.zkapp_fee_payer_body(id);


--
-- Name: zkapp_epoch_data zkapp_epoch_data_epoch_ledger_id_fkey; Type: FK CONSTRAINT; Schema: public; Owner: postgres
--

ALTER TABLE ONLY public.zkapp_epoch_data
    ADD CONSTRAINT zkapp_epoch_data_epoch_ledger_id_fkey FOREIGN KEY (epoch_ledger_id) REFERENCES public.zkapp_epoch_ledger(id);


--
-- Name: zkapp_epoch_data zkapp_epoch_data_epoch_length_id_fkey; Type: FK CONSTRAINT; Schema: public; Owner: postgres
--

ALTER TABLE ONLY public.zkapp_epoch_data
    ADD CONSTRAINT zkapp_epoch_data_epoch_length_id_fkey FOREIGN KEY (epoch_length_id) REFERENCES public.zkapp_length_bounds(id);


--
-- Name: zkapp_epoch_ledger zkapp_epoch_ledger_hash_id_fkey; Type: FK CONSTRAINT; Schema: public; Owner: postgres
--

ALTER TABLE ONLY public.zkapp_epoch_ledger
    ADD CONSTRAINT zkapp_epoch_ledger_hash_id_fkey FOREIGN KEY (hash_id) REFERENCES public.snarked_ledger_hashes(id);


--
-- Name: zkapp_epoch_ledger zkapp_epoch_ledger_total_currency_id_fkey; Type: FK CONSTRAINT; Schema: public; Owner: postgres
--

ALTER TABLE ONLY public.zkapp_epoch_ledger
    ADD CONSTRAINT zkapp_epoch_ledger_total_currency_id_fkey FOREIGN KEY (total_currency_id) REFERENCES public.zkapp_amount_bounds(id);


--
-- Name: zkapp_fee_payer_body zkapp_fee_payer_body_public_key_id_fkey; Type: FK CONSTRAINT; Schema: public; Owner: postgres
--

ALTER TABLE ONLY public.zkapp_fee_payer_body
    ADD CONSTRAINT zkapp_fee_payer_body_public_key_id_fkey FOREIGN KEY (public_key_id) REFERENCES public.public_keys(id);


--
-- Name: zkapp_network_precondition zkapp_network_precondition_blockchain_length_id_fkey; Type: FK CONSTRAINT; Schema: public; Owner: postgres
--

ALTER TABLE ONLY public.zkapp_network_precondition
    ADD CONSTRAINT zkapp_network_precondition_blockchain_length_id_fkey FOREIGN KEY (blockchain_length_id) REFERENCES public.zkapp_length_bounds(id);


--
-- Name: zkapp_network_precondition zkapp_network_precondition_global_slot_since_genesis_fkey; Type: FK CONSTRAINT; Schema: public; Owner: postgres
--

ALTER TABLE ONLY public.zkapp_network_precondition
    ADD CONSTRAINT zkapp_network_precondition_global_slot_since_genesis_fkey FOREIGN KEY (global_slot_since_genesis) REFERENCES public.zkapp_global_slot_bounds(id);


--
-- Name: zkapp_network_precondition zkapp_network_precondition_min_window_density_id_fkey; Type: FK CONSTRAINT; Schema: public; Owner: postgres
--

ALTER TABLE ONLY public.zkapp_network_precondition
    ADD CONSTRAINT zkapp_network_precondition_min_window_density_id_fkey FOREIGN KEY (min_window_density_id) REFERENCES public.zkapp_length_bounds(id);


--
-- Name: zkapp_network_precondition zkapp_network_precondition_next_epoch_data_id_fkey; Type: FK CONSTRAINT; Schema: public; Owner: postgres
--

ALTER TABLE ONLY public.zkapp_network_precondition
    ADD CONSTRAINT zkapp_network_precondition_next_epoch_data_id_fkey FOREIGN KEY (next_epoch_data_id) REFERENCES public.zkapp_epoch_data(id);


--
-- Name: zkapp_network_precondition zkapp_network_precondition_snarked_ledger_hash_id_fkey; Type: FK CONSTRAINT; Schema: public; Owner: postgres
--

ALTER TABLE ONLY public.zkapp_network_precondition
    ADD CONSTRAINT zkapp_network_precondition_snarked_ledger_hash_id_fkey FOREIGN KEY (snarked_ledger_hash_id) REFERENCES public.snarked_ledger_hashes(id);


--
-- Name: zkapp_network_precondition zkapp_network_precondition_staking_epoch_data_id_fkey; Type: FK CONSTRAINT; Schema: public; Owner: postgres
--

ALTER TABLE ONLY public.zkapp_network_precondition
    ADD CONSTRAINT zkapp_network_precondition_staking_epoch_data_id_fkey FOREIGN KEY (staking_epoch_data_id) REFERENCES public.zkapp_epoch_data(id);


--
-- Name: zkapp_network_precondition zkapp_network_precondition_total_currency_id_fkey; Type: FK CONSTRAINT; Schema: public; Owner: postgres
--

ALTER TABLE ONLY public.zkapp_network_precondition
    ADD CONSTRAINT zkapp_network_precondition_total_currency_id_fkey FOREIGN KEY (total_currency_id) REFERENCES public.zkapp_amount_bounds(id);


--
-- Name: zkapp_states zkapp_states_element0_fkey; Type: FK CONSTRAINT; Schema: public; Owner: postgres
--

ALTER TABLE ONLY public.zkapp_states
    ADD CONSTRAINT zkapp_states_element0_fkey FOREIGN KEY (element0) REFERENCES public.zkapp_field(id);


--
-- Name: zkapp_states zkapp_states_element1_fkey; Type: FK CONSTRAINT; Schema: public; Owner: postgres
--

ALTER TABLE ONLY public.zkapp_states
    ADD CONSTRAINT zkapp_states_element1_fkey FOREIGN KEY (element1) REFERENCES public.zkapp_field(id);


--
-- Name: zkapp_states zkapp_states_element2_fkey; Type: FK CONSTRAINT; Schema: public; Owner: postgres
--

ALTER TABLE ONLY public.zkapp_states
    ADD CONSTRAINT zkapp_states_element2_fkey FOREIGN KEY (element2) REFERENCES public.zkapp_field(id);


--
-- Name: zkapp_states zkapp_states_element3_fkey; Type: FK CONSTRAINT; Schema: public; Owner: postgres
--

ALTER TABLE ONLY public.zkapp_states
    ADD CONSTRAINT zkapp_states_element3_fkey FOREIGN KEY (element3) REFERENCES public.zkapp_field(id);


--
-- Name: zkapp_states zkapp_states_element4_fkey; Type: FK CONSTRAINT; Schema: public; Owner: postgres
--

ALTER TABLE ONLY public.zkapp_states
    ADD CONSTRAINT zkapp_states_element4_fkey FOREIGN KEY (element4) REFERENCES public.zkapp_field(id);


--
-- Name: zkapp_states zkapp_states_element5_fkey; Type: FK CONSTRAINT; Schema: public; Owner: postgres
--

ALTER TABLE ONLY public.zkapp_states
    ADD CONSTRAINT zkapp_states_element5_fkey FOREIGN KEY (element5) REFERENCES public.zkapp_field(id);


--
-- Name: zkapp_states zkapp_states_element6_fkey; Type: FK CONSTRAINT; Schema: public; Owner: postgres
--

ALTER TABLE ONLY public.zkapp_states
    ADD CONSTRAINT zkapp_states_element6_fkey FOREIGN KEY (element6) REFERENCES public.zkapp_field(id);


--
-- Name: zkapp_states zkapp_states_element7_fkey; Type: FK CONSTRAINT; Schema: public; Owner: postgres
--

ALTER TABLE ONLY public.zkapp_states
    ADD CONSTRAINT zkapp_states_element7_fkey FOREIGN KEY (element7) REFERENCES public.zkapp_field(id);


--
-- Name: zkapp_states_nullable zkapp_states_nullable_element0_fkey; Type: FK CONSTRAINT; Schema: public; Owner: postgres
--

ALTER TABLE ONLY public.zkapp_states_nullable
    ADD CONSTRAINT zkapp_states_nullable_element0_fkey FOREIGN KEY (element0) REFERENCES public.zkapp_field(id);


--
-- Name: zkapp_states_nullable zkapp_states_nullable_element1_fkey; Type: FK CONSTRAINT; Schema: public; Owner: postgres
--

ALTER TABLE ONLY public.zkapp_states_nullable
    ADD CONSTRAINT zkapp_states_nullable_element1_fkey FOREIGN KEY (element1) REFERENCES public.zkapp_field(id);


--
-- Name: zkapp_states_nullable zkapp_states_nullable_element2_fkey; Type: FK CONSTRAINT; Schema: public; Owner: postgres
--

ALTER TABLE ONLY public.zkapp_states_nullable
    ADD CONSTRAINT zkapp_states_nullable_element2_fkey FOREIGN KEY (element2) REFERENCES public.zkapp_field(id);


--
-- Name: zkapp_states_nullable zkapp_states_nullable_element3_fkey; Type: FK CONSTRAINT; Schema: public; Owner: postgres
--

ALTER TABLE ONLY public.zkapp_states_nullable
    ADD CONSTRAINT zkapp_states_nullable_element3_fkey FOREIGN KEY (element3) REFERENCES public.zkapp_field(id);


--
-- Name: zkapp_states_nullable zkapp_states_nullable_element4_fkey; Type: FK CONSTRAINT; Schema: public; Owner: postgres
--

ALTER TABLE ONLY public.zkapp_states_nullable
    ADD CONSTRAINT zkapp_states_nullable_element4_fkey FOREIGN KEY (element4) REFERENCES public.zkapp_field(id);


--
-- Name: zkapp_states_nullable zkapp_states_nullable_element5_fkey; Type: FK CONSTRAINT; Schema: public; Owner: postgres
--

ALTER TABLE ONLY public.zkapp_states_nullable
    ADD CONSTRAINT zkapp_states_nullable_element5_fkey FOREIGN KEY (element5) REFERENCES public.zkapp_field(id);


--
-- Name: zkapp_states_nullable zkapp_states_nullable_element6_fkey; Type: FK CONSTRAINT; Schema: public; Owner: postgres
--

ALTER TABLE ONLY public.zkapp_states_nullable
    ADD CONSTRAINT zkapp_states_nullable_element6_fkey FOREIGN KEY (element6) REFERENCES public.zkapp_field(id);


--
-- Name: zkapp_states_nullable zkapp_states_nullable_element7_fkey; Type: FK CONSTRAINT; Schema: public; Owner: postgres
--

ALTER TABLE ONLY public.zkapp_states_nullable
    ADD CONSTRAINT zkapp_states_nullable_element7_fkey FOREIGN KEY (element7) REFERENCES public.zkapp_field(id);


--
-- Name: zkapp_updates zkapp_updates_app_state_id_fkey; Type: FK CONSTRAINT; Schema: public; Owner: postgres
--

ALTER TABLE ONLY public.zkapp_updates
    ADD CONSTRAINT zkapp_updates_app_state_id_fkey FOREIGN KEY (app_state_id) REFERENCES public.zkapp_states_nullable(id);


--
-- Name: zkapp_updates zkapp_updates_delegate_id_fkey; Type: FK CONSTRAINT; Schema: public; Owner: postgres
--

ALTER TABLE ONLY public.zkapp_updates
    ADD CONSTRAINT zkapp_updates_delegate_id_fkey FOREIGN KEY (delegate_id) REFERENCES public.public_keys(id);


--
-- Name: zkapp_updates zkapp_updates_permissions_id_fkey; Type: FK CONSTRAINT; Schema: public; Owner: postgres
--

ALTER TABLE ONLY public.zkapp_updates
    ADD CONSTRAINT zkapp_updates_permissions_id_fkey FOREIGN KEY (permissions_id) REFERENCES public.zkapp_permissions(id);


--
-- Name: zkapp_updates zkapp_updates_timing_id_fkey; Type: FK CONSTRAINT; Schema: public; Owner: postgres
--

ALTER TABLE ONLY public.zkapp_updates
    ADD CONSTRAINT zkapp_updates_timing_id_fkey FOREIGN KEY (timing_id) REFERENCES public.zkapp_timing_info(id);


--
-- Name: zkapp_updates zkapp_updates_token_symbol_id_fkey; Type: FK CONSTRAINT; Schema: public; Owner: postgres
--

ALTER TABLE ONLY public.zkapp_updates
    ADD CONSTRAINT zkapp_updates_token_symbol_id_fkey FOREIGN KEY (token_symbol_id) REFERENCES public.token_symbols(id);


--
-- Name: zkapp_updates zkapp_updates_verification_key_id_fkey; Type: FK CONSTRAINT; Schema: public; Owner: postgres
--

ALTER TABLE ONLY public.zkapp_updates
    ADD CONSTRAINT zkapp_updates_verification_key_id_fkey FOREIGN KEY (verification_key_id) REFERENCES public.zkapp_verification_keys(id);


--
-- Name: zkapp_updates zkapp_updates_voting_for_id_fkey; Type: FK CONSTRAINT; Schema: public; Owner: postgres
--

ALTER TABLE ONLY public.zkapp_updates
    ADD CONSTRAINT zkapp_updates_voting_for_id_fkey FOREIGN KEY (voting_for_id) REFERENCES public.voting_for(id);


--
-- Name: zkapp_updates zkapp_updates_zkapp_uri_id_fkey; Type: FK CONSTRAINT; Schema: public; Owner: postgres
--

ALTER TABLE ONLY public.zkapp_updates
    ADD CONSTRAINT zkapp_updates_zkapp_uri_id_fkey FOREIGN KEY (zkapp_uri_id) REFERENCES public.zkapp_uris(id);


--
-- Name: zkapp_verification_keys zkapp_verification_keys_hash_id_fkey; Type: FK CONSTRAINT; Schema: public; Owner: postgres
--

ALTER TABLE ONLY public.zkapp_verification_keys
    ADD CONSTRAINT zkapp_verification_keys_hash_id_fkey FOREIGN KEY (hash_id) REFERENCES public.zkapp_verification_key_hashes(id);


--
-- Name: SCHEMA public; Type: ACL; Schema: -; Owner: postgres
--

REVOKE USAGE ON SCHEMA public FROM PUBLIC;
GRANT ALL ON SCHEMA public TO PUBLIC;


--
-- PostgreSQL database dump complete
--

