--
-- PostgreSQL database dump
--

-- Dumped from database version 14.18
-- Dumped by pg_dump version 16.8

SET statement_timeout = 0;
SET lock_timeout = 0;
SET idle_in_transaction_session_timeout = 0;
SET client_encoding = 'UTF8';
SET standard_conforming_strings = on;
SELECT pg_catalog.set_config('search_path', '', false);
SET check_function_bodies = false;
SET xmloption = content;
SET client_min_messages = warning;
SET row_security = off;

--
-- Name: public; Type: SCHEMA; Schema: -; Owner: postgres
--

-- *not* creating schema, since initdb creates it


ALTER SCHEMA public OWNER TO postgres;

--
-- Name: authorization_kind_type; Type: TYPE; Schema: public; Owner: postgres
--

CREATE TYPE public.authorization_kind_type AS ENUM (
    'None_given',
    'Signature',
    'Proof'
);


ALTER TYPE public.authorization_kind_type OWNER TO postgres;

--
-- Name: chain_status_type; Type: TYPE; Schema: public; Owner: postgres
--

CREATE TYPE public.chain_status_type AS ENUM (
    'canonical',
    'orphaned',
    'pending'
);


ALTER TYPE public.chain_status_type OWNER TO postgres;

--
-- Name: internal_command_type; Type: TYPE; Schema: public; Owner: postgres
--

CREATE TYPE public.internal_command_type AS ENUM (
    'fee_transfer_via_coinbase',
    'fee_transfer',
    'coinbase'
);


ALTER TYPE public.internal_command_type OWNER TO postgres;

--
-- Name: may_use_token; Type: TYPE; Schema: public; Owner: postgres
--

CREATE TYPE public.may_use_token AS ENUM (
    'No',
    'ParentsOwnToken',
    'InheritFromParent'
);


ALTER TYPE public.may_use_token OWNER TO postgres;

--
-- Name: transaction_status; Type: TYPE; Schema: public; Owner: postgres
--

CREATE TYPE public.transaction_status AS ENUM (
    'applied',
    'failed'
);


ALTER TYPE public.transaction_status OWNER TO postgres;

--
-- Name: user_command_type; Type: TYPE; Schema: public; Owner: postgres
--

CREATE TYPE public.user_command_type AS ENUM (
    'payment',
    'delegation'
);


ALTER TYPE public.user_command_type OWNER TO postgres;

--
-- Name: zkapp_auth_required_type; Type: TYPE; Schema: public; Owner: postgres
--

CREATE TYPE public.zkapp_auth_required_type AS ENUM (
    'none',
    'either',
    'proof',
    'signature',
    'both',
    'impossible'
);


ALTER TYPE public.zkapp_auth_required_type OWNER TO postgres;

SET default_tablespace = '';

SET default_table_access_method = heap;

--
-- Name: account_identifiers; Type: TABLE; Schema: public; Owner: postgres
--

CREATE TABLE public.account_identifiers (
    id integer NOT NULL,
    public_key_id integer NOT NULL,
    token_id integer NOT NULL
);


ALTER TABLE public.account_identifiers OWNER TO postgres;

--
-- Name: account_identifiers_id_seq; Type: SEQUENCE; Schema: public; Owner: postgres
--

CREATE SEQUENCE public.account_identifiers_id_seq
    AS integer
    START WITH 1
    INCREMENT BY 1
    NO MINVALUE
    NO MAXVALUE
    CACHE 1;


ALTER SEQUENCE public.account_identifiers_id_seq OWNER TO postgres;

--
-- Name: account_identifiers_id_seq; Type: SEQUENCE OWNED BY; Schema: public; Owner: postgres
--

ALTER SEQUENCE public.account_identifiers_id_seq OWNED BY public.account_identifiers.id;


--
-- Name: accounts_accessed; Type: TABLE; Schema: public; Owner: postgres
--

CREATE TABLE public.accounts_accessed (
    ledger_index integer NOT NULL,
    block_id integer NOT NULL,
    account_identifier_id integer NOT NULL,
    token_symbol_id integer NOT NULL,
    balance text NOT NULL,
    nonce bigint NOT NULL,
    receipt_chain_hash text NOT NULL,
    delegate_id integer,
    voting_for_id integer NOT NULL,
    timing_id integer,
    permissions_id integer NOT NULL,
    zkapp_id integer
);


ALTER TABLE public.accounts_accessed OWNER TO postgres;

--
-- Name: accounts_created; Type: TABLE; Schema: public; Owner: postgres
--

CREATE TABLE public.accounts_created (
    block_id integer NOT NULL,
    account_identifier_id integer NOT NULL,
    creation_fee text NOT NULL
);


ALTER TABLE public.accounts_created OWNER TO postgres;

--
-- Name: blocks; Type: TABLE; Schema: public; Owner: postgres
--

CREATE TABLE public.blocks (
    id integer NOT NULL,
    state_hash text NOT NULL,
    parent_id integer,
    parent_hash text NOT NULL,
    creator_id integer NOT NULL,
    block_winner_id integer NOT NULL,
    last_vrf_output text NOT NULL,
    snarked_ledger_hash_id integer NOT NULL,
    staking_epoch_data_id integer NOT NULL,
    next_epoch_data_id integer NOT NULL,
    min_window_density bigint NOT NULL,
    sub_window_densities bigint[] NOT NULL,
    total_currency text NOT NULL,
    ledger_hash text NOT NULL,
    height bigint NOT NULL,
    global_slot_since_hard_fork bigint NOT NULL,
    global_slot_since_genesis bigint NOT NULL,
    protocol_version_id integer NOT NULL,
    proposed_protocol_version_id integer,
    "timestamp" text NOT NULL,
    chain_status public.chain_status_type NOT NULL
);


ALTER TABLE public.blocks OWNER TO postgres;

--
-- Name: blocks_id_seq; Type: SEQUENCE; Schema: public; Owner: postgres
--

CREATE SEQUENCE public.blocks_id_seq
    AS integer
    START WITH 1
    INCREMENT BY 1
    NO MINVALUE
    NO MAXVALUE
    CACHE 1;


ALTER SEQUENCE public.blocks_id_seq OWNER TO postgres;

--
-- Name: blocks_id_seq; Type: SEQUENCE OWNED BY; Schema: public; Owner: postgres
--

ALTER SEQUENCE public.blocks_id_seq OWNED BY public.blocks.id;


--
-- Name: blocks_internal_commands; Type: TABLE; Schema: public; Owner: postgres
--

CREATE TABLE public.blocks_internal_commands (
    block_id integer NOT NULL,
    internal_command_id integer NOT NULL,
    sequence_no integer NOT NULL,
    secondary_sequence_no integer NOT NULL,
    status public.transaction_status NOT NULL,
    failure_reason text
);


ALTER TABLE public.blocks_internal_commands OWNER TO postgres;

--
-- Name: blocks_user_commands; Type: TABLE; Schema: public; Owner: postgres
--

CREATE TABLE public.blocks_user_commands (
    block_id integer NOT NULL,
    user_command_id integer NOT NULL,
    sequence_no integer NOT NULL,
    status public.transaction_status NOT NULL,
    failure_reason text
);


ALTER TABLE public.blocks_user_commands OWNER TO postgres;

--
-- Name: blocks_zkapp_commands; Type: TABLE; Schema: public; Owner: postgres
--

CREATE TABLE public.blocks_zkapp_commands (
    block_id integer NOT NULL,
    zkapp_command_id integer NOT NULL,
    sequence_no integer NOT NULL,
    status public.transaction_status NOT NULL,
    failure_reasons_ids integer[]
);


ALTER TABLE public.blocks_zkapp_commands OWNER TO postgres;

--
-- Name: epoch_data; Type: TABLE; Schema: public; Owner: postgres
--

CREATE TABLE public.epoch_data (
    id integer NOT NULL,
    seed text NOT NULL,
    ledger_hash_id integer NOT NULL,
    total_currency text NOT NULL,
    start_checkpoint text NOT NULL,
    lock_checkpoint text NOT NULL,
    epoch_length bigint NOT NULL
);


ALTER TABLE public.epoch_data OWNER TO postgres;

--
-- Name: epoch_data_id_seq; Type: SEQUENCE; Schema: public; Owner: postgres
--

CREATE SEQUENCE public.epoch_data_id_seq
    AS integer
    START WITH 1
    INCREMENT BY 1
    NO MINVALUE
    NO MAXVALUE
    CACHE 1;


ALTER SEQUENCE public.epoch_data_id_seq OWNER TO postgres;

--
-- Name: epoch_data_id_seq; Type: SEQUENCE OWNED BY; Schema: public; Owner: postgres
--

ALTER SEQUENCE public.epoch_data_id_seq OWNED BY public.epoch_data.id;


--
-- Name: internal_commands; Type: TABLE; Schema: public; Owner: postgres
--

CREATE TABLE public.internal_commands (
    id integer NOT NULL,
    command_type public.internal_command_type NOT NULL,
    receiver_id integer NOT NULL,
    fee text NOT NULL,
    hash text NOT NULL
);


ALTER TABLE public.internal_commands OWNER TO postgres;

--
-- Name: internal_commands_id_seq; Type: SEQUENCE; Schema: public; Owner: postgres
--

CREATE SEQUENCE public.internal_commands_id_seq
    AS integer
    START WITH 1
    INCREMENT BY 1
    NO MINVALUE
    NO MAXVALUE
    CACHE 1;


ALTER SEQUENCE public.internal_commands_id_seq OWNER TO postgres;

--
-- Name: internal_commands_id_seq; Type: SEQUENCE OWNED BY; Schema: public; Owner: postgres
--

ALTER SEQUENCE public.internal_commands_id_seq OWNED BY public.internal_commands.id;


--
-- Name: protocol_versions; Type: TABLE; Schema: public; Owner: postgres
--

CREATE TABLE public.protocol_versions (
    id integer NOT NULL,
    transaction integer NOT NULL,
    network integer NOT NULL,
    patch integer NOT NULL
);


ALTER TABLE public.protocol_versions OWNER TO postgres;

--
-- Name: protocol_versions_id_seq; Type: SEQUENCE; Schema: public; Owner: postgres
--

CREATE SEQUENCE public.protocol_versions_id_seq
    AS integer
    START WITH 1
    INCREMENT BY 1
    NO MINVALUE
    NO MAXVALUE
    CACHE 1;


ALTER SEQUENCE public.protocol_versions_id_seq OWNER TO postgres;

--
-- Name: protocol_versions_id_seq; Type: SEQUENCE OWNED BY; Schema: public; Owner: postgres
--

ALTER SEQUENCE public.protocol_versions_id_seq OWNED BY public.protocol_versions.id;


--
-- Name: public_keys; Type: TABLE; Schema: public; Owner: postgres
--

CREATE TABLE public.public_keys (
    id integer NOT NULL,
    value text NOT NULL
);


ALTER TABLE public.public_keys OWNER TO postgres;

--
-- Name: public_keys_id_seq; Type: SEQUENCE; Schema: public; Owner: postgres
--

CREATE SEQUENCE public.public_keys_id_seq
    AS integer
    START WITH 1
    INCREMENT BY 1
    NO MINVALUE
    NO MAXVALUE
    CACHE 1;


ALTER SEQUENCE public.public_keys_id_seq OWNER TO postgres;

--
-- Name: public_keys_id_seq; Type: SEQUENCE OWNED BY; Schema: public; Owner: postgres
--

ALTER SEQUENCE public.public_keys_id_seq OWNED BY public.public_keys.id;


--
-- Name: snarked_ledger_hashes; Type: TABLE; Schema: public; Owner: postgres
--

CREATE TABLE public.snarked_ledger_hashes (
    id integer NOT NULL,
    value text NOT NULL
);


ALTER TABLE public.snarked_ledger_hashes OWNER TO postgres;

--
-- Name: snarked_ledger_hashes_id_seq; Type: SEQUENCE; Schema: public; Owner: postgres
--

CREATE SEQUENCE public.snarked_ledger_hashes_id_seq
    AS integer
    START WITH 1
    INCREMENT BY 1
    NO MINVALUE
    NO MAXVALUE
    CACHE 1;


ALTER SEQUENCE public.snarked_ledger_hashes_id_seq OWNER TO postgres;

--
-- Name: snarked_ledger_hashes_id_seq; Type: SEQUENCE OWNED BY; Schema: public; Owner: postgres
--

ALTER SEQUENCE public.snarked_ledger_hashes_id_seq OWNED BY public.snarked_ledger_hashes.id;


--
-- Name: timing_info; Type: TABLE; Schema: public; Owner: postgres
--

CREATE TABLE public.timing_info (
    id integer NOT NULL,
    account_identifier_id integer NOT NULL,
    initial_minimum_balance text NOT NULL,
    cliff_time bigint NOT NULL,
    cliff_amount text NOT NULL,
    vesting_period bigint NOT NULL,
    vesting_increment text NOT NULL
);


ALTER TABLE public.timing_info OWNER TO postgres;

--
-- Name: timing_info_id_seq; Type: SEQUENCE; Schema: public; Owner: postgres
--

CREATE SEQUENCE public.timing_info_id_seq
    AS integer
    START WITH 1
    INCREMENT BY 1
    NO MINVALUE
    NO MAXVALUE
    CACHE 1;


ALTER SEQUENCE public.timing_info_id_seq OWNER TO postgres;

--
-- Name: timing_info_id_seq; Type: SEQUENCE OWNED BY; Schema: public; Owner: postgres
--

ALTER SEQUENCE public.timing_info_id_seq OWNED BY public.timing_info.id;


--
-- Name: token_symbols; Type: TABLE; Schema: public; Owner: postgres
--

CREATE TABLE public.token_symbols (
    id integer NOT NULL,
    value text NOT NULL
);


ALTER TABLE public.token_symbols OWNER TO postgres;

--
-- Name: token_symbols_id_seq; Type: SEQUENCE; Schema: public; Owner: postgres
--

CREATE SEQUENCE public.token_symbols_id_seq
    AS integer
    START WITH 1
    INCREMENT BY 1
    NO MINVALUE
    NO MAXVALUE
    CACHE 1;


ALTER SEQUENCE public.token_symbols_id_seq OWNER TO postgres;

--
-- Name: token_symbols_id_seq; Type: SEQUENCE OWNED BY; Schema: public; Owner: postgres
--

ALTER SEQUENCE public.token_symbols_id_seq OWNED BY public.token_symbols.id;


--
-- Name: tokens; Type: TABLE; Schema: public; Owner: postgres
--

CREATE TABLE public.tokens (
    id integer NOT NULL,
    value text NOT NULL,
    owner_public_key_id integer,
    owner_token_id integer
);


ALTER TABLE public.tokens OWNER TO postgres;

--
-- Name: tokens_id_seq; Type: SEQUENCE; Schema: public; Owner: postgres
--

CREATE SEQUENCE public.tokens_id_seq
    AS integer
    START WITH 1
    INCREMENT BY 1
    NO MINVALUE
    NO MAXVALUE
    CACHE 1;


ALTER SEQUENCE public.tokens_id_seq OWNER TO postgres;

--
-- Name: tokens_id_seq; Type: SEQUENCE OWNED BY; Schema: public; Owner: postgres
--

ALTER SEQUENCE public.tokens_id_seq OWNED BY public.tokens.id;


--
-- Name: user_commands; Type: TABLE; Schema: public; Owner: postgres
--

CREATE TABLE public.user_commands (
    id integer NOT NULL,
    command_type public.user_command_type NOT NULL,
    fee_payer_id integer NOT NULL,
    source_id integer NOT NULL,
    receiver_id integer NOT NULL,
    nonce bigint NOT NULL,
    amount text,
    fee text NOT NULL,
    valid_until bigint,
    memo text NOT NULL,
    hash text NOT NULL
);


ALTER TABLE public.user_commands OWNER TO postgres;

--
-- Name: user_commands_id_seq; Type: SEQUENCE; Schema: public; Owner: postgres
--

CREATE SEQUENCE public.user_commands_id_seq
    AS integer
    START WITH 1
    INCREMENT BY 1
    NO MINVALUE
    NO MAXVALUE
    CACHE 1;


ALTER SEQUENCE public.user_commands_id_seq OWNER TO postgres;

--
-- Name: user_commands_id_seq; Type: SEQUENCE OWNED BY; Schema: public; Owner: postgres
--

ALTER SEQUENCE public.user_commands_id_seq OWNED BY public.user_commands.id;


--
-- Name: voting_for; Type: TABLE; Schema: public; Owner: postgres
--

CREATE TABLE public.voting_for (
    id integer NOT NULL,
    value text NOT NULL
);


ALTER TABLE public.voting_for OWNER TO postgres;

--
-- Name: voting_for_id_seq; Type: SEQUENCE; Schema: public; Owner: postgres
--

CREATE SEQUENCE public.voting_for_id_seq
    AS integer
    START WITH 1
    INCREMENT BY 1
    NO MINVALUE
    NO MAXVALUE
    CACHE 1;


ALTER SEQUENCE public.voting_for_id_seq OWNER TO postgres;

--
-- Name: voting_for_id_seq; Type: SEQUENCE OWNED BY; Schema: public; Owner: postgres
--

ALTER SEQUENCE public.voting_for_id_seq OWNED BY public.voting_for.id;


--
-- Name: zkapp_account_precondition; Type: TABLE; Schema: public; Owner: postgres
--

CREATE TABLE public.zkapp_account_precondition (
    id integer NOT NULL,
    balance_id integer,
    nonce_id integer,
    receipt_chain_hash text,
    delegate_id integer,
    state_id integer NOT NULL,
    action_state_id integer,
    proved_state boolean,
    is_new boolean
);


ALTER TABLE public.zkapp_account_precondition OWNER TO postgres;

--
-- Name: zkapp_account_precondition_id_seq; Type: SEQUENCE; Schema: public; Owner: postgres
--

CREATE SEQUENCE public.zkapp_account_precondition_id_seq
    AS integer
    START WITH 1
    INCREMENT BY 1
    NO MINVALUE
    NO MAXVALUE
    CACHE 1;


ALTER SEQUENCE public.zkapp_account_precondition_id_seq OWNER TO postgres;

--
-- Name: zkapp_account_precondition_id_seq; Type: SEQUENCE OWNED BY; Schema: public; Owner: postgres
--

ALTER SEQUENCE public.zkapp_account_precondition_id_seq OWNED BY public.zkapp_account_precondition.id;


--
-- Name: zkapp_account_update; Type: TABLE; Schema: public; Owner: postgres
--

CREATE TABLE public.zkapp_account_update (
    id integer NOT NULL,
    body_id integer NOT NULL
);


ALTER TABLE public.zkapp_account_update OWNER TO postgres;

--
-- Name: zkapp_account_update_body; Type: TABLE; Schema: public; Owner: postgres
--

CREATE TABLE public.zkapp_account_update_body (
    id integer NOT NULL,
    account_identifier_id integer NOT NULL,
    update_id integer NOT NULL,
    balance_change text NOT NULL,
    increment_nonce boolean NOT NULL,
    events_id integer NOT NULL,
    actions_id integer NOT NULL,
    call_data_id integer NOT NULL,
    call_depth integer NOT NULL,
    zkapp_network_precondition_id integer NOT NULL,
    zkapp_account_precondition_id integer NOT NULL,
    zkapp_valid_while_precondition_id integer,
    use_full_commitment boolean NOT NULL,
    implicit_account_creation_fee boolean NOT NULL,
    may_use_token public.may_use_token NOT NULL,
    authorization_kind public.authorization_kind_type NOT NULL,
    verification_key_hash_id integer
);


ALTER TABLE public.zkapp_account_update_body OWNER TO postgres;

--
-- Name: zkapp_account_update_body_id_seq; Type: SEQUENCE; Schema: public; Owner: postgres
--

CREATE SEQUENCE public.zkapp_account_update_body_id_seq
    AS integer
    START WITH 1
    INCREMENT BY 1
    NO MINVALUE
    NO MAXVALUE
    CACHE 1;


ALTER SEQUENCE public.zkapp_account_update_body_id_seq OWNER TO postgres;

--
-- Name: zkapp_account_update_body_id_seq; Type: SEQUENCE OWNED BY; Schema: public; Owner: postgres
--

ALTER SEQUENCE public.zkapp_account_update_body_id_seq OWNED BY public.zkapp_account_update_body.id;


--
-- Name: zkapp_account_update_failures; Type: TABLE; Schema: public; Owner: postgres
--

CREATE TABLE public.zkapp_account_update_failures (
    id integer NOT NULL,
    index integer NOT NULL,
    failures text[] NOT NULL
);


ALTER TABLE public.zkapp_account_update_failures OWNER TO postgres;

--
-- Name: zkapp_account_update_failures_id_seq; Type: SEQUENCE; Schema: public; Owner: postgres
--

CREATE SEQUENCE public.zkapp_account_update_failures_id_seq
    AS integer
    START WITH 1
    INCREMENT BY 1
    NO MINVALUE
    NO MAXVALUE
    CACHE 1;


ALTER SEQUENCE public.zkapp_account_update_failures_id_seq OWNER TO postgres;

--
-- Name: zkapp_account_update_failures_id_seq; Type: SEQUENCE OWNED BY; Schema: public; Owner: postgres
--

ALTER SEQUENCE public.zkapp_account_update_failures_id_seq OWNED BY public.zkapp_account_update_failures.id;


--
-- Name: zkapp_account_update_id_seq; Type: SEQUENCE; Schema: public; Owner: postgres
--

CREATE SEQUENCE public.zkapp_account_update_id_seq
    AS integer
    START WITH 1
    INCREMENT BY 1
    NO MINVALUE
    NO MAXVALUE
    CACHE 1;


ALTER SEQUENCE public.zkapp_account_update_id_seq OWNER TO postgres;

--
-- Name: zkapp_account_update_id_seq; Type: SEQUENCE OWNED BY; Schema: public; Owner: postgres
--

ALTER SEQUENCE public.zkapp_account_update_id_seq OWNED BY public.zkapp_account_update.id;


--
-- Name: zkapp_accounts; Type: TABLE; Schema: public; Owner: postgres
--

CREATE TABLE public.zkapp_accounts (
    id integer NOT NULL,
    app_state_id integer NOT NULL,
    verification_key_id integer,
    zkapp_version bigint NOT NULL,
    action_state_id integer NOT NULL,
    last_action_slot bigint NOT NULL,
    proved_state boolean NOT NULL,
    zkapp_uri_id integer NOT NULL
);


ALTER TABLE public.zkapp_accounts OWNER TO postgres;

--
-- Name: zkapp_accounts_id_seq; Type: SEQUENCE; Schema: public; Owner: postgres
--

CREATE SEQUENCE public.zkapp_accounts_id_seq
    AS integer
    START WITH 1
    INCREMENT BY 1
    NO MINVALUE
    NO MAXVALUE
    CACHE 1;


ALTER SEQUENCE public.zkapp_accounts_id_seq OWNER TO postgres;

--
-- Name: zkapp_accounts_id_seq; Type: SEQUENCE OWNED BY; Schema: public; Owner: postgres
--

ALTER SEQUENCE public.zkapp_accounts_id_seq OWNED BY public.zkapp_accounts.id;


--
-- Name: zkapp_action_states; Type: TABLE; Schema: public; Owner: postgres
--

CREATE TABLE public.zkapp_action_states (
    id integer NOT NULL,
    element0 integer NOT NULL,
    element1 integer NOT NULL,
    element2 integer NOT NULL,
    element3 integer NOT NULL,
    element4 integer NOT NULL
);


ALTER TABLE public.zkapp_action_states OWNER TO postgres;

--
-- Name: zkapp_action_states_id_seq; Type: SEQUENCE; Schema: public; Owner: postgres
--

CREATE SEQUENCE public.zkapp_action_states_id_seq
    AS integer
    START WITH 1
    INCREMENT BY 1
    NO MINVALUE
    NO MAXVALUE
    CACHE 1;


ALTER SEQUENCE public.zkapp_action_states_id_seq OWNER TO postgres;

--
-- Name: zkapp_action_states_id_seq; Type: SEQUENCE OWNED BY; Schema: public; Owner: postgres
--

ALTER SEQUENCE public.zkapp_action_states_id_seq OWNED BY public.zkapp_action_states.id;


--
-- Name: zkapp_amount_bounds; Type: TABLE; Schema: public; Owner: postgres
--

CREATE TABLE public.zkapp_amount_bounds (
    id integer NOT NULL,
    amount_lower_bound text NOT NULL,
    amount_upper_bound text NOT NULL
);


ALTER TABLE public.zkapp_amount_bounds OWNER TO postgres;

--
-- Name: zkapp_amount_bounds_id_seq; Type: SEQUENCE; Schema: public; Owner: postgres
--

CREATE SEQUENCE public.zkapp_amount_bounds_id_seq
    AS integer
    START WITH 1
    INCREMENT BY 1
    NO MINVALUE
    NO MAXVALUE
    CACHE 1;


ALTER SEQUENCE public.zkapp_amount_bounds_id_seq OWNER TO postgres;

--
-- Name: zkapp_amount_bounds_id_seq; Type: SEQUENCE OWNED BY; Schema: public; Owner: postgres
--

ALTER SEQUENCE public.zkapp_amount_bounds_id_seq OWNED BY public.zkapp_amount_bounds.id;


--
-- Name: zkapp_balance_bounds; Type: TABLE; Schema: public; Owner: postgres
--

CREATE TABLE public.zkapp_balance_bounds (
    id integer NOT NULL,
    balance_lower_bound text NOT NULL,
    balance_upper_bound text NOT NULL
);


ALTER TABLE public.zkapp_balance_bounds OWNER TO postgres;

--
-- Name: zkapp_balance_bounds_id_seq; Type: SEQUENCE; Schema: public; Owner: postgres
--

CREATE SEQUENCE public.zkapp_balance_bounds_id_seq
    AS integer
    START WITH 1
    INCREMENT BY 1
    NO MINVALUE
    NO MAXVALUE
    CACHE 1;


ALTER SEQUENCE public.zkapp_balance_bounds_id_seq OWNER TO postgres;

--
-- Name: zkapp_balance_bounds_id_seq; Type: SEQUENCE OWNED BY; Schema: public; Owner: postgres
--

ALTER SEQUENCE public.zkapp_balance_bounds_id_seq OWNED BY public.zkapp_balance_bounds.id;


--
-- Name: zkapp_commands; Type: TABLE; Schema: public; Owner: postgres
--

CREATE TABLE public.zkapp_commands (
    id integer NOT NULL,
    zkapp_fee_payer_body_id integer NOT NULL,
    zkapp_account_updates_ids integer[] NOT NULL,
    memo text NOT NULL,
    hash text NOT NULL
);


ALTER TABLE public.zkapp_commands OWNER TO postgres;

--
-- Name: zkapp_commands_id_seq; Type: SEQUENCE; Schema: public; Owner: postgres
--

CREATE SEQUENCE public.zkapp_commands_id_seq
    AS integer
    START WITH 1
    INCREMENT BY 1
    NO MINVALUE
    NO MAXVALUE
    CACHE 1;


ALTER SEQUENCE public.zkapp_commands_id_seq OWNER TO postgres;

--
-- Name: zkapp_commands_id_seq; Type: SEQUENCE OWNED BY; Schema: public; Owner: postgres
--

ALTER SEQUENCE public.zkapp_commands_id_seq OWNED BY public.zkapp_commands.id;


--
-- Name: zkapp_epoch_data; Type: TABLE; Schema: public; Owner: postgres
--

CREATE TABLE public.zkapp_epoch_data (
    id integer NOT NULL,
    epoch_ledger_id integer,
    epoch_seed text,
    start_checkpoint text,
    lock_checkpoint text,
    epoch_length_id integer
);


ALTER TABLE public.zkapp_epoch_data OWNER TO postgres;

--
-- Name: zkapp_epoch_data_id_seq; Type: SEQUENCE; Schema: public; Owner: postgres
--

CREATE SEQUENCE public.zkapp_epoch_data_id_seq
    AS integer
    START WITH 1
    INCREMENT BY 1
    NO MINVALUE
    NO MAXVALUE
    CACHE 1;


ALTER SEQUENCE public.zkapp_epoch_data_id_seq OWNER TO postgres;

--
-- Name: zkapp_epoch_data_id_seq; Type: SEQUENCE OWNED BY; Schema: public; Owner: postgres
--

ALTER SEQUENCE public.zkapp_epoch_data_id_seq OWNED BY public.zkapp_epoch_data.id;


--
-- Name: zkapp_epoch_ledger; Type: TABLE; Schema: public; Owner: postgres
--

CREATE TABLE public.zkapp_epoch_ledger (
    id integer NOT NULL,
    hash_id integer,
    total_currency_id integer
);


ALTER TABLE public.zkapp_epoch_ledger OWNER TO postgres;

--
-- Name: zkapp_epoch_ledger_id_seq; Type: SEQUENCE; Schema: public; Owner: postgres
--

CREATE SEQUENCE public.zkapp_epoch_ledger_id_seq
    AS integer
    START WITH 1
    INCREMENT BY 1
    NO MINVALUE
    NO MAXVALUE
    CACHE 1;


ALTER SEQUENCE public.zkapp_epoch_ledger_id_seq OWNER TO postgres;

--
-- Name: zkapp_epoch_ledger_id_seq; Type: SEQUENCE OWNED BY; Schema: public; Owner: postgres
--

ALTER SEQUENCE public.zkapp_epoch_ledger_id_seq OWNED BY public.zkapp_epoch_ledger.id;


--
-- Name: zkapp_events; Type: TABLE; Schema: public; Owner: postgres
--

CREATE TABLE public.zkapp_events (
    id integer NOT NULL,
    element_ids integer[] NOT NULL
);


ALTER TABLE public.zkapp_events OWNER TO postgres;

--
-- Name: zkapp_events_id_seq; Type: SEQUENCE; Schema: public; Owner: postgres
--

CREATE SEQUENCE public.zkapp_events_id_seq
    AS integer
    START WITH 1
    INCREMENT BY 1
    NO MINVALUE
    NO MAXVALUE
    CACHE 1;


ALTER SEQUENCE public.zkapp_events_id_seq OWNER TO postgres;

--
-- Name: zkapp_events_id_seq; Type: SEQUENCE OWNED BY; Schema: public; Owner: postgres
--

ALTER SEQUENCE public.zkapp_events_id_seq OWNED BY public.zkapp_events.id;


--
-- Name: zkapp_fee_payer_body; Type: TABLE; Schema: public; Owner: postgres
--

CREATE TABLE public.zkapp_fee_payer_body (
    id integer NOT NULL,
    public_key_id integer NOT NULL,
    fee text NOT NULL,
    valid_until bigint,
    nonce bigint NOT NULL
);


ALTER TABLE public.zkapp_fee_payer_body OWNER TO postgres;

--
-- Name: zkapp_fee_payer_body_id_seq; Type: SEQUENCE; Schema: public; Owner: postgres
--

CREATE SEQUENCE public.zkapp_fee_payer_body_id_seq
    AS integer
    START WITH 1
    INCREMENT BY 1
    NO MINVALUE
    NO MAXVALUE
    CACHE 1;


ALTER SEQUENCE public.zkapp_fee_payer_body_id_seq OWNER TO postgres;

--
-- Name: zkapp_fee_payer_body_id_seq; Type: SEQUENCE OWNED BY; Schema: public; Owner: postgres
--

ALTER SEQUENCE public.zkapp_fee_payer_body_id_seq OWNED BY public.zkapp_fee_payer_body.id;


--
-- Name: zkapp_field; Type: TABLE; Schema: public; Owner: postgres
--

CREATE TABLE public.zkapp_field (
    id integer NOT NULL,
    field text NOT NULL
);


ALTER TABLE public.zkapp_field OWNER TO postgres;

--
-- Name: zkapp_field_array; Type: TABLE; Schema: public; Owner: postgres
--

CREATE TABLE public.zkapp_field_array (
    id integer NOT NULL,
    element_ids integer[] NOT NULL
);


ALTER TABLE public.zkapp_field_array OWNER TO postgres;

--
-- Name: zkapp_field_array_id_seq; Type: SEQUENCE; Schema: public; Owner: postgres
--

CREATE SEQUENCE public.zkapp_field_array_id_seq
    AS integer
    START WITH 1
    INCREMENT BY 1
    NO MINVALUE
    NO MAXVALUE
    CACHE 1;


ALTER SEQUENCE public.zkapp_field_array_id_seq OWNER TO postgres;

--
-- Name: zkapp_field_array_id_seq; Type: SEQUENCE OWNED BY; Schema: public; Owner: postgres
--

ALTER SEQUENCE public.zkapp_field_array_id_seq OWNED BY public.zkapp_field_array.id;


--
-- Name: zkapp_field_id_seq; Type: SEQUENCE; Schema: public; Owner: postgres
--

CREATE SEQUENCE public.zkapp_field_id_seq
    AS integer
    START WITH 1
    INCREMENT BY 1
    NO MINVALUE
    NO MAXVALUE
    CACHE 1;


ALTER SEQUENCE public.zkapp_field_id_seq OWNER TO postgres;

--
-- Name: zkapp_field_id_seq; Type: SEQUENCE OWNED BY; Schema: public; Owner: postgres
--

ALTER SEQUENCE public.zkapp_field_id_seq OWNED BY public.zkapp_field.id;


--
-- Name: zkapp_global_slot_bounds; Type: TABLE; Schema: public; Owner: postgres
--

CREATE TABLE public.zkapp_global_slot_bounds (
    id integer NOT NULL,
    global_slot_lower_bound bigint NOT NULL,
    global_slot_upper_bound bigint NOT NULL
);


ALTER TABLE public.zkapp_global_slot_bounds OWNER TO postgres;

--
-- Name: zkapp_global_slot_bounds_id_seq; Type: SEQUENCE; Schema: public; Owner: postgres
--

CREATE SEQUENCE public.zkapp_global_slot_bounds_id_seq
    AS integer
    START WITH 1
    INCREMENT BY 1
    NO MINVALUE
    NO MAXVALUE
    CACHE 1;


ALTER SEQUENCE public.zkapp_global_slot_bounds_id_seq OWNER TO postgres;

--
-- Name: zkapp_global_slot_bounds_id_seq; Type: SEQUENCE OWNED BY; Schema: public; Owner: postgres
--

ALTER SEQUENCE public.zkapp_global_slot_bounds_id_seq OWNED BY public.zkapp_global_slot_bounds.id;


--
-- Name: zkapp_length_bounds; Type: TABLE; Schema: public; Owner: postgres
--

CREATE TABLE public.zkapp_length_bounds (
    id integer NOT NULL,
    length_lower_bound bigint NOT NULL,
    length_upper_bound bigint NOT NULL
);


ALTER TABLE public.zkapp_length_bounds OWNER TO postgres;

--
-- Name: zkapp_length_bounds_id_seq; Type: SEQUENCE; Schema: public; Owner: postgres
--

CREATE SEQUENCE public.zkapp_length_bounds_id_seq
    AS integer
    START WITH 1
    INCREMENT BY 1
    NO MINVALUE
    NO MAXVALUE
    CACHE 1;


ALTER SEQUENCE public.zkapp_length_bounds_id_seq OWNER TO postgres;

--
-- Name: zkapp_length_bounds_id_seq; Type: SEQUENCE OWNED BY; Schema: public; Owner: postgres
--

ALTER SEQUENCE public.zkapp_length_bounds_id_seq OWNED BY public.zkapp_length_bounds.id;


--
-- Name: zkapp_network_precondition; Type: TABLE; Schema: public; Owner: postgres
--

CREATE TABLE public.zkapp_network_precondition (
    id integer NOT NULL,
    snarked_ledger_hash_id integer,
    blockchain_length_id integer,
    min_window_density_id integer,
    total_currency_id integer,
    global_slot_since_genesis integer,
    staking_epoch_data_id integer,
    next_epoch_data_id integer
);


ALTER TABLE public.zkapp_network_precondition OWNER TO postgres;

--
-- Name: zkapp_network_precondition_id_seq; Type: SEQUENCE; Schema: public; Owner: postgres
--

CREATE SEQUENCE public.zkapp_network_precondition_id_seq
    AS integer
    START WITH 1
    INCREMENT BY 1
    NO MINVALUE
    NO MAXVALUE
    CACHE 1;


ALTER SEQUENCE public.zkapp_network_precondition_id_seq OWNER TO postgres;

--
-- Name: zkapp_network_precondition_id_seq; Type: SEQUENCE OWNED BY; Schema: public; Owner: postgres
--

ALTER SEQUENCE public.zkapp_network_precondition_id_seq OWNED BY public.zkapp_network_precondition.id;


--
-- Name: zkapp_nonce_bounds; Type: TABLE; Schema: public; Owner: postgres
--

CREATE TABLE public.zkapp_nonce_bounds (
    id integer NOT NULL,
    nonce_lower_bound bigint NOT NULL,
    nonce_upper_bound bigint NOT NULL
);


ALTER TABLE public.zkapp_nonce_bounds OWNER TO postgres;

--
-- Name: zkapp_nonce_bounds_id_seq; Type: SEQUENCE; Schema: public; Owner: postgres
--

CREATE SEQUENCE public.zkapp_nonce_bounds_id_seq
    AS integer
    START WITH 1
    INCREMENT BY 1
    NO MINVALUE
    NO MAXVALUE
    CACHE 1;


ALTER SEQUENCE public.zkapp_nonce_bounds_id_seq OWNER TO postgres;

--
-- Name: zkapp_nonce_bounds_id_seq; Type: SEQUENCE OWNED BY; Schema: public; Owner: postgres
--

ALTER SEQUENCE public.zkapp_nonce_bounds_id_seq OWNED BY public.zkapp_nonce_bounds.id;


--
-- Name: zkapp_permissions; Type: TABLE; Schema: public; Owner: postgres
--

CREATE TABLE public.zkapp_permissions (
    id integer NOT NULL,
    edit_state public.zkapp_auth_required_type NOT NULL,
    send public.zkapp_auth_required_type NOT NULL,
    receive public.zkapp_auth_required_type NOT NULL,
    access public.zkapp_auth_required_type NOT NULL,
    set_delegate public.zkapp_auth_required_type NOT NULL,
    set_permissions public.zkapp_auth_required_type NOT NULL,
    set_verification_key_auth public.zkapp_auth_required_type NOT NULL,
    set_verification_key_txn_version integer NOT NULL,
    set_zkapp_uri public.zkapp_auth_required_type NOT NULL,
    edit_action_state public.zkapp_auth_required_type NOT NULL,
    set_token_symbol public.zkapp_auth_required_type NOT NULL,
    increment_nonce public.zkapp_auth_required_type NOT NULL,
    set_voting_for public.zkapp_auth_required_type NOT NULL,
    set_timing public.zkapp_auth_required_type NOT NULL
);


ALTER TABLE public.zkapp_permissions OWNER TO postgres;

--
-- Name: zkapp_permissions_id_seq; Type: SEQUENCE; Schema: public; Owner: postgres
--

CREATE SEQUENCE public.zkapp_permissions_id_seq
    AS integer
    START WITH 1
    INCREMENT BY 1
    NO MINVALUE
    NO MAXVALUE
    CACHE 1;


ALTER SEQUENCE public.zkapp_permissions_id_seq OWNER TO postgres;

--
-- Name: zkapp_permissions_id_seq; Type: SEQUENCE OWNED BY; Schema: public; Owner: postgres
--

ALTER SEQUENCE public.zkapp_permissions_id_seq OWNED BY public.zkapp_permissions.id;


--
-- Name: zkapp_states; Type: TABLE; Schema: public; Owner: postgres
--

CREATE TABLE public.zkapp_states (
    id integer NOT NULL,
    element0 integer NOT NULL,
    element1 integer NOT NULL,
    element2 integer NOT NULL,
    element3 integer NOT NULL,
    element4 integer NOT NULL,
    element5 integer NOT NULL,
    element6 integer NOT NULL,
    element7 integer NOT NULL,
    element8 integer NOT NULL,
    element9 integer NOT NULL,
    element10 integer NOT NULL,
    element11 integer NOT NULL,
    element12 integer NOT NULL,
    element13 integer NOT NULL,
    element14 integer NOT NULL,
    element15 integer NOT NULL,
    element16 integer NOT NULL,
    element17 integer NOT NULL,
    element18 integer NOT NULL,
    element19 integer NOT NULL,
    element20 integer NOT NULL,
    element21 integer NOT NULL,
    element22 integer NOT NULL,
    element23 integer NOT NULL,
    element24 integer NOT NULL,
    element25 integer NOT NULL,
    element26 integer NOT NULL,
    element27 integer NOT NULL,
    element28 integer NOT NULL,
    element29 integer NOT NULL,
    element30 integer NOT NULL,
    element31 integer NOT NULL
);


ALTER TABLE public.zkapp_states OWNER TO postgres;

--
-- Name: zkapp_states_id_seq; Type: SEQUENCE; Schema: public; Owner: postgres
--

CREATE SEQUENCE public.zkapp_states_id_seq
    AS integer
    START WITH 1
    INCREMENT BY 1
    NO MINVALUE
    NO MAXVALUE
    CACHE 1;


ALTER SEQUENCE public.zkapp_states_id_seq OWNER TO postgres;

--
-- Name: zkapp_states_id_seq; Type: SEQUENCE OWNED BY; Schema: public; Owner: postgres
--

ALTER SEQUENCE public.zkapp_states_id_seq OWNED BY public.zkapp_states.id;


--
-- Name: zkapp_states_nullable; Type: TABLE; Schema: public; Owner: postgres
--

CREATE TABLE public.zkapp_states_nullable (
    id integer NOT NULL,
    element0 integer,
    element1 integer,
    element2 integer,
    element3 integer,
    element4 integer,
    element5 integer,
    element6 integer,
    element7 integer,
    element8 integer,
    element9 integer,
    element10 integer,
    element11 integer,
    element12 integer,
    element13 integer,
    element14 integer,
    element15 integer,
    element16 integer,
    element17 integer,
    element18 integer,
    element19 integer,
    element20 integer,
    element21 integer,
    element22 integer,
    element23 integer,
    element24 integer,
    element25 integer,
    element26 integer,
    element27 integer,
    element28 integer,
    element29 integer,
    element30 integer,
    element31 integer
);


ALTER TABLE public.zkapp_states_nullable OWNER TO postgres;

--
-- Name: zkapp_states_nullable_id_seq; Type: SEQUENCE; Schema: public; Owner: postgres
--

CREATE SEQUENCE public.zkapp_states_nullable_id_seq
    AS integer
    START WITH 1
    INCREMENT BY 1
    NO MINVALUE
    NO MAXVALUE
    CACHE 1;


ALTER SEQUENCE public.zkapp_states_nullable_id_seq OWNER TO postgres;

--
-- Name: zkapp_states_nullable_id_seq; Type: SEQUENCE OWNED BY; Schema: public; Owner: postgres
--

ALTER SEQUENCE public.zkapp_states_nullable_id_seq OWNED BY public.zkapp_states_nullable.id;


--
-- Name: zkapp_timing_info; Type: TABLE; Schema: public; Owner: postgres
--

CREATE TABLE public.zkapp_timing_info (
    id integer NOT NULL,
    initial_minimum_balance text NOT NULL,
    cliff_time bigint NOT NULL,
    cliff_amount text NOT NULL,
    vesting_period bigint NOT NULL,
    vesting_increment text NOT NULL
);


ALTER TABLE public.zkapp_timing_info OWNER TO postgres;

--
-- Name: zkapp_timing_info_id_seq; Type: SEQUENCE; Schema: public; Owner: postgres
--

CREATE SEQUENCE public.zkapp_timing_info_id_seq
    AS integer
    START WITH 1
    INCREMENT BY 1
    NO MINVALUE
    NO MAXVALUE
    CACHE 1;


ALTER SEQUENCE public.zkapp_timing_info_id_seq OWNER TO postgres;

--
-- Name: zkapp_timing_info_id_seq; Type: SEQUENCE OWNED BY; Schema: public; Owner: postgres
--

ALTER SEQUENCE public.zkapp_timing_info_id_seq OWNED BY public.zkapp_timing_info.id;


--
-- Name: zkapp_token_id_bounds; Type: TABLE; Schema: public; Owner: postgres
--

CREATE TABLE public.zkapp_token_id_bounds (
    id integer NOT NULL,
    token_id_lower_bound text NOT NULL,
    token_id_upper_bound text NOT NULL
);


ALTER TABLE public.zkapp_token_id_bounds OWNER TO postgres;

--
-- Name: zkapp_token_id_bounds_id_seq; Type: SEQUENCE; Schema: public; Owner: postgres
--

CREATE SEQUENCE public.zkapp_token_id_bounds_id_seq
    AS integer
    START WITH 1
    INCREMENT BY 1
    NO MINVALUE
    NO MAXVALUE
    CACHE 1;


ALTER SEQUENCE public.zkapp_token_id_bounds_id_seq OWNER TO postgres;

--
-- Name: zkapp_token_id_bounds_id_seq; Type: SEQUENCE OWNED BY; Schema: public; Owner: postgres
--

ALTER SEQUENCE public.zkapp_token_id_bounds_id_seq OWNED BY public.zkapp_token_id_bounds.id;


--
-- Name: zkapp_updates; Type: TABLE; Schema: public; Owner: postgres
--

CREATE TABLE public.zkapp_updates (
    id integer NOT NULL,
    app_state_id integer NOT NULL,
    delegate_id integer,
    verification_key_id integer,
    permissions_id integer,
    zkapp_uri_id integer,
    token_symbol_id integer,
    timing_id integer,
    voting_for_id integer
);


ALTER TABLE public.zkapp_updates OWNER TO postgres;

--
-- Name: zkapp_updates_id_seq; Type: SEQUENCE; Schema: public; Owner: postgres
--

CREATE SEQUENCE public.zkapp_updates_id_seq
    AS integer
    START WITH 1
    INCREMENT BY 1
    NO MINVALUE
    NO MAXVALUE
    CACHE 1;


ALTER SEQUENCE public.zkapp_updates_id_seq OWNER TO postgres;

--
-- Name: zkapp_updates_id_seq; Type: SEQUENCE OWNED BY; Schema: public; Owner: postgres
--

ALTER SEQUENCE public.zkapp_updates_id_seq OWNED BY public.zkapp_updates.id;


--
-- Name: zkapp_uris; Type: TABLE; Schema: public; Owner: postgres
--

CREATE TABLE public.zkapp_uris (
    id integer NOT NULL,
    value text NOT NULL
);


ALTER TABLE public.zkapp_uris OWNER TO postgres;

--
-- Name: zkapp_uris_id_seq; Type: SEQUENCE; Schema: public; Owner: postgres
--

CREATE SEQUENCE public.zkapp_uris_id_seq
    AS integer
    START WITH 1
    INCREMENT BY 1
    NO MINVALUE
    NO MAXVALUE
    CACHE 1;


ALTER SEQUENCE public.zkapp_uris_id_seq OWNER TO postgres;

--
-- Name: zkapp_uris_id_seq; Type: SEQUENCE OWNED BY; Schema: public; Owner: postgres
--

ALTER SEQUENCE public.zkapp_uris_id_seq OWNED BY public.zkapp_uris.id;


--
-- Name: zkapp_verification_key_hashes; Type: TABLE; Schema: public; Owner: postgres
--

CREATE TABLE public.zkapp_verification_key_hashes (
    id integer NOT NULL,
    value text NOT NULL
);


ALTER TABLE public.zkapp_verification_key_hashes OWNER TO postgres;

--
-- Name: zkapp_verification_key_hashes_id_seq; Type: SEQUENCE; Schema: public; Owner: postgres
--

CREATE SEQUENCE public.zkapp_verification_key_hashes_id_seq
    AS integer
    START WITH 1
    INCREMENT BY 1
    NO MINVALUE
    NO MAXVALUE
    CACHE 1;


ALTER SEQUENCE public.zkapp_verification_key_hashes_id_seq OWNER TO postgres;

--
-- Name: zkapp_verification_key_hashes_id_seq; Type: SEQUENCE OWNED BY; Schema: public; Owner: postgres
--

ALTER SEQUENCE public.zkapp_verification_key_hashes_id_seq OWNED BY public.zkapp_verification_key_hashes.id;


--
-- Name: zkapp_verification_keys; Type: TABLE; Schema: public; Owner: postgres
--

CREATE TABLE public.zkapp_verification_keys (
    id integer NOT NULL,
    verification_key text NOT NULL,
    hash_id integer NOT NULL
);


ALTER TABLE public.zkapp_verification_keys OWNER TO postgres;

--
-- Name: zkapp_verification_keys_id_seq; Type: SEQUENCE; Schema: public; Owner: postgres
--

CREATE SEQUENCE public.zkapp_verification_keys_id_seq
    AS integer
    START WITH 1
    INCREMENT BY 1
    NO MINVALUE
    NO MAXVALUE
    CACHE 1;


ALTER SEQUENCE public.zkapp_verification_keys_id_seq OWNER TO postgres;

--
-- Name: zkapp_verification_keys_id_seq; Type: SEQUENCE OWNED BY; Schema: public; Owner: postgres
--

ALTER SEQUENCE public.zkapp_verification_keys_id_seq OWNED BY public.zkapp_verification_keys.id;


--
-- Name: account_identifiers id; Type: DEFAULT; Schema: public; Owner: postgres
--

ALTER TABLE ONLY public.account_identifiers ALTER COLUMN id SET DEFAULT nextval('public.account_identifiers_id_seq'::regclass);


--
-- Name: blocks id; Type: DEFAULT; Schema: public; Owner: postgres
--

ALTER TABLE ONLY public.blocks ALTER COLUMN id SET DEFAULT nextval('public.blocks_id_seq'::regclass);


--
-- Name: epoch_data id; Type: DEFAULT; Schema: public; Owner: postgres
--

ALTER TABLE ONLY public.epoch_data ALTER COLUMN id SET DEFAULT nextval('public.epoch_data_id_seq'::regclass);


--
-- Name: internal_commands id; Type: DEFAULT; Schema: public; Owner: postgres
--

ALTER TABLE ONLY public.internal_commands ALTER COLUMN id SET DEFAULT nextval('public.internal_commands_id_seq'::regclass);


--
-- Name: protocol_versions id; Type: DEFAULT; Schema: public; Owner: postgres
--

ALTER TABLE ONLY public.protocol_versions ALTER COLUMN id SET DEFAULT nextval('public.protocol_versions_id_seq'::regclass);


--
-- Name: public_keys id; Type: DEFAULT; Schema: public; Owner: postgres
--

ALTER TABLE ONLY public.public_keys ALTER COLUMN id SET DEFAULT nextval('public.public_keys_id_seq'::regclass);


--
-- Name: snarked_ledger_hashes id; Type: DEFAULT; Schema: public; Owner: postgres
--

ALTER TABLE ONLY public.snarked_ledger_hashes ALTER COLUMN id SET DEFAULT nextval('public.snarked_ledger_hashes_id_seq'::regclass);


--
-- Name: timing_info id; Type: DEFAULT; Schema: public; Owner: postgres
--

ALTER TABLE ONLY public.timing_info ALTER COLUMN id SET DEFAULT nextval('public.timing_info_id_seq'::regclass);


--
-- Name: token_symbols id; Type: DEFAULT; Schema: public; Owner: postgres
--

ALTER TABLE ONLY public.token_symbols ALTER COLUMN id SET DEFAULT nextval('public.token_symbols_id_seq'::regclass);


--
-- Name: tokens id; Type: DEFAULT; Schema: public; Owner: postgres
--

ALTER TABLE ONLY public.tokens ALTER COLUMN id SET DEFAULT nextval('public.tokens_id_seq'::regclass);


--
-- Name: user_commands id; Type: DEFAULT; Schema: public; Owner: postgres
--

ALTER TABLE ONLY public.user_commands ALTER COLUMN id SET DEFAULT nextval('public.user_commands_id_seq'::regclass);


--
-- Name: voting_for id; Type: DEFAULT; Schema: public; Owner: postgres
--

ALTER TABLE ONLY public.voting_for ALTER COLUMN id SET DEFAULT nextval('public.voting_for_id_seq'::regclass);


--
-- Name: zkapp_account_precondition id; Type: DEFAULT; Schema: public; Owner: postgres
--

ALTER TABLE ONLY public.zkapp_account_precondition ALTER COLUMN id SET DEFAULT nextval('public.zkapp_account_precondition_id_seq'::regclass);


--
-- Name: zkapp_account_update id; Type: DEFAULT; Schema: public; Owner: postgres
--

ALTER TABLE ONLY public.zkapp_account_update ALTER COLUMN id SET DEFAULT nextval('public.zkapp_account_update_id_seq'::regclass);


--
-- Name: zkapp_account_update_body id; Type: DEFAULT; Schema: public; Owner: postgres
--

ALTER TABLE ONLY public.zkapp_account_update_body ALTER COLUMN id SET DEFAULT nextval('public.zkapp_account_update_body_id_seq'::regclass);


--
-- Name: zkapp_account_update_failures id; Type: DEFAULT; Schema: public; Owner: postgres
--

ALTER TABLE ONLY public.zkapp_account_update_failures ALTER COLUMN id SET DEFAULT nextval('public.zkapp_account_update_failures_id_seq'::regclass);


--
-- Name: zkapp_accounts id; Type: DEFAULT; Schema: public; Owner: postgres
--

ALTER TABLE ONLY public.zkapp_accounts ALTER COLUMN id SET DEFAULT nextval('public.zkapp_accounts_id_seq'::regclass);


--
-- Name: zkapp_action_states id; Type: DEFAULT; Schema: public; Owner: postgres
--

ALTER TABLE ONLY public.zkapp_action_states ALTER COLUMN id SET DEFAULT nextval('public.zkapp_action_states_id_seq'::regclass);


--
-- Name: zkapp_amount_bounds id; Type: DEFAULT; Schema: public; Owner: postgres
--

ALTER TABLE ONLY public.zkapp_amount_bounds ALTER COLUMN id SET DEFAULT nextval('public.zkapp_amount_bounds_id_seq'::regclass);


--
-- Name: zkapp_balance_bounds id; Type: DEFAULT; Schema: public; Owner: postgres
--

ALTER TABLE ONLY public.zkapp_balance_bounds ALTER COLUMN id SET DEFAULT nextval('public.zkapp_balance_bounds_id_seq'::regclass);


--
-- Name: zkapp_commands id; Type: DEFAULT; Schema: public; Owner: postgres
--

ALTER TABLE ONLY public.zkapp_commands ALTER COLUMN id SET DEFAULT nextval('public.zkapp_commands_id_seq'::regclass);


--
-- Name: zkapp_epoch_data id; Type: DEFAULT; Schema: public; Owner: postgres
--

ALTER TABLE ONLY public.zkapp_epoch_data ALTER COLUMN id SET DEFAULT nextval('public.zkapp_epoch_data_id_seq'::regclass);


--
-- Name: zkapp_epoch_ledger id; Type: DEFAULT; Schema: public; Owner: postgres
--

ALTER TABLE ONLY public.zkapp_epoch_ledger ALTER COLUMN id SET DEFAULT nextval('public.zkapp_epoch_ledger_id_seq'::regclass);


--
-- Name: zkapp_events id; Type: DEFAULT; Schema: public; Owner: postgres
--

ALTER TABLE ONLY public.zkapp_events ALTER COLUMN id SET DEFAULT nextval('public.zkapp_events_id_seq'::regclass);


--
-- Name: zkapp_fee_payer_body id; Type: DEFAULT; Schema: public; Owner: postgres
--

ALTER TABLE ONLY public.zkapp_fee_payer_body ALTER COLUMN id SET DEFAULT nextval('public.zkapp_fee_payer_body_id_seq'::regclass);


--
-- Name: zkapp_field id; Type: DEFAULT; Schema: public; Owner: postgres
--

ALTER TABLE ONLY public.zkapp_field ALTER COLUMN id SET DEFAULT nextval('public.zkapp_field_id_seq'::regclass);


--
-- Name: zkapp_field_array id; Type: DEFAULT; Schema: public; Owner: postgres
--

ALTER TABLE ONLY public.zkapp_field_array ALTER COLUMN id SET DEFAULT nextval('public.zkapp_field_array_id_seq'::regclass);


--
-- Name: zkapp_global_slot_bounds id; Type: DEFAULT; Schema: public; Owner: postgres
--

ALTER TABLE ONLY public.zkapp_global_slot_bounds ALTER COLUMN id SET DEFAULT nextval('public.zkapp_global_slot_bounds_id_seq'::regclass);


--
-- Name: zkapp_length_bounds id; Type: DEFAULT; Schema: public; Owner: postgres
--

ALTER TABLE ONLY public.zkapp_length_bounds ALTER COLUMN id SET DEFAULT nextval('public.zkapp_length_bounds_id_seq'::regclass);


--
-- Name: zkapp_network_precondition id; Type: DEFAULT; Schema: public; Owner: postgres
--

ALTER TABLE ONLY public.zkapp_network_precondition ALTER COLUMN id SET DEFAULT nextval('public.zkapp_network_precondition_id_seq'::regclass);


--
-- Name: zkapp_nonce_bounds id; Type: DEFAULT; Schema: public; Owner: postgres
--

ALTER TABLE ONLY public.zkapp_nonce_bounds ALTER COLUMN id SET DEFAULT nextval('public.zkapp_nonce_bounds_id_seq'::regclass);


--
-- Name: zkapp_permissions id; Type: DEFAULT; Schema: public; Owner: postgres
--

ALTER TABLE ONLY public.zkapp_permissions ALTER COLUMN id SET DEFAULT nextval('public.zkapp_permissions_id_seq'::regclass);


--
-- Name: zkapp_states id; Type: DEFAULT; Schema: public; Owner: postgres
--

ALTER TABLE ONLY public.zkapp_states ALTER COLUMN id SET DEFAULT nextval('public.zkapp_states_id_seq'::regclass);


--
-- Name: zkapp_states_nullable id; Type: DEFAULT; Schema: public; Owner: postgres
--

ALTER TABLE ONLY public.zkapp_states_nullable ALTER COLUMN id SET DEFAULT nextval('public.zkapp_states_nullable_id_seq'::regclass);


--
-- Name: zkapp_timing_info id; Type: DEFAULT; Schema: public; Owner: postgres
--

ALTER TABLE ONLY public.zkapp_timing_info ALTER COLUMN id SET DEFAULT nextval('public.zkapp_timing_info_id_seq'::regclass);


--
-- Name: zkapp_token_id_bounds id; Type: DEFAULT; Schema: public; Owner: postgres
--

ALTER TABLE ONLY public.zkapp_token_id_bounds ALTER COLUMN id SET DEFAULT nextval('public.zkapp_token_id_bounds_id_seq'::regclass);


--
-- Name: zkapp_updates id; Type: DEFAULT; Schema: public; Owner: postgres
--

ALTER TABLE ONLY public.zkapp_updates ALTER COLUMN id SET DEFAULT nextval('public.zkapp_updates_id_seq'::regclass);


--
-- Name: zkapp_uris id; Type: DEFAULT; Schema: public; Owner: postgres
--

ALTER TABLE ONLY public.zkapp_uris ALTER COLUMN id SET DEFAULT nextval('public.zkapp_uris_id_seq'::regclass);


--
-- Name: zkapp_verification_key_hashes id; Type: DEFAULT; Schema: public; Owner: postgres
--

ALTER TABLE ONLY public.zkapp_verification_key_hashes ALTER COLUMN id SET DEFAULT nextval('public.zkapp_verification_key_hashes_id_seq'::regclass);


--
-- Name: zkapp_verification_keys id; Type: DEFAULT; Schema: public; Owner: postgres
--

ALTER TABLE ONLY public.zkapp_verification_keys ALTER COLUMN id SET DEFAULT nextval('public.zkapp_verification_keys_id_seq'::regclass);


--
-- Data for Name: account_identifiers; Type: TABLE DATA; Schema: public; Owner: postgres
--

COPY public.account_identifiers (id, public_key_id, token_id) FROM stdin;
1	2	1
2	3	1
3	4	1
4	5	1
5	6	1
6	7	1
7	8	1
8	9	1
9	10	1
10	11	1
11	12	1
12	13	1
13	14	1
14	15	1
15	16	1
16	17	1
17	18	1
18	19	1
19	20	1
20	21	1
21	22	1
22	23	1
23	24	1
24	25	1
25	26	1
26	27	1
27	28	1
28	29	1
29	30	1
30	31	1
31	32	1
32	33	1
33	34	1
34	35	1
35	36	1
36	37	1
37	38	1
38	39	1
39	40	1
40	41	1
41	42	1
42	44	1
43	45	1
44	46	1
45	47	1
46	48	1
47	49	1
48	50	1
49	51	1
50	52	1
51	53	1
52	54	1
53	55	1
54	56	1
55	57	1
56	58	1
57	59	1
58	60	1
59	61	1
60	62	1
61	63	1
62	64	1
63	65	1
64	66	1
65	67	1
66	68	1
67	69	1
68	70	1
69	71	1
70	72	1
71	73	1
72	74	1
73	75	1
74	76	1
75	77	1
76	78	1
77	79	1
78	80	1
79	81	1
80	82	1
81	83	1
82	84	1
83	85	1
84	86	1
85	87	1
86	88	1
87	89	1
88	90	1
89	91	1
90	92	1
91	93	1
92	94	1
93	95	1
94	96	1
95	97	1
96	98	1
97	99	1
98	100	1
99	101	1
100	102	1
101	103	1
102	104	1
103	105	1
104	106	1
105	107	1
106	108	1
107	109	1
108	110	1
109	111	1
110	112	1
111	113	1
112	114	1
113	115	1
114	116	1
115	117	1
116	118	1
117	119	1
118	120	1
119	121	1
120	122	1
121	123	1
122	124	1
123	125	1
124	126	1
125	127	1
126	128	1
127	129	1
128	130	1
129	131	1
130	132	1
131	133	1
132	134	1
133	135	1
134	136	1
135	137	1
136	138	1
137	139	1
138	140	1
139	141	1
140	142	1
141	143	1
142	144	1
143	145	1
144	146	1
145	147	1
146	148	1
147	149	1
148	150	1
149	151	1
150	152	1
151	153	1
152	154	1
153	155	1
154	156	1
155	157	1
156	158	1
157	159	1
158	160	1
159	161	1
160	162	1
161	163	1
162	164	1
163	165	1
164	166	1
165	167	1
166	168	1
167	169	1
168	170	1
169	171	1
170	172	1
171	173	1
172	174	1
173	175	1
174	176	1
175	177	1
176	178	1
177	179	1
178	180	1
179	181	1
180	43	1
181	182	1
182	183	1
183	184	1
184	185	1
185	186	1
186	187	1
187	1	1
188	188	1
189	189	1
190	190	1
191	191	1
192	192	1
193	193	1
194	194	1
195	195	1
196	196	1
197	197	1
198	198	1
199	199	1
200	200	1
201	201	1
202	202	1
203	203	1
204	204	1
205	205	1
206	206	1
207	207	1
208	208	1
209	209	1
210	210	1
211	211	1
212	212	1
213	213	1
214	214	1
215	215	1
216	216	1
217	217	1
218	218	1
219	219	1
220	220	1
221	221	1
222	222	1
223	223	1
224	224	1
225	225	1
226	226	1
227	227	1
228	228	1
229	229	1
230	230	1
231	231	1
232	232	1
233	233	1
234	234	1
235	235	1
236	236	1
237	237	1
238	238	1
239	239	1
240	240	1
241	241	1
242	242	1
243	243	1
\.


--
-- Data for Name: accounts_accessed; Type: TABLE DATA; Schema: public; Owner: postgres
--

COPY public.accounts_accessed (ledger_index, block_id, account_identifier_id, token_symbol_id, balance, nonce, receipt_chain_hash, delegate_id, voting_for_id, timing_id, permissions_id, zkapp_id) FROM stdin;
10	1	1	1	285	0	2mzbV7WevxLuchs2dAMY4vQBS6XttnCUF8Hvks4XNBQ5qiSGGBQe	2	1	1	1	\N
107	1	2	1	500	0	2mzbV7WevxLuchs2dAMY4vQBS6XttnCUF8Hvks4XNBQ5qiSGGBQe	3	1	2	1	\N
81	1	3	1	331	0	2mzbV7WevxLuchs2dAMY4vQBS6XttnCUF8Hvks4XNBQ5qiSGGBQe	4	1	3	1	\N
32	1	4	1	226	0	2mzbV7WevxLuchs2dAMY4vQBS6XttnCUF8Hvks4XNBQ5qiSGGBQe	5	1	4	1	\N
12	1	5	1	123	0	2mzbV7WevxLuchs2dAMY4vQBS6XttnCUF8Hvks4XNBQ5qiSGGBQe	6	1	5	1	\N
78	1	6	1	292	0	2mzbV7WevxLuchs2dAMY4vQBS6XttnCUF8Hvks4XNBQ5qiSGGBQe	7	1	6	1	\N
121	1	7	1	104	0	2mzbV7WevxLuchs2dAMY4vQBS6XttnCUF8Hvks4XNBQ5qiSGGBQe	8	1	7	1	\N
176	1	8	1	10	0	2mzbV7WevxLuchs2dAMY4vQBS6XttnCUF8Hvks4XNBQ5qiSGGBQe	9	1	8	1	\N
236	1	9	1	488	0	2mzbV7WevxLuchs2dAMY4vQBS6XttnCUF8Hvks4XNBQ5qiSGGBQe	10	1	9	1	\N
226	1	10	1	469	0	2mzbV7WevxLuchs2dAMY4vQBS6XttnCUF8Hvks4XNBQ5qiSGGBQe	11	1	10	1	\N
19	1	11	1	242	0	2mzbV7WevxLuchs2dAMY4vQBS6XttnCUF8Hvks4XNBQ5qiSGGBQe	12	1	11	1	\N
128	1	12	1	135	0	2mzbV7WevxLuchs2dAMY4vQBS6XttnCUF8Hvks4XNBQ5qiSGGBQe	13	1	12	1	\N
94	1	13	1	196	0	2mzbV7WevxLuchs2dAMY4vQBS6XttnCUF8Hvks4XNBQ5qiSGGBQe	14	1	13	1	\N
153	1	14	1	79	0	2mzbV7WevxLuchs2dAMY4vQBS6XttnCUF8Hvks4XNBQ5qiSGGBQe	15	1	14	1	\N
166	1	15	1	206	0	2mzbV7WevxLuchs2dAMY4vQBS6XttnCUF8Hvks4XNBQ5qiSGGBQe	16	1	15	1	\N
137	1	16	1	340	0	2mzbV7WevxLuchs2dAMY4vQBS6XttnCUF8Hvks4XNBQ5qiSGGBQe	17	1	16	1	\N
105	1	17	1	382	0	2mzbV7WevxLuchs2dAMY4vQBS6XttnCUF8Hvks4XNBQ5qiSGGBQe	18	1	17	1	\N
70	1	18	1	488	0	2mzbV7WevxLuchs2dAMY4vQBS6XttnCUF8Hvks4XNBQ5qiSGGBQe	19	1	18	1	\N
27	1	19	1	135	0	2mzbV7WevxLuchs2dAMY4vQBS6XttnCUF8Hvks4XNBQ5qiSGGBQe	20	1	19	1	\N
46	1	20	1	126	0	2mzbV7WevxLuchs2dAMY4vQBS6XttnCUF8Hvks4XNBQ5qiSGGBQe	21	1	20	1	\N
43	1	21	1	10	0	2mzbV7WevxLuchs2dAMY4vQBS6XttnCUF8Hvks4XNBQ5qiSGGBQe	22	1	21	1	\N
117	1	22	1	278	0	2mzbV7WevxLuchs2dAMY4vQBS6XttnCUF8Hvks4XNBQ5qiSGGBQe	23	1	22	1	\N
204	1	23	1	46	0	2mzbV7WevxLuchs2dAMY4vQBS6XttnCUF8Hvks4XNBQ5qiSGGBQe	24	1	23	1	\N
187	1	24	1	104	0	2mzbV7WevxLuchs2dAMY4vQBS6XttnCUF8Hvks4XNBQ5qiSGGBQe	25	1	24	1	\N
7	1	25	1	0	0	2mzbV7WevxLuchs2dAMY4vQBS6XttnCUF8Hvks4XNBQ5qiSGGBQe	26	1	25	1	\N
72	1	26	1	10	0	2mzbV7WevxLuchs2dAMY4vQBS6XttnCUF8Hvks4XNBQ5qiSGGBQe	27	1	26	1	\N
216	1	27	1	271	0	2mzbV7WevxLuchs2dAMY4vQBS6XttnCUF8Hvks4XNBQ5qiSGGBQe	28	1	27	1	\N
210	1	28	1	315	0	2mzbV7WevxLuchs2dAMY4vQBS6XttnCUF8Hvks4XNBQ5qiSGGBQe	29	1	28	1	\N
79	1	29	1	162	0	2mzbV7WevxLuchs2dAMY4vQBS6XttnCUF8Hvks4XNBQ5qiSGGBQe	30	1	29	1	\N
167	1	30	1	86	0	2mzbV7WevxLuchs2dAMY4vQBS6XttnCUF8Hvks4XNBQ5qiSGGBQe	31	1	30	1	\N
181	1	31	1	409	0	2mzbV7WevxLuchs2dAMY4vQBS6XttnCUF8Hvks4XNBQ5qiSGGBQe	32	1	31	1	\N
156	1	32	1	500	0	2mzbV7WevxLuchs2dAMY4vQBS6XttnCUF8Hvks4XNBQ5qiSGGBQe	33	1	32	1	\N
96	1	33	1	57	0	2mzbV7WevxLuchs2dAMY4vQBS6XttnCUF8Hvks4XNBQ5qiSGGBQe	34	1	33	1	\N
191	1	34	1	204	0	2mzbV7WevxLuchs2dAMY4vQBS6XttnCUF8Hvks4XNBQ5qiSGGBQe	35	1	34	1	\N
132	1	35	1	262	0	2mzbV7WevxLuchs2dAMY4vQBS6XttnCUF8Hvks4XNBQ5qiSGGBQe	36	1	35	1	\N
111	1	36	1	10	0	2mzbV7WevxLuchs2dAMY4vQBS6XttnCUF8Hvks4XNBQ5qiSGGBQe	37	1	36	1	\N
171	1	37	1	156	0	2mzbV7WevxLuchs2dAMY4vQBS6XttnCUF8Hvks4XNBQ5qiSGGBQe	38	1	37	1	\N
64	1	38	1	417	0	2mzbV7WevxLuchs2dAMY4vQBS6XttnCUF8Hvks4XNBQ5qiSGGBQe	39	1	38	1	\N
68	1	39	1	10	0	2mzbV7WevxLuchs2dAMY4vQBS6XttnCUF8Hvks4XNBQ5qiSGGBQe	40	1	39	1	\N
51	1	40	1	85	0	2mzbV7WevxLuchs2dAMY4vQBS6XttnCUF8Hvks4XNBQ5qiSGGBQe	41	1	40	1	\N
4	1	41	1	11550000000000000	0	2mzbV7WevxLuchs2dAMY4vQBS6XttnCUF8Hvks4XNBQ5qiSGGBQe	43	1	41	1	\N
227	1	42	1	103	0	2mzbV7WevxLuchs2dAMY4vQBS6XttnCUF8Hvks4XNBQ5qiSGGBQe	44	1	42	1	\N
141	1	43	1	67	0	2mzbV7WevxLuchs2dAMY4vQBS6XttnCUF8Hvks4XNBQ5qiSGGBQe	45	1	43	1	\N
42	1	44	1	10	0	2mzbV7WevxLuchs2dAMY4vQBS6XttnCUF8Hvks4XNBQ5qiSGGBQe	46	1	44	1	\N
133	1	45	1	500	0	2mzbV7WevxLuchs2dAMY4vQBS6XttnCUF8Hvks4XNBQ5qiSGGBQe	47	1	45	1	\N
82	1	46	1	198	0	2mzbV7WevxLuchs2dAMY4vQBS6XttnCUF8Hvks4XNBQ5qiSGGBQe	48	1	46	1	\N
95	1	47	1	489	0	2mzbV7WevxLuchs2dAMY4vQBS6XttnCUF8Hvks4XNBQ5qiSGGBQe	49	1	47	1	\N
188	1	48	1	298	0	2mzbV7WevxLuchs2dAMY4vQBS6XttnCUF8Hvks4XNBQ5qiSGGBQe	50	1	48	1	\N
30	1	49	1	36	0	2mzbV7WevxLuchs2dAMY4vQBS6XttnCUF8Hvks4XNBQ5qiSGGBQe	51	1	49	1	\N
90	1	50	1	334	0	2mzbV7WevxLuchs2dAMY4vQBS6XttnCUF8Hvks4XNBQ5qiSGGBQe	52	1	50	1	\N
14	1	51	1	344	0	2mzbV7WevxLuchs2dAMY4vQBS6XttnCUF8Hvks4XNBQ5qiSGGBQe	53	1	51	1	\N
35	1	52	1	451	0	2mzbV7WevxLuchs2dAMY4vQBS6XttnCUF8Hvks4XNBQ5qiSGGBQe	54	1	52	1	\N
85	1	53	1	371	0	2mzbV7WevxLuchs2dAMY4vQBS6XttnCUF8Hvks4XNBQ5qiSGGBQe	55	1	53	1	\N
127	1	54	1	234	0	2mzbV7WevxLuchs2dAMY4vQBS6XttnCUF8Hvks4XNBQ5qiSGGBQe	56	1	54	1	\N
222	1	55	1	345	0	2mzbV7WevxLuchs2dAMY4vQBS6XttnCUF8Hvks4XNBQ5qiSGGBQe	57	1	55	1	\N
76	1	56	1	282	0	2mzbV7WevxLuchs2dAMY4vQBS6XttnCUF8Hvks4XNBQ5qiSGGBQe	58	1	56	1	\N
231	1	57	1	339	0	2mzbV7WevxLuchs2dAMY4vQBS6XttnCUF8Hvks4XNBQ5qiSGGBQe	59	1	57	1	\N
15	1	58	1	215	0	2mzbV7WevxLuchs2dAMY4vQBS6XttnCUF8Hvks4XNBQ5qiSGGBQe	60	1	58	1	\N
220	1	59	1	193	0	2mzbV7WevxLuchs2dAMY4vQBS6XttnCUF8Hvks4XNBQ5qiSGGBQe	61	1	59	1	\N
16	1	60	1	60	0	2mzbV7WevxLuchs2dAMY4vQBS6XttnCUF8Hvks4XNBQ5qiSGGBQe	62	1	60	1	\N
58	1	61	1	350	0	2mzbV7WevxLuchs2dAMY4vQBS6XttnCUF8Hvks4XNBQ5qiSGGBQe	63	1	61	1	\N
146	1	62	1	223	0	2mzbV7WevxLuchs2dAMY4vQBS6XttnCUF8Hvks4XNBQ5qiSGGBQe	64	1	62	1	\N
62	1	63	1	449	0	2mzbV7WevxLuchs2dAMY4vQBS6XttnCUF8Hvks4XNBQ5qiSGGBQe	65	1	63	1	\N
185	1	64	1	142	0	2mzbV7WevxLuchs2dAMY4vQBS6XttnCUF8Hvks4XNBQ5qiSGGBQe	66	1	64	1	\N
151	1	65	1	300	0	2mzbV7WevxLuchs2dAMY4vQBS6XttnCUF8Hvks4XNBQ5qiSGGBQe	67	1	65	1	\N
165	1	66	1	256	0	2mzbV7WevxLuchs2dAMY4vQBS6XttnCUF8Hvks4XNBQ5qiSGGBQe	68	1	66	1	\N
103	1	67	1	125	0	2mzbV7WevxLuchs2dAMY4vQBS6XttnCUF8Hvks4XNBQ5qiSGGBQe	69	1	67	1	\N
41	1	68	1	236	0	2mzbV7WevxLuchs2dAMY4vQBS6XttnCUF8Hvks4XNBQ5qiSGGBQe	70	1	68	1	\N
239	1	69	1	10	0	2mzbV7WevxLuchs2dAMY4vQBS6XttnCUF8Hvks4XNBQ5qiSGGBQe	71	1	69	1	\N
110	1	70	1	179	0	2mzbV7WevxLuchs2dAMY4vQBS6XttnCUF8Hvks4XNBQ5qiSGGBQe	72	1	70	1	\N
13	1	71	1	194	0	2mzbV7WevxLuchs2dAMY4vQBS6XttnCUF8Hvks4XNBQ5qiSGGBQe	73	1	71	1	\N
26	1	72	1	185	0	2mzbV7WevxLuchs2dAMY4vQBS6XttnCUF8Hvks4XNBQ5qiSGGBQe	74	1	72	1	\N
98	1	73	1	342	0	2mzbV7WevxLuchs2dAMY4vQBS6XttnCUF8Hvks4XNBQ5qiSGGBQe	75	1	73	1	\N
215	1	74	1	157	0	2mzbV7WevxLuchs2dAMY4vQBS6XttnCUF8Hvks4XNBQ5qiSGGBQe	76	1	74	1	\N
91	1	75	1	135	0	2mzbV7WevxLuchs2dAMY4vQBS6XttnCUF8Hvks4XNBQ5qiSGGBQe	77	1	75	1	\N
159	1	76	1	456	0	2mzbV7WevxLuchs2dAMY4vQBS6XttnCUF8Hvks4XNBQ5qiSGGBQe	78	1	76	1	\N
208	1	77	1	336	0	2mzbV7WevxLuchs2dAMY4vQBS6XttnCUF8Hvks4XNBQ5qiSGGBQe	79	1	77	1	\N
207	1	78	1	280	0	2mzbV7WevxLuchs2dAMY4vQBS6XttnCUF8Hvks4XNBQ5qiSGGBQe	80	1	78	1	\N
182	1	79	1	187	0	2mzbV7WevxLuchs2dAMY4vQBS6XttnCUF8Hvks4XNBQ5qiSGGBQe	81	1	79	1	\N
157	1	80	1	387	0	2mzbV7WevxLuchs2dAMY4vQBS6XttnCUF8Hvks4XNBQ5qiSGGBQe	82	1	80	1	\N
33	1	81	1	500	0	2mzbV7WevxLuchs2dAMY4vQBS6XttnCUF8Hvks4XNBQ5qiSGGBQe	83	1	81	1	\N
201	1	82	1	151	0	2mzbV7WevxLuchs2dAMY4vQBS6XttnCUF8Hvks4XNBQ5qiSGGBQe	84	1	82	1	\N
9	1	83	1	356	0	2mzbV7WevxLuchs2dAMY4vQBS6XttnCUF8Hvks4XNBQ5qiSGGBQe	85	1	83	1	\N
234	1	84	1	24	0	2mzbV7WevxLuchs2dAMY4vQBS6XttnCUF8Hvks4XNBQ5qiSGGBQe	86	1	84	1	\N
40	1	85	1	152	0	2mzbV7WevxLuchs2dAMY4vQBS6XttnCUF8Hvks4XNBQ5qiSGGBQe	87	1	85	1	\N
18	1	86	1	10	0	2mzbV7WevxLuchs2dAMY4vQBS6XttnCUF8Hvks4XNBQ5qiSGGBQe	88	1	86	1	\N
229	1	87	1	500	0	2mzbV7WevxLuchs2dAMY4vQBS6XttnCUF8Hvks4XNBQ5qiSGGBQe	89	1	87	1	\N
20	1	88	1	186	0	2mzbV7WevxLuchs2dAMY4vQBS6XttnCUF8Hvks4XNBQ5qiSGGBQe	90	1	88	1	\N
184	1	89	1	266	0	2mzbV7WevxLuchs2dAMY4vQBS6XttnCUF8Hvks4XNBQ5qiSGGBQe	91	1	89	1	\N
139	1	90	1	81	0	2mzbV7WevxLuchs2dAMY4vQBS6XttnCUF8Hvks4XNBQ5qiSGGBQe	92	1	90	1	\N
164	1	91	1	10	0	2mzbV7WevxLuchs2dAMY4vQBS6XttnCUF8Hvks4XNBQ5qiSGGBQe	93	1	91	1	\N
199	1	92	1	379	0	2mzbV7WevxLuchs2dAMY4vQBS6XttnCUF8Hvks4XNBQ5qiSGGBQe	94	1	92	1	\N
109	1	93	1	315	0	2mzbV7WevxLuchs2dAMY4vQBS6XttnCUF8Hvks4XNBQ5qiSGGBQe	95	1	93	1	\N
47	1	94	1	226	0	2mzbV7WevxLuchs2dAMY4vQBS6XttnCUF8Hvks4XNBQ5qiSGGBQe	96	1	94	1	\N
214	1	95	1	166	0	2mzbV7WevxLuchs2dAMY4vQBS6XttnCUF8Hvks4XNBQ5qiSGGBQe	97	1	95	1	\N
112	1	96	1	302	0	2mzbV7WevxLuchs2dAMY4vQBS6XttnCUF8Hvks4XNBQ5qiSGGBQe	98	1	96	1	\N
144	1	97	1	269	0	2mzbV7WevxLuchs2dAMY4vQBS6XttnCUF8Hvks4XNBQ5qiSGGBQe	99	1	97	1	\N
178	1	98	1	172	0	2mzbV7WevxLuchs2dAMY4vQBS6XttnCUF8Hvks4XNBQ5qiSGGBQe	100	1	98	1	\N
155	1	99	1	195	0	2mzbV7WevxLuchs2dAMY4vQBS6XttnCUF8Hvks4XNBQ5qiSGGBQe	101	1	99	1	\N
38	1	100	1	243	0	2mzbV7WevxLuchs2dAMY4vQBS6XttnCUF8Hvks4XNBQ5qiSGGBQe	102	1	100	1	\N
80	1	101	1	128	0	2mzbV7WevxLuchs2dAMY4vQBS6XttnCUF8Hvks4XNBQ5qiSGGBQe	103	1	101	1	\N
147	1	102	1	349	0	2mzbV7WevxLuchs2dAMY4vQBS6XttnCUF8Hvks4XNBQ5qiSGGBQe	104	1	102	1	\N
24	1	103	1	87	0	2mzbV7WevxLuchs2dAMY4vQBS6XttnCUF8Hvks4XNBQ5qiSGGBQe	105	1	103	1	\N
126	1	104	1	424	0	2mzbV7WevxLuchs2dAMY4vQBS6XttnCUF8Hvks4XNBQ5qiSGGBQe	106	1	104	1	\N
89	1	105	1	239	0	2mzbV7WevxLuchs2dAMY4vQBS6XttnCUF8Hvks4XNBQ5qiSGGBQe	107	1	105	1	\N
135	1	106	1	316	0	2mzbV7WevxLuchs2dAMY4vQBS6XttnCUF8Hvks4XNBQ5qiSGGBQe	108	1	106	1	\N
194	1	107	1	492	0	2mzbV7WevxLuchs2dAMY4vQBS6XttnCUF8Hvks4XNBQ5qiSGGBQe	109	1	107	1	\N
190	1	108	1	294	0	2mzbV7WevxLuchs2dAMY4vQBS6XttnCUF8Hvks4XNBQ5qiSGGBQe	110	1	108	1	\N
218	1	109	1	191	0	2mzbV7WevxLuchs2dAMY4vQBS6XttnCUF8Hvks4XNBQ5qiSGGBQe	111	1	109	1	\N
93	1	110	1	380	0	2mzbV7WevxLuchs2dAMY4vQBS6XttnCUF8Hvks4XNBQ5qiSGGBQe	112	1	110	1	\N
162	1	111	1	331	0	2mzbV7WevxLuchs2dAMY4vQBS6XttnCUF8Hvks4XNBQ5qiSGGBQe	113	1	111	1	\N
221	1	112	1	459	0	2mzbV7WevxLuchs2dAMY4vQBS6XttnCUF8Hvks4XNBQ5qiSGGBQe	114	1	112	1	\N
205	1	113	1	28	0	2mzbV7WevxLuchs2dAMY4vQBS6XttnCUF8Hvks4XNBQ5qiSGGBQe	115	1	113	1	\N
195	1	114	1	472	0	2mzbV7WevxLuchs2dAMY4vQBS6XttnCUF8Hvks4XNBQ5qiSGGBQe	116	1	114	1	\N
34	1	115	1	119	0	2mzbV7WevxLuchs2dAMY4vQBS6XttnCUF8Hvks4XNBQ5qiSGGBQe	117	1	115	1	\N
213	1	116	1	10	0	2mzbV7WevxLuchs2dAMY4vQBS6XttnCUF8Hvks4XNBQ5qiSGGBQe	118	1	116	1	\N
196	1	117	1	41	0	2mzbV7WevxLuchs2dAMY4vQBS6XttnCUF8Hvks4XNBQ5qiSGGBQe	119	1	117	1	\N
104	1	118	1	27	0	2mzbV7WevxLuchs2dAMY4vQBS6XttnCUF8Hvks4XNBQ5qiSGGBQe	120	1	118	1	\N
44	1	119	1	70	0	2mzbV7WevxLuchs2dAMY4vQBS6XttnCUF8Hvks4XNBQ5qiSGGBQe	121	1	119	1	\N
52	1	120	1	337	0	2mzbV7WevxLuchs2dAMY4vQBS6XttnCUF8Hvks4XNBQ5qiSGGBQe	122	1	120	1	\N
114	1	121	1	210	0	2mzbV7WevxLuchs2dAMY4vQBS6XttnCUF8Hvks4XNBQ5qiSGGBQe	123	1	121	1	\N
177	1	122	1	495	0	2mzbV7WevxLuchs2dAMY4vQBS6XttnCUF8Hvks4XNBQ5qiSGGBQe	124	1	122	1	\N
148	1	123	1	144	0	2mzbV7WevxLuchs2dAMY4vQBS6XttnCUF8Hvks4XNBQ5qiSGGBQe	125	1	123	1	\N
100	1	124	1	148	0	2mzbV7WevxLuchs2dAMY4vQBS6XttnCUF8Hvks4XNBQ5qiSGGBQe	126	1	124	1	\N
206	1	125	1	376	0	2mzbV7WevxLuchs2dAMY4vQBS6XttnCUF8Hvks4XNBQ5qiSGGBQe	127	1	125	1	\N
28	1	126	1	329	0	2mzbV7WevxLuchs2dAMY4vQBS6XttnCUF8Hvks4XNBQ5qiSGGBQe	128	1	126	1	\N
173	1	127	1	500	0	2mzbV7WevxLuchs2dAMY4vQBS6XttnCUF8Hvks4XNBQ5qiSGGBQe	129	1	127	1	\N
130	1	128	1	500	0	2mzbV7WevxLuchs2dAMY4vQBS6XttnCUF8Hvks4XNBQ5qiSGGBQe	130	1	128	1	\N
39	1	129	1	181	0	2mzbV7WevxLuchs2dAMY4vQBS6XttnCUF8Hvks4XNBQ5qiSGGBQe	131	1	129	1	\N
212	1	130	1	200	0	2mzbV7WevxLuchs2dAMY4vQBS6XttnCUF8Hvks4XNBQ5qiSGGBQe	132	1	130	1	\N
116	1	131	1	159	0	2mzbV7WevxLuchs2dAMY4vQBS6XttnCUF8Hvks4XNBQ5qiSGGBQe	133	1	131	1	\N
48	1	132	1	319	0	2mzbV7WevxLuchs2dAMY4vQBS6XttnCUF8Hvks4XNBQ5qiSGGBQe	134	1	132	1	\N
101	1	133	1	10	0	2mzbV7WevxLuchs2dAMY4vQBS6XttnCUF8Hvks4XNBQ5qiSGGBQe	135	1	133	1	\N
203	1	134	1	365	0	2mzbV7WevxLuchs2dAMY4vQBS6XttnCUF8Hvks4XNBQ5qiSGGBQe	136	1	134	1	\N
50	1	135	1	342	0	2mzbV7WevxLuchs2dAMY4vQBS6XttnCUF8Hvks4XNBQ5qiSGGBQe	137	1	135	1	\N
59	1	136	1	237	0	2mzbV7WevxLuchs2dAMY4vQBS6XttnCUF8Hvks4XNBQ5qiSGGBQe	138	1	136	1	\N
150	1	137	1	427	0	2mzbV7WevxLuchs2dAMY4vQBS6XttnCUF8Hvks4XNBQ5qiSGGBQe	139	1	137	1	\N
180	1	138	1	315	0	2mzbV7WevxLuchs2dAMY4vQBS6XttnCUF8Hvks4XNBQ5qiSGGBQe	140	1	138	1	\N
142	1	139	1	10	0	2mzbV7WevxLuchs2dAMY4vQBS6XttnCUF8Hvks4XNBQ5qiSGGBQe	141	1	139	1	\N
23	1	140	1	378	0	2mzbV7WevxLuchs2dAMY4vQBS6XttnCUF8Hvks4XNBQ5qiSGGBQe	142	1	140	1	\N
122	1	141	1	420	0	2mzbV7WevxLuchs2dAMY4vQBS6XttnCUF8Hvks4XNBQ5qiSGGBQe	143	1	141	1	\N
115	1	142	1	411	0	2mzbV7WevxLuchs2dAMY4vQBS6XttnCUF8Hvks4XNBQ5qiSGGBQe	144	1	142	1	\N
75	1	143	1	172	0	2mzbV7WevxLuchs2dAMY4vQBS6XttnCUF8Hvks4XNBQ5qiSGGBQe	145	1	143	1	\N
77	1	144	1	309	0	2mzbV7WevxLuchs2dAMY4vQBS6XttnCUF8Hvks4XNBQ5qiSGGBQe	146	1	144	1	\N
152	1	145	1	10	0	2mzbV7WevxLuchs2dAMY4vQBS6XttnCUF8Hvks4XNBQ5qiSGGBQe	147	1	145	1	\N
120	1	146	1	154	0	2mzbV7WevxLuchs2dAMY4vQBS6XttnCUF8Hvks4XNBQ5qiSGGBQe	148	1	146	1	\N
118	1	147	1	153	0	2mzbV7WevxLuchs2dAMY4vQBS6XttnCUF8Hvks4XNBQ5qiSGGBQe	149	1	147	1	\N
37	1	148	1	47	0	2mzbV7WevxLuchs2dAMY4vQBS6XttnCUF8Hvks4XNBQ5qiSGGBQe	150	1	148	1	\N
6	1	149	1	11550000000000000	0	2mzbV7WevxLuchs2dAMY4vQBS6XttnCUF8Hvks4XNBQ5qiSGGBQe	26	1	149	1	\N
168	1	150	1	87	0	2mzbV7WevxLuchs2dAMY4vQBS6XttnCUF8Hvks4XNBQ5qiSGGBQe	152	1	150	1	\N
149	1	151	1	398	0	2mzbV7WevxLuchs2dAMY4vQBS6XttnCUF8Hvks4XNBQ5qiSGGBQe	153	1	151	1	\N
29	1	152	1	452	0	2mzbV7WevxLuchs2dAMY4vQBS6XttnCUF8Hvks4XNBQ5qiSGGBQe	154	1	152	1	\N
8	1	153	1	283	0	2mzbV7WevxLuchs2dAMY4vQBS6XttnCUF8Hvks4XNBQ5qiSGGBQe	155	1	153	1	\N
88	1	154	1	291	0	2mzbV7WevxLuchs2dAMY4vQBS6XttnCUF8Hvks4XNBQ5qiSGGBQe	156	1	154	1	\N
233	1	155	1	367	0	2mzbV7WevxLuchs2dAMY4vQBS6XttnCUF8Hvks4XNBQ5qiSGGBQe	157	1	155	1	\N
83	1	156	1	500	0	2mzbV7WevxLuchs2dAMY4vQBS6XttnCUF8Hvks4XNBQ5qiSGGBQe	158	1	156	1	\N
154	1	157	1	311	0	2mzbV7WevxLuchs2dAMY4vQBS6XttnCUF8Hvks4XNBQ5qiSGGBQe	159	1	157	1	\N
175	1	158	1	258	0	2mzbV7WevxLuchs2dAMY4vQBS6XttnCUF8Hvks4XNBQ5qiSGGBQe	160	1	158	1	\N
69	1	159	1	323	0	2mzbV7WevxLuchs2dAMY4vQBS6XttnCUF8Hvks4XNBQ5qiSGGBQe	161	1	159	1	\N
63	1	160	1	405	0	2mzbV7WevxLuchs2dAMY4vQBS6XttnCUF8Hvks4XNBQ5qiSGGBQe	162	1	160	1	\N
189	1	161	1	32	0	2mzbV7WevxLuchs2dAMY4vQBS6XttnCUF8Hvks4XNBQ5qiSGGBQe	163	1	161	1	\N
1	1	162	1	5000000000	0	2mzbV7WevxLuchs2dAMY4vQBS6XttnCUF8Hvks4XNBQ5qiSGGBQe	164	1	162	1	\N
92	1	163	1	130	0	2mzbV7WevxLuchs2dAMY4vQBS6XttnCUF8Hvks4XNBQ5qiSGGBQe	165	1	163	1	\N
140	1	164	1	234	0	2mzbV7WevxLuchs2dAMY4vQBS6XttnCUF8Hvks4XNBQ5qiSGGBQe	166	1	164	1	\N
17	1	165	1	500	0	2mzbV7WevxLuchs2dAMY4vQBS6XttnCUF8Hvks4XNBQ5qiSGGBQe	167	1	165	1	\N
87	1	166	1	481	0	2mzbV7WevxLuchs2dAMY4vQBS6XttnCUF8Hvks4XNBQ5qiSGGBQe	168	1	166	1	\N
183	1	167	1	240	0	2mzbV7WevxLuchs2dAMY4vQBS6XttnCUF8Hvks4XNBQ5qiSGGBQe	169	1	167	1	\N
129	1	168	1	314	0	2mzbV7WevxLuchs2dAMY4vQBS6XttnCUF8Hvks4XNBQ5qiSGGBQe	170	1	168	1	\N
193	1	169	1	183	0	2mzbV7WevxLuchs2dAMY4vQBS6XttnCUF8Hvks4XNBQ5qiSGGBQe	171	1	169	1	\N
174	1	170	1	486	0	2mzbV7WevxLuchs2dAMY4vQBS6XttnCUF8Hvks4XNBQ5qiSGGBQe	172	1	170	1	\N
57	1	171	1	178	0	2mzbV7WevxLuchs2dAMY4vQBS6XttnCUF8Hvks4XNBQ5qiSGGBQe	173	1	171	1	\N
224	1	172	1	65	0	2mzbV7WevxLuchs2dAMY4vQBS6XttnCUF8Hvks4XNBQ5qiSGGBQe	174	1	172	1	\N
232	1	173	1	277	0	2mzbV7WevxLuchs2dAMY4vQBS6XttnCUF8Hvks4XNBQ5qiSGGBQe	175	1	173	1	\N
3	1	174	1	500000000000	0	2mzbV7WevxLuchs2dAMY4vQBS6XttnCUF8Hvks4XNBQ5qiSGGBQe	176	1	174	1	\N
119	1	175	1	433	0	2mzbV7WevxLuchs2dAMY4vQBS6XttnCUF8Hvks4XNBQ5qiSGGBQe	177	1	175	1	\N
55	1	176	1	100	0	2mzbV7WevxLuchs2dAMY4vQBS6XttnCUF8Hvks4XNBQ5qiSGGBQe	178	1	176	1	\N
169	1	177	1	272	0	2mzbV7WevxLuchs2dAMY4vQBS6XttnCUF8Hvks4XNBQ5qiSGGBQe	179	1	177	1	\N
125	1	178	1	10	0	2mzbV7WevxLuchs2dAMY4vQBS6XttnCUF8Hvks4XNBQ5qiSGGBQe	180	1	178	1	\N
45	1	179	1	212	0	2mzbV7WevxLuchs2dAMY4vQBS6XttnCUF8Hvks4XNBQ5qiSGGBQe	181	1	179	1	\N
5	1	180	1	0	0	2mzbV7WevxLuchs2dAMY4vQBS6XttnCUF8Hvks4XNBQ5qiSGGBQe	43	1	180	1	\N
60	1	181	1	151	0	2mzbV7WevxLuchs2dAMY4vQBS6XttnCUF8Hvks4XNBQ5qiSGGBQe	182	1	181	1	\N
99	1	182	1	387	0	2mzbV7WevxLuchs2dAMY4vQBS6XttnCUF8Hvks4XNBQ5qiSGGBQe	183	1	182	1	\N
179	1	183	1	158	0	2mzbV7WevxLuchs2dAMY4vQBS6XttnCUF8Hvks4XNBQ5qiSGGBQe	184	1	183	1	\N
49	1	184	1	440	0	2mzbV7WevxLuchs2dAMY4vQBS6XttnCUF8Hvks4XNBQ5qiSGGBQe	185	1	184	1	\N
230	1	185	1	438	0	2mzbV7WevxLuchs2dAMY4vQBS6XttnCUF8Hvks4XNBQ5qiSGGBQe	186	1	185	1	\N
131	1	186	1	500	0	2mzbV7WevxLuchs2dAMY4vQBS6XttnCUF8Hvks4XNBQ5qiSGGBQe	187	1	186	1	\N
0	1	187	1	1000	0	2mzbV7WevxLuchs2dAMY4vQBS6XttnCUF8Hvks4XNBQ5qiSGGBQe	1	1	187	1	\N
186	1	188	1	290	0	2mzbV7WevxLuchs2dAMY4vQBS6XttnCUF8Hvks4XNBQ5qiSGGBQe	188	1	188	1	\N
198	1	189	1	417	0	2mzbV7WevxLuchs2dAMY4vQBS6XttnCUF8Hvks4XNBQ5qiSGGBQe	189	1	189	1	\N
202	1	190	1	375	0	2mzbV7WevxLuchs2dAMY4vQBS6XttnCUF8Hvks4XNBQ5qiSGGBQe	190	1	190	1	\N
22	1	191	1	178	0	2mzbV7WevxLuchs2dAMY4vQBS6XttnCUF8Hvks4XNBQ5qiSGGBQe	191	1	191	1	\N
102	1	192	1	59	0	2mzbV7WevxLuchs2dAMY4vQBS6XttnCUF8Hvks4XNBQ5qiSGGBQe	192	1	192	1	\N
124	1	193	1	95	0	2mzbV7WevxLuchs2dAMY4vQBS6XttnCUF8Hvks4XNBQ5qiSGGBQe	193	1	193	1	\N
200	1	194	1	394	0	2mzbV7WevxLuchs2dAMY4vQBS6XttnCUF8Hvks4XNBQ5qiSGGBQe	194	1	194	1	\N
54	1	195	1	500	0	2mzbV7WevxLuchs2dAMY4vQBS6XttnCUF8Hvks4XNBQ5qiSGGBQe	195	1	195	1	\N
225	1	196	1	256	0	2mzbV7WevxLuchs2dAMY4vQBS6XttnCUF8Hvks4XNBQ5qiSGGBQe	196	1	196	1	\N
134	1	197	1	128	0	2mzbV7WevxLuchs2dAMY4vQBS6XttnCUF8Hvks4XNBQ5qiSGGBQe	197	1	197	1	\N
97	1	198	1	199	0	2mzbV7WevxLuchs2dAMY4vQBS6XttnCUF8Hvks4XNBQ5qiSGGBQe	198	1	198	1	\N
84	1	199	1	22	0	2mzbV7WevxLuchs2dAMY4vQBS6XttnCUF8Hvks4XNBQ5qiSGGBQe	199	1	199	1	\N
161	1	200	1	276	0	2mzbV7WevxLuchs2dAMY4vQBS6XttnCUF8Hvks4XNBQ5qiSGGBQe	200	1	200	1	\N
228	1	201	1	451	0	2mzbV7WevxLuchs2dAMY4vQBS6XttnCUF8Hvks4XNBQ5qiSGGBQe	201	1	201	1	\N
238	1	202	1	133	0	2mzbV7WevxLuchs2dAMY4vQBS6XttnCUF8Hvks4XNBQ5qiSGGBQe	202	1	202	1	\N
65	1	203	1	460	0	2mzbV7WevxLuchs2dAMY4vQBS6XttnCUF8Hvks4XNBQ5qiSGGBQe	203	1	203	1	\N
219	1	204	1	500	0	2mzbV7WevxLuchs2dAMY4vQBS6XttnCUF8Hvks4XNBQ5qiSGGBQe	204	1	204	1	\N
56	1	205	1	489	0	2mzbV7WevxLuchs2dAMY4vQBS6XttnCUF8Hvks4XNBQ5qiSGGBQe	205	1	205	1	\N
163	1	206	1	190	0	2mzbV7WevxLuchs2dAMY4vQBS6XttnCUF8Hvks4XNBQ5qiSGGBQe	206	1	206	1	\N
192	1	207	1	221	0	2mzbV7WevxLuchs2dAMY4vQBS6XttnCUF8Hvks4XNBQ5qiSGGBQe	207	1	207	1	\N
143	1	208	1	464	0	2mzbV7WevxLuchs2dAMY4vQBS6XttnCUF8Hvks4XNBQ5qiSGGBQe	208	1	208	1	\N
61	1	209	1	10	0	2mzbV7WevxLuchs2dAMY4vQBS6XttnCUF8Hvks4XNBQ5qiSGGBQe	209	1	209	1	\N
136	1	210	1	500	0	2mzbV7WevxLuchs2dAMY4vQBS6XttnCUF8Hvks4XNBQ5qiSGGBQe	210	1	210	1	\N
71	1	211	1	353	0	2mzbV7WevxLuchs2dAMY4vQBS6XttnCUF8Hvks4XNBQ5qiSGGBQe	211	1	211	1	\N
145	1	212	1	396	0	2mzbV7WevxLuchs2dAMY4vQBS6XttnCUF8Hvks4XNBQ5qiSGGBQe	212	1	212	1	\N
106	1	213	1	417	0	2mzbV7WevxLuchs2dAMY4vQBS6XttnCUF8Hvks4XNBQ5qiSGGBQe	213	1	213	1	\N
138	1	214	1	46	0	2mzbV7WevxLuchs2dAMY4vQBS6XttnCUF8Hvks4XNBQ5qiSGGBQe	214	1	214	1	\N
158	1	215	1	305	0	2mzbV7WevxLuchs2dAMY4vQBS6XttnCUF8Hvks4XNBQ5qiSGGBQe	215	1	215	1	\N
123	1	216	1	337	0	2mzbV7WevxLuchs2dAMY4vQBS6XttnCUF8Hvks4XNBQ5qiSGGBQe	216	1	216	1	\N
25	1	217	1	444	0	2mzbV7WevxLuchs2dAMY4vQBS6XttnCUF8Hvks4XNBQ5qiSGGBQe	217	1	217	1	\N
240	1	218	1	479	0	2mzbV7WevxLuchs2dAMY4vQBS6XttnCUF8Hvks4XNBQ5qiSGGBQe	218	1	218	1	\N
211	1	219	1	344	0	2mzbV7WevxLuchs2dAMY4vQBS6XttnCUF8Hvks4XNBQ5qiSGGBQe	219	1	219	1	\N
241	1	220	1	113	0	2mzbV7WevxLuchs2dAMY4vQBS6XttnCUF8Hvks4XNBQ5qiSGGBQe	220	1	220	1	\N
197	1	221	1	236	0	2mzbV7WevxLuchs2dAMY4vQBS6XttnCUF8Hvks4XNBQ5qiSGGBQe	221	1	221	1	\N
170	1	222	1	480	0	2mzbV7WevxLuchs2dAMY4vQBS6XttnCUF8Hvks4XNBQ5qiSGGBQe	222	1	222	1	\N
31	1	223	1	160	0	2mzbV7WevxLuchs2dAMY4vQBS6XttnCUF8Hvks4XNBQ5qiSGGBQe	223	1	223	1	\N
160	1	224	1	318	0	2mzbV7WevxLuchs2dAMY4vQBS6XttnCUF8Hvks4XNBQ5qiSGGBQe	224	1	224	1	\N
21	1	225	1	214	0	2mzbV7WevxLuchs2dAMY4vQBS6XttnCUF8Hvks4XNBQ5qiSGGBQe	225	1	225	1	\N
67	1	226	1	163	0	2mzbV7WevxLuchs2dAMY4vQBS6XttnCUF8Hvks4XNBQ5qiSGGBQe	226	1	226	1	\N
66	1	227	1	500	0	2mzbV7WevxLuchs2dAMY4vQBS6XttnCUF8Hvks4XNBQ5qiSGGBQe	227	1	227	1	\N
108	1	228	1	366	0	2mzbV7WevxLuchs2dAMY4vQBS6XttnCUF8Hvks4XNBQ5qiSGGBQe	228	1	228	1	\N
86	1	229	1	320	0	2mzbV7WevxLuchs2dAMY4vQBS6XttnCUF8Hvks4XNBQ5qiSGGBQe	229	1	229	1	\N
237	1	230	1	407	0	2mzbV7WevxLuchs2dAMY4vQBS6XttnCUF8Hvks4XNBQ5qiSGGBQe	230	1	230	1	\N
74	1	231	1	204	0	2mzbV7WevxLuchs2dAMY4vQBS6XttnCUF8Hvks4XNBQ5qiSGGBQe	231	1	231	1	\N
73	1	232	1	341	0	2mzbV7WevxLuchs2dAMY4vQBS6XttnCUF8Hvks4XNBQ5qiSGGBQe	232	1	232	1	\N
217	1	233	1	18	0	2mzbV7WevxLuchs2dAMY4vQBS6XttnCUF8Hvks4XNBQ5qiSGGBQe	233	1	233	1	\N
36	1	234	1	229	0	2mzbV7WevxLuchs2dAMY4vQBS6XttnCUF8Hvks4XNBQ5qiSGGBQe	234	1	234	1	\N
172	1	235	1	477	0	2mzbV7WevxLuchs2dAMY4vQBS6XttnCUF8Hvks4XNBQ5qiSGGBQe	235	1	235	1	\N
53	1	236	1	94	0	2mzbV7WevxLuchs2dAMY4vQBS6XttnCUF8Hvks4XNBQ5qiSGGBQe	236	1	236	1	\N
235	1	237	1	126	0	2mzbV7WevxLuchs2dAMY4vQBS6XttnCUF8Hvks4XNBQ5qiSGGBQe	237	1	237	1	\N
113	1	238	1	112	0	2mzbV7WevxLuchs2dAMY4vQBS6XttnCUF8Hvks4XNBQ5qiSGGBQe	238	1	238	1	\N
223	1	239	1	387	0	2mzbV7WevxLuchs2dAMY4vQBS6XttnCUF8Hvks4XNBQ5qiSGGBQe	239	1	239	1	\N
209	1	240	1	265	0	2mzbV7WevxLuchs2dAMY4vQBS6XttnCUF8Hvks4XNBQ5qiSGGBQe	240	1	240	1	\N
2	1	241	1	65500000000000	0	2mzbV7WevxLuchs2dAMY4vQBS6XttnCUF8Hvks4XNBQ5qiSGGBQe	176	1	241	1	\N
11	1	242	1	269	0	2mzbV7WevxLuchs2dAMY4vQBS6XttnCUF8Hvks4XNBQ5qiSGGBQe	242	1	242	1	\N
7	2	25	1	720000000000	0	2mzbV7WevxLuchs2dAMY4vQBS6XttnCUF8Hvks4XNBQ5qiSGGBQe	26	1	25	1	\N
4	3	41	1	11549940000000000	12	2n1stFKhw2WXHFAhMhogZPjqgQ7JCNnXM8EJjD6wqyFDZyztD6cf	43	1	41	1	\N
3	3	174	1	498250000000	7	2n2SfT8B1LuEuVGC9tYcXutu8ENZkmDkGRMXnywAhUVSoqxqyRCF	176	1	174	1	\N
5	3	180	1	781750000000	0	2mzbV7WevxLuchs2dAMY4vQBS6XttnCUF8Hvks4XNBQ5qiSGGBQe	43	1	180	1	\N
7	4	25	1	1475750000000	0	2mzbV7WevxLuchs2dAMY4vQBS6XttnCUF8Hvks4XNBQ5qiSGGBQe	26	1	25	1	\N
4	4	41	1	11549905000000000	19	2n1zMNDgmywvGjFETTA6GxPzem4Q8Rza4iGNZG1uJkHFsx4Virg3	43	1	41	1	\N
3	4	174	1	497500000000	10	2n1Xdo1CcjVPTPYfLMzDJ2vkrDEu8FUVj1cFHo4nWmrj3JQd9YrS	176	1	174	1	\N
4	5	41	1	11549905000000000	19	2n1zMNDgmywvGjFETTA6GxPzem4Q8Rza4iGNZG1uJkHFsx4Virg3	43	1	41	1	\N
3	5	174	1	497500000000	10	2n1Xdo1CcjVPTPYfLMzDJ2vkrDEu8FUVj1cFHo4nWmrj3JQd9YrS	176	1	174	1	\N
5	5	180	1	1537500000000	0	2mzbV7WevxLuchs2dAMY4vQBS6XttnCUF8Hvks4XNBQ5qiSGGBQe	43	1	180	1	\N
7	6	25	1	1465750000000	0	2mzbV7WevxLuchs2dAMY4vQBS6XttnCUF8Hvks4XNBQ5qiSGGBQe	26	1	25	1	\N
4	6	41	1	11549880000000000	24	2n1qke9hkiGq3TVhFjKEiWnTbQiDkHHDm7tyPjxdGnfWyDgwtEm8	43	1	41	1	\N
3	6	174	1	496750000000	13	2n1vPgvk1PU9mXT5RHEeWarj9eQyVDW3Lhs48WKQJFtdQ4vZ9C3V	176	1	174	1	\N
4	7	41	1	11549845000000000	31	2n1o6xz9EVuwtduL8qyhGH9Z4aioJ2BBRAQBHTdJ7AbiG7MvnPG1	43	1	41	1	\N
3	7	174	1	495750000000	17	2n1xoLfcx2ynQZ59CbYSitWLsyCKsdFHekTqCNZBcD7uTPbBVPk3	176	1	174	1	\N
5	7	180	1	2293500000000	0	2mzbV7WevxLuchs2dAMY4vQBS6XttnCUF8Hvks4XNBQ5qiSGGBQe	43	1	180	1	\N
7	8	25	1	2252250000000	0	2mzbV7WevxLuchs2dAMY4vQBS6XttnCUF8Hvks4XNBQ5qiSGGBQe	26	1	25	1	\N
4	8	41	1	11549780000000000	44	2n1Una9Ph9QU9yYs4UxBT3TXkmaR3kwgYF5azuAxPWyX6wGzKMb4	43	1	41	1	\N
3	8	174	1	494250000000	23	2n16FpJXHqUTvzjy4TEuUPmAQqqt8fyMYET85qsFeyLXfqdhTCU2	176	1	174	1	\N
7	9	25	1	3008000000000	0	2mzbV7WevxLuchs2dAMY4vQBS6XttnCUF8Hvks4XNBQ5qiSGGBQe	26	1	25	1	\N
4	9	41	1	11549745000000000	51	2n1zZrGirVtNg7QckLSjF87rp6bxN8BaikTHcnh19PpSAE9WyYbR	43	1	41	1	\N
3	9	174	1	493500000000	26	2mzmSGPKLSu5u2HcqiHVPXaAxWBT3kwxcJmkf7KHyzJpk4MExk2c	176	1	174	1	\N
4	10	41	1	11549745000000000	51	2n1zZrGirVtNg7QckLSjF87rp6bxN8BaikTHcnh19PpSAE9WyYbR	43	1	41	1	\N
3	10	174	1	493500000000	26	2mzmSGPKLSu5u2HcqiHVPXaAxWBT3kwxcJmkf7KHyzJpk4MExk2c	176	1	174	1	\N
5	10	180	1	3049250000000	0	2mzbV7WevxLuchs2dAMY4vQBS6XttnCUF8Hvks4XNBQ5qiSGGBQe	43	1	180	1	\N
4	11	41	1	11549685000000000	63	2mzpWToz8o1JAKaKgcF7ejG33SsF4NAzp5i9Dy3YjCgyduvdn3fK	43	1	41	1	\N
3	11	174	1	491750000000	33	2mzuqJyAk2dsxA4oyvjHzPyVXvuEb9MmRcNi85mmpxdKdyd2MmHJ	176	1	174	1	\N
5	11	180	1	3075250000000	0	2mzbV7WevxLuchs2dAMY4vQBS6XttnCUF8Hvks4XNBQ5qiSGGBQe	43	1	180	1	\N
7	12	25	1	3789750000000	0	2mzbV7WevxLuchs2dAMY4vQBS6XttnCUF8Hvks4XNBQ5qiSGGBQe	26	1	25	1	\N
4	12	41	1	11549685000000000	63	2mzpWToz8o1JAKaKgcF7ejG33SsF4NAzp5i9Dy3YjCgyduvdn3fK	43	1	41	1	\N
3	12	174	1	491750000000	33	2mzuqJyAk2dsxA4oyvjHzPyVXvuEb9MmRcNi85mmpxdKdyd2MmHJ	176	1	174	1	\N
4	13	41	1	11549655000000000	69	2n1RoLTX7nVX3QDqGhDirFnBWtWGMYn3Ped4fdWyRBdpMxnxPVBN	43	1	41	1	\N
3	13	174	1	491000000000	36	2mzYgpCPpmERiswvTLoBFYTUBM8sSBuFEjzVXFxLd27gNcRcKpuy	176	1	174	1	\N
5	13	180	1	3044250000000	0	2mzbV7WevxLuchs2dAMY4vQBS6XttnCUF8Hvks4XNBQ5qiSGGBQe	43	1	180	1	\N
7	14	25	1	4545500000000	0	2mzbV7WevxLuchs2dAMY4vQBS6XttnCUF8Hvks4XNBQ5qiSGGBQe	26	1	25	1	\N
4	14	41	1	11549620000000000	76	2mzi9fxApWeYSU92NCeBR5CfjxMGXhQFgkdKVEvVAyQAXy3MXERL	43	1	41	1	\N
3	14	174	1	490250000000	39	2n211nppbsxquAztL4mFQWHxHotUhrU34QpsjTd2K4X3f6S8XDsG	176	1	174	1	\N
4	15	41	1	11549620000000000	76	2mzi9fxApWeYSU92NCeBR5CfjxMGXhQFgkdKVEvVAyQAXy3MXERL	43	1	41	1	\N
3	15	174	1	490250000000	39	2n211nppbsxquAztL4mFQWHxHotUhrU34QpsjTd2K4X3f6S8XDsG	176	1	174	1	\N
5	15	180	1	3800000000000	0	2mzbV7WevxLuchs2dAMY4vQBS6XttnCUF8Hvks4XNBQ5qiSGGBQe	43	1	180	1	\N
4	16	41	1	11549590000000000	82	2mzmv9gVZzr3b1XYYhAngkUeQpYb5cysGtPSwyebydRFtJTAKLxc	43	1	41	1	\N
3	16	174	1	489500000000	42	2mzzfewV2nDLHegVAdN7H58ieCvqHifrsJUH1goapGX7JwxEzizN	176	1	174	1	\N
5	16	180	1	4550750000000	0	2mzbV7WevxLuchs2dAMY4vQBS6XttnCUF8Hvks4XNBQ5qiSGGBQe	43	1	180	1	\N
7	17	25	1	4540500000000	0	2mzbV7WevxLuchs2dAMY4vQBS6XttnCUF8Hvks4XNBQ5qiSGGBQe	26	1	25	1	\N
4	17	41	1	11549590000000000	82	2mzmv9gVZzr3b1XYYhAngkUeQpYb5cysGtPSwyebydRFtJTAKLxc	43	1	41	1	\N
3	17	174	1	489500000000	42	2mzzfewV2nDLHegVAdN7H58ieCvqHifrsJUH1goapGX7JwxEzizN	176	1	174	1	\N
4	19	41	1	11549530000000000	94	2mzYJnfUZi5rBmcnY8E2zdkAzyJrRqM8mfb8EqrPBdeSsC5MNscF	43	1	41	1	\N
3	19	174	1	488000000000	48	2mzkrCVE4kUHit8zF7RduRYxu6uCU8zd7TK3smTmJbQVJ8PkMDBs	176	1	174	1	\N
5	19	180	1	6052250000000	0	2mzbV7WevxLuchs2dAMY4vQBS6XttnCUF8Hvks4XNBQ5qiSGGBQe	43	1	180	1	\N
4	21	41	1	11549430000000000	114	2n12amb8n2rfhaPTs5gX5ozJtPgHTLBawXm1Yh9Wk5kLayJNeVHW	43	1	41	1	\N
3	21	174	1	485500000000	58	2mzn51vqTXGAESXXa2G4JUc7EiWFtpW7zxfBjszRL888uNP8yuAg	176	1	174	1	\N
5	21	180	1	6844000000000	0	2mzbV7WevxLuchs2dAMY4vQBS6XttnCUF8Hvks4XNBQ5qiSGGBQe	43	1	180	1	\N
7	23	25	1	6113750000000	0	2mzbV7WevxLuchs2dAMY4vQBS6XttnCUF8Hvks4XNBQ5qiSGGBQe	26	1	25	1	\N
4	23	41	1	11549370000000000	126	2mzfSYqUcp4KW52Qbvm2RQ8dpwyBgJ759vAMcfyG43ejyvqb3tu5	43	1	41	1	\N
3	23	174	1	484000000000	64	2mzweiDyvBWGxqn6K4HM53UewQhJAXArFWFjP3dkzbw2Z4at6814	176	1	174	1	\N
4	18	41	1	11549560000000000	88	2n1ANwZBDSovw9rFpNB8555Ed19QqnmBhz9yWd2orQZwY6dRBRdQ	43	1	41	1	\N
3	18	174	1	488750000000	45	2n1YBegqmWgsezAZKZz36pdZqgW5kN9QoKDd6pwsKFbqwBf4XLR2	176	1	174	1	\N
5	18	180	1	5301500000000	0	2mzbV7WevxLuchs2dAMY4vQBS6XttnCUF8Hvks4XNBQ5qiSGGBQe	43	1	180	1	\N
7	20	25	1	4540500000000	0	2mzbV7WevxLuchs2dAMY4vQBS6XttnCUF8Hvks4XNBQ5qiSGGBQe	26	1	25	1	\N
4	20	41	1	11549500000000000	100	2n15tn1H11KiperjDTYivvwb21pGDHd2LvhEdhTYRpe1mU7uhtX5	43	1	41	1	\N
3	20	174	1	487250000000	51	2n27A3UittKVPnjmDNSmTyig1SgxVSq5n4xFLagpoyraSnDrikNN	176	1	174	1	\N
7	22	25	1	5332250000000	0	2mzbV7WevxLuchs2dAMY4vQBS6XttnCUF8Hvks4XNBQ5qiSGGBQe	26	1	25	1	\N
4	22	41	1	11549430000000000	114	2n12amb8n2rfhaPTs5gX5ozJtPgHTLBawXm1Yh9Wk5kLayJNeVHW	43	1	41	1	\N
3	22	174	1	485500000000	58	2mzn51vqTXGAESXXa2G4JUc7EiWFtpW7zxfBjszRL888uNP8yuAg	176	1	174	1	\N
4	24	41	1	11549370000000000	126	2mzfSYqUcp4KW52Qbvm2RQ8dpwyBgJ759vAMcfyG43ejyvqb3tu5	43	1	41	1	\N
3	24	174	1	484000000000	64	2mzweiDyvBWGxqn6K4HM53UewQhJAXArFWFjP3dkzbw2Z4at6814	176	1	174	1	\N
5	24	180	1	6833750000000	0	2mzbV7WevxLuchs2dAMY4vQBS6XttnCUF8Hvks4XNBQ5qiSGGBQe	43	1	180	1	\N
\.


--
-- Data for Name: accounts_created; Type: TABLE DATA; Schema: public; Owner: postgres
--

COPY public.accounts_created (block_id, account_identifier_id, creation_fee) FROM stdin;
\.


--
-- Data for Name: blocks; Type: TABLE DATA; Schema: public; Owner: postgres
--

COPY public.blocks (id, state_hash, parent_id, parent_hash, creator_id, block_winner_id, last_vrf_output, snarked_ledger_hash_id, staking_epoch_data_id, next_epoch_data_id, min_window_density, sub_window_densities, total_currency, ledger_hash, height, global_slot_since_hard_fork, global_slot_since_genesis, protocol_version_id, proposed_protocol_version_id, "timestamp", chain_status) FROM stdin;
22	3NLPfxKeG2PNHYqLVQPhG33XK4wPZTo8G6TBxsbfkh5cQ2rgH1dJ	20	3NK7Z9497tubDTqfDW3reqe7RYKbqB2jXET6qyN9uAVznbzszZwL	26	151	5UtMbIrM_MZy9GHsoopjuK9A0MNIFjxRg-yoWGrD5AY=	1	1	23	77	{2,5,6,3,7,7,7,7,7,7,7}	23166005000061388	jx9QYetRmUirvUcMxtPTH5LFe83VqffMwj5ZDfSCtqN1gub1FX6	16	24	24	1	\N	1752080485000	orphaned
24	3NLpEqcM9vPgh3AjCeHibcp82u9YfGxy7UYVE2YmDWLwTPg25F1q	22	3NLPfxKeG2PNHYqLVQPhG33XK4wPZTo8G6TBxsbfkh5cQ2rgH1dJ	43	42	e8kmvRTHWeBTnwlsPaQklAQcE-18s5IANuzll5CazAU=	1	1	25	77	{2,5,6,4,7,7,7,7,7,7,7}	23166005000061388	jwkLqkJ39bTUeSyufk9f7ngFdeksDdXHb34HAuRz4WjvY3u6JH9	17	26	26	1	\N	1752080545000	canonical
20	3NK7Z9497tubDTqfDW3reqe7RYKbqB2jXET6qyN9uAVznbzszZwL	19	3NKe4GP3e8bmzBiYnS5AmYg7gEETUkaMcRorE5iV5aqh6zg3qrpe	26	151	zHpwbVk5u9G5BMSGl7onHuXyS5m4eO23OB32gUlWgwI=	1	1	21	77	{2,5,6,2,7,7,7,7,7,7,7}	23166005000061388	jxf9EhvHbHiHjHd1qxbCFHjia2eos2AJJ8mDt9FRnoaRqc1vmMp	15	22	22	1	\N	1752080425000	canonical
18	3NKtL4ZkMQH888eGxS7in97HsbHkfrckryuouidrAWejdAdVbbaV	16	3NKRiKLh53RbMm8tHmqmUmGp97g2GxVYqoqNfYFwVttChpgtJkCY	43	42	TtTa_70-u3LcIgg_KvkZU6cgAkgbe09KiTSMTumz_gY=	1	1	19	77	{2,5,6,7,7,7,7,7,7,7,7}	23166005000061388	jwnbLyQnZFqJJCr2wJBZDUwtz3o6szsJz79ghPCFS7eyHU4nb3D	13	20	20	1	\N	1752080365000	canonical
4	3NLYUux6n7Q6HGdpxzCFnTj1ySsAwGgB17XS1YDdBQD6nJg9Rqhs	3	3NKBjGfeoacaAb81yj1usNzoffTALtpHHcsHh6mRBgo529JM9gS4	26	151	Lp_PR7o2jkyf4amN_2ZOSpt6UPtuFcbNscPhTmXJfQk=	1	1	5	77	{2,2,7,7,7,7,7,7,7,7,7}	23166005000061388	jwWQaAMbUufcQknjoCmg86SzapxdmBBTt2ru88vy4WGdvpW36KY	4	9	9	1	\N	1752080035000	orphaned
10	3NKMfNj1xaRJYbhPgStt4nFWnu6yqBY5R5Y7EpFuytY9QGebuxSV	8	3NKLFQseHtxpXzvM7PGDhh9q4ZVAtUpzbMZtcr8vRvzm28ePr4sJ	43	42	ikejLrpUXByXwaEtqriEwNL9LHRzr5dlCn_xxbXfEwc=	1	1	11	77	{2,5,1,7,7,7,7,7,7,7,7}	23166005000061388	jxuwdX8NePeBYmXg9gfqmBQEXqpDCJbj82CmJreeJqfptQU6pdY	8	14	14	1	\N	1752080185000	orphaned
11	3NKQXoHqBHJc7nCtmGa9wbibuTqZEtW5wZtX21CkXEZwWtLXjEGK	9	3NKHz7P9B1YEu9v3PgLv2LAkXqLDK36uC6v4tDqxmrkvzcRAe5mQ	43	42	ivx_OyA0ZCJIM42RHxvmYPg-oG_sxOD9ySVP1_cAmwo=	1	1	12	77	{2,5,2,7,7,7,7,7,7,7,7}	23166005000061388	jxLEqP3v5QpxCdqRPZRezZNEHpPLLGoRDfUQ2iebPSBYPnLucDo	9	16	16	1	\N	1752080245000	orphaned
14	3NLhaN1PjZYvmAUprKV8x4qDDoVoPBDThh4kQhDAp39NGfg4TNxo	13	3NLQw6NroS6EnbsgWHUGsMXf4NwL9ErU7euLWUADWLpqoZgxh8Xr	26	151	IuWPO1OhyYT4I0vo6ffeq0ugTT_AIrxKOBxvKmIECQI=	1	1	15	77	{2,5,4,7,7,7,7,7,7,7,7}	23166005000061388	jwKmPp5sHkaJsGJHEDfMin2VaaWgLNcW5bZjUppFbHDc2hPivFs	11	18	18	1	\N	1752080305000	orphaned
13	3NLQw6NroS6EnbsgWHUGsMXf4NwL9ErU7euLWUADWLpqoZgxh8Xr	12	3NLWxUzDdZtFY2WeRaRWQnJsZqhWi3oMvvPRbd7j3JVyrax24TfC	43	42	XK54Jo-vyCI2n2dAOme7KnftDJvKzYCVVVvt0Mi9NA0=	1	1	14	77	{2,5,3,7,7,7,7,7,7,7,7}	23166005000061388	jwemzF8f7yBEii7SGmN4Sf168eJETL7MhJRyN8iavYXffvmFa4y	10	17	17	1	\N	1752080275000	canonical
12	3NLWxUzDdZtFY2WeRaRWQnJsZqhWi3oMvvPRbd7j3JVyrax24TfC	9	3NKHz7P9B1YEu9v3PgLv2LAkXqLDK36uC6v4tDqxmrkvzcRAe5mQ	26	151	WGBhcUVA90MkvJ8lHRYc4xiH4Gwg8njc7FswQ4-xKgg=	1	1	13	77	{2,5,2,7,7,7,7,7,7,7,7}	23166005000061388	jwuDrKYYrEK1zx6HSvpq3ANDpEVjYgLNg1SUNiLpGP8wi6Jpmhd	9	16	16	1	\N	1752080245000	canonical
9	3NKHz7P9B1YEu9v3PgLv2LAkXqLDK36uC6v4tDqxmrkvzcRAe5mQ	8	3NKLFQseHtxpXzvM7PGDhh9q4ZVAtUpzbMZtcr8vRvzm28ePr4sJ	26	151	oy8VUo4XhrnhBg0QuM0OhM0qWiRzOluZHfH6lmjQgwI=	1	1	10	77	{2,5,1,7,7,7,7,7,7,7,7}	23166005000061388	jxdmqTa6QT71u4D6m9PgjBbxV2g8qaucRUGgGkAC8Qho9mh9quF	8	14	14	1	\N	1752080185000	canonical
8	3NKLFQseHtxpXzvM7PGDhh9q4ZVAtUpzbMZtcr8vRvzm28ePr4sJ	7	3NL6PcZpS8eTQVRngRxVumn4KrYgGs26zc1612dFqCPWpWDZy8jg	26	151	178nWpZF-Zpt7as2itLNDlR2HjFFN-1u5lNYHTdjzwQ=	1	1	9	77	{2,5,7,7,7,7,7,7,7,7,7}	23166005000061388	jxfQrYegYiQohfj3dNxCNHN5HdW1861qqTpJZ7GrYGS3z7pGwfa	7	13	13	1	\N	1752080155000	canonical
7	3NL6PcZpS8eTQVRngRxVumn4KrYgGs26zc1612dFqCPWpWDZy8jg	6	3NKDrPRFjiNG7DvMaKLo8MzoomE3m3oP4HiCR1WYnfkAaEUTq2mM	43	42	fgiJqFmGSWMk7AblyE7xbriDZYMgEocIKtPZlK05Yg8=	1	1	8	77	{2,4,7,7,7,7,7,7,7,7,7}	23166005000061388	jxPTva5ZoanzaamgoLvSxVjYsXLp6uvfXokYLJGzrf4mqdfW5rU	6	11	11	1	\N	1752080095000	canonical
6	3NKDrPRFjiNG7DvMaKLo8MzoomE3m3oP4HiCR1WYnfkAaEUTq2mM	5	3NLfBHRmNetQoEESRp3ahgysrd6az6SkSuXk4SC4ZohXjrbL8ekd	26	151	QRk74SJVk5mexU9uPxfkGrDJ4f69sfr4Qwh2X3Fh6ww=	1	1	7	77	{2,3,7,7,7,7,7,7,7,7,7}	23166005000061388	jxGBeUaeKC85e7Yy31H3uhFCkWu6qL6UKDFFCbqQCng3noASbr5	5	10	10	1	\N	1752080065000	canonical
5	3NLfBHRmNetQoEESRp3ahgysrd6az6SkSuXk4SC4ZohXjrbL8ekd	3	3NKBjGfeoacaAb81yj1usNzoffTALtpHHcsHh6mRBgo529JM9gS4	43	42	0zgl_ue27tnK9-LfFvVpJNjjZk1xo7TyJQd0YfWDXgA=	1	1	6	77	{2,2,7,7,7,7,7,7,7,7,7}	23166005000061388	jx2ty2VEEScgLUHYbgZrVgtxoxTuZzzJmf4jMBMsfyMXigRH3hr	4	9	9	1	\N	1752080035000	canonical
3	3NKBjGfeoacaAb81yj1usNzoffTALtpHHcsHh6mRBgo529JM9gS4	2	3NKJLKMfXwdwsiVqxRufPMrcp8ndni7ShLojJJ3LhYFrcsTFzsPf	43	42	xNntrWAZxQK8QXfnzJKe5tuVtITUVvOIrhIJiaokHQI=	1	1	4	77	{2,1,7,7,7,7,7,7,7,7,7}	23166005000061388	jwMp5VGCMoGF48dFr2PEnYxcfL8KzfEFe274C86SknPNc3g4Bw2	3	8	8	1	\N	1752080005000	canonical
2	3NKJLKMfXwdwsiVqxRufPMrcp8ndni7ShLojJJ3LhYFrcsTFzsPf	1	3NL57Fa5yVDCnY7JqvZ6GGRs1gA7UKpRmWdX5oavtrRMY9nL9jnR	26	151	LxuoHG6J7Q8WIxWLIyvl920S4DjnfsS2bhuAlUe-HQc=	1	1	3	77	{2,7,7,7,7,7,7,7,7,7,7}	23166005000061388	jwjdcMLWywEqesmYKekpPj8PL44M2hMocWG2W5NDvNxbFRPmdD7	2	6	6	1	\N	1752079949587	canonical
1	3NL57Fa5yVDCnY7JqvZ6GGRs1gA7UKpRmWdX5oavtrRMY9nL9jnR	\N	3NLmo1Dq4GrQMvAd2brHZypaKxdW3B75DY4pV21GG3jB59P6VG6U	1	1	39cyg4ZmMtnb_aFUIerNAoAJV8qtkfOpq0zFzPspjgM=	1	1	2	77	{1,7,7,7,7,7,7,7,7,7,7}	23166005000061388	jwZ8MVAesBiSNDZ1o9NcoBqZRjSchwR52L3bY6h4km3HTpwMX6Y	1	0	0	1	\N	1752079765000	canonical
17	3NLvNZP1QhfdX3bdPEQ3eDRQPw9yd2p1L3DFKgLgY8ZRPLJF97NM	15	3NLqf7HKCSeK9HZV95XaDP8Nt6dtMnwf3TazJV9KTwhJhNRrHdTT	26	151	P2CF4EKYd_OUJZSjnzj4SH0pBmOmZ9A_ycjdYIX6Aws=	1	1	18	77	{2,5,5,7,7,7,7,7,7,7,7}	23166005000061388	jwJ2MmNKP1Hrqf5k687JNNzgjH6dsQsTJj9Uq43niEpXqNjpr2q	12	19	19	1	\N	1752080335000	orphaned
21	3NKqSpK7wVeVaRBfC51GegqXJAe8fn3MfKnReKCXKXg2n93EaRLe	20	3NK7Z9497tubDTqfDW3reqe7RYKbqB2jXET6qyN9uAVznbzszZwL	43	42	-NLRV0UejHdswWz4DMk5t4q5yQIal-wN0LX69kjUbww=	1	1	22	77	{2,5,6,3,7,7,7,7,7,7,7}	23166005000061388	jwbjtcbgyL2TyucryUdePaDgx5pUYYD2Wuq3zQozeFu6RULYCDC	16	24	24	1	\N	1752080485000	orphaned
23	3NKCJ5Uri9T9RCnbs7GfY4sFrafg4wz4vQhdHrjcchmhpH5P8NeD	22	3NLPfxKeG2PNHYqLVQPhG33XK4wPZTo8G6TBxsbfkh5cQ2rgH1dJ	26	151	fFl-0uWRfr4ZhvTcruAQKA7-JOlKEASEqiAia062ugE=	1	1	24	77	{2,5,6,4,7,7,7,7,7,7,7}	23166005000061388	jx35vmjmf9ZwnGqjjbJyfTeCzLE2J53QjNVa28ehUvwF1i643cH	17	26	26	1	\N	1752080545000	orphaned
19	3NKe4GP3e8bmzBiYnS5AmYg7gEETUkaMcRorE5iV5aqh6zg3qrpe	18	3NKtL4ZkMQH888eGxS7in97HsbHkfrckryuouidrAWejdAdVbbaV	43	42	lPot5G1MHzMEDheDKri1KS-YZ5dCf1Tsx0F1_v2t-ws=	1	1	20	77	{2,5,6,1,7,7,7,7,7,7,7}	23166005000061388	jxnsBsQUtjciMcVn9Mxa6dTtpqMCrzpK143LujUooaQqJiWMo8i	14	21	21	1	\N	1752080395000	canonical
16	3NKRiKLh53RbMm8tHmqmUmGp97g2GxVYqoqNfYFwVttChpgtJkCY	15	3NLqf7HKCSeK9HZV95XaDP8Nt6dtMnwf3TazJV9KTwhJhNRrHdTT	43	42	l9pijNrVSN2OYcsyXAKG_KisE1wH-H0vJ_-edywt2gA=	1	1	17	77	{2,5,5,7,7,7,7,7,7,7,7}	23166005000061388	jxamtiJgdRryf3obpWsuYyEUqstgyHBvYR6L8pQdF3jrBDRrPDY	12	19	19	1	\N	1752080335000	canonical
15	3NLqf7HKCSeK9HZV95XaDP8Nt6dtMnwf3TazJV9KTwhJhNRrHdTT	13	3NLQw6NroS6EnbsgWHUGsMXf4NwL9ErU7euLWUADWLpqoZgxh8Xr	43	42	maTl2EhqDD-1VU3GOcAVspcqW63vfWMMAbibN-lwRAE=	1	1	16	77	{2,5,4,7,7,7,7,7,7,7,7}	23166005000061388	jwAAnPCQdAHdbM3QLNSQ6B2o6fWVyqetbj3KWahUZR45Ues4mJx	11	18	18	1	\N	1752080305000	canonical
\.


--
-- Data for Name: blocks_internal_commands; Type: TABLE DATA; Schema: public; Owner: postgres
--

COPY public.blocks_internal_commands (block_id, internal_command_id, sequence_no, secondary_sequence_no, status, failure_reason) FROM stdin;
2	1	0	0	applied	\N
3	2	19	0	applied	\N
3	3	20	0	applied	\N
4	1	10	0	applied	\N
4	4	11	0	applied	\N
5	2	10	0	applied	\N
5	5	11	0	applied	\N
6	1	8	0	applied	\N
6	6	9	0	applied	\N
7	2	11	0	applied	\N
7	7	12	0	applied	\N
8	1	19	0	applied	\N
8	8	20	0	applied	\N
9	1	10	0	applied	\N
9	4	11	0	applied	\N
10	2	10	0	applied	\N
10	5	11	0	applied	\N
11	2	19	0	applied	\N
11	3	20	0	applied	\N
12	1	19	0	applied	\N
12	9	20	0	applied	\N
13	2	9	0	applied	\N
13	10	10	0	applied	\N
14	11	5	0	applied	\N
14	1	11	0	applied	\N
14	12	12	0	applied	\N
15	13	5	0	applied	\N
15	2	11	0	applied	\N
15	14	12	0	applied	\N
16	2	9	0	applied	\N
16	10	10	0	applied	\N
17	1	9	0	applied	\N
17	15	10	0	applied	\N
18	2	9	0	applied	\N
18	10	10	0	applied	\N
19	2	9	0	applied	\N
19	10	10	0	applied	\N
20	1	9	0	applied	\N
20	15	10	0	applied	\N
21	2	21	0	applied	\N
21	16	22	0	applied	\N
22	1	21	0	applied	\N
22	17	22	0	applied	\N
23	1	18	0	applied	\N
23	18	19	0	applied	\N
24	2	18	0	applied	\N
24	19	19	0	applied	\N
\.


--
-- Data for Name: blocks_user_commands; Type: TABLE DATA; Schema: public; Owner: postgres
--

COPY public.blocks_user_commands (block_id, user_command_id, sequence_no, status, failure_reason) FROM stdin;
3	1	12	applied	\N
3	2	13	applied	\N
3	3	14	applied	\N
3	4	15	applied	\N
3	5	16	applied	\N
3	6	17	applied	\N
3	7	18	applied	\N
4	8	7	applied	\N
4	9	8	applied	\N
4	10	9	applied	\N
5	8	7	applied	\N
5	9	8	applied	\N
5	10	9	applied	\N
6	11	5	applied	\N
6	12	6	applied	\N
6	13	7	applied	\N
7	14	7	applied	\N
7	15	8	applied	\N
7	16	9	applied	\N
7	17	10	applied	\N
8	18	13	applied	\N
8	19	14	applied	\N
8	20	15	applied	\N
8	21	16	applied	\N
8	22	17	applied	\N
8	23	18	applied	\N
9	24	7	applied	\N
9	25	8	applied	\N
9	26	9	applied	\N
10	24	7	applied	\N
10	25	8	applied	\N
10	26	9	applied	\N
11	27	12	applied	\N
11	28	13	applied	\N
11	29	14	applied	\N
11	30	15	applied	\N
11	31	16	applied	\N
11	32	17	applied	\N
11	33	18	applied	\N
12	27	12	applied	\N
12	28	13	applied	\N
12	29	14	applied	\N
12	30	15	applied	\N
12	31	16	applied	\N
12	32	17	applied	\N
12	33	18	applied	\N
13	34	6	applied	\N
13	35	7	applied	\N
13	36	8	applied	\N
14	37	8	applied	\N
14	38	9	applied	\N
14	39	10	applied	\N
15	37	8	applied	\N
15	38	9	applied	\N
15	39	10	applied	\N
16	40	6	applied	\N
16	41	7	applied	\N
16	42	8	applied	\N
17	40	6	applied	\N
17	41	7	applied	\N
17	42	8	applied	\N
18	43	6	applied	\N
18	44	7	applied	\N
18	45	8	applied	\N
19	46	6	applied	\N
19	47	7	applied	\N
19	48	8	applied	\N
20	49	6	applied	\N
20	50	7	applied	\N
20	51	8	applied	\N
21	52	14	applied	\N
21	53	15	applied	\N
21	54	16	applied	\N
21	55	17	applied	\N
21	56	18	applied	\N
21	57	19	applied	\N
21	58	20	applied	\N
22	52	14	applied	\N
22	53	15	applied	\N
22	54	16	applied	\N
22	55	17	applied	\N
22	56	18	applied	\N
22	57	19	applied	\N
22	58	20	applied	\N
23	59	12	applied	\N
23	60	13	applied	\N
23	61	14	applied	\N
23	62	15	applied	\N
23	63	16	applied	\N
23	64	17	applied	\N
24	59	12	applied	\N
24	60	13	applied	\N
24	61	14	applied	\N
24	62	15	applied	\N
24	63	16	applied	\N
24	64	17	applied	\N
\.


--
-- Data for Name: blocks_zkapp_commands; Type: TABLE DATA; Schema: public; Owner: postgres
--

COPY public.blocks_zkapp_commands (block_id, zkapp_command_id, sequence_no, status, failure_reasons_ids) FROM stdin;
3	1	0	failed	{1,2}
3	2	1	failed	{3,2}
3	3	2	failed	{4}
3	4	3	failed	{3,2}
3	5	4	failed	{4}
3	6	5	failed	{3,2}
3	7	6	failed	{4}
3	8	7	failed	{3,2}
3	9	8	failed	{4}
3	10	9	failed	{3,2}
3	11	10	failed	{4}
3	12	11	failed	{3,2}
4	13	0	failed	{4}
4	14	1	failed	{3,2}
4	15	2	failed	{4}
4	16	3	failed	{3,2}
4	17	4	failed	{4}
4	18	5	failed	{3,2}
4	19	6	failed	{4}
5	13	0	failed	{4}
5	14	1	failed	{3,2}
5	15	2	failed	{4}
5	16	3	failed	{3,2}
5	17	4	failed	{4}
5	18	5	failed	{3,2}
5	19	6	failed	{4}
6	20	0	failed	{3,2}
6	21	1	failed	{4}
6	22	2	failed	{3,2}
6	23	3	failed	{4}
6	24	4	failed	{3,2}
7	25	0	failed	{4}
7	26	1	failed	{3,2}
7	27	2	failed	{4}
7	28	3	failed	{3,2}
7	29	4	failed	{4}
7	30	5	failed	{3,2}
7	31	6	failed	{4}
8	32	0	failed	{3,2}
8	33	1	failed	{4}
8	34	2	failed	{3,2}
8	35	3	failed	{4}
8	36	4	failed	{3,2}
8	37	5	failed	{4}
8	38	6	failed	{3,2}
8	39	7	failed	{4}
8	40	8	failed	{3,2}
8	41	9	failed	{4}
8	42	10	failed	{3,2}
8	43	11	failed	{4}
8	44	12	failed	{3,2}
9	45	0	failed	{4}
9	46	1	failed	{3,2}
9	47	2	failed	{4}
9	48	3	failed	{3,2}
9	49	4	failed	{4}
9	50	5	failed	{3,2}
9	51	6	failed	{4}
10	45	0	failed	{4}
10	46	1	failed	{3,2}
10	47	2	failed	{4}
10	48	3	failed	{3,2}
10	49	4	failed	{4}
10	50	5	failed	{3,2}
10	51	6	failed	{4}
11	52	0	failed	{3,2}
11	53	1	failed	{4}
11	54	2	failed	{3,2}
11	55	3	failed	{4}
11	56	4	failed	{3,2}
11	57	5	failed	{4}
11	58	6	failed	{3,2}
11	59	7	failed	{4}
11	60	8	failed	{3,2}
11	61	9	failed	{4}
11	62	10	failed	{3,2}
11	63	11	failed	{4}
12	52	0	failed	{3,2}
12	53	1	failed	{4}
12	54	2	failed	{3,2}
12	55	3	failed	{4}
12	56	4	failed	{3,2}
12	57	5	failed	{4}
12	58	6	failed	{3,2}
12	59	7	failed	{4}
12	60	8	failed	{3,2}
12	61	9	failed	{4}
12	62	10	failed	{3,2}
12	63	11	failed	{4}
13	64	0	failed	{3,2}
13	65	1	failed	{4}
13	66	2	failed	{3,2}
13	67	3	failed	{4}
13	68	4	failed	{3,2}
13	69	5	failed	{4}
14	70	0	failed	{3,2}
14	71	1	failed	{4}
14	72	2	failed	{3,2}
14	73	3	failed	{4}
14	74	4	failed	{3,2}
14	75	6	failed	{4}
14	76	7	failed	{3,2}
15	70	0	failed	{3,2}
15	71	1	failed	{4}
15	72	2	failed	{3,2}
15	73	3	failed	{4}
15	74	4	failed	{3,2}
15	75	6	failed	{4}
15	76	7	failed	{3,2}
17	77	0	failed	{4}
17	78	1	failed	{3,2}
17	79	2	failed	{4}
17	80	3	failed	{3,2}
17	81	4	failed	{4}
17	82	5	failed	{3,2}
16	77	0	failed	{4}
16	78	1	failed	{3,2}
16	79	2	failed	{4}
16	80	3	failed	{3,2}
16	81	4	failed	{4}
16	82	5	failed	{3,2}
18	83	0	failed	{4}
18	84	1	failed	{3,2}
18	85	2	failed	{4}
18	86	3	failed	{3,2}
18	87	4	failed	{4}
18	88	5	failed	{3,2}
19	89	0	failed	{4}
19	90	1	failed	{3,2}
19	91	2	failed	{4}
19	92	3	failed	{3,2}
19	93	4	failed	{4}
19	94	5	failed	{3,2}
20	95	0	failed	{4}
20	96	1	failed	{3,2}
20	97	2	failed	{4}
20	98	3	failed	{3,2}
20	99	4	failed	{4}
20	100	5	failed	{3,2}
21	101	0	failed	{4}
21	102	1	failed	{3,2}
21	103	2	failed	{4}
21	104	3	failed	{3,2}
21	105	4	failed	{4}
21	106	5	failed	{3,2}
21	107	6	failed	{4}
21	108	7	failed	{3,2}
21	109	8	failed	{4}
21	110	9	failed	{3,2}
21	111	10	failed	{4}
21	112	11	failed	{3,2}
21	113	12	failed	{4}
21	114	13	failed	{3,2}
22	101	0	failed	{4}
22	102	1	failed	{3,2}
22	103	2	failed	{4}
22	104	3	failed	{3,2}
22	105	4	failed	{4}
22	106	5	failed	{3,2}
22	107	6	failed	{4}
22	108	7	failed	{3,2}
22	109	8	failed	{4}
22	110	9	failed	{3,2}
22	111	10	failed	{4}
22	112	11	failed	{3,2}
22	113	12	failed	{4}
22	114	13	failed	{3,2}
23	115	0	failed	{4}
23	116	1	failed	{3,2}
23	117	2	failed	{4}
23	118	3	failed	{3,2}
23	119	4	failed	{4}
23	120	5	failed	{3,2}
23	121	6	failed	{4}
23	122	7	failed	{3,2}
23	123	8	failed	{4}
23	124	9	failed	{3,2}
23	125	10	failed	{4}
23	126	11	failed	{3,2}
24	115	0	failed	{4}
24	116	1	failed	{3,2}
24	117	2	failed	{4}
24	118	3	failed	{3,2}
24	119	4	failed	{4}
24	120	5	failed	{3,2}
24	121	6	failed	{4}
24	122	7	failed	{3,2}
24	123	8	failed	{4}
24	124	9	failed	{3,2}
24	125	10	failed	{4}
24	126	11	failed	{3,2}
\.


--
-- Data for Name: epoch_data; Type: TABLE DATA; Schema: public; Owner: postgres
--

COPY public.epoch_data (id, seed, ledger_hash_id, total_currency, start_checkpoint, lock_checkpoint, epoch_length) FROM stdin;
1	2va9BGv9JrLTtrzZttiEMDYw1Zj6a6EHzXjmP9evHDTG3oEquURA	1	23166005000061388	3NK2tkzqqK5spR2sZ7tujjqPksL45M3UUrcA4WhCkeiPtnugyE2x	3NK2tkzqqK5spR2sZ7tujjqPksL45M3UUrcA4WhCkeiPtnugyE2x	1
2	2vafPBQ3zQdHUEDDnFGuiNvJz7s2MhTLJgSzQSnu5fnZavT27cms	1	23166005000061388	3NK2tkzqqK5spR2sZ7tujjqPksL45M3UUrcA4WhCkeiPtnugyE2x	3NLmo1Dq4GrQMvAd2brHZypaKxdW3B75DY4pV21GG3jB59P6VG6U	2
3	2vbc6ukFwaJhqKAxxSJ2dFfCHCWoe5ESuEsFVGWFNJFSqoDJWspf	1	23166005000061388	3NK2tkzqqK5spR2sZ7tujjqPksL45M3UUrcA4WhCkeiPtnugyE2x	3NL57Fa5yVDCnY7JqvZ6GGRs1gA7UKpRmWdX5oavtrRMY9nL9jnR	3
4	2vbuNosKKvXqCh6f5rgWFiS8tXmoqEhjqLfEuPGDH127ALTth9nC	1	23166005000061388	3NK2tkzqqK5spR2sZ7tujjqPksL45M3UUrcA4WhCkeiPtnugyE2x	3NKJLKMfXwdwsiVqxRufPMrcp8ndni7ShLojJJ3LhYFrcsTFzsPf	4
5	2vbLZ4xa48DGrHfqize6vM5nt4DMJPeRCNyj9NdiP77LqhogCn9p	1	23166005000061388	3NK2tkzqqK5spR2sZ7tujjqPksL45M3UUrcA4WhCkeiPtnugyE2x	3NKBjGfeoacaAb81yj1usNzoffTALtpHHcsHh6mRBgo529JM9gS4	5
6	2vbpcwR2vx1CdtdEBoBDucVp7HGXLwe86DvmhwVf9tA5yvYgLnqu	1	23166005000061388	3NK2tkzqqK5spR2sZ7tujjqPksL45M3UUrcA4WhCkeiPtnugyE2x	3NKBjGfeoacaAb81yj1usNzoffTALtpHHcsHh6mRBgo529JM9gS4	5
7	2vamNZMhJHjtPgogMZ5WeBJ36UXEo63hbhFgzebSe2vEkL23pLSg	1	23166005000061388	3NK2tkzqqK5spR2sZ7tujjqPksL45M3UUrcA4WhCkeiPtnugyE2x	3NLfBHRmNetQoEESRp3ahgysrd6az6SkSuXk4SC4ZohXjrbL8ekd	6
8	2vbMtYynkKhYEiQXPNsZTbmm5yVdveXpPqdb9LjRzMsYngVxxZAi	1	23166005000061388	3NK2tkzqqK5spR2sZ7tujjqPksL45M3UUrcA4WhCkeiPtnugyE2x	3NKDrPRFjiNG7DvMaKLo8MzoomE3m3oP4HiCR1WYnfkAaEUTq2mM	7
9	2vaQPxw6Zs1pGnqUKpUg3Tc61HAVwMWS2dRX3Tni5NA3hUtT2Dvc	1	23166005000061388	3NK2tkzqqK5spR2sZ7tujjqPksL45M3UUrcA4WhCkeiPtnugyE2x	3NL6PcZpS8eTQVRngRxVumn4KrYgGs26zc1612dFqCPWpWDZy8jg	8
10	2vc35zBynmeXh3DzeiGNSX6bm7Uqzw6zHVAJNDHSfp3hzU7KRdvK	1	23166005000061388	3NK2tkzqqK5spR2sZ7tujjqPksL45M3UUrcA4WhCkeiPtnugyE2x	3NKLFQseHtxpXzvM7PGDhh9q4ZVAtUpzbMZtcr8vRvzm28ePr4sJ	9
11	2vbDFPcSURy4j7D4WmT7cAFgNCWAaxYQTDmVYVJiHCwDb9rS3Sbr	1	23166005000061388	3NK2tkzqqK5spR2sZ7tujjqPksL45M3UUrcA4WhCkeiPtnugyE2x	3NKLFQseHtxpXzvM7PGDhh9q4ZVAtUpzbMZtcr8vRvzm28ePr4sJ	9
12	2vamHdaBg6Ug2rwU81dfz9PzABv2JZwC1SWSgAnNVhRvAeEbKLN3	1	23166005000061388	3NK2tkzqqK5spR2sZ7tujjqPksL45M3UUrcA4WhCkeiPtnugyE2x	3NKHz7P9B1YEu9v3PgLv2LAkXqLDK36uC6v4tDqxmrkvzcRAe5mQ	10
13	2vbLQURyiUmggyQoCxadoR99hLKP9Ec3XjXTp71YuxZBTW4KFsT9	1	23166005000061388	3NK2tkzqqK5spR2sZ7tujjqPksL45M3UUrcA4WhCkeiPtnugyE2x	3NKHz7P9B1YEu9v3PgLv2LAkXqLDK36uC6v4tDqxmrkvzcRAe5mQ	10
14	2vauusMWCzFB5PeqeUnxzW1TJ2J8ymiCkLFyKmfYUri4mCEHfUDJ	1	23166005000061388	3NK2tkzqqK5spR2sZ7tujjqPksL45M3UUrcA4WhCkeiPtnugyE2x	3NLWxUzDdZtFY2WeRaRWQnJsZqhWi3oMvvPRbd7j3JVyrax24TfC	11
15	2vbutBDbfqnQuw8WDbGHLwecwQE27jMQcUAmPyq3F6YcVWfg1JmM	1	23166005000061388	3NK2tkzqqK5spR2sZ7tujjqPksL45M3UUrcA4WhCkeiPtnugyE2x	3NLQw6NroS6EnbsgWHUGsMXf4NwL9ErU7euLWUADWLpqoZgxh8Xr	12
16	2vaHssHRs2Mp92jyqmbDiTLePhFthrXK4vtzT1PvvK28mYKbJTh8	1	23166005000061388	3NK2tkzqqK5spR2sZ7tujjqPksL45M3UUrcA4WhCkeiPtnugyE2x	3NLQw6NroS6EnbsgWHUGsMXf4NwL9ErU7euLWUADWLpqoZgxh8Xr	12
17	2vaKLELgEs31yCJZaDNJqsJJeg28DKiK4RyvPVoWG5GDqSSrQMDW	1	23166005000061388	3NK2tkzqqK5spR2sZ7tujjqPksL45M3UUrcA4WhCkeiPtnugyE2x	3NLqf7HKCSeK9HZV95XaDP8Nt6dtMnwf3TazJV9KTwhJhNRrHdTT	13
18	2vaP5x9eg4nrxrzPjMxMojEmhZH2vrJSpJTm2nbxQUwb9hG6vLFX	1	23166005000061388	3NK2tkzqqK5spR2sZ7tujjqPksL45M3UUrcA4WhCkeiPtnugyE2x	3NLqf7HKCSeK9HZV95XaDP8Nt6dtMnwf3TazJV9KTwhJhNRrHdTT	13
19	2vabcsbwTxrjL1obpb8o9P5nHM29kRFt5SxtqApstC2GsnzF7Lch	1	23166005000061388	3NK2tkzqqK5spR2sZ7tujjqPksL45M3UUrcA4WhCkeiPtnugyE2x	3NKRiKLh53RbMm8tHmqmUmGp97g2GxVYqoqNfYFwVttChpgtJkCY	14
20	2vbrw8M8ui5oewkhSNNTQujw7sHJnN7UwcXGBSBzXDR5UVrFxgdx	1	23166005000061388	3NK2tkzqqK5spR2sZ7tujjqPksL45M3UUrcA4WhCkeiPtnugyE2x	3NKtL4ZkMQH888eGxS7in97HsbHkfrckryuouidrAWejdAdVbbaV	15
21	2vbptdaEX764jhZhB2TPLMLCTFyciXWt9vpHJdDpok6nocfWyC1Q	1	23166005000061388	3NK2tkzqqK5spR2sZ7tujjqPksL45M3UUrcA4WhCkeiPtnugyE2x	3NKe4GP3e8bmzBiYnS5AmYg7gEETUkaMcRorE5iV5aqh6zg3qrpe	16
22	2vamb36NC7FQLa4E49z3qpDS3uUYDRPTUN9kkWSoB6RjKe9bwbY3	1	23166005000061388	3NK2tkzqqK5spR2sZ7tujjqPksL45M3UUrcA4WhCkeiPtnugyE2x	3NK7Z9497tubDTqfDW3reqe7RYKbqB2jXET6qyN9uAVznbzszZwL	17
23	2vanqBewEpPSdrH6FCVTxMdGeHJswKLXEfM5KuMmuxSZTK2b3LJD	1	23166005000061388	3NK2tkzqqK5spR2sZ7tujjqPksL45M3UUrcA4WhCkeiPtnugyE2x	3NK7Z9497tubDTqfDW3reqe7RYKbqB2jXET6qyN9uAVznbzszZwL	17
24	2vbmyDjZRZchZhhYFXnD1pKFDdSfczPZ6NFinTGZmoDuSEHRincf	1	23166005000061388	3NK2tkzqqK5spR2sZ7tujjqPksL45M3UUrcA4WhCkeiPtnugyE2x	3NLPfxKeG2PNHYqLVQPhG33XK4wPZTo8G6TBxsbfkh5cQ2rgH1dJ	18
25	2vbPQ6mneXAsffREGMCoPsjtfK7nuQ5AS77FxDDfTuJ8wKcjVSDu	1	23166005000061388	3NK2tkzqqK5spR2sZ7tujjqPksL45M3UUrcA4WhCkeiPtnugyE2x	3NLPfxKeG2PNHYqLVQPhG33XK4wPZTo8G6TBxsbfkh5cQ2rgH1dJ	18
\.


--
-- Data for Name: internal_commands; Type: TABLE DATA; Schema: public; Owner: postgres
--

COPY public.internal_commands (id, command_type, receiver_id, fee, hash) FROM stdin;
1	coinbase	26	720000000000	5JvPyZmpQHnn2jWUPmgphEgk5PZbvE9Qcupej7D4iCr4NQ1oRdLa
2	coinbase	43	720000000000	5Juz6kjahyYZAhM3nKmWSKkAVvyxGFesikWCaDorym5UAr6sjkFA
3	fee_transfer	43	61750000000	5Juj2ZMYBhYWQDqWcVRZadJmNB3Du34obUXFGbGXbVcsJD4yRdNW
4	fee_transfer	26	35750000000	5JuuH8dbi2is2PsjgJDGtzGqSqW95A8RV5a61azwy9du1d3ZFr8q
5	fee_transfer	43	35750000000	5JtqVP5fLGearPf5aJCT3iCNwKvUHq2xwYf5PSQrJjsnwzLbnNsB
6	fee_transfer	26	25750000000	5JvC5MhRD74qUS1r4kUGT5RSia8kmuTTFcbPc885H4rkj2eoWqkM
7	fee_transfer	43	36000000000	5JvFzcK32aJdbay5J4diyjTCiubgtB6nbyuEYrT1wkSJE4jfYT1u
8	fee_transfer	26	66500000000	5Jv1neg2um2W7QkzA5mzZTVg6jhA5ojokcPrn4WiRQwE282s7bnz
9	fee_transfer	26	61750000000	5JuZmNvumAZA2R5A4rVqhkz9QLgd6NQWZUyJSwymgEDYMvAH4nCJ
10	fee_transfer	43	30750000000	5JtpTdHf2NFwo9drEfr2wcWH5VExXa77vkToTgwJo4sNuX1pVW8Y
11	fee_transfer	26	25000000000	5JuYPRdeuWsxPDh1ii8CDWWZpGsVmu6id5Gb6rRB1ZoL9K1stSuV
12	fee_transfer	26	10750000000	5JuyST65Q8xjjCfSn5NnZBxZdXiHHvrTf4WsX9uQ3yDQLp2n8Dcx
13	fee_transfer	43	25000000000	5JtWMx4qtzSSVQPVQa9jCHHZRWb9QFSvjiSS9m1LJBHRoujy4EsB
14	fee_transfer	43	10750000000	5JueHvGCv5YVwktbAJwjC4xxf95cUfkwCJ9dmxZP91c884DAZNG8
15	fee_transfer	26	30750000000	5Jtz8VbtP9P7ngvsfY8afbjB39b91pWCgXvwPqG1yj3JhRmq3MUj
16	fee_transfer	43	71750000000	5JuyWYivfEJ7zSK6ab33uoGtH68usycbwSzBPQ2xdqA8ffio8kET
17	fee_transfer	26	71750000000	5JtZ3aqi8xWgezSfpnBtqwo9pTQqDPBqUSCnNDumyEnFMhmMybzU
18	fee_transfer	26	61500000000	5Jtrfqu6Z3QM47VhrGK4E1n67fujB29axUJPDGXSdrhVf9RfDEUt
19	fee_transfer	43	61500000000	5Jth25cEK3yzSpVAPDxd6osPR1Pp9bgH6fLc3uufDnN3MXy2ttxb
\.


--
-- Data for Name: protocol_versions; Type: TABLE DATA; Schema: public; Owner: postgres
--

COPY public.protocol_versions (id, transaction, network, patch) FROM stdin;
1	3	0	0
\.


--
-- Data for Name: public_keys; Type: TABLE DATA; Schema: public; Owner: postgres
--

COPY public.public_keys (id, value) FROM stdin;
1	B62qiy32p8kAKnny8ZFwoMhYpBppM1DWVCqAPBYNcXnsAHhnfAAuXgg
2	B62qp3Wu9Ayd7rkDrJDvoi6zMKciG1Jv6imE9SRUJzdUbQHVttKPWPF
3	B62qr6VZXBDXUntN5bcwu69ae4oqsB7J7cHYaUWKhWygfujRCtFu4C3
4	B62qnFJWYYYbTuDWQ5oCRhP4hT8sc8F1xDf34wyxhvTzosxnV6UYNDP
5	B62qmmV9zHiWwXj2Do14t2bUtT7onfHwsNa7KSJxrFhpXbunUd9gLEi
6	B62qnzUQLreTeYj7TkkKyFR9s5REY6GTKc4sVK8K34Xvw8dfRPAUByg
7	B62qoxkuzRkqEXbw2D7FS1EJctSvrKhFDjwo1s7UqaRbzAC9wW9CqXB
8	B62qk4Y4VLT1oUbD1NjPunSEUjz5yVNbiETWCfNTvT5VLrmbRwnKcMk
9	B62qnsdKhWmeQZjvas2bVuE7AcUjqWxSjb5B6pFqyVdtVbrro8D9p9F
10	B62qqDcNXt7LK6686QQ9TvLaFF5as6xRRSMEjfwXJUEk3hSHVXksUth
11	B62qmRRtdPM1XRnHpchjrVdVyRtUKFX5Nmrhu7MWSs3wDVsLuTQ54dV
12	B62qnT7rV3ZQ71n6Z2RaPZSn38zEniZq1A8CXEdArxrF7q6sTTWZdZc
13	B62qmnTkaf43Ctbxq1NgvtakVwKKcB1nk2vee61bMAcPfDB5FR5upJN
14	B62qpTgN6VhfdCGimamFjarhSBfiK1oGEKyrqHN5FHejeJR8Z2vgKYt
15	B62qkaFHyAx1TMzuez3APX1hG33j2ZXCTXJFFzeSxgt8fA3henaeT84
16	B62qkCd6ftXqh39xPVb7qyJkSWZYa12QCsxFCaCmDrvfZoTNYmKQtkC
17	B62qrEWSxSXzp8QLDpvuJKeHWxybsE2iwaMPViMpdjptmUxQbtDV178
18	B62qnUCyUPAGE9ZXcu2TpkqUPaU3fhgzxRSEiyt5C8V7mcgNNvj1oc9
19	B62qiquMTUSJa6qqyd3hY2PjkxiUqgPEN2NXYhP56SqwhJoBsFfEF5T
20	B62qm174LzHrFzjwo3jRXst9LGSYjY3gLiCzniUkVDMW912gLBw63iZ
21	B62qrrLFhpise34oGcCsDZMSqZJmy9X6q7DsJ4gSAFSEAJakdwvPbVe
22	B62qo11BPUzNFEuVeskPRhXHYa3yzf2WoGjdZ2hmeBT9RmgFoaLE34A
23	B62qmSTojN3aDbB311Vxc1MwbkdLJ4NCau8d6ZURTuX9Z57RyBxWgZX
24	B62qiaEMrWiYdK7LcJ2ScdMyG8LzUxi7yaw17XvBD34on7UKfhAkRML
25	B62qoGEe4SECC5FouayhJM3BG1qP6kQLzp3W9Q2eYWQyKu5Y1CcSAy1
26	B62qpCLTpgH2MMeTDRTMdatsA1JjodrhdkvGu6uTqdPwKvmcyPYnCvF
27	B62qn8rXK3r2GRDEnRQEgyQY6pax17ZZ9kiFNbQoNncMdtmiVGnNc8Y
28	B62qnjQ1xe7MS6R51vWE1qbG6QXi2xQtbEQxD3JQ4wQHXw3H9aKRPsA
29	B62qmzatbnJ4ErusAasA4c7jcuqoSHyte5ZDiLvkxnmB1sZDkabKua3
30	B62qrS1Ry5qJ6bQm2x7zk7WLidjWpShRig9KDAViM1A3viuv1GyH2q3
31	B62qqSTnNqUFqyXzH2SUzHrW3rt5sJKLv1JH1sgPnMM6mpePtfu7tTg
32	B62qkLh5vbFwcq4zs8d2tYynGYoxLVK5iP39WZHbTsqZCJdwMsme1nr
33	B62qiqUe1zktgV9SEmseUCL3tkf7aosu8F8HPZPQq8KDjqt3yc7yet8
34	B62qkNP2GF9j8DQUbpLoGKQXBYnBiP7jqNLoiNUguvebfCGSyCZWXrq
35	B62qr4z6pyzZvdfrDi33Ck7PnPe3wddZVaa7DYzWHUGivigyy9zEfPh
36	B62qiWZKC4ff7RKQggVKcxAy9xrc1yHaXPLJjxcUtjiaDKY4GDmAtCP
37	B62qqCpCJ7Lx7WuKCDSPQWYZzRWdVGHndW4jNARZ8C9JB4M5osqYnvw
38	B62qo9mUWwGSjKLpEpgm5Yuw5qTXRi9YNvo5prdB7PXMhGN6jeVmuKS
39	B62qpRvBE7SFJWG38WhDrSHsm3LXMAhdiXXeLkDqtGxhfexCNh4RPqZ
40	B62qoScK9pW5SBdJeMZagwkfqWfvKAKc6pgPFrP72CNktbGKzVUdRs3
41	B62qkT8tFTiFfZqPmehQMCT1SRRGon6MyUBVXYS3q9hPPJhusxHLi9L
42	B62qpk6KHDKf4y3yXkHQ8uWhNCdjitPtY7fFBJGkiGX1wvxhwaMQ7p1
43	B62qnyv9Eq49ohQahhwTe9HiKPvYHnpS9M7gFkKLwNnrjd11WvZNbKp
44	B62qiw7Qam1FnvUHV4JYwffCf2mjcuz2s5F3LK9TBa5e4Vhh7gq2um1
45	B62qrncSq9df3SnHmSjFsk13W7PmQE5ujZb7TGnXggawp3SLb1zbuRR
46	B62qip9dMNE7fjTVpB7n2MCJhDw89YYKd9hMsXmKZ5cYuVzLrsS46ZG
47	B62qmMc2ec1D4V78sHZzhdfBA979SxUFGKTqHyYcKexgv2zJn6MUghv
48	B62qqmQhJaEqxcggMG9GepiXrY1j4WgerXXb2NwkmABwrkhRK671sSn
49	B62qp7yamrqYvcAv3jJ4RuwdvWnb8zFGfXchbfqR4BCkeub998mVJ3j
50	B62qk7NGhMEpPAwdwfqnxCbAuCm1qawX4YXh956nanhkfDdzZ4vZ91g
51	B62qnUPwKuUQZcNFnr5L5S5mpH9zcKDdi2FsKnAGQ1Vrd3F4HcH724A
52	B62qqMV93QdKFLmPnqvzaBE8T2jY38HVch4JW5xZr4kNHNYr1VtSUn8
53	B62qmtQmCLX8msSHASDTzNtXq81XQoNtLz6CUMhFeueMbJoQaYbyPCi
54	B62qp2Jgs8ChRsQSh93cL2SuDN8Umqp6GtDd9Ng7gpkxgw3Z9WXduAw
55	B62qo131ZAwzBd3mhd2GjTf3SjuNqdieDifuYqnCGkwRrD3VvHLM2N1
56	B62qo9XsygkAARYLKi5jHwXjPNxZaf537CVp88npjrUpaEHypF6TGLj
57	B62qnG8dAvhGtPGuAQkwUqcwpiAT9pNjQ7iCjpYw5k2UT3UZTFgDJW1
58	B62qj3u5Ensdc611cJpcmNKq1ddiQ63Xa8L2DnFqEBgNqBCAqVALeAK
59	B62qjw1BdYXp74JQGoeyZ7bWtnsPPd4iCxBzfUsiVjmQPLk8984dV9D
60	B62qpP2xUscwDA5TaQee71MGvU7dYXiTHffdL4ndRGktHBcj6fwqDcE
61	B62qo1he9m5vqVfbU26ZRqSdyWvkVURLxJZLLwPdu1oRAp3E7rCvyxk
62	B62qjzHRw1dhwS1NCWDH64yzovyxsbrvqBW846BRCaWmyJyoufddBSA
63	B62qkoANXg95uVHwpLAiQsT1PaGxuXBcrBzdjMgN3mP5WJxiE1uYcG9
64	B62qnzk698yW9rmyeC8mLCKhdmQZa2TRCG5hN3Z5NovZZqE1oou7Upc
65	B62qrQDYA9DvUNdgU87xp64MsQm3MxBeDRNuhuwwQ3hfS5sJhchipzu
66	B62qnSKLuJiF1gNnCEDHJeWFKPbYLKjXqz18pnLGE2pUq7PBYnU4h95
67	B62qk8onaP8h1VYVbJkQQ8kKtHszsA12Haw3ts5jm4AkpvNDkhUtKBH
68	B62qnbQoJyaGKvgRDthSPwWZPrYiYCpqeYoHhJ9415r1ws6DecWa8h9
69	B62qmpV1DwQvBMUmBxyDV6jJwSpS1zFWHHEZYuXYhPja4RWCbYG3Hv1
70	B62qiYSHjqf77rS6eBiBSiDwgqpsZEUf8KZZNmpxzULpxqm58u49m7M
71	B62qrULyp6Kp5PAmtJMHcRngmHyU2t9DF2oBpU4Q1GMvfrgsUBVUSm8
72	B62qpitzPa3MB2eqJucswcwQrN3ayxTTKNMWLW7SwsvjjR4kTpC57Cr
73	B62qpSfoFPJPXvyUwXWGJqTVya4kqThCH5LyEsdKrmqRm1mvDrgsz1V
74	B62qk9uVP24E5fE5x4FxnFxz17TBAZ4rrkmRDErheEZnVyFmCKvdBMH
75	B62qjeNbQNefZdv388wHg9ancPdFBw6Dj2Wxo6Jyw2EhR7J9kti48qx
76	B62qqwCS1S72xt9VPD6C6FjJkdwDghRCWJnYjebCagX8M2xzthqKDQC
77	B62qrGWHg32ZdFydA4UF7prU4zm3UH3dRxJZ5xAHW1QtNhgzuP2G62z
78	B62qkqZ1b8BkCK9PqWnQLjYueExVUVJon1Nn15SnZScG5AR3LqkEqzY
79	B62qkQ9tPTmzm9oD2i8HbDRERFBHvG7Mi3dz6XLa3BEJcwA4ZcQaDa8
80	B62qnt4FQxWNcP49W5HaQNEe5Q1KqTBQJnnyqn7KyvSfNb6Dskbhy9i
81	B62qoxTxNh4o9ftUHSRatjTQagToJy7pW1zh7zZdyFYr9ECNDvugmyx
82	B62qrPuf95oqANBTTmvcvM1BKkBNrsmaXnaNpHGJYersezYTHWq5BTh
83	B62qkBdApDjoUj9Lckf4Bg7fWJSzSnyJHyCNkvq7XsPVzWk97BeGkae
84	B62qs23tCNy7qbrYHBwMfVNyiA82aA7xtWKh3QkFr1fMog3ptyXhptq
85	B62qpMFwmJ6fMm4cUb9wLLwoKRPFpYUJQmYqDe7RRaXgvAHjJpnEz3f
86	B62qkF4qisEVJ3WBdxcWoianq4YLaYXw89yJRzc7cPRu2ujXqp4v8Ji
87	B62qmFcUZJgxBQpTxnQHjyHWdprnsmRDiTZe6NiMNF9drGTM8hh1tZf
88	B62qo4Pc6HKhbc55RZuPrDfzbVZfxDqxkG3hV7sRDSivAthXAjtWaGg
89	B62qoKioA9hueF4xhZszsACn6GT7o69wZZJUoErVyvgP7WPrj92e9Tv
90	B62qkoTczRzwCUr6AmSiNcr3UWwkgbWeihVZphwP8CEuiDzrNHvunTX
91	B62qpGkYNpBS3MBgortSQuwV1aXcK6bRRQyYz3wGW5tCpCLdvxk8J6q
92	B62qnYfsf8P7B7UYcjN9bwL7HPpNrAJh7fG5zqWvZnSsaQJP2Z1qD84
93	B62qpAwcFY3oTy2oFUEc3gB4x879CvPqHUqHqjT3PiGxggroaUYHxkm
94	B62qib1VQVfLQeCW6oAKEX2GRuvXjYaX2Lw9qqjkBPAvdshHPyJXVMv
95	B62qm5TQe1nz3gfHqb6S4FE7FWV92AaKzUuAyNSDNeNJYgND35JaK8w
96	B62qrmfQsKRd5pwg1EZNYXSmcbsgCekCkJAxxJcZhWyX7ChfExZtFAj
97	B62qitvFhawB29DGkGv9NEfGZ8d9hECEKnKMHAvtULVATdw5epPS2s6
98	B62qo81kkuqxFZw9cZAcoYb4ZeCjY9HodT3yDkh8Zxhg9omfRexyNAz
99	B62qmeDPPUDtPVVHqesiKD7ecz6YZvGDHzVw2swBa84EGs5NBKpGK4H
100	B62qqwLQXBrhJmfAtF7GUf7FNVS2xoTPrkyw7d4Pj9W431bpysAdr3V
101	B62qkgcEQJ9qhjwQgt2XeN3RJpPTfjCrqFUUAW2NsVpzmyQwFbekNMM
102	B62qnAotEqbcE8sjbdyJkkvKnTzW3BCPaL5HrMEdHa4pVnfPBXWGXXW
103	B62qquzjE4bbK3mhk6jtFMnkm9BdzasTHuvMxx6JmhXeYKZkPbyZUry
104	B62qrj3VHfVadkyJCvmu7SvczS7QZy1Yk1uQjcjwkS4QqDt9oqi4eWf
105	B62qn6fTLLatKHi4aCX7p6Lg5rzZSq6VK2vrFVgX14gjaQqay8zHfsJ
106	B62qjrBApNy5mx6biRzL5AfRrDEarq3kv9Zcf5LcUR6iKAX9ve5vvud
107	B62qkdysBPreF3ef7bFEwCghYjbywFgumUHXYKDrBkUB89KgisAFGSV
108	B62qmRjcL489UysBEnabin5be824q7ok4VjyssKNutPq3YceMRSW4gi
109	B62qo3TjT6pu6i7UT8w39UVQc2Ljg8K69eng55vu5itof3Ma3qwcgZF
110	B62qpXFq7VJG6Spy7BSYjqSC1GBwKLCzfU8bcrUrALEFEXphpvjn3bG
111	B62qmp2xXJyj9LegRQUtFMCCGV3DQu337n6s6BK8a2kaYrMf1MmZHkT
112	B62qpjkSafKdAeCBh6PV6ZizJjtfs3v1DuXu1WowkYq2Bcr5X7bmk7G
113	B62qnjhGUFX636v8HyJsYKUkAS5ms58q9C9GtwNvPbMzMVy7FmRNhLG
114	B62qoCS2htWnx3g8gFq2ypSLHMW1jkZF6XMTH8yKE8gYTH7jfrcdjCo
115	B62qk2wpLtL3PUEQZBYPeabiXcZi6yzbVimciFWZSCHpxufKFDTmhi6
116	B62qjWRcn5eRmdppcsDNudiogbnNPzW4jWC6XH2LczMRDXzjK9AgfA2
117	B62qjJrgSK4wa3HnZZqmfJzxtMfACK9r2zEHqo5Rm6UUvyFrk4UjdPW
118	B62qoq6uA96gWVYBDtMQLZC5hB4hgAVojbuhw9Z2CE1Acj6iESSS1cE
119	B62qkSpe1P6FgwWU3BfvU2FXnuYt2vR4DzsEZf5TbJynBgyZy7W9yyE
120	B62qr225GCSVzAGKBYxB7rKE6ibtQAcfcXMfYH84hvkqHWAnFzWR4RT
121	B62qkQT9sAztAWnYdxQMaQSxrA93DRa5f8LxWCEzYA3Y3tewDQKUMyQ
122	B62qieyc3j9pYR6aA8DC1rhoUNRiPacx1ij6qW534VwTtuk8rF2UBrk
123	B62qoFyzjU4pC3mFgUidmTFt9YBnHjke5SU6jcNe7vVcvvoj4CCXYJf
124	B62qihY3kUVYcMk965RMKfEAYRwgh9ATLBWDiTzivneCmeEahgWTE58
125	B62qm8kJSo4SZt7zmNP29aYAUqETjPq6ge2hj5TxZWxWK2JDscQtx1Y
126	B62qkY3LksqsR2ETeNmAHAmYxi7mZXsoSgGMEMujrPtXQjRwxe5Bmdn
127	B62qrJ9hFcVQ4sjveJpQUsXZenisBnXKVzDdPntw48PYXxP17DNdKg4
128	B62qpKCYLZz2Eyb9vFfaVPgWjTWf1p3VpBLnQSSme2RC3ob4m1p8fCv
129	B62qkFYQghamWpPuNxzr1zw6ARk1mKFwkdQWJqHvmxdM95d45AjwWXE
130	B62qnzhgbY3HD19eKMeQTFPZijFTvJN82pHeGYQ2xM9HxZRPv6xhtqe
131	B62qroho2SKx4wignPPRf2qPbGzvfRgQf4zCMioxnmwKyLZCg3reYPc
132	B62qm4jN36Cwbtyd8j3BLevPK7Yhpv8KtWTia5fuwMAyvcHLCosU4PN
133	B62qk9Dk1rwSVtSLCYdWNfPTXRPDWPPu3rR5sqvrawP82m9P1LhBZ94
134	B62qnR8RErysAmsLHk6E7teSg56Dr3RyF6qWycyVjQhoQCVC9GfQqhD
135	B62qo7XmFPKML7WfgUe9FvCMUrMihfapBPeCJh9Yxfka7zUwy1nNDCY
136	B62qqZw4bXrb8PCxvEvRJ9DPASPPaHyoAWXw1avG7mEjnkFy7jGLz1i
137	B62qkFKcfRwVgdQ1UDhhCoExwsMPNWFJStxnDtJ1hNVmLzzGsyCRLuo
138	B62qofSbCaTfL61ZybYEpAeGe14TK8wNN8VFDV8uUEVBGpqVDAxYePK
139	B62qn8Vo7WTK4mwQJ8sjiQvbWDavetBS4f3Gdi42KzQZmL3sri25rFp
140	B62qo6pZqSTym2umKYeZ53F1woYCuX3qHrUtTezBoztURNRDAiNbq5Q
141	B62qo8AvB3EoCWAogvUg6wezt5GkNRTZmYXCw5Gutj8tAg6cdffX3kr
142	B62qqF7gk2yFsigWL7JyW1R8sdUcQjAPkp32i9B6f9GRYMzFoLPdBqJ
143	B62qjdhhu4bsmbMFxykEgbhf4atVvgQWB4dizqsMEBbmQPe9GeXZ42N
144	B62qmCsUFPNLpExtzt6NUeosa8L5qb7cEKi9btkMdAQS2GnQzTMjUGM
145	B62qneAWh9zy9ufLxKJfgrccdGfbgeoswyjPJp2WLhBpWKM7wMJtLZM
146	B62qoqu7NDPVJAdZPJWjia4gW3MHk9Cy3JtpACiVbvBLPYw7pWyn2vL
147	B62qmwfTv4co8uACHkz9hJuUND9ubZfpP2FsAwvru9hSg5Hb8rtLbFS
148	B62qkhxmcB6vwRxLxKZV2R4ifFLfTSCdtxJ8nt94pKVbwWd9MshJadp
149	B62qjYRWXeQ52Y9ADFTp55p829ZE7DE4zn9Nd8puJc2QVyuiooBDTJ3
150	B62qo3b6pfzKVWNFgetepK6rXRekLgAYdfEAMHT6WwaSn2Ux8frnbmP
151	B62qmEiax78RvAUTwV8WNPKZcnUkDtqR6TDGAvrdiocA41A5w4DcqbW
152	B62qncxbMSrL1mKqCSc6huUwDffg5qNDDD8FHtUob9d3CE9ZC2EFPhw
153	B62qpzLLC49Cb6rcpFyCroFiAtGtBCXny9xRbuMKi64vsU5QLoWDoaL
154	B62qj7bnmz2VYRtJMna4bKfUYX8DyQeqxKEmHaKSzE9L6v7fjfrMbjF
155	B62qnEQ9eQ94BxdECbFJjbkqCrPYH9wJd7B9rzKL7EeNqvYzAUCNxCT
156	B62qokmEKEJs6VUV7QwFaHHfEr6rRnFXQe9jbodnaDuWzfUK6YoXt2w
157	B62qpPJfgTfiSghnXisMvgTCNmyt7dA5MxXnpHfMaDGYGs8C3UdGWm7
158	B62qkzi5Dxf6oUaiJYzb5Kq78UG8fEKnnGuytPN78gJRdSK7qvkDK6A
159	B62qs2sRxQrpkcJSkzNF1WKiRTbvhTeh2X8LJxB9ydXbBNXimCgDQ8k
160	B62qoayMYNMJvSh27WJog3K74996uSEFDCmHs7AwkBX6sXiEdzXn9SQ
161	B62qibjCrFmXT3RrSbHgjtLHQyb63Q89gBLUZgRj7KMCeesF9zEymPP
162	B62qrw63RAyz2QfqhHk8pttD2ussturr1rvneUWjAGuhsrGgzxr2ZRo
163	B62qmNVzYukv4VxXoukakohrGNK7yq1Tgjv5SuX1TTWmpvVwD5Xnu2L
164	B62qjHyCbHEJNetsL5BFf8HyQvVid5NwEVB39MzYUPs3n3C1t59pMYa
165	B62qoucdKZheVHX8udLGmo3vieCnyje5dvAayiLm8trYEp3op9jxCMa
166	B62qo51F51yp7PcqmHd6G1hpNBAj3kwRSQvKmy5ybd675xVJJVtMBh8
167	B62qjHbDMJGPUz3M6JK2uC3tm6VPLaEtv4sMCcrMBz6hnD5hrET4RJM
168	B62qnyxTMk4JbYsaMx8EN2KmoZUsb9Zd3nvjwyrZr2GdAHC9nKF16PY
169	B62qrPo6f9vRwqDmgfNYzaFd9J3wTwQ1SC72yMAxwaGpjt2vJrxo4ri
170	B62qoZXUxxowQuERSJWb6EkoyciRthxycW5csa4cQkZUfm151sn8BSa
171	B62qr7QqCysRpMbJGKpAw1JsrZyQfSyT4iYoP4MsTYungBDJgwx8vXg
172	B62qo3JqbYXcuW75ZHMSMnJX7qbU8QF3N9k9DhQGbw8RKNP6tNQsePE
173	B62qjCC8yevoQ4ucM7fw4pDUSvg3PDGAhvWxhdM3qrKsnXW5prfjo1o
174	B62qnAcTRHehWDEuKmERBqSakPM1dg8L3JPSZd5yKfg4UNaHdRhiwdd
175	B62qruGMQFShgABruLG24bvCPhF2yHw83eboSqhMFYA3HAZH9aR3am3
176	B62qmauGSXDJ3TM3TdnRDetWpzeKFZYatqFDZSpMhwY2ZJyggfmtAiR
177	B62qiuFiD6eX5mf4w52b1GpFMpk1LHtL3GWdQ4hxGLcxHh36RRmjpei
178	B62qokvW3jFhj1yz915TzoHubhFuR6o8QFQReVaTFcj8zpPF52EU9Ux
179	B62qr6AEDV6T66apiAX1GxUkCjYRnjWphyiDro9t9waw93xr2MW6Wif
180	B62qjYBQ6kJ9PJTTPnytp4rnaonUQaE8YuKeimJXHQUfirJ8UX8Qz4L
181	B62qqB7CLD6r9M532oCDKxxfcevtffzkZarWxdzC3Dqf6LitoYhzBj9
182	B62qr87pihBCoZNsJPuzdpuixve37kkgnFJGq1sqzMcGsB95Ga5XUA6
183	B62qoRyE8Yqm4GNkjnYrbtGWJLYLNoqwWzSRRBw8MbmRUS1GDiPitV7
184	B62qm4NwW8rFhUh4XquVC23fn3t8MqumhfjGbovLwfeLdxXQ3KhA9Ai
185	B62qmAgWQ9WXHTPh4timV5KFuHWe1GLb4WRDRh31NULbyz9ub1oYf8u
186	B62qroqFW16P7JhyaZCFsUNaCYg5Ptutp9ECPrFFf1VXhb9SdHE8MHJ
187	B62qriG5CJaBLFwd5TESfXB4rgSDfPSFyYNmpjWw3hqw1LDxPvpfaV6
188	B62qjYVKAZ7qtXDoFyCXWVpf8xcEDpujXS5Jvg4sjQBEP8XoRNufD3S
189	B62qjBzcUxPayV8dJiWhtCYdBZYnrQeWjz28KiMYGYodYjgwgi961ir
190	B62qkG2Jg1Rs78D2t1DtQPjuyydvVSkfQMDxBb1hPi29HyzHt2ztc8B
191	B62qpNWv5cQySYSgCJubZUi6f4N8AHMkDdHSXaRLVwy7aG2orM3RWLp
192	B62qism2zDgKmJaAy5oHRpdUyk4EUi9K6iFfxc5K5xtARHRuUgHugUQ
193	B62qqaG9PpXK5CNPsPSZUdAUhkTzSoZKCtceGQ1efjMdHtRmuq7796d
194	B62qpk8ww1Vut3M3r2PYGrcwhw6gshqvK5PwmC4goSY4RQ1SbWDcb16
195	B62qqxvqA4qfjXgPxLbmMh84pp3kB4CSuj9mSttTA8hGeLeREfzLGiC
196	B62qnqFpzBPpxNkuazmDWbvcQX6KvuCZvenM1ev9hhjKj9cFj4dXSMb
197	B62qpdxyyVPG1v5LvPdTayyoUtp4BMYbYYwRSCkyW9n45383yrP2hJz
198	B62qohCkbCHvE3DxG8YejQtLtE1o86Z53mHEe1nmzMdjNPzLcaVhPx2
199	B62qiUvkf8HWS1tv8dNkHKJdrj36f5uxMcH1gdF61T2GDrFbfbeeyxY
200	B62qngQ2joTkrS8RAFystfTa7HSc9agnhLsBvvkevhLmn5JXxtmKMfv
201	B62qrCfZaRAK5LjjigtSNYRoZgN4W4bwWbAffkvdhQYUDkB7UzBdk6w
202	B62qq8p3wd6YjuLqTrrUC8ag4wYzxoMUBKu4bdkUmZegwC3oqoXpGy3
203	B62qqmgpUFj5gYxoS6yZj6pr22tQHpbKaFSKXkT8yzdxatLunCvWtSA
204	B62qrjk6agoyBBy13yFobKQRE6FurWwXwk5P1VrxavxpZhkiHXqsyuR
205	B62qr3YEZne4Hyu9jCsxA6nYTziPNpxoyyxZHCGZ7cJrvckX9hoxjC6
206	B62qm7tX4g8RCRVRuCe4MZJFdtqAx5vKgLGR75djzQib7StKiTfbWVy
207	B62qjaAVCFYmsKt2CR2yUs9EqwxvT1b3KWeRWwrDQuHhems1oC2DNrg
208	B62qj49MogZdnBobJZ6ju8njQUhP2Rp59xjPxw3LV9cCj6XGAxkENhE
209	B62qpc1zRxqn3eTYAmcEosHyP5My3etfokSBX9Ge2cxtuSztAWWhadt
210	B62qm4Kvpidd4gX4p4r71DGsQUnEmhi12H4D5k3F2rdxvWmWEiJyfU2
211	B62qjMzwAAoUbqpnuntqxeb1vf2qgDtzQwj4a3zkNeA7PVoKHEGwLXg
212	B62qmyLw1LNGHkvqkH5nsQZU6uJu3begXAe7WzavUH4HPSsjJNKP9po
213	B62qqmQY1gPzEv6qr6AbLBp1yLW5tVcMB4dwVPMF218gv2xPk48j3sb
214	B62qmmhQ2eQDnyFTdsgzztgLndmsSyQBBWtjALnRdGbZ87RkNeEuri1
215	B62qqCAQRnjJCnS5uwC1A3j4XmHqZrisvNdG534R8eMvzsFRx9h8hip
216	B62qoUdnygTtJyyivQ3mTrgffMeDpUG1dsgqswbXvrypvCa9z8MDSFz
217	B62qnt6Lu7cqkAiHg9qF6qcj9uFcqDCz3J6pTcLTbwrNde97KbR6rf6
218	B62qoTmf1JEAZTWPqWvMq66xAonpPVAhMtSR8UbbX3t8FhRKrdyTFbr
219	B62qiqiPtbo7ppvjDJ536Nf968zQM3BrYxQXoWeistF8J12BovP5e1F
220	B62qpP5T35yJUz1U25Eqi5VtLVkjbDyMMXaTa87FE9bhoEbtz7bzAXz
221	B62qqdtmbGF5LwL47qj7hMWjt6XYcwJnft3YgD8ydLgf1M59PFCHv44
222	B62qm8TrWwzu2px1bZG38QkpXC5JgU7RnCyqbVyiy2Fmh63N5d9cbA6
223	B62qnZXs2RGudz1q9eAgxxtZQnNNHi6P5RAzoznCKNdqvSyyWghmYX6
224	B62qo7dRx2VHmDKXZ8XffNNeUK1j4znWxFUvg48hrxrNChqwUrDBgiA
225	B62qke1AAPWuurJQ5p1zQ34uRbtogxsfHEdzfqufAHrqKKHba7ZYC2G
226	B62qjy64ysP1cHmvHqyrZ899gdUy48PvBCnAYRykM5EMpjHccdVZ4Fy
227	B62qjDFzBEMSsJX6i6ta6baPjCAoJmHY4a4xXUmgCJQv4sAXhQAAbpt
228	B62qrV4S63yeVPjcEUmCkAx1bKA5aSfzCLTgh3b8D5uPr7UrJoVxA6S
229	B62qnqEX8jNJxJNyCvnbhUPu87xo3ki4FXdRyUUjQuLCnyvZE2qxyTy
230	B62qpivmqu3HDNenKMHPNhie31sFD68nZkMteLW58R21gcorUfenmBB
231	B62qjoiPU3JM2UtM1BCWjJZ5mdDBr8SadyEMRtaREsr7iCGPabKbFXf
232	B62qoRBTLL6SgP2JkuA8VKnNVybUygRm3VaD9uUsmswb2HULLdGFue6
233	B62qpLj8UrCZtRWWGstWPsE6vYZc9gA8FBavUT7RToRxpxHYuT3xiKf
234	B62qkZeQptw1qMSwe53pQN5HXj258zQN5bATF6bUz8gFLZ8Tj3vHdfa
235	B62qjzfgc1Z5tcbbuprWNtPmcA1aVEEf75EnDtss3VM3JrTyvWN5w8R
236	B62qkjyPMQDyVcBt4is9wamDeQBgvBTHbx6bYSFyGk6NndJJ3c1Te4Q
237	B62qjrZB4CzmYULfHB4NAXqjQoEnAESXmeyBAjxEfjCksXE1F7uLGtH
238	B62qkixmJk8DEY8wa7EQbVbZ4b36dCwGoW94rwPkzZnBkB8GjVaRMP5
239	B62qjkjpZtKLrVFyUE4i4hAhYEqaTQYYuJDoQrhisdFbpm61TEm1tE5
240	B62qrqndewerFzXSvc2JzDbFYNvoFTrbLsya4hTsy5bLTXmb9owUzcd
241	B62qigkLJJT5D7JJBMaoiBNkwVZNcyqz4CnjAptFZeG7tW1NpSbXytB
242	B62qrGPBCRyP4xiGWn8FNVveFbYuHWxKL677VZWteikeJJjWzHGzczB
243	B62qjGmYNPRNPAburKtND4nC7xLjHXrdMkPryAEGrNowHRsZ2Jkwe7D
\.


--
-- Data for Name: snarked_ledger_hashes; Type: TABLE DATA; Schema: public; Owner: postgres
--

COPY public.snarked_ledger_hashes (id, value) FROM stdin;
1	jwZ8MVAesBiSNDZ1o9NcoBqZRjSchwR52L3bY6h4km3HTpwMX6Y
\.


--
-- Data for Name: timing_info; Type: TABLE DATA; Schema: public; Owner: postgres
--

COPY public.timing_info (id, account_identifier_id, initial_minimum_balance, cliff_time, cliff_amount, vesting_period, vesting_increment) FROM stdin;
1	1	0	0	0	0	0
2	2	0	0	0	0	0
3	3	0	0	0	0	0
4	4	0	0	0	0	0
5	5	0	0	0	0	0
6	6	0	0	0	0	0
7	7	0	0	0	0	0
8	8	0	0	0	0	0
9	9	0	0	0	0	0
10	10	0	0	0	0	0
11	11	0	0	0	0	0
12	12	0	0	0	0	0
13	13	0	0	0	0	0
14	14	0	0	0	0	0
15	15	0	0	0	0	0
16	16	0	0	0	0	0
17	17	0	0	0	0	0
18	18	0	0	0	0	0
19	19	0	0	0	0	0
20	20	0	0	0	0	0
21	21	0	0	0	0	0
22	22	0	0	0	0	0
23	23	0	0	0	0	0
24	24	0	0	0	0	0
25	25	0	0	0	0	0
26	26	0	0	0	0	0
27	27	0	0	0	0	0
28	28	0	0	0	0	0
29	29	0	0	0	0	0
30	30	0	0	0	0	0
31	31	0	0	0	0	0
32	32	0	0	0	0	0
33	33	0	0	0	0	0
34	34	0	0	0	0	0
35	35	0	0	0	0	0
36	36	0	0	0	0	0
37	37	0	0	0	0	0
38	38	0	0	0	0	0
39	39	0	0	0	0	0
40	40	0	0	0	0	0
41	41	0	0	0	0	0
42	42	0	0	0	0	0
43	43	0	0	0	0	0
44	44	0	0	0	0	0
45	45	0	0	0	0	0
46	46	0	0	0	0	0
47	47	0	0	0	0	0
48	48	0	0	0	0	0
49	49	0	0	0	0	0
50	50	0	0	0	0	0
51	51	0	0	0	0	0
52	52	0	0	0	0	0
53	53	0	0	0	0	0
54	54	0	0	0	0	0
55	55	0	0	0	0	0
56	56	0	0	0	0	0
57	57	0	0	0	0	0
58	58	0	0	0	0	0
59	59	0	0	0	0	0
60	60	0	0	0	0	0
61	61	0	0	0	0	0
62	62	0	0	0	0	0
63	63	0	0	0	0	0
64	64	0	0	0	0	0
65	65	0	0	0	0	0
66	66	0	0	0	0	0
67	67	0	0	0	0	0
68	68	0	0	0	0	0
69	69	0	0	0	0	0
70	70	0	0	0	0	0
71	71	0	0	0	0	0
72	72	0	0	0	0	0
73	73	0	0	0	0	0
74	74	0	0	0	0	0
75	75	0	0	0	0	0
76	76	0	0	0	0	0
77	77	0	0	0	0	0
78	78	0	0	0	0	0
79	79	0	0	0	0	0
80	80	0	0	0	0	0
81	81	0	0	0	0	0
82	82	0	0	0	0	0
83	83	0	0	0	0	0
84	84	0	0	0	0	0
85	85	0	0	0	0	0
86	86	0	0	0	0	0
87	87	0	0	0	0	0
88	88	0	0	0	0	0
89	89	0	0	0	0	0
90	90	0	0	0	0	0
91	91	0	0	0	0	0
92	92	0	0	0	0	0
93	93	0	0	0	0	0
94	94	0	0	0	0	0
95	95	0	0	0	0	0
96	96	0	0	0	0	0
97	97	0	0	0	0	0
98	98	0	0	0	0	0
99	99	0	0	0	0	0
100	100	0	0	0	0	0
101	101	0	0	0	0	0
102	102	0	0	0	0	0
103	103	0	0	0	0	0
104	104	0	0	0	0	0
105	105	0	0	0	0	0
106	106	0	0	0	0	0
107	107	0	0	0	0	0
108	108	0	0	0	0	0
109	109	0	0	0	0	0
110	110	0	0	0	0	0
111	111	0	0	0	0	0
112	112	0	0	0	0	0
113	113	0	0	0	0	0
114	114	0	0	0	0	0
115	115	0	0	0	0	0
116	116	0	0	0	0	0
117	117	0	0	0	0	0
118	118	0	0	0	0	0
119	119	0	0	0	0	0
120	120	0	0	0	0	0
121	121	0	0	0	0	0
122	122	0	0	0	0	0
123	123	0	0	0	0	0
124	124	0	0	0	0	0
125	125	0	0	0	0	0
126	126	0	0	0	0	0
127	127	0	0	0	0	0
128	128	0	0	0	0	0
129	129	0	0	0	0	0
130	130	0	0	0	0	0
131	131	0	0	0	0	0
132	132	0	0	0	0	0
133	133	0	0	0	0	0
134	134	0	0	0	0	0
135	135	0	0	0	0	0
136	136	0	0	0	0	0
137	137	0	0	0	0	0
138	138	0	0	0	0	0
139	139	0	0	0	0	0
140	140	0	0	0	0	0
141	141	0	0	0	0	0
142	142	0	0	0	0	0
143	143	0	0	0	0	0
144	144	0	0	0	0	0
145	145	0	0	0	0	0
146	146	0	0	0	0	0
147	147	0	0	0	0	0
148	148	0	0	0	0	0
149	149	0	0	0	0	0
150	150	0	0	0	0	0
151	151	0	0	0	0	0
152	152	0	0	0	0	0
153	153	0	0	0	0	0
154	154	0	0	0	0	0
155	155	0	0	0	0	0
156	156	0	0	0	0	0
157	157	0	0	0	0	0
158	158	0	0	0	0	0
159	159	0	0	0	0	0
160	160	0	0	0	0	0
161	161	0	0	0	0	0
162	162	0	0	0	0	0
163	163	0	0	0	0	0
164	164	0	0	0	0	0
165	165	0	0	0	0	0
166	166	0	0	0	0	0
167	167	0	0	0	0	0
168	168	0	0	0	0	0
169	169	0	0	0	0	0
170	170	0	0	0	0	0
171	171	0	0	0	0	0
172	172	0	0	0	0	0
173	173	0	0	0	0	0
174	174	0	0	0	0	0
175	175	0	0	0	0	0
176	176	0	0	0	0	0
177	177	0	0	0	0	0
178	178	0	0	0	0	0
179	179	0	0	0	0	0
180	180	0	0	0	0	0
181	181	0	0	0	0	0
182	182	0	0	0	0	0
183	183	0	0	0	0	0
184	184	0	0	0	0	0
185	185	0	0	0	0	0
186	186	0	0	0	0	0
187	187	0	0	0	0	0
188	188	0	0	0	0	0
189	189	0	0	0	0	0
190	190	0	0	0	0	0
191	191	0	0	0	0	0
192	192	0	0	0	0	0
193	193	0	0	0	0	0
194	194	0	0	0	0	0
195	195	0	0	0	0	0
196	196	0	0	0	0	0
197	197	0	0	0	0	0
198	198	0	0	0	0	0
199	199	0	0	0	0	0
200	200	0	0	0	0	0
201	201	0	0	0	0	0
202	202	0	0	0	0	0
203	203	0	0	0	0	0
204	204	0	0	0	0	0
205	205	0	0	0	0	0
206	206	0	0	0	0	0
207	207	0	0	0	0	0
208	208	0	0	0	0	0
209	209	0	0	0	0	0
210	210	0	0	0	0	0
211	211	0	0	0	0	0
212	212	0	0	0	0	0
213	213	0	0	0	0	0
214	214	0	0	0	0	0
215	215	0	0	0	0	0
216	216	0	0	0	0	0
217	217	0	0	0	0	0
218	218	0	0	0	0	0
219	219	0	0	0	0	0
220	220	0	0	0	0	0
221	221	0	0	0	0	0
222	222	0	0	0	0	0
223	223	0	0	0	0	0
224	224	0	0	0	0	0
225	225	0	0	0	0	0
226	226	0	0	0	0	0
227	227	0	0	0	0	0
228	228	0	0	0	0	0
229	229	0	0	0	0	0
230	230	0	0	0	0	0
231	231	0	0	0	0	0
232	232	0	0	0	0	0
233	233	0	0	0	0	0
234	234	0	0	0	0	0
235	235	0	0	0	0	0
236	236	0	0	0	0	0
237	237	0	0	0	0	0
238	238	0	0	0	0	0
239	239	0	0	0	0	0
240	240	0	0	0	0	0
241	241	0	0	0	0	0
242	242	0	0	0	0	0
\.


--
-- Data for Name: token_symbols; Type: TABLE DATA; Schema: public; Owner: postgres
--

COPY public.token_symbols (id, value) FROM stdin;
1	
\.


--
-- Data for Name: tokens; Type: TABLE DATA; Schema: public; Owner: postgres
--

COPY public.tokens (id, value, owner_public_key_id, owner_token_id) FROM stdin;
1	wSHV2S4qX9jFsLjQo8r1BsMLH2ZRKsZx6EJd1sbozGPieEC4Jf	\N	\N
\.


--
-- Data for Name: user_commands; Type: TABLE DATA; Schema: public; Owner: postgres
--

COPY public.user_commands (id, command_type, fee_payer_id, source_id, receiver_id, nonce, amount, fee, valid_until, memo, hash) FROM stdin;
1	payment	176	176	176	0	1000000000	250000000	\N	E4YM2vTHhWEg66xpj52JErHUBU4pZ1yageL4TVDDpTTSsv8mK6YaH	5Jtet5HGAeCqo5Dnx7pmvKhUDKYukY2Dw6gSb96644EVoFCJbEs8
2	payment	176	176	176	1	1000000000	250000000	\N	E4YM2vTHhWEg66xpj52JErHUBU4pZ1yageL4TVDDpTTSsv8mK6YaH	5JuSMfRQEfDH1NP7fgyRcYimQzp9EpgjiujDBYaBkarrW8UHq6ya
3	payment	176	176	176	2	1000000000	250000000	\N	E4YM2vTHhWEg66xpj52JErHUBU4pZ1yageL4TVDDpTTSsv8mK6YaH	5Jv9J4YpQATXHvyPL15xJdApLukSW8wgdngYx4CfRReER2dQGQP4
4	payment	176	176	176	3	1000000000	250000000	\N	E4YM2vTHhWEg66xpj52JErHUBU4pZ1yageL4TVDDpTTSsv8mK6YaH	5JuhDotnk15nfB15Qckoa7fVZgSrvFbTrz1vF57rWT8jakWZjmrd
5	payment	176	176	176	4	1000000000	250000000	\N	E4YM2vTHhWEg66xpj52JErHUBU4pZ1yageL4TVDDpTTSsv8mK6YaH	5JucLhqPSNgyDdCVEWcbVPNjB4k7pzeRhFfysH6XkKcaJyqku8pS
6	payment	176	176	176	5	1000000000	250000000	\N	E4YM2vTHhWEg66xpj52JErHUBU4pZ1yageL4TVDDpTTSsv8mK6YaH	5JuQyBemmLQjAt2f2C2faBSxCDdJsKii4DyHZmHiuP1qwQT4WP9D
7	payment	176	176	176	6	1000000000	250000000	\N	E4YM2vTHhWEg66xpj52JErHUBU4pZ1yageL4TVDDpTTSsv8mK6YaH	5Jtqht6RDLm1MBobAyHL3A352tKa5emmBrCFQwxQDfhCAXgfVrwg
8	payment	176	176	176	7	1000000000	250000000	\N	E4YM2vTHhWEg66xpj52JErHUBU4pZ1yageL4TVDDpTTSsv8mK6YaH	5JuFACLPj311zUjdD56u1pNrvPJ56q3inhHNvfuViRQQbYBvC8SZ
9	payment	176	176	176	8	1000000000	250000000	\N	E4YM2vTHhWEg66xpj52JErHUBU4pZ1yageL4TVDDpTTSsv8mK6YaH	5JutJpmg6eM6nkfMGqeJEW6ponnnXvQ5JytwA61si2K5HrU5ivvP
10	payment	176	176	176	9	1000000000	250000000	\N	E4YM2vTHhWEg66xpj52JErHUBU4pZ1yageL4TVDDpTTSsv8mK6YaH	5JuHftJL9gxhiGowow3v8gedvVZuMdQb28ZLdjH8ma4ZP4HQZ2on
11	payment	176	176	176	10	1000000000	250000000	\N	E4YM2vTHhWEg66xpj52JErHUBU4pZ1yageL4TVDDpTTSsv8mK6YaH	5JtsEQixjGZmbPYx3a6vMkmZQ6fSoizqKsftmTuBVrrzWebyr8E9
12	payment	176	176	176	11	1000000000	250000000	\N	E4YM2vTHhWEg66xpj52JErHUBU4pZ1yageL4TVDDpTTSsv8mK6YaH	5JtzWVwUswpdp4tmBNV46YUVyeXwpY8kMe7EtSoJdCSthuhPr1Uu
13	payment	176	176	176	12	1000000000	250000000	\N	E4YM2vTHhWEg66xpj52JErHUBU4pZ1yageL4TVDDpTTSsv8mK6YaH	5JuHbBjgHzJQxCTN7N4Q1oFSgxsxzKifLS8B4Cs71yUikjRVRzxE
14	payment	176	176	176	13	1000000000	250000000	\N	E4YM2vTHhWEg66xpj52JErHUBU4pZ1yageL4TVDDpTTSsv8mK6YaH	5JtczwaBNt7qZtJrp5bhYCJBDjtLxVqtciKFg13hYbDmoJ88HMHS
15	payment	176	176	176	14	1000000000	250000000	\N	E4YM2vTHhWEg66xpj52JErHUBU4pZ1yageL4TVDDpTTSsv8mK6YaH	5JvHhykg5kRYgauSBj7ujhx2HDW3M3gmrkQojxo7jUeQyQFf4scd
16	payment	176	176	176	15	1000000000	250000000	\N	E4YM2vTHhWEg66xpj52JErHUBU4pZ1yageL4TVDDpTTSsv8mK6YaH	5Ju7XbU8RnJwXozdKF1Hgc3Uw9F4RPYbdpyRDcNrWx6RdCDCEzet
17	payment	176	176	176	16	1000000000	250000000	\N	E4YM2vTHhWEg66xpj52JErHUBU4pZ1yageL4TVDDpTTSsv8mK6YaH	5JvMsVhTHKkvD5HmR73xQWmochZSN8v4U6DTFfzJmrT2JP4fiZSJ
18	payment	176	176	176	17	1000000000	250000000	\N	E4YM2vTHhWEg66xpj52JErHUBU4pZ1yageL4TVDDpTTSsv8mK6YaH	5JvKm8FcWmddc7dzU4dBwqSnKPwbf6iTNhm5UQoAi3RLHReMcRkz
19	payment	176	176	176	18	1000000000	250000000	\N	E4YM2vTHhWEg66xpj52JErHUBU4pZ1yageL4TVDDpTTSsv8mK6YaH	5JtzseDGLqi8UNuNdgKyunmujdht1q7eToBva1UKwjHzdidgQVGD
20	payment	176	176	176	19	1000000000	250000000	\N	E4YM2vTHhWEg66xpj52JErHUBU4pZ1yageL4TVDDpTTSsv8mK6YaH	5JuPp5dXCegwKb3oJYtfbvsuk4f9jh1xxSVT56C3Gvs5xwt2EwXG
21	payment	176	176	176	20	1000000000	250000000	\N	E4YM2vTHhWEg66xpj52JErHUBU4pZ1yageL4TVDDpTTSsv8mK6YaH	5JtvTCoqQYhdWajSEwCkCA8KY6e52xQKxuqnAM6Xftqhixo6QRbZ
22	payment	176	176	176	21	1000000000	250000000	\N	E4YM2vTHhWEg66xpj52JErHUBU4pZ1yageL4TVDDpTTSsv8mK6YaH	5Jur3f5kHTu4SyW2pE3FU98N5uSx7NKuer19dxegn3TGbpS3VCXV
23	payment	176	176	176	22	1000000000	250000000	\N	E4YM2vTHhWEg66xpj52JErHUBU4pZ1yageL4TVDDpTTSsv8mK6YaH	5JtcQuUdeoExJcX3yJeVMjyka4F3QAgYYwwNCuJMBkkb9SodZKSu
24	payment	176	176	176	23	1000000000	250000000	\N	E4YM2vTHhWEg66xpj52JErHUBU4pZ1yageL4TVDDpTTSsv8mK6YaH	5Jtiv3eN7grX8wr9TKWNM5gdn1VPBfRAANuXHbXkytLyTEDtjPSi
25	payment	176	176	176	24	1000000000	250000000	\N	E4YM2vTHhWEg66xpj52JErHUBU4pZ1yageL4TVDDpTTSsv8mK6YaH	5JtejqAk2ZThLb85nsEqwW6ZiqzfSwtTRNQPBjwZXm9T4tH1uMZM
26	payment	176	176	176	25	1000000000	250000000	\N	E4YM2vTHhWEg66xpj52JErHUBU4pZ1yageL4TVDDpTTSsv8mK6YaH	5JtyPfj8oR525hSu4kVGLkqgeY8567S4ojRVRHSNnCYZYrb3ymFe
27	payment	176	176	176	26	1000000000	250000000	\N	E4YM2vTHhWEg66xpj52JErHUBU4pZ1yageL4TVDDpTTSsv8mK6YaH	5JuvY9byiZgFwQWirF4FBxVKXQr7L8DVHuhEV1pQExWSsocm8MNY
28	payment	176	176	176	27	1000000000	250000000	\N	E4YM2vTHhWEg66xpj52JErHUBU4pZ1yageL4TVDDpTTSsv8mK6YaH	5JuofDn9jsvHX74r1jUyBuHjkq2eiXxay2gSKd6tepytbkMCRjpB
29	payment	176	176	176	28	1000000000	250000000	\N	E4YM2vTHhWEg66xpj52JErHUBU4pZ1yageL4TVDDpTTSsv8mK6YaH	5JvPrCMYjYFEDzJgGokWo9PPXEgcfLZcrmpMmqRUTrZT3erSNtpf
30	payment	176	176	176	29	1000000000	250000000	\N	E4YM2vTHhWEg66xpj52JErHUBU4pZ1yageL4TVDDpTTSsv8mK6YaH	5Juf8AdiqToFudnnwCXVoWXKZxg5kVW7pKfzcHiRjrMxqW3mdZ8a
31	payment	176	176	176	30	1000000000	250000000	\N	E4YM2vTHhWEg66xpj52JErHUBU4pZ1yageL4TVDDpTTSsv8mK6YaH	5JvK3wD8pHNasf89FRq1PE1wPrXzWkTzDqPUWsQN8R3dJ2eTMN9h
32	payment	176	176	176	31	1000000000	250000000	\N	E4YM2vTHhWEg66xpj52JErHUBU4pZ1yageL4TVDDpTTSsv8mK6YaH	5JtXxqizpy9DNbBy6FKJf9XynpB6dLoSTagLL1MeKEbN9kbtYMK6
33	payment	176	176	176	32	1000000000	250000000	\N	E4YM2vTHhWEg66xpj52JErHUBU4pZ1yageL4TVDDpTTSsv8mK6YaH	5JtfCMxrbayRgvH6Wg39KYaPJksSnfUaUcF29brnBybkK2v7dQSP
34	payment	176	176	176	33	1000000000	250000000	\N	E4YM2vTHhWEg66xpj52JErHUBU4pZ1yageL4TVDDpTTSsv8mK6YaH	5JvE1NPebZpAYJwrThFBNAoC94E4n3FcD7et3aKnNaHz5CgTEi5r
35	payment	176	176	176	34	1000000000	250000000	\N	E4YM2vTHhWEg66xpj52JErHUBU4pZ1yageL4TVDDpTTSsv8mK6YaH	5JtuUw5FSzNsPTK9sPc9F3PjBzeDwSYkHfdwDTA3gfCrGogShDRm
36	payment	176	176	176	35	1000000000	250000000	\N	E4YM2vTHhWEg66xpj52JErHUBU4pZ1yageL4TVDDpTTSsv8mK6YaH	5Ju9F7SB7WGkBU21RHu875kyJmUuoAgJbiyY9kWXP9gDUdwTQN2s
37	payment	176	176	176	36	1000000000	250000000	\N	E4YM2vTHhWEg66xpj52JErHUBU4pZ1yageL4TVDDpTTSsv8mK6YaH	5JtcMHABf9bC4E3HcV69RKkMHpUpp5FGZBM2Re5Qc7DBDnRqSgJv
38	payment	176	176	176	37	1000000000	250000000	\N	E4YM2vTHhWEg66xpj52JErHUBU4pZ1yageL4TVDDpTTSsv8mK6YaH	5JuXWgia7KwRwaHiV4K98khfj8UAvTVozeAkYj7RZqZZc3wCwVgk
39	payment	176	176	176	38	1000000000	250000000	\N	E4YM2vTHhWEg66xpj52JErHUBU4pZ1yageL4TVDDpTTSsv8mK6YaH	5JvJJBjEgqyExFw1p6ee7zxu4FFUtncRefBezNXhGCpeto1v6WEQ
40	payment	176	176	176	39	1000000000	250000000	\N	E4YM2vTHhWEg66xpj52JErHUBU4pZ1yageL4TVDDpTTSsv8mK6YaH	5JuWiahpQMhDUSMwaSxZSTKPG7WHJPDDfanS66mBhmKk2GnzkD1R
41	payment	176	176	176	40	1000000000	250000000	\N	E4YM2vTHhWEg66xpj52JErHUBU4pZ1yageL4TVDDpTTSsv8mK6YaH	5JuSJ2PsyqUEbUkoMNdf67WcGQ3zB3LS7wxa3rrjRiBczf74XARs
42	payment	176	176	176	41	1000000000	250000000	\N	E4YM2vTHhWEg66xpj52JErHUBU4pZ1yageL4TVDDpTTSsv8mK6YaH	5Jv7onMk8Y1DaW23b7uAPTZbLVmE71bGbk3XZmD8u1R7YCCLTME8
43	payment	176	176	176	42	1000000000	250000000	\N	E4YM2vTHhWEg66xpj52JErHUBU4pZ1yageL4TVDDpTTSsv8mK6YaH	5JvDJD6f4cAg1BUN4iQb5bxJuBQ9Z7nktT6oS4TDRWKRHnct4zi2
44	payment	176	176	176	43	1000000000	250000000	\N	E4YM2vTHhWEg66xpj52JErHUBU4pZ1yageL4TVDDpTTSsv8mK6YaH	5JuM32ZJbfbpJUzkqqeVDfhRkfi5NX5X1Lp5oY2wdf4Wp4jSE3Ze
45	payment	176	176	176	44	1000000000	250000000	\N	E4YM2vTHhWEg66xpj52JErHUBU4pZ1yageL4TVDDpTTSsv8mK6YaH	5JuxaJZ6diaiGqDcP8ueyJWAXbHFFAWKRJSiS1eKrzM84J8VGsT5
49	payment	176	176	176	48	1000000000	250000000	\N	E4YM2vTHhWEg66xpj52JErHUBU4pZ1yageL4TVDDpTTSsv8mK6YaH	5JtuadzLaLVZfSwfeYqk5zZ1MCEhjXNNb5skoojVuaLFX1RV9Bbs
50	payment	176	176	176	49	1000000000	250000000	\N	E4YM2vTHhWEg66xpj52JErHUBU4pZ1yageL4TVDDpTTSsv8mK6YaH	5Juu78abMF6BrddFbqa64dJUZVTM3NreUJTHm4oVSPDa4Za2TVVX
51	payment	176	176	176	50	1000000000	250000000	\N	E4YM2vTHhWEg66xpj52JErHUBU4pZ1yageL4TVDDpTTSsv8mK6YaH	5JurqFCdLrh3EWHNheSP769wdr79BUr9RdKggpCFTc8PqyBEbU2y
46	payment	176	176	176	45	1000000000	250000000	\N	E4YM2vTHhWEg66xpj52JErHUBU4pZ1yageL4TVDDpTTSsv8mK6YaH	5JuX13eCSVNRPYd2zEuNEcUxjMQFfgGMgnG6jFDjv49YxbXfAjpF
47	payment	176	176	176	46	1000000000	250000000	\N	E4YM2vTHhWEg66xpj52JErHUBU4pZ1yageL4TVDDpTTSsv8mK6YaH	5Ju9Udr4H6ePpJwdeczBcahWLdvWK7CCptMCEQdEdwutnUv2FMBa
48	payment	176	176	176	47	1000000000	250000000	\N	E4YM2vTHhWEg66xpj52JErHUBU4pZ1yageL4TVDDpTTSsv8mK6YaH	5JuJdUFNor2ug8bczNFJkPwEjJ3WghcupKcXW9aMeMKDt6VfzNGX
52	payment	176	176	176	51	1000000000	250000000	\N	E4YM2vTHhWEg66xpj52JErHUBU4pZ1yageL4TVDDpTTSsv8mK6YaH	5JuQkApcZehEinvs6XSYaSxguoZXBfWdiv1zCaNHvhLtyavAJPwX
53	payment	176	176	176	52	1000000000	250000000	\N	E4YM2vTHhWEg66xpj52JErHUBU4pZ1yageL4TVDDpTTSsv8mK6YaH	5JuNFYkJbKiyjDx8cPFhTgSq5Q5cgzwgTfbjDsjR5u5ekELWXKhB
54	payment	176	176	176	53	1000000000	250000000	\N	E4YM2vTHhWEg66xpj52JErHUBU4pZ1yageL4TVDDpTTSsv8mK6YaH	5Ju3E7FtNgEhbsc7tSABLJQDnRGMJe5W4MJ6GHsRaA8mywYnaXYF
55	payment	176	176	176	54	1000000000	250000000	\N	E4YM2vTHhWEg66xpj52JErHUBU4pZ1yageL4TVDDpTTSsv8mK6YaH	5JthjatDj5riMUSVbgpYVMX7HRLxmqHpYgAcgGQ76uh1bCvh6YaA
56	payment	176	176	176	55	1000000000	250000000	\N	E4YM2vTHhWEg66xpj52JErHUBU4pZ1yageL4TVDDpTTSsv8mK6YaH	5JuygUvKvByqUmcxWE7aggvqQ4gnmBhEXM9EitJcrYGwoxufak4e
57	payment	176	176	176	56	1000000000	250000000	\N	E4YM2vTHhWEg66xpj52JErHUBU4pZ1yageL4TVDDpTTSsv8mK6YaH	5JuTfDyFfN4NafgwgV6vYF9HwJK5MNxEbYfYMGHswyyLEKJbsunu
58	payment	176	176	176	57	1000000000	250000000	\N	E4YM2vTHhWEg66xpj52JErHUBU4pZ1yageL4TVDDpTTSsv8mK6YaH	5JvE44wLc57Lib3gh6pntCmUmjHThqGg6v4oYqXyTCj6wTq7t3D6
59	payment	176	176	176	58	1000000000	250000000	\N	E4YM2vTHhWEg66xpj52JErHUBU4pZ1yageL4TVDDpTTSsv8mK6YaH	5JvLNfQsJjMrh9pe6kWwdGD7dzALdkLVkrVc5SmgZao5ZpiKVZUg
60	payment	176	176	176	59	1000000000	250000000	\N	E4YM2vTHhWEg66xpj52JErHUBU4pZ1yageL4TVDDpTTSsv8mK6YaH	5JugQHSGciFcryZzapub8LFb7ux4xiEXzJP7piyM3rBCfWndkYYy
61	payment	176	176	176	60	1000000000	250000000	\N	E4YM2vTHhWEg66xpj52JErHUBU4pZ1yageL4TVDDpTTSsv8mK6YaH	5JupuKz2qT42Mjf5NQWWEaStvAoi4tgDZr55zLXe2WqvEMQn5rrW
62	payment	176	176	176	61	1000000000	250000000	\N	E4YM2vTHhWEg66xpj52JErHUBU4pZ1yageL4TVDDpTTSsv8mK6YaH	5JuzMhv3JBqkyeUDhc1z4rTK1MfuGtmoepRTYPMXb7dyiej3tFTi
63	payment	176	176	176	62	1000000000	250000000	\N	E4YM2vTHhWEg66xpj52JErHUBU4pZ1yageL4TVDDpTTSsv8mK6YaH	5JvFZhghtUUDWYPLuVjijjnD3daZdPnCGkiuZSqobtVi813tYNgn
64	payment	176	176	176	63	1000000000	250000000	\N	E4YM2vTHhWEg66xpj52JErHUBU4pZ1yageL4TVDDpTTSsv8mK6YaH	5JtYBuPamqy9f1R7YNWeEPk8scTXjeYdmDxxe6KcAw9yV835tLnW
\.


--
-- Data for Name: voting_for; Type: TABLE DATA; Schema: public; Owner: postgres
--

COPY public.voting_for (id, value) FROM stdin;
1	3NK2tkzqqK5spR2sZ7tujjqPksL45M3UUrcA4WhCkeiPtnugyE2x
\.


--
-- Data for Name: zkapp_account_precondition; Type: TABLE DATA; Schema: public; Owner: postgres
--

COPY public.zkapp_account_precondition (id, balance_id, nonce_id, receipt_chain_hash, delegate_id, state_id, action_state_id, proved_state, is_new) FROM stdin;
1	\N	1	\N	\N	1	\N	\N	\N
2	\N	\N	\N	\N	1	\N	\N	\N
3	\N	2	\N	\N	1	\N	\N	\N
4	\N	3	\N	\N	1	\N	\N	\N
5	\N	4	\N	\N	1	\N	\N	\N
6	\N	5	\N	\N	1	\N	\N	\N
7	\N	6	\N	\N	1	\N	\N	\N
8	\N	7	\N	\N	1	\N	\N	\N
9	\N	8	\N	\N	1	\N	\N	\N
10	\N	9	\N	\N	1	\N	\N	\N
11	\N	10	\N	\N	1	\N	\N	\N
12	\N	11	\N	\N	1	\N	\N	\N
13	\N	12	\N	\N	1	\N	\N	\N
14	\N	13	\N	\N	1	\N	\N	\N
15	\N	14	\N	\N	1	\N	\N	\N
16	\N	15	\N	\N	1	\N	\N	\N
17	\N	16	\N	\N	1	\N	\N	\N
18	\N	17	\N	\N	1	\N	\N	\N
19	\N	18	\N	\N	1	\N	\N	\N
20	\N	19	\N	\N	1	\N	\N	\N
21	\N	20	\N	\N	1	\N	\N	\N
22	\N	21	\N	\N	1	\N	\N	\N
23	\N	22	\N	\N	1	\N	\N	\N
24	\N	23	\N	\N	1	\N	\N	\N
25	\N	24	\N	\N	1	\N	\N	\N
26	\N	25	\N	\N	1	\N	\N	\N
27	\N	26	\N	\N	1	\N	\N	\N
28	\N	27	\N	\N	1	\N	\N	\N
29	\N	28	\N	\N	1	\N	\N	\N
30	\N	29	\N	\N	1	\N	\N	\N
31	\N	30	\N	\N	1	\N	\N	\N
32	\N	31	\N	\N	1	\N	\N	\N
33	\N	32	\N	\N	1	\N	\N	\N
34	\N	33	\N	\N	1	\N	\N	\N
35	\N	34	\N	\N	1	\N	\N	\N
36	\N	35	\N	\N	1	\N	\N	\N
37	\N	36	\N	\N	1	\N	\N	\N
38	\N	37	\N	\N	1	\N	\N	\N
39	\N	38	\N	\N	1	\N	\N	\N
40	\N	39	\N	\N	1	\N	\N	\N
41	\N	40	\N	\N	1	\N	\N	\N
42	\N	41	\N	\N	1	\N	\N	\N
43	\N	42	\N	\N	1	\N	\N	\N
44	\N	43	\N	\N	1	\N	\N	\N
45	\N	44	\N	\N	1	\N	\N	\N
46	\N	45	\N	\N	1	\N	\N	\N
47	\N	46	\N	\N	1	\N	\N	\N
48	\N	47	\N	\N	1	\N	\N	\N
49	\N	48	\N	\N	1	\N	\N	\N
50	\N	49	\N	\N	1	\N	\N	\N
51	\N	50	\N	\N	1	\N	\N	\N
52	\N	51	\N	\N	1	\N	\N	\N
53	\N	52	\N	\N	1	\N	\N	\N
54	\N	53	\N	\N	1	\N	\N	\N
55	\N	54	\N	\N	1	\N	\N	\N
56	\N	55	\N	\N	1	\N	\N	\N
57	\N	56	\N	\N	1	\N	\N	\N
58	\N	57	\N	\N	1	\N	\N	\N
59	\N	58	\N	\N	1	\N	\N	\N
60	\N	59	\N	\N	1	\N	\N	\N
61	\N	60	\N	\N	1	\N	\N	\N
62	\N	61	\N	\N	1	\N	\N	\N
63	\N	62	\N	\N	1	\N	\N	\N
64	\N	63	\N	\N	1	\N	\N	\N
65	\N	64	\N	\N	1	\N	\N	\N
\.


--
-- Data for Name: zkapp_account_update; Type: TABLE DATA; Schema: public; Owner: postgres
--

COPY public.zkapp_account_update (id, body_id) FROM stdin;
1	1
2	2
3	3
4	4
5	5
6	6
7	7
8	8
9	9
10	10
11	11
12	12
13	13
14	14
15	15
16	16
17	17
18	18
19	19
20	20
21	21
22	22
23	23
24	24
25	25
26	26
27	27
28	28
29	29
30	30
31	31
32	32
33	33
34	34
35	35
36	36
37	37
38	38
39	39
40	40
41	41
42	42
43	43
44	44
45	45
46	46
47	47
48	48
49	49
50	50
51	51
52	52
53	53
54	54
55	55
56	56
57	57
58	58
59	59
60	60
61	61
62	62
63	63
64	64
65	65
66	66
67	67
68	68
69	69
70	70
71	71
72	72
73	73
74	74
75	75
76	76
77	77
78	78
79	79
80	80
81	81
82	82
83	83
84	84
85	85
86	86
87	87
88	88
89	89
90	90
91	91
92	92
93	93
94	94
95	95
96	96
97	97
98	98
99	99
100	100
101	101
102	102
103	103
104	104
105	105
106	106
107	107
108	108
109	109
110	110
111	111
112	112
113	113
114	114
115	115
116	116
117	117
118	118
119	119
120	120
121	121
122	122
123	123
124	124
125	125
126	126
127	127
128	128
\.


--
-- Data for Name: zkapp_account_update_body; Type: TABLE DATA; Schema: public; Owner: postgres
--

COPY public.zkapp_account_update_body (id, account_identifier_id, update_id, balance_change, increment_nonce, events_id, actions_id, call_data_id, call_depth, zkapp_network_precondition_id, zkapp_account_precondition_id, zkapp_valid_while_precondition_id, use_full_commitment, implicit_account_creation_fee, may_use_token, authorization_kind, verification_key_hash_id) FROM stdin;
1	149	1	-1000000000000	t	1	1	1	0	1	1	\N	f	f	No	Signature	\N
2	243	2	999000000000	f	1	1	1	0	1	2	\N	t	f	No	Signature	\N
3	149	1	-1000000000	t	1	1	1	0	1	3	\N	f	f	No	Signature	\N
4	243	1	1000000000	f	1	1	1	0	1	2	\N	f	f	No	None_given	\N
5	243	3	0	f	1	1	1	0	1	2	\N	t	f	No	Signature	\N
6	149	1	-1000000000	t	1	1	1	0	1	4	\N	f	f	No	Signature	\N
7	243	4	0	f	1	1	1	0	1	2	\N	t	f	No	Signature	\N
8	149	1	-1000000000	t	1	1	1	0	1	5	\N	f	f	No	Signature	\N
9	243	5	0	f	1	1	1	0	1	2	\N	t	f	No	Signature	\N
10	149	1	-1000000000	t	1	1	1	0	1	6	\N	f	f	No	Signature	\N
11	243	6	0	f	1	1	1	0	1	2	\N	t	f	No	Signature	\N
12	149	1	-1000000000	t	1	1	1	0	1	7	\N	f	f	No	Signature	\N
13	243	7	0	f	1	1	1	0	1	2	\N	t	f	No	Signature	\N
14	149	1	-1000000000	t	1	1	1	0	1	8	\N	f	f	No	Signature	\N
15	243	8	0	f	1	1	1	0	1	2	\N	t	f	No	Signature	\N
16	149	1	-1000000000	t	1	1	1	0	1	9	\N	f	f	No	Signature	\N
17	243	9	0	f	1	1	1	0	1	2	\N	t	f	No	Signature	\N
18	149	1	-1000000000	t	1	1	1	0	1	10	\N	f	f	No	Signature	\N
19	243	10	0	f	1	1	1	0	1	2	\N	t	f	No	Signature	\N
20	149	1	-1000000000	t	1	1	1	0	1	11	\N	f	f	No	Signature	\N
21	243	11	0	f	1	1	1	0	1	2	\N	t	f	No	Signature	\N
22	149	1	-1000000000	t	1	1	1	0	1	12	\N	f	f	No	Signature	\N
23	243	12	0	f	1	1	1	0	1	2	\N	t	f	No	Signature	\N
24	149	1	-1000000000	t	1	1	1	0	1	13	\N	f	f	No	Signature	\N
25	243	13	0	f	1	1	1	0	1	2	\N	t	f	No	Signature	\N
26	149	1	-1000000000	t	1	1	1	0	1	14	\N	f	f	No	Signature	\N
27	243	14	0	f	1	1	1	0	1	2	\N	t	f	No	Signature	\N
28	149	1	-1000000000	t	1	1	1	0	1	15	\N	f	f	No	Signature	\N
29	243	15	0	f	1	1	1	0	1	2	\N	t	f	No	Signature	\N
30	149	1	-1000000000	t	1	1	1	0	1	16	\N	f	f	No	Signature	\N
31	243	16	0	f	1	1	1	0	1	2	\N	t	f	No	Signature	\N
32	149	1	-1000000000	t	1	1	1	0	1	17	\N	f	f	No	Signature	\N
33	243	17	0	f	1	1	1	0	1	2	\N	t	f	No	Signature	\N
34	149	1	-1000000000	t	1	1	1	0	1	18	\N	f	f	No	Signature	\N
35	243	18	0	f	1	1	1	0	1	2	\N	t	f	No	Signature	\N
36	149	1	-1000000000	t	1	1	1	0	1	19	\N	f	f	No	Signature	\N
37	243	19	0	f	1	1	1	0	1	2	\N	t	f	No	Signature	\N
38	149	1	-1000000000	t	1	1	1	0	1	20	\N	f	f	No	Signature	\N
39	243	20	0	f	1	1	1	0	1	2	\N	t	f	No	Signature	\N
40	149	1	-1000000000	t	1	1	1	0	1	21	\N	f	f	No	Signature	\N
41	243	21	0	f	1	1	1	0	1	2	\N	t	f	No	Signature	\N
42	149	1	-1000000000	t	1	1	1	0	1	22	\N	f	f	No	Signature	\N
43	243	22	0	f	1	1	1	0	1	2	\N	t	f	No	Signature	\N
44	149	1	-1000000000	t	1	1	1	0	1	23	\N	f	f	No	Signature	\N
45	243	23	0	f	1	1	1	0	1	2	\N	t	f	No	Signature	\N
46	149	1	-1000000000	t	1	1	1	0	1	24	\N	f	f	No	Signature	\N
47	243	24	0	f	1	1	1	0	1	2	\N	t	f	No	Signature	\N
48	149	1	-1000000000	t	1	1	1	0	1	25	\N	f	f	No	Signature	\N
49	243	25	0	f	1	1	1	0	1	2	\N	t	f	No	Signature	\N
50	149	1	-1000000000	t	1	1	1	0	1	26	\N	f	f	No	Signature	\N
51	243	26	0	f	1	1	1	0	1	2	\N	t	f	No	Signature	\N
52	149	1	-1000000000	t	1	1	1	0	1	27	\N	f	f	No	Signature	\N
53	243	27	0	f	1	1	1	0	1	2	\N	t	f	No	Signature	\N
54	149	1	-1000000000	t	1	1	1	0	1	28	\N	f	f	No	Signature	\N
55	243	28	0	f	1	1	1	0	1	2	\N	t	f	No	Signature	\N
56	149	1	-1000000000	t	1	1	1	0	1	29	\N	f	f	No	Signature	\N
57	243	29	0	f	1	1	1	0	1	2	\N	t	f	No	Signature	\N
58	149	1	-1000000000	t	1	1	1	0	1	30	\N	f	f	No	Signature	\N
59	243	30	0	f	1	1	1	0	1	2	\N	t	f	No	Signature	\N
60	149	1	-1000000000	t	1	1	1	0	1	31	\N	f	f	No	Signature	\N
61	243	31	0	f	1	1	1	0	1	2	\N	t	f	No	Signature	\N
62	149	1	-1000000000	t	1	1	1	0	1	32	\N	f	f	No	Signature	\N
63	243	32	0	f	1	1	1	0	1	2	\N	t	f	No	Signature	\N
64	149	1	-1000000000	t	1	1	1	0	1	33	\N	f	f	No	Signature	\N
65	243	33	0	f	1	1	1	0	1	2	\N	t	f	No	Signature	\N
66	149	1	-1000000000	t	1	1	1	0	1	34	\N	f	f	No	Signature	\N
67	243	34	0	f	1	1	1	0	1	2	\N	t	f	No	Signature	\N
68	149	1	-1000000000	t	1	1	1	0	1	35	\N	f	f	No	Signature	\N
69	243	35	0	f	1	1	1	0	1	2	\N	t	f	No	Signature	\N
70	149	1	-1000000000	t	1	1	1	0	1	36	\N	f	f	No	Signature	\N
71	243	36	0	f	1	1	1	0	1	2	\N	t	f	No	Signature	\N
72	149	1	-1000000000	t	1	1	1	0	1	37	\N	f	f	No	Signature	\N
73	243	37	0	f	1	1	1	0	1	2	\N	t	f	No	Signature	\N
74	149	1	-1000000000	t	1	1	1	0	1	38	\N	f	f	No	Signature	\N
75	243	38	0	f	1	1	1	0	1	2	\N	t	f	No	Signature	\N
76	149	1	-1000000000	t	1	1	1	0	1	39	\N	f	f	No	Signature	\N
77	243	39	0	f	1	1	1	0	1	2	\N	t	f	No	Signature	\N
78	149	1	-1000000000	t	1	1	1	0	1	40	\N	f	f	No	Signature	\N
79	243	40	0	f	1	1	1	0	1	2	\N	t	f	No	Signature	\N
80	149	1	-1000000000	t	1	1	1	0	1	41	\N	f	f	No	Signature	\N
81	243	41	0	f	1	1	1	0	1	2	\N	t	f	No	Signature	\N
82	149	1	-1000000000	t	1	1	1	0	1	42	\N	f	f	No	Signature	\N
83	243	42	0	f	1	1	1	0	1	2	\N	t	f	No	Signature	\N
84	149	1	-1000000000	t	1	1	1	0	1	43	\N	f	f	No	Signature	\N
85	243	43	0	f	1	1	1	0	1	2	\N	t	f	No	Signature	\N
86	149	1	-1000000000	t	1	1	1	0	1	44	\N	f	f	No	Signature	\N
87	243	44	0	f	1	1	1	0	1	2	\N	t	f	No	Signature	\N
88	149	1	-1000000000	t	1	1	1	0	1	45	\N	f	f	No	Signature	\N
89	243	45	0	f	1	1	1	0	1	2	\N	t	f	No	Signature	\N
90	149	1	-1000000000	t	1	1	1	0	1	46	\N	f	f	No	Signature	\N
97	243	49	0	f	1	1	1	0	1	2	\N	t	f	No	Signature	\N
98	149	1	-1000000000	t	1	1	1	0	1	50	\N	f	f	No	Signature	\N
99	243	50	0	f	1	1	1	0	1	2	\N	t	f	No	Signature	\N
100	149	1	-1000000000	t	1	1	1	0	1	51	\N	f	f	No	Signature	\N
101	243	51	0	f	1	1	1	0	1	2	\N	t	f	No	Signature	\N
102	149	1	-1000000000	t	1	1	1	0	1	52	\N	f	f	No	Signature	\N
91	243	46	0	f	1	1	1	0	1	2	\N	t	f	No	Signature	\N
92	149	1	-1000000000	t	1	1	1	0	1	47	\N	f	f	No	Signature	\N
93	243	47	0	f	1	1	1	0	1	2	\N	t	f	No	Signature	\N
94	149	1	-1000000000	t	1	1	1	0	1	48	\N	f	f	No	Signature	\N
95	243	48	0	f	1	1	1	0	1	2	\N	t	f	No	Signature	\N
96	149	1	-1000000000	t	1	1	1	0	1	49	\N	f	f	No	Signature	\N
103	243	52	0	f	1	1	1	0	1	2	\N	t	f	No	Signature	\N
104	149	1	-1000000000	t	1	1	1	0	1	53	\N	f	f	No	Signature	\N
105	243	53	0	f	1	1	1	0	1	2	\N	t	f	No	Signature	\N
106	149	1	-1000000000	t	1	1	1	0	1	54	\N	f	f	No	Signature	\N
107	243	54	0	f	1	1	1	0	1	2	\N	t	f	No	Signature	\N
108	149	1	-1000000000	t	1	1	1	0	1	55	\N	f	f	No	Signature	\N
109	243	55	0	f	1	1	1	0	1	2	\N	t	f	No	Signature	\N
110	149	1	-1000000000	t	1	1	1	0	1	56	\N	f	f	No	Signature	\N
111	243	56	0	f	1	1	1	0	1	2	\N	t	f	No	Signature	\N
112	149	1	-1000000000	t	1	1	1	0	1	57	\N	f	f	No	Signature	\N
113	243	57	0	f	1	1	1	0	1	2	\N	t	f	No	Signature	\N
114	149	1	-1000000000	t	1	1	1	0	1	58	\N	f	f	No	Signature	\N
115	243	58	0	f	1	1	1	0	1	2	\N	t	f	No	Signature	\N
116	149	1	-1000000000	t	1	1	1	0	1	59	\N	f	f	No	Signature	\N
117	243	59	0	f	1	1	1	0	1	2	\N	t	f	No	Signature	\N
118	149	1	-1000000000	t	1	1	1	0	1	60	\N	f	f	No	Signature	\N
119	243	60	0	f	1	1	1	0	1	2	\N	t	f	No	Signature	\N
120	149	1	-1000000000	t	1	1	1	0	1	61	\N	f	f	No	Signature	\N
121	243	61	0	f	1	1	1	0	1	2	\N	t	f	No	Signature	\N
122	149	1	-1000000000	t	1	1	1	0	1	62	\N	f	f	No	Signature	\N
123	243	62	0	f	1	1	1	0	1	2	\N	t	f	No	Signature	\N
124	149	1	-1000000000	t	1	1	1	0	1	63	\N	f	f	No	Signature	\N
125	243	63	0	f	1	1	1	0	1	2	\N	t	f	No	Signature	\N
126	149	1	-1000000000	t	1	1	1	0	1	64	\N	f	f	No	Signature	\N
127	243	64	0	f	1	1	1	0	1	2	\N	t	f	No	Signature	\N
128	149	1	-1000000000	t	1	1	1	0	1	65	\N	f	f	No	Signature	\N
\.


--
-- Data for Name: zkapp_account_update_failures; Type: TABLE DATA; Schema: public; Owner: postgres
--

COPY public.zkapp_account_update_failures (id, index, failures) FROM stdin;
1	2	{Cancelled}
2	1	{Account_nonce_precondition_unsatisfied}
3	2	{Invalid_fee_excess}
4	1	{Invalid_fee_excess}
\.


--
-- Data for Name: zkapp_accounts; Type: TABLE DATA; Schema: public; Owner: postgres
--

COPY public.zkapp_accounts (id, app_state_id, verification_key_id, zkapp_version, action_state_id, last_action_slot, proved_state, zkapp_uri_id) FROM stdin;
\.


--
-- Data for Name: zkapp_action_states; Type: TABLE DATA; Schema: public; Owner: postgres
--

COPY public.zkapp_action_states (id, element0, element1, element2, element3, element4) FROM stdin;
\.


--
-- Data for Name: zkapp_amount_bounds; Type: TABLE DATA; Schema: public; Owner: postgres
--

COPY public.zkapp_amount_bounds (id, amount_lower_bound, amount_upper_bound) FROM stdin;
\.


--
-- Data for Name: zkapp_balance_bounds; Type: TABLE DATA; Schema: public; Owner: postgres
--

COPY public.zkapp_balance_bounds (id, balance_lower_bound, balance_upper_bound) FROM stdin;
\.


--
-- Data for Name: zkapp_commands; Type: TABLE DATA; Schema: public; Owner: postgres
--

COPY public.zkapp_commands (id, zkapp_fee_payer_body_id, zkapp_account_updates_ids, memo, hash) FROM stdin;
1	1	{1,2}	E4YM2vTHhWEg66xpj52JErHUBU4pZ1yageL4TVDDpTTSsv8mK6YaH	5JvBF8wXfW2FBLC9YhB9xSbEUCKvC7c12J39EJxUcHFpGDvVu1Ct
2	2	{3,4}	E4YM2vTHhWEg66xpj52JErHUBU4pZ1yageL4TVDDpTTSsv8mK6YaH	5JumUgGV9RuLmT6aBwPhDNYDj2hs8JiCzJ5Bonz46yzrF8fffX9H
3	3	{5}	E4YM2vTHhWEg66xpj52JErHUBU4pZ1yageL4TVDDpTTSsv8mK6YaH	5JueF8pxRk8gjPwBTXBimsXh2u9P7JSndToWd3E4QPnXJZkjvBeh
4	4	{6,4}	E4YM2vTHhWEg66xpj52JErHUBU4pZ1yageL4TVDDpTTSsv8mK6YaH	5JtwsSLc8iaRbTA3q1ZjkpcPgR13utBvpcGy3Tt45Sak1QJmiqZx
5	5	{7}	E4YM2vTHhWEg66xpj52JErHUBU4pZ1yageL4TVDDpTTSsv8mK6YaH	5JukoZyFAGvrM5RKmo5Vh5EG1XQPCAbyuogZmdCkYLYRt4FCzED8
6	6	{8,4}	E4YM2vTHhWEg66xpj52JErHUBU4pZ1yageL4TVDDpTTSsv8mK6YaH	5JuffzgT74KgsYhKDAktuCoUEXiQudtGdKSzTKvGnSXf9xegwchK
7	7	{9}	E4YM2vTHhWEg66xpj52JErHUBU4pZ1yageL4TVDDpTTSsv8mK6YaH	5JtgQoATJvxNUCi577A7HMYsjs9P8HQGwyBMoibgFswjhPaxTADf
8	8	{10,4}	E4YM2vTHhWEg66xpj52JErHUBU4pZ1yageL4TVDDpTTSsv8mK6YaH	5JtjM47TsUnJj7jnpAiTZAw72FY6QspdSezn6aBMSWWNKvhfKkFW
9	9	{11}	E4YM2vTHhWEg66xpj52JErHUBU4pZ1yageL4TVDDpTTSsv8mK6YaH	5JuWh7ajau6oRTgKxgcX3xHrbfMv8JH5Yt6jNbcreAMx13Nzak5i
10	10	{12,4}	E4YM2vTHhWEg66xpj52JErHUBU4pZ1yageL4TVDDpTTSsv8mK6YaH	5JuWkhXeGQK68gXb5gR7hPHkd6EMqJzaFE7tbi1siSaTpNVBPQGD
11	11	{13}	E4YM2vTHhWEg66xpj52JErHUBU4pZ1yageL4TVDDpTTSsv8mK6YaH	5JuY2JfQeKmTSzZgVNWbiTHrnEFD1tt8t7icKvwMAvWpjT92gjvP
12	12	{14,4}	E4YM2vTHhWEg66xpj52JErHUBU4pZ1yageL4TVDDpTTSsv8mK6YaH	5Ju6YurHmUMGoGoUS4DGFKw4Zph9YuLjSkYaaFANjonRqFYmbWAR
13	13	{15}	E4YM2vTHhWEg66xpj52JErHUBU4pZ1yageL4TVDDpTTSsv8mK6YaH	5Ju4CWyreiETaEZh8VxgUBq7yC7eD8Bg9zR9Ca1pW711Gd3ZuwMG
14	14	{16,4}	E4YM2vTHhWEg66xpj52JErHUBU4pZ1yageL4TVDDpTTSsv8mK6YaH	5JtjrNscqX7zenB8rJkCBcadhMzXtTodJeLpHW6JuxCqyL3hssTs
15	15	{17}	E4YM2vTHhWEg66xpj52JErHUBU4pZ1yageL4TVDDpTTSsv8mK6YaH	5JuQ1bkgJi33Xv45Z1eRsyvsfMbS4nQAR3Pej6SvEEvEP7eSZ26U
16	16	{18,4}	E4YM2vTHhWEg66xpj52JErHUBU4pZ1yageL4TVDDpTTSsv8mK6YaH	5JukFGxFZak382GQ6unnuWWxjN61PZqhysQw1sY4xXrPyDX2i7Lq
17	17	{19}	E4YM2vTHhWEg66xpj52JErHUBU4pZ1yageL4TVDDpTTSsv8mK6YaH	5JvReiBkUbzTbJao9r7gQrVjin9xfLxy7kfG8WvR9GAreUEow5zB
18	18	{20,4}	E4YM2vTHhWEg66xpj52JErHUBU4pZ1yageL4TVDDpTTSsv8mK6YaH	5JuU3HF2anJh3cMLoRaRdCbyscdhJts3tNmpqkX2vVz9yddbTG1J
19	19	{21}	E4YM2vTHhWEg66xpj52JErHUBU4pZ1yageL4TVDDpTTSsv8mK6YaH	5JvB9qoYhCbxqCKfDnwEbWp2yEDjCrc9L9YE85L49T4SGANVSJys
20	20	{22,4}	E4YM2vTHhWEg66xpj52JErHUBU4pZ1yageL4TVDDpTTSsv8mK6YaH	5JtzguiWvkzsViKBUovi2scSWHe4xgs7h5gKuFx5pxCZ7uSLhTU1
21	21	{23}	E4YM2vTHhWEg66xpj52JErHUBU4pZ1yageL4TVDDpTTSsv8mK6YaH	5JueqpDBeFyiSQeW5GohYo9Av9eT82vo1djuMgo9ThHMCkMXpk7a
22	22	{24,4}	E4YM2vTHhWEg66xpj52JErHUBU4pZ1yageL4TVDDpTTSsv8mK6YaH	5JuebwMv6A9H7sVF1hGCqKgKPvtBuVyZMCA57xC7cKfRFuxfvgzm
23	23	{25}	E4YM2vTHhWEg66xpj52JErHUBU4pZ1yageL4TVDDpTTSsv8mK6YaH	5Jv8bCKNPW1iJh6hs3gvKcEweh8RsSe6CANpmoPips152NVsskaX
24	24	{26,4}	E4YM2vTHhWEg66xpj52JErHUBU4pZ1yageL4TVDDpTTSsv8mK6YaH	5Juq1ZAnsZkFvnexGhy8YvrVHpzdoM23hpBtzE1VFnERsrCPYDSr
25	25	{27}	E4YM2vTHhWEg66xpj52JErHUBU4pZ1yageL4TVDDpTTSsv8mK6YaH	5Jtg6MBxiSTPgBbSVNQ2bmH45KThdfVVZ1acsNyLQCoZCtjkoP5J
26	26	{28,4}	E4YM2vTHhWEg66xpj52JErHUBU4pZ1yageL4TVDDpTTSsv8mK6YaH	5JvPy5iYZL2R7t4R2otSND4nLJuE28B9pTWmjFUMGFRmruAYZ7CW
27	27	{29}	E4YM2vTHhWEg66xpj52JErHUBU4pZ1yageL4TVDDpTTSsv8mK6YaH	5Jtn4aq2suMo2djF1P5NcPWrvPC5fYNELNHrSep7tx884x2ZPzsj
28	28	{30,4}	E4YM2vTHhWEg66xpj52JErHUBU4pZ1yageL4TVDDpTTSsv8mK6YaH	5JuBdXU1B9i4RwqbjzNADWStzSdjyXhXdjAbjocnQi1rcY8JvuWg
29	29	{31}	E4YM2vTHhWEg66xpj52JErHUBU4pZ1yageL4TVDDpTTSsv8mK6YaH	5JunPXbA7r8zDF4GHr2ugFmaRQqzD8mN6he4Epgj6apmtGJmobs1
30	30	{32,4}	E4YM2vTHhWEg66xpj52JErHUBU4pZ1yageL4TVDDpTTSsv8mK6YaH	5JuiYV9AA7v6V2ezyqGjFW9UZAPLsdwFPZrNaLmomiHvoAK1fn7s
31	31	{33}	E4YM2vTHhWEg66xpj52JErHUBU4pZ1yageL4TVDDpTTSsv8mK6YaH	5Jutrwi38N4BJYoyuku6dnvMJ4pgZ1X1KuUTpZAgA7X2KQJvyhPm
32	32	{34,4}	E4YM2vTHhWEg66xpj52JErHUBU4pZ1yageL4TVDDpTTSsv8mK6YaH	5JunPWmtYFyHEVasSQ91YfuWJ4V3SwiG2gNGex3rGFgMdSSX7VpC
33	33	{35}	E4YM2vTHhWEg66xpj52JErHUBU4pZ1yageL4TVDDpTTSsv8mK6YaH	5JvGduAwfygwASLfDpSszUarTcsp8b5Zs4ZYTs8fN66FmK3dHxVG
34	34	{36,4}	E4YM2vTHhWEg66xpj52JErHUBU4pZ1yageL4TVDDpTTSsv8mK6YaH	5JvCENhNyQqJaNctRjqUZ6cYo2Ga3bXmz26s6v9HcubSnMmmqKFx
35	35	{37}	E4YM2vTHhWEg66xpj52JErHUBU4pZ1yageL4TVDDpTTSsv8mK6YaH	5JtaHMZBxwTAjNyrFcZBmWwkigM7H4GFxPRKrPBxK99kYKQrRAmR
36	36	{38,4}	E4YM2vTHhWEg66xpj52JErHUBU4pZ1yageL4TVDDpTTSsv8mK6YaH	5JuSE7vbM87oqL7csxNepvMaC4RMw7om2tL2pkk7YJZtH5ja9sdC
37	37	{39}	E4YM2vTHhWEg66xpj52JErHUBU4pZ1yageL4TVDDpTTSsv8mK6YaH	5JuYcHjKfa3UQDTmK7SWHFCikXSprqAqgz5QJD6ZPAgNiAREJJY6
38	38	{40,4}	E4YM2vTHhWEg66xpj52JErHUBU4pZ1yageL4TVDDpTTSsv8mK6YaH	5JtmuPKKm6ywgDRdnnjXZ31Rpp5Tc8FLBkVbD4sGyXXVcHMnmrq2
39	39	{41}	E4YM2vTHhWEg66xpj52JErHUBU4pZ1yageL4TVDDpTTSsv8mK6YaH	5JtYxwWmgRetiWrbJyYbD51EJFsCtGEkagoRHMoxiGdCA9vUq1FJ
40	40	{42,4}	E4YM2vTHhWEg66xpj52JErHUBU4pZ1yageL4TVDDpTTSsv8mK6YaH	5Jv3P2mrW8nggZN8P69MU6nbQkGTNFRfVJ3QevjyGVshaE4TZrYs
41	41	{43}	E4YM2vTHhWEg66xpj52JErHUBU4pZ1yageL4TVDDpTTSsv8mK6YaH	5Jv5E5SVceQQKtuCKRUuhVK93fWdjzeW8jPFR7YSb9yM1P2w1knm
42	42	{44,4}	E4YM2vTHhWEg66xpj52JErHUBU4pZ1yageL4TVDDpTTSsv8mK6YaH	5JuULHFYfW4YUMPSpXFUqdEY6FrYZCFmu7oSGGYsbBXa8Sev1QTF
43	43	{45}	E4YM2vTHhWEg66xpj52JErHUBU4pZ1yageL4TVDDpTTSsv8mK6YaH	5JtbQzRAXT7u6LCDXDndGC3VktdhuwoSJ9Jr551tDiqpbW7HJ7hW
44	44	{46,4}	E4YM2vTHhWEg66xpj52JErHUBU4pZ1yageL4TVDDpTTSsv8mK6YaH	5Jv2VmpHqQXRq4M2kpKPws7veaMPgEggzVacJwnxaZHkfL6LQhXq
45	45	{47}	E4YM2vTHhWEg66xpj52JErHUBU4pZ1yageL4TVDDpTTSsv8mK6YaH	5JvLs7Y31GzXxVkaFz8mxuH1duJNv7kYLgbaSTbyvsbrCY5gAypb
46	46	{48,4}	E4YM2vTHhWEg66xpj52JErHUBU4pZ1yageL4TVDDpTTSsv8mK6YaH	5JvC4uea8keejbabPoXURunjv7wdV2qC9Q8zim1D7adJeDeb218U
47	47	{49}	E4YM2vTHhWEg66xpj52JErHUBU4pZ1yageL4TVDDpTTSsv8mK6YaH	5JuXYrLLUCWUZYnppS9wdUmR1zRUNngrkrKLGeF6HE1V8UCPxVhD
48	48	{50,4}	E4YM2vTHhWEg66xpj52JErHUBU4pZ1yageL4TVDDpTTSsv8mK6YaH	5JuzrbyawUrUjg6fwb4FoBVMimVrhQ4UZcibmnUvP4P7F2T1bLEm
49	49	{51}	E4YM2vTHhWEg66xpj52JErHUBU4pZ1yageL4TVDDpTTSsv8mK6YaH	5Jtvd1xM9fpZB4Ca6XyQbgHT9RQKQA4CYpQnfjHFvkvWLo77hfD6
50	50	{52,4}	E4YM2vTHhWEg66xpj52JErHUBU4pZ1yageL4TVDDpTTSsv8mK6YaH	5JvLQVjChEgihUEJWeWAJKB3qJaUPbmettT2XbW1fstrce65iEd2
51	51	{53}	E4YM2vTHhWEg66xpj52JErHUBU4pZ1yageL4TVDDpTTSsv8mK6YaH	5JtgFbTgyJEHgM4X3o4SjMQEa9dTJvWb8QWqxdakyw9J3MRhxKy6
52	52	{54,4}	E4YM2vTHhWEg66xpj52JErHUBU4pZ1yageL4TVDDpTTSsv8mK6YaH	5Jv8tcNVyrRQDeXfNmkQNvJTq4GSFytD627LYoVyUazNKdJNBCfR
53	53	{55}	E4YM2vTHhWEg66xpj52JErHUBU4pZ1yageL4TVDDpTTSsv8mK6YaH	5JthMKZJcrptgvZJSa9XgeVtnBwmJcCx7ARvMeCK8LgKwsZuKVF8
54	54	{56,4}	E4YM2vTHhWEg66xpj52JErHUBU4pZ1yageL4TVDDpTTSsv8mK6YaH	5JuEULWp4yxDuzJyTKeuyQGqTDQrCB9TqHaMmL9axCqchz8C7SUe
55	55	{57}	E4YM2vTHhWEg66xpj52JErHUBU4pZ1yageL4TVDDpTTSsv8mK6YaH	5JufjMbamVfo1njst6VvMcdqfrh37K6j51Kc9x9pERZrnB5cb6PZ
56	56	{58,4}	E4YM2vTHhWEg66xpj52JErHUBU4pZ1yageL4TVDDpTTSsv8mK6YaH	5Jv49AawMuiEJXkKxw3ucsJcT9sjnJ53gGzeMVnyrM2DDqf7GhLX
57	57	{59}	E4YM2vTHhWEg66xpj52JErHUBU4pZ1yageL4TVDDpTTSsv8mK6YaH	5JuUMqgfxnBPW1g9KD8i1rnbrQNDHaVhcdu8wbEKQfWcGGK6nZAU
58	58	{60,4}	E4YM2vTHhWEg66xpj52JErHUBU4pZ1yageL4TVDDpTTSsv8mK6YaH	5JvM2eFaDhXjxgYFA52SAmEtcAmuRFefYrcU9drmoxkF3jj44Vaj
59	59	{61}	E4YM2vTHhWEg66xpj52JErHUBU4pZ1yageL4TVDDpTTSsv8mK6YaH	5JtyL1w2mHVsyCmJTHQyoMAh84rrRUze95g5YjU55UeXr35kyiu5
60	60	{62,4}	E4YM2vTHhWEg66xpj52JErHUBU4pZ1yageL4TVDDpTTSsv8mK6YaH	5Jv4NRfv5b4YW46prEFwDM5iNi7MeU28Dag5sHJWe8btesZmwjs9
61	61	{63}	E4YM2vTHhWEg66xpj52JErHUBU4pZ1yageL4TVDDpTTSsv8mK6YaH	5Juhj3rejuFfyKoHsuueMLDvoARTwdj93eEpT5WaoWDx5LsiSyDL
62	62	{64,4}	E4YM2vTHhWEg66xpj52JErHUBU4pZ1yageL4TVDDpTTSsv8mK6YaH	5Jtk4piGhyUVPTc295Hqw1C8kDAo9iicY8ndBHJkKFB7YHX5v6cL
63	63	{65}	E4YM2vTHhWEg66xpj52JErHUBU4pZ1yageL4TVDDpTTSsv8mK6YaH	5JvAtQeNSmH1zRTBHAvQNRioep3xTcajUZQFATHoibWHAjJEQv73
64	64	{66,4}	E4YM2vTHhWEg66xpj52JErHUBU4pZ1yageL4TVDDpTTSsv8mK6YaH	5JuNPsWgBCLvULLFa6Q58jh9XXYLG83BsKiEhwvE3F9o55ogPk1A
65	65	{67}	E4YM2vTHhWEg66xpj52JErHUBU4pZ1yageL4TVDDpTTSsv8mK6YaH	5JvJreJfnt4FfsPLSyStFiLHo8mQttvef6L3WodZsfmDF5H5pX8v
66	66	{68,4}	E4YM2vTHhWEg66xpj52JErHUBU4pZ1yageL4TVDDpTTSsv8mK6YaH	5JuhhMRuoVFCtKKndTgQ2HxWfpqkPL7heH4fsyCjRuFj9b9ZNs1U
67	67	{69}	E4YM2vTHhWEg66xpj52JErHUBU4pZ1yageL4TVDDpTTSsv8mK6YaH	5JtjVe7W5Nez8PLyuK1jJVMvA2oZJJWXFTAjv3TCHUzyCuFmrReu
68	68	{70,4}	E4YM2vTHhWEg66xpj52JErHUBU4pZ1yageL4TVDDpTTSsv8mK6YaH	5JtmF71rQtDN6TQUYFRR6ocTmEN1icy69FPYfPC6Mags41dC1rkz
69	69	{71}	E4YM2vTHhWEg66xpj52JErHUBU4pZ1yageL4TVDDpTTSsv8mK6YaH	5Jup3vgB6tYTjjZf5eCjSHcbBguUkxugrsrJYRLf9tWQYk3SLNNx
70	70	{72,4}	E4YM2vTHhWEg66xpj52JErHUBU4pZ1yageL4TVDDpTTSsv8mK6YaH	5JvJP3VkovP9JAkzQPnQ8oobx6cwAxwxWAznR7cXyb8aMtutagFB
71	71	{73}	E4YM2vTHhWEg66xpj52JErHUBU4pZ1yageL4TVDDpTTSsv8mK6YaH	5JtfcCZF9RaCZ9FAyZzoCGHdfwhe5exgciUYHh2yTdp8411GgNHm
72	72	{74,4}	E4YM2vTHhWEg66xpj52JErHUBU4pZ1yageL4TVDDpTTSsv8mK6YaH	5JuKSd7RUtmVZ1GZm21cvr2QrKyKK3NhZ87A2bv3cUGkeRmM6qgw
73	73	{75}	E4YM2vTHhWEg66xpj52JErHUBU4pZ1yageL4TVDDpTTSsv8mK6YaH	5JvMFGNH6rpiteXT9KsUwSvGQNThdVNTPuJ7DgUvgFWRiHaMhcKv
74	74	{76,4}	E4YM2vTHhWEg66xpj52JErHUBU4pZ1yageL4TVDDpTTSsv8mK6YaH	5JtiXxKDKJbJ7CJwUPiVFxbbHL1LtKDzRUDcHqznH44n48C6dyYG
75	75	{77}	E4YM2vTHhWEg66xpj52JErHUBU4pZ1yageL4TVDDpTTSsv8mK6YaH	5JuZXmYimFgnY9vggJhB14zWBoWnUV38XNk79zMzNPxXrSiHbVEo
76	76	{78,4}	E4YM2vTHhWEg66xpj52JErHUBU4pZ1yageL4TVDDpTTSsv8mK6YaH	5Jv9WbvfUdyxExeqHbBVxKzzB2wr2q6JcinSAvBnawQ6zz1V6ocr
77	77	{79}	E4YM2vTHhWEg66xpj52JErHUBU4pZ1yageL4TVDDpTTSsv8mK6YaH	5Jv9HV4gEZ4YngaewDVRKr9LvH7yVmW3pb7uhTmo4RLQodd1Jc9R
78	78	{80,4}	E4YM2vTHhWEg66xpj52JErHUBU4pZ1yageL4TVDDpTTSsv8mK6YaH	5JtiKhiyMQAEPcXWC6RssEfEMJoEAxsc3sT5DkGxVwpfVjvDR4Sw
79	79	{81}	E4YM2vTHhWEg66xpj52JErHUBU4pZ1yageL4TVDDpTTSsv8mK6YaH	5Jv2uMrBN6DoUwY4ekgUkwrhQBywb1f3iDsyFBdJW6MCSzh8CbuT
80	80	{82,4}	E4YM2vTHhWEg66xpj52JErHUBU4pZ1yageL4TVDDpTTSsv8mK6YaH	5Jv5m28F1jCwK4f65oCgW1GUyDBWYhdJX5c16hhSjPbLRut1gkth
81	81	{83}	E4YM2vTHhWEg66xpj52JErHUBU4pZ1yageL4TVDDpTTSsv8mK6YaH	5JuhctcoAz6u6RnxTC3VoFYG7dm2aM1ENNhkZnYppcWf1WSVSGro
82	82	{84,4}	E4YM2vTHhWEg66xpj52JErHUBU4pZ1yageL4TVDDpTTSsv8mK6YaH	5JuHo7RdNFHS1Zu933boVuwCBVyhmWYAr6GujqxykybzDcCtJSJZ
83	83	{85}	E4YM2vTHhWEg66xpj52JErHUBU4pZ1yageL4TVDDpTTSsv8mK6YaH	5JvPzy958QNs5yRGbiBmGxDsHqAHYASLJQG6YzabJ5MW8XiU3J1p
84	84	{86,4}	E4YM2vTHhWEg66xpj52JErHUBU4pZ1yageL4TVDDpTTSsv8mK6YaH	5Jthhg2xeXseCHLffWosqH9PVbsLLsKtbnGT9kjyTnZNmN4BUM92
85	85	{87}	E4YM2vTHhWEg66xpj52JErHUBU4pZ1yageL4TVDDpTTSsv8mK6YaH	5Jv8RkxBkkHMEWutuWRiXjW84ePeELKboPpgH9tVUraoGTEDytq9
86	86	{88,4}	E4YM2vTHhWEg66xpj52JErHUBU4pZ1yageL4TVDDpTTSsv8mK6YaH	5JukVcAprPBhxPesT1XhR2aHCZfDGzPHdF5ksmLsrLZYGyhoHJY3
87	87	{89}	E4YM2vTHhWEg66xpj52JErHUBU4pZ1yageL4TVDDpTTSsv8mK6YaH	5JvB84zYTaLuMGvCx29nd3vSntoLVdU7WK2EMgwQHQZbWZC6qbkH
88	88	{90,4}	E4YM2vTHhWEg66xpj52JErHUBU4pZ1yageL4TVDDpTTSsv8mK6YaH	5JuB3xqb4C8pKe7T3VZcoZL8VhdqwXH3uBxKQTQtMPAdTjCarrab
89	89	{91}	E4YM2vTHhWEg66xpj52JErHUBU4pZ1yageL4TVDDpTTSsv8mK6YaH	5Jtt1jhcUdAcX6zZZbd2EVYDDohW3Ye3suARKxgdtwAHZW2Pkuf1
90	90	{92,4}	E4YM2vTHhWEg66xpj52JErHUBU4pZ1yageL4TVDDpTTSsv8mK6YaH	5JvMNS5icaNAUzz5C9MNVvKMLqs5HL335fYtWpTjefwhLiqu5DTj
91	91	{93}	E4YM2vTHhWEg66xpj52JErHUBU4pZ1yageL4TVDDpTTSsv8mK6YaH	5JuvgvTaw2YWVgp7tr3yk9i75tomLYZxMttfygS53mN8zWBWeGTb
92	92	{94,4}	E4YM2vTHhWEg66xpj52JErHUBU4pZ1yageL4TVDDpTTSsv8mK6YaH	5JuYJ4V2kuCp3kWfWndh4WFaz2sEqSJtav9UzxVkz7PUkS5U9DKf
93	93	{95}	E4YM2vTHhWEg66xpj52JErHUBU4pZ1yageL4TVDDpTTSsv8mK6YaH	5JuXgV7mC8fYWte7wjuZk7LhwNWHUb2mXmcVDP7fJz6t8Jcg11Uo
94	94	{96,4}	E4YM2vTHhWEg66xpj52JErHUBU4pZ1yageL4TVDDpTTSsv8mK6YaH	5Jts6kiVoZx8TPugCVTWPppuwXJ5UeXAsx4UBvVJcudw5tPQvt3k
95	95	{97}	E4YM2vTHhWEg66xpj52JErHUBU4pZ1yageL4TVDDpTTSsv8mK6YaH	5JvLxqXTzjknfmPETVaQZh6ShecZWvpvWJwNNQPLzAfMWrg1cFYm
96	96	{98,4}	E4YM2vTHhWEg66xpj52JErHUBU4pZ1yageL4TVDDpTTSsv8mK6YaH	5JvNv8kcHifD6Vhu4317HBVEj8H9VRzvrhvBbSEKMX8cPcoA46XB
97	97	{99}	E4YM2vTHhWEg66xpj52JErHUBU4pZ1yageL4TVDDpTTSsv8mK6YaH	5Jv1o1fXaAGcUHMsaXnQyEPWLGD18QF2xCUju5FXNazx9phEih46
98	98	{100,4}	E4YM2vTHhWEg66xpj52JErHUBU4pZ1yageL4TVDDpTTSsv8mK6YaH	5JtnAwhMrKhCUQ9XgvxURm8ffDV5duRAas2M5983qM3P5gYi64Tp
99	99	{101}	E4YM2vTHhWEg66xpj52JErHUBU4pZ1yageL4TVDDpTTSsv8mK6YaH	5JuBWepCdpCmQhty83vm7bF1PJ6zyE9cXGpDuCTDCqTmUcGUJHWj
100	100	{102,4}	E4YM2vTHhWEg66xpj52JErHUBU4pZ1yageL4TVDDpTTSsv8mK6YaH	5JtmTbm7wfcRHVqY8vCQRB9Yq1fFNBeegQ99E7NVd3pUsuDaTSPr
101	101	{103}	E4YM2vTHhWEg66xpj52JErHUBU4pZ1yageL4TVDDpTTSsv8mK6YaH	5Jttq4zpXB6Zy6sXYtXZhYauNAN8Hq3KE3UiEyQfLC6p2vw7ghmT
102	102	{104,4}	E4YM2vTHhWEg66xpj52JErHUBU4pZ1yageL4TVDDpTTSsv8mK6YaH	5JtdAb7SGWhU4dq18aozP6CiNV4HmmQP42v5RwncgnCgR3T5H18s
103	103	{105}	E4YM2vTHhWEg66xpj52JErHUBU4pZ1yageL4TVDDpTTSsv8mK6YaH	5Ju6qZAjXy5meFbXGLzvPXxg6zknmg9aJKd3VtsF8MF4fdcf9j46
104	104	{106,4}	E4YM2vTHhWEg66xpj52JErHUBU4pZ1yageL4TVDDpTTSsv8mK6YaH	5JvRy1cqHpUbSgN2urA7Bg12fAVwxGgqX9RPKq1JmVBjvW6WxoLw
105	105	{107}	E4YM2vTHhWEg66xpj52JErHUBU4pZ1yageL4TVDDpTTSsv8mK6YaH	5JvQKbi6EQvKtwA2ByQt28LT2J6LHhJZwWNwZSXTrjDzq5BoiDxR
106	106	{108,4}	E4YM2vTHhWEg66xpj52JErHUBU4pZ1yageL4TVDDpTTSsv8mK6YaH	5JtaxVU4vsMhyqGBotJdSmxFNd61PBGogbMNqUnEzkeaoX311Uws
107	107	{109}	E4YM2vTHhWEg66xpj52JErHUBU4pZ1yageL4TVDDpTTSsv8mK6YaH	5JvJseP7TZsoCnozmq1J1q74qPrVN5Z7dwhcJLB2tMHakiCB3kPH
108	108	{110,4}	E4YM2vTHhWEg66xpj52JErHUBU4pZ1yageL4TVDDpTTSsv8mK6YaH	5JutzuJXRDjftMiZQP3MYkrXQ2GKaD1aectJTPteyxxStvwiopo4
109	109	{111}	E4YM2vTHhWEg66xpj52JErHUBU4pZ1yageL4TVDDpTTSsv8mK6YaH	5JuChHm2NBq4tTTyqZN7mLWGJvKwriu2rfy77MP8DPeNfEGKpXxx
110	110	{112,4}	E4YM2vTHhWEg66xpj52JErHUBU4pZ1yageL4TVDDpTTSsv8mK6YaH	5JuigaTkEuexP1fBNk2fdJwR9xJVx8EMTNNVRVhZa2eEKKyVtQTe
111	111	{113}	E4YM2vTHhWEg66xpj52JErHUBU4pZ1yageL4TVDDpTTSsv8mK6YaH	5Juk9VgZcN7ihuUQNXuDzXzi2rop2bYtZrizibj5wiCxwLxK4mZT
112	112	{114,4}	E4YM2vTHhWEg66xpj52JErHUBU4pZ1yageL4TVDDpTTSsv8mK6YaH	5JtWdcG8R1VkuUW5ZT7sJPGgWvWRUEz8Xr1dgV6rBLhDgsPardFh
113	113	{115}	E4YM2vTHhWEg66xpj52JErHUBU4pZ1yageL4TVDDpTTSsv8mK6YaH	5Jux1fDV4mL5nHaF1vU2YtUEh4AdRS7e6TZ4ZCz8keXYPk8Mzfzi
114	114	{116,4}	E4YM2vTHhWEg66xpj52JErHUBU4pZ1yageL4TVDDpTTSsv8mK6YaH	5JtrUYT2QCRvXh7EfXb6UwHwTNhoqbQ5XjcQAmkB85nr6Umby41d
115	115	{117}	E4YM2vTHhWEg66xpj52JErHUBU4pZ1yageL4TVDDpTTSsv8mK6YaH	5JuiCuTzhnau3nUGx4MxRVsyznkGMAExkndhbhaPfLTWzxZcS6Q3
116	116	{118,4}	E4YM2vTHhWEg66xpj52JErHUBU4pZ1yageL4TVDDpTTSsv8mK6YaH	5JucVLiixgbuugRYuP1myYpSTFwp3tGVjwUM15ndnTXo5NC65Du2
117	117	{119}	E4YM2vTHhWEg66xpj52JErHUBU4pZ1yageL4TVDDpTTSsv8mK6YaH	5Ju45F2H1jaX5vEcdY5uTguwhscmKn6cEMA8iaQURc8kr1poCb8h
118	118	{120,4}	E4YM2vTHhWEg66xpj52JErHUBU4pZ1yageL4TVDDpTTSsv8mK6YaH	5JuLU6YxmMwGu3Ew1jVFwrksmdUKv8PPpZGUgLCdMSky2uDEGdvr
119	119	{121}	E4YM2vTHhWEg66xpj52JErHUBU4pZ1yageL4TVDDpTTSsv8mK6YaH	5JuxoJ1tkZ5mXbJ8Dce9oCTDKpKaFZ5uiaWZSKJ5ET2uJWncET49
120	120	{122,4}	E4YM2vTHhWEg66xpj52JErHUBU4pZ1yageL4TVDDpTTSsv8mK6YaH	5JtmDY69X6EChrbGQvkTXVejMjzt3JTb75XVHD6YM7yYPp7xdjSf
121	121	{123}	E4YM2vTHhWEg66xpj52JErHUBU4pZ1yageL4TVDDpTTSsv8mK6YaH	5Jv8ucEunGTuxAH4akfWiWHqUjUqtzjoArURjVa18z6ropRrthNY
122	122	{124,4}	E4YM2vTHhWEg66xpj52JErHUBU4pZ1yageL4TVDDpTTSsv8mK6YaH	5Ju21zZtK9WZUFXr8QrgS5p8zVAL6GsaThQUw8KjqwGa1KbiHikH
123	123	{125}	E4YM2vTHhWEg66xpj52JErHUBU4pZ1yageL4TVDDpTTSsv8mK6YaH	5Jtny9PrdLK6BSxaAXkfKCGpxzQYmdBjBW8AXdwdqga5bhUiNFSZ
124	124	{126,4}	E4YM2vTHhWEg66xpj52JErHUBU4pZ1yageL4TVDDpTTSsv8mK6YaH	5JtjWUdasUU1Z8Aup4UZPqFG948BXu6ShvqTYbNAb2i3wh7jXpQp
125	125	{127}	E4YM2vTHhWEg66xpj52JErHUBU4pZ1yageL4TVDDpTTSsv8mK6YaH	5JvMkiwEFvE7qMsimFkXQaDDVQN18BiXwoorcSxRjwPEpceGAnAD
126	126	{128,4}	E4YM2vTHhWEg66xpj52JErHUBU4pZ1yageL4TVDDpTTSsv8mK6YaH	5JtrVkaCzZZYscaYWEfeXCBDy8zyxrnufeGCLWenVX6FcXaHq7wZ
\.


--
-- Data for Name: zkapp_epoch_data; Type: TABLE DATA; Schema: public; Owner: postgres
--

COPY public.zkapp_epoch_data (id, epoch_ledger_id, epoch_seed, start_checkpoint, lock_checkpoint, epoch_length_id) FROM stdin;
1	1	\N	\N	\N	\N
\.


--
-- Data for Name: zkapp_epoch_ledger; Type: TABLE DATA; Schema: public; Owner: postgres
--

COPY public.zkapp_epoch_ledger (id, hash_id, total_currency_id) FROM stdin;
1	\N	\N
\.


--
-- Data for Name: zkapp_events; Type: TABLE DATA; Schema: public; Owner: postgres
--

COPY public.zkapp_events (id, element_ids) FROM stdin;
1	{}
\.


--
-- Data for Name: zkapp_fee_payer_body; Type: TABLE DATA; Schema: public; Owner: postgres
--

COPY public.zkapp_fee_payer_body (id, public_key_id, fee, valid_until, nonce) FROM stdin;
1	42	5000000000	\N	0
2	42	5000000000	\N	1
3	42	5000000000	\N	2
4	42	5000000000	\N	3
5	42	5000000000	\N	4
6	42	5000000000	\N	5
7	42	5000000000	\N	6
8	42	5000000000	\N	7
9	42	5000000000	\N	8
10	42	5000000000	\N	9
11	42	5000000000	\N	10
12	42	5000000000	\N	11
13	42	5000000000	\N	12
14	42	5000000000	\N	13
15	42	5000000000	\N	14
16	42	5000000000	\N	15
17	42	5000000000	\N	16
18	42	5000000000	\N	17
19	42	5000000000	\N	18
20	42	5000000000	\N	19
21	42	5000000000	\N	20
22	42	5000000000	\N	21
23	42	5000000000	\N	22
24	42	5000000000	\N	23
25	42	5000000000	\N	24
26	42	5000000000	\N	25
27	42	5000000000	\N	26
28	42	5000000000	\N	27
29	42	5000000000	\N	28
30	42	5000000000	\N	29
31	42	5000000000	\N	30
32	42	5000000000	\N	31
33	42	5000000000	\N	32
34	42	5000000000	\N	33
35	42	5000000000	\N	34
36	42	5000000000	\N	35
37	42	5000000000	\N	36
38	42	5000000000	\N	37
39	42	5000000000	\N	38
40	42	5000000000	\N	39
41	42	5000000000	\N	40
42	42	5000000000	\N	41
43	42	5000000000	\N	42
44	42	5000000000	\N	43
45	42	5000000000	\N	44
46	42	5000000000	\N	45
47	42	5000000000	\N	46
48	42	5000000000	\N	47
49	42	5000000000	\N	48
50	42	5000000000	\N	49
51	42	5000000000	\N	50
52	42	5000000000	\N	51
53	42	5000000000	\N	52
54	42	5000000000	\N	53
55	42	5000000000	\N	54
56	42	5000000000	\N	55
57	42	5000000000	\N	56
58	42	5000000000	\N	57
59	42	5000000000	\N	58
60	42	5000000000	\N	59
61	42	5000000000	\N	60
62	42	5000000000	\N	61
63	42	5000000000	\N	62
64	42	5000000000	\N	63
65	42	5000000000	\N	64
66	42	5000000000	\N	65
67	42	5000000000	\N	66
68	42	5000000000	\N	67
69	42	5000000000	\N	68
70	42	5000000000	\N	69
71	42	5000000000	\N	70
72	42	5000000000	\N	71
73	42	5000000000	\N	72
74	42	5000000000	\N	73
75	42	5000000000	\N	74
76	42	5000000000	\N	75
77	42	5000000000	\N	76
78	42	5000000000	\N	77
79	42	5000000000	\N	78
80	42	5000000000	\N	79
81	42	5000000000	\N	80
82	42	5000000000	\N	81
83	42	5000000000	\N	82
84	42	5000000000	\N	83
85	42	5000000000	\N	84
86	42	5000000000	\N	85
87	42	5000000000	\N	86
88	42	5000000000	\N	87
89	42	5000000000	\N	88
90	42	5000000000	\N	89
91	42	5000000000	\N	90
92	42	5000000000	\N	91
93	42	5000000000	\N	92
94	42	5000000000	\N	93
95	42	5000000000	\N	94
96	42	5000000000	\N	95
97	42	5000000000	\N	96
98	42	5000000000	\N	97
99	42	5000000000	\N	98
100	42	5000000000	\N	99
101	42	5000000000	\N	100
102	42	5000000000	\N	101
103	42	5000000000	\N	102
104	42	5000000000	\N	103
105	42	5000000000	\N	104
106	42	5000000000	\N	105
107	42	5000000000	\N	106
108	42	5000000000	\N	107
109	42	5000000000	\N	108
110	42	5000000000	\N	109
111	42	5000000000	\N	110
112	42	5000000000	\N	111
113	42	5000000000	\N	112
114	42	5000000000	\N	113
115	42	5000000000	\N	114
116	42	5000000000	\N	115
117	42	5000000000	\N	116
118	42	5000000000	\N	117
119	42	5000000000	\N	118
120	42	5000000000	\N	119
121	42	5000000000	\N	120
122	42	5000000000	\N	121
123	42	5000000000	\N	122
124	42	5000000000	\N	123
125	42	5000000000	\N	124
126	42	5000000000	\N	125
\.


--
-- Data for Name: zkapp_field; Type: TABLE DATA; Schema: public; Owner: postgres
--

COPY public.zkapp_field (id, field) FROM stdin;
1	0
2	1
3	2
4	3
5	4
6	5
7	6
8	7
9	8
10	9
11	10
12	11
13	12
14	13
15	14
16	15
17	16
18	17
19	18
20	19
21	20
22	21
23	22
24	23
25	24
26	25
27	26
28	27
29	28
30	29
31	30
32	31
33	32
34	33
35	34
36	35
37	36
38	37
39	38
40	39
41	40
42	41
43	42
44	43
45	44
46	45
47	46
48	47
49	48
50	49
51	50
52	51
53	52
54	53
55	54
56	55
57	56
58	57
59	58
60	59
61	60
62	61
\.


--
-- Data for Name: zkapp_field_array; Type: TABLE DATA; Schema: public; Owner: postgres
--

COPY public.zkapp_field_array (id, element_ids) FROM stdin;
\.


--
-- Data for Name: zkapp_global_slot_bounds; Type: TABLE DATA; Schema: public; Owner: postgres
--

COPY public.zkapp_global_slot_bounds (id, global_slot_lower_bound, global_slot_upper_bound) FROM stdin;
\.


--
-- Data for Name: zkapp_length_bounds; Type: TABLE DATA; Schema: public; Owner: postgres
--

COPY public.zkapp_length_bounds (id, length_lower_bound, length_upper_bound) FROM stdin;
\.


--
-- Data for Name: zkapp_network_precondition; Type: TABLE DATA; Schema: public; Owner: postgres
--

COPY public.zkapp_network_precondition (id, snarked_ledger_hash_id, blockchain_length_id, min_window_density_id, total_currency_id, global_slot_since_genesis, staking_epoch_data_id, next_epoch_data_id) FROM stdin;
1	\N	\N	\N	\N	\N	1	1
\.


--
-- Data for Name: zkapp_nonce_bounds; Type: TABLE DATA; Schema: public; Owner: postgres
--

COPY public.zkapp_nonce_bounds (id, nonce_lower_bound, nonce_upper_bound) FROM stdin;
1	1	1
2	2	2
3	3	3
4	4	4
5	5	5
6	6	6
7	7	7
8	8	8
9	9	9
10	10	10
11	11	11
12	12	12
13	13	13
14	14	14
15	15	15
16	16	16
17	17	17
18	18	18
19	19	19
20	20	20
21	21	21
22	22	22
23	23	23
24	24	24
25	25	25
26	26	26
27	27	27
28	28	28
29	29	29
30	30	30
31	31	31
32	32	32
33	33	33
34	34	34
35	35	35
36	36	36
37	37	37
38	38	38
39	39	39
40	40	40
41	41	41
42	42	42
43	43	43
44	44	44
45	45	45
46	46	46
47	47	47
48	48	48
49	49	49
50	50	50
51	51	51
52	52	52
53	53	53
54	54	54
55	55	55
56	56	56
57	57	57
58	58	58
59	59	59
60	60	60
61	61	61
62	62	62
63	63	63
64	64	64
\.


--
-- Data for Name: zkapp_permissions; Type: TABLE DATA; Schema: public; Owner: postgres
--

COPY public.zkapp_permissions (id, edit_state, send, receive, access, set_delegate, set_permissions, set_verification_key_auth, set_verification_key_txn_version, set_zkapp_uri, edit_action_state, set_token_symbol, increment_nonce, set_voting_for, set_timing) FROM stdin;
1	signature	signature	none	none	signature	signature	signature	3	signature	signature	signature	signature	signature	signature
\.


--
-- Data for Name: zkapp_states; Type: TABLE DATA; Schema: public; Owner: postgres
--

COPY public.zkapp_states (id, element0, element1, element2, element3, element4, element5, element6, element7, element8, element9, element10, element11, element12, element13, element14, element15, element16, element17, element18, element19, element20, element21, element22, element23, element24, element25, element26, element27, element28, element29, element30, element31) FROM stdin;
\.


--
-- Data for Name: zkapp_states_nullable; Type: TABLE DATA; Schema: public; Owner: postgres
--

COPY public.zkapp_states_nullable (id, element0, element1, element2, element3, element4, element5, element6, element7, element8, element9, element10, element11, element12, element13, element14, element15, element16, element17, element18, element19, element20, element21, element22, element23, element24, element25, element26, element27, element28, element29, element30, element31) FROM stdin;
1	\N	\N	\N	\N	\N	\N	\N	\N	\N	\N	\N	\N	\N	\N	\N	\N	\N	\N	\N	\N	\N	\N	\N	\N	\N	\N	\N	\N	\N	\N	\N	\N
2	1	\N	\N	\N	\N	\N	\N	\N	\N	\N	\N	\N	\N	\N	\N	\N	\N	\N	\N	\N	\N	\N	\N	\N	\N	\N	\N	\N	\N	\N	\N	\N
3	2	\N	\N	\N	\N	\N	\N	\N	\N	\N	\N	\N	\N	\N	\N	\N	\N	\N	\N	\N	\N	\N	\N	\N	\N	\N	\N	\N	\N	\N	\N	\N
4	3	\N	\N	\N	\N	\N	\N	\N	\N	\N	\N	\N	\N	\N	\N	\N	\N	\N	\N	\N	\N	\N	\N	\N	\N	\N	\N	\N	\N	\N	\N	\N
5	4	\N	\N	\N	\N	\N	\N	\N	\N	\N	\N	\N	\N	\N	\N	\N	\N	\N	\N	\N	\N	\N	\N	\N	\N	\N	\N	\N	\N	\N	\N	\N
6	5	\N	\N	\N	\N	\N	\N	\N	\N	\N	\N	\N	\N	\N	\N	\N	\N	\N	\N	\N	\N	\N	\N	\N	\N	\N	\N	\N	\N	\N	\N	\N
7	6	\N	\N	\N	\N	\N	\N	\N	\N	\N	\N	\N	\N	\N	\N	\N	\N	\N	\N	\N	\N	\N	\N	\N	\N	\N	\N	\N	\N	\N	\N	\N
8	7	\N	\N	\N	\N	\N	\N	\N	\N	\N	\N	\N	\N	\N	\N	\N	\N	\N	\N	\N	\N	\N	\N	\N	\N	\N	\N	\N	\N	\N	\N	\N
9	8	\N	\N	\N	\N	\N	\N	\N	\N	\N	\N	\N	\N	\N	\N	\N	\N	\N	\N	\N	\N	\N	\N	\N	\N	\N	\N	\N	\N	\N	\N	\N
10	9	\N	\N	\N	\N	\N	\N	\N	\N	\N	\N	\N	\N	\N	\N	\N	\N	\N	\N	\N	\N	\N	\N	\N	\N	\N	\N	\N	\N	\N	\N	\N
11	10	\N	\N	\N	\N	\N	\N	\N	\N	\N	\N	\N	\N	\N	\N	\N	\N	\N	\N	\N	\N	\N	\N	\N	\N	\N	\N	\N	\N	\N	\N	\N
12	11	\N	\N	\N	\N	\N	\N	\N	\N	\N	\N	\N	\N	\N	\N	\N	\N	\N	\N	\N	\N	\N	\N	\N	\N	\N	\N	\N	\N	\N	\N	\N
13	12	\N	\N	\N	\N	\N	\N	\N	\N	\N	\N	\N	\N	\N	\N	\N	\N	\N	\N	\N	\N	\N	\N	\N	\N	\N	\N	\N	\N	\N	\N	\N
14	13	\N	\N	\N	\N	\N	\N	\N	\N	\N	\N	\N	\N	\N	\N	\N	\N	\N	\N	\N	\N	\N	\N	\N	\N	\N	\N	\N	\N	\N	\N	\N
15	14	\N	\N	\N	\N	\N	\N	\N	\N	\N	\N	\N	\N	\N	\N	\N	\N	\N	\N	\N	\N	\N	\N	\N	\N	\N	\N	\N	\N	\N	\N	\N
16	15	\N	\N	\N	\N	\N	\N	\N	\N	\N	\N	\N	\N	\N	\N	\N	\N	\N	\N	\N	\N	\N	\N	\N	\N	\N	\N	\N	\N	\N	\N	\N
17	16	\N	\N	\N	\N	\N	\N	\N	\N	\N	\N	\N	\N	\N	\N	\N	\N	\N	\N	\N	\N	\N	\N	\N	\N	\N	\N	\N	\N	\N	\N	\N
18	17	\N	\N	\N	\N	\N	\N	\N	\N	\N	\N	\N	\N	\N	\N	\N	\N	\N	\N	\N	\N	\N	\N	\N	\N	\N	\N	\N	\N	\N	\N	\N
19	18	\N	\N	\N	\N	\N	\N	\N	\N	\N	\N	\N	\N	\N	\N	\N	\N	\N	\N	\N	\N	\N	\N	\N	\N	\N	\N	\N	\N	\N	\N	\N
20	19	\N	\N	\N	\N	\N	\N	\N	\N	\N	\N	\N	\N	\N	\N	\N	\N	\N	\N	\N	\N	\N	\N	\N	\N	\N	\N	\N	\N	\N	\N	\N
21	20	\N	\N	\N	\N	\N	\N	\N	\N	\N	\N	\N	\N	\N	\N	\N	\N	\N	\N	\N	\N	\N	\N	\N	\N	\N	\N	\N	\N	\N	\N	\N
22	21	\N	\N	\N	\N	\N	\N	\N	\N	\N	\N	\N	\N	\N	\N	\N	\N	\N	\N	\N	\N	\N	\N	\N	\N	\N	\N	\N	\N	\N	\N	\N
23	22	\N	\N	\N	\N	\N	\N	\N	\N	\N	\N	\N	\N	\N	\N	\N	\N	\N	\N	\N	\N	\N	\N	\N	\N	\N	\N	\N	\N	\N	\N	\N
24	23	\N	\N	\N	\N	\N	\N	\N	\N	\N	\N	\N	\N	\N	\N	\N	\N	\N	\N	\N	\N	\N	\N	\N	\N	\N	\N	\N	\N	\N	\N	\N
25	24	\N	\N	\N	\N	\N	\N	\N	\N	\N	\N	\N	\N	\N	\N	\N	\N	\N	\N	\N	\N	\N	\N	\N	\N	\N	\N	\N	\N	\N	\N	\N
26	25	\N	\N	\N	\N	\N	\N	\N	\N	\N	\N	\N	\N	\N	\N	\N	\N	\N	\N	\N	\N	\N	\N	\N	\N	\N	\N	\N	\N	\N	\N	\N
27	26	\N	\N	\N	\N	\N	\N	\N	\N	\N	\N	\N	\N	\N	\N	\N	\N	\N	\N	\N	\N	\N	\N	\N	\N	\N	\N	\N	\N	\N	\N	\N
28	27	\N	\N	\N	\N	\N	\N	\N	\N	\N	\N	\N	\N	\N	\N	\N	\N	\N	\N	\N	\N	\N	\N	\N	\N	\N	\N	\N	\N	\N	\N	\N
29	28	\N	\N	\N	\N	\N	\N	\N	\N	\N	\N	\N	\N	\N	\N	\N	\N	\N	\N	\N	\N	\N	\N	\N	\N	\N	\N	\N	\N	\N	\N	\N
30	29	\N	\N	\N	\N	\N	\N	\N	\N	\N	\N	\N	\N	\N	\N	\N	\N	\N	\N	\N	\N	\N	\N	\N	\N	\N	\N	\N	\N	\N	\N	\N
31	30	\N	\N	\N	\N	\N	\N	\N	\N	\N	\N	\N	\N	\N	\N	\N	\N	\N	\N	\N	\N	\N	\N	\N	\N	\N	\N	\N	\N	\N	\N	\N
32	31	\N	\N	\N	\N	\N	\N	\N	\N	\N	\N	\N	\N	\N	\N	\N	\N	\N	\N	\N	\N	\N	\N	\N	\N	\N	\N	\N	\N	\N	\N	\N
33	32	\N	\N	\N	\N	\N	\N	\N	\N	\N	\N	\N	\N	\N	\N	\N	\N	\N	\N	\N	\N	\N	\N	\N	\N	\N	\N	\N	\N	\N	\N	\N
34	33	\N	\N	\N	\N	\N	\N	\N	\N	\N	\N	\N	\N	\N	\N	\N	\N	\N	\N	\N	\N	\N	\N	\N	\N	\N	\N	\N	\N	\N	\N	\N
35	34	\N	\N	\N	\N	\N	\N	\N	\N	\N	\N	\N	\N	\N	\N	\N	\N	\N	\N	\N	\N	\N	\N	\N	\N	\N	\N	\N	\N	\N	\N	\N
36	35	\N	\N	\N	\N	\N	\N	\N	\N	\N	\N	\N	\N	\N	\N	\N	\N	\N	\N	\N	\N	\N	\N	\N	\N	\N	\N	\N	\N	\N	\N	\N
37	36	\N	\N	\N	\N	\N	\N	\N	\N	\N	\N	\N	\N	\N	\N	\N	\N	\N	\N	\N	\N	\N	\N	\N	\N	\N	\N	\N	\N	\N	\N	\N
38	37	\N	\N	\N	\N	\N	\N	\N	\N	\N	\N	\N	\N	\N	\N	\N	\N	\N	\N	\N	\N	\N	\N	\N	\N	\N	\N	\N	\N	\N	\N	\N
39	38	\N	\N	\N	\N	\N	\N	\N	\N	\N	\N	\N	\N	\N	\N	\N	\N	\N	\N	\N	\N	\N	\N	\N	\N	\N	\N	\N	\N	\N	\N	\N
40	39	\N	\N	\N	\N	\N	\N	\N	\N	\N	\N	\N	\N	\N	\N	\N	\N	\N	\N	\N	\N	\N	\N	\N	\N	\N	\N	\N	\N	\N	\N	\N
41	40	\N	\N	\N	\N	\N	\N	\N	\N	\N	\N	\N	\N	\N	\N	\N	\N	\N	\N	\N	\N	\N	\N	\N	\N	\N	\N	\N	\N	\N	\N	\N
42	41	\N	\N	\N	\N	\N	\N	\N	\N	\N	\N	\N	\N	\N	\N	\N	\N	\N	\N	\N	\N	\N	\N	\N	\N	\N	\N	\N	\N	\N	\N	\N
43	42	\N	\N	\N	\N	\N	\N	\N	\N	\N	\N	\N	\N	\N	\N	\N	\N	\N	\N	\N	\N	\N	\N	\N	\N	\N	\N	\N	\N	\N	\N	\N
44	43	\N	\N	\N	\N	\N	\N	\N	\N	\N	\N	\N	\N	\N	\N	\N	\N	\N	\N	\N	\N	\N	\N	\N	\N	\N	\N	\N	\N	\N	\N	\N
45	44	\N	\N	\N	\N	\N	\N	\N	\N	\N	\N	\N	\N	\N	\N	\N	\N	\N	\N	\N	\N	\N	\N	\N	\N	\N	\N	\N	\N	\N	\N	\N
46	45	\N	\N	\N	\N	\N	\N	\N	\N	\N	\N	\N	\N	\N	\N	\N	\N	\N	\N	\N	\N	\N	\N	\N	\N	\N	\N	\N	\N	\N	\N	\N
47	46	\N	\N	\N	\N	\N	\N	\N	\N	\N	\N	\N	\N	\N	\N	\N	\N	\N	\N	\N	\N	\N	\N	\N	\N	\N	\N	\N	\N	\N	\N	\N
48	47	\N	\N	\N	\N	\N	\N	\N	\N	\N	\N	\N	\N	\N	\N	\N	\N	\N	\N	\N	\N	\N	\N	\N	\N	\N	\N	\N	\N	\N	\N	\N
49	48	\N	\N	\N	\N	\N	\N	\N	\N	\N	\N	\N	\N	\N	\N	\N	\N	\N	\N	\N	\N	\N	\N	\N	\N	\N	\N	\N	\N	\N	\N	\N
50	49	\N	\N	\N	\N	\N	\N	\N	\N	\N	\N	\N	\N	\N	\N	\N	\N	\N	\N	\N	\N	\N	\N	\N	\N	\N	\N	\N	\N	\N	\N	\N
51	50	\N	\N	\N	\N	\N	\N	\N	\N	\N	\N	\N	\N	\N	\N	\N	\N	\N	\N	\N	\N	\N	\N	\N	\N	\N	\N	\N	\N	\N	\N	\N
52	51	\N	\N	\N	\N	\N	\N	\N	\N	\N	\N	\N	\N	\N	\N	\N	\N	\N	\N	\N	\N	\N	\N	\N	\N	\N	\N	\N	\N	\N	\N	\N
53	52	\N	\N	\N	\N	\N	\N	\N	\N	\N	\N	\N	\N	\N	\N	\N	\N	\N	\N	\N	\N	\N	\N	\N	\N	\N	\N	\N	\N	\N	\N	\N
54	53	\N	\N	\N	\N	\N	\N	\N	\N	\N	\N	\N	\N	\N	\N	\N	\N	\N	\N	\N	\N	\N	\N	\N	\N	\N	\N	\N	\N	\N	\N	\N
55	54	\N	\N	\N	\N	\N	\N	\N	\N	\N	\N	\N	\N	\N	\N	\N	\N	\N	\N	\N	\N	\N	\N	\N	\N	\N	\N	\N	\N	\N	\N	\N
56	55	\N	\N	\N	\N	\N	\N	\N	\N	\N	\N	\N	\N	\N	\N	\N	\N	\N	\N	\N	\N	\N	\N	\N	\N	\N	\N	\N	\N	\N	\N	\N
57	56	\N	\N	\N	\N	\N	\N	\N	\N	\N	\N	\N	\N	\N	\N	\N	\N	\N	\N	\N	\N	\N	\N	\N	\N	\N	\N	\N	\N	\N	\N	\N
58	57	\N	\N	\N	\N	\N	\N	\N	\N	\N	\N	\N	\N	\N	\N	\N	\N	\N	\N	\N	\N	\N	\N	\N	\N	\N	\N	\N	\N	\N	\N	\N
59	58	\N	\N	\N	\N	\N	\N	\N	\N	\N	\N	\N	\N	\N	\N	\N	\N	\N	\N	\N	\N	\N	\N	\N	\N	\N	\N	\N	\N	\N	\N	\N
60	59	\N	\N	\N	\N	\N	\N	\N	\N	\N	\N	\N	\N	\N	\N	\N	\N	\N	\N	\N	\N	\N	\N	\N	\N	\N	\N	\N	\N	\N	\N	\N
61	60	\N	\N	\N	\N	\N	\N	\N	\N	\N	\N	\N	\N	\N	\N	\N	\N	\N	\N	\N	\N	\N	\N	\N	\N	\N	\N	\N	\N	\N	\N	\N
62	61	\N	\N	\N	\N	\N	\N	\N	\N	\N	\N	\N	\N	\N	\N	\N	\N	\N	\N	\N	\N	\N	\N	\N	\N	\N	\N	\N	\N	\N	\N	\N
63	62	\N	\N	\N	\N	\N	\N	\N	\N	\N	\N	\N	\N	\N	\N	\N	\N	\N	\N	\N	\N	\N	\N	\N	\N	\N	\N	\N	\N	\N	\N	\N
\.


--
-- Data for Name: zkapp_timing_info; Type: TABLE DATA; Schema: public; Owner: postgres
--

COPY public.zkapp_timing_info (id, initial_minimum_balance, cliff_time, cliff_amount, vesting_period, vesting_increment) FROM stdin;
\.


--
-- Data for Name: zkapp_token_id_bounds; Type: TABLE DATA; Schema: public; Owner: postgres
--

COPY public.zkapp_token_id_bounds (id, token_id_lower_bound, token_id_upper_bound) FROM stdin;
\.


--
-- Data for Name: zkapp_updates; Type: TABLE DATA; Schema: public; Owner: postgres
--

COPY public.zkapp_updates (id, app_state_id, delegate_id, verification_key_id, permissions_id, zkapp_uri_id, token_symbol_id, timing_id, voting_for_id) FROM stdin;
1	1	\N	\N	\N	\N	\N	\N	\N
2	1	\N	1	1	\N	\N	\N	\N
3	2	\N	\N	\N	\N	\N	\N	\N
4	3	\N	\N	\N	\N	\N	\N	\N
5	4	\N	\N	\N	\N	\N	\N	\N
6	5	\N	\N	\N	\N	\N	\N	\N
7	6	\N	\N	\N	\N	\N	\N	\N
8	7	\N	\N	\N	\N	\N	\N	\N
9	8	\N	\N	\N	\N	\N	\N	\N
10	9	\N	\N	\N	\N	\N	\N	\N
11	10	\N	\N	\N	\N	\N	\N	\N
12	11	\N	\N	\N	\N	\N	\N	\N
13	12	\N	\N	\N	\N	\N	\N	\N
14	13	\N	\N	\N	\N	\N	\N	\N
15	14	\N	\N	\N	\N	\N	\N	\N
16	15	\N	\N	\N	\N	\N	\N	\N
17	16	\N	\N	\N	\N	\N	\N	\N
18	17	\N	\N	\N	\N	\N	\N	\N
19	18	\N	\N	\N	\N	\N	\N	\N
20	19	\N	\N	\N	\N	\N	\N	\N
21	20	\N	\N	\N	\N	\N	\N	\N
22	21	\N	\N	\N	\N	\N	\N	\N
23	22	\N	\N	\N	\N	\N	\N	\N
24	23	\N	\N	\N	\N	\N	\N	\N
25	24	\N	\N	\N	\N	\N	\N	\N
26	25	\N	\N	\N	\N	\N	\N	\N
27	26	\N	\N	\N	\N	\N	\N	\N
28	27	\N	\N	\N	\N	\N	\N	\N
29	28	\N	\N	\N	\N	\N	\N	\N
30	29	\N	\N	\N	\N	\N	\N	\N
31	30	\N	\N	\N	\N	\N	\N	\N
32	31	\N	\N	\N	\N	\N	\N	\N
33	32	\N	\N	\N	\N	\N	\N	\N
34	33	\N	\N	\N	\N	\N	\N	\N
35	34	\N	\N	\N	\N	\N	\N	\N
36	35	\N	\N	\N	\N	\N	\N	\N
37	36	\N	\N	\N	\N	\N	\N	\N
38	37	\N	\N	\N	\N	\N	\N	\N
39	38	\N	\N	\N	\N	\N	\N	\N
40	39	\N	\N	\N	\N	\N	\N	\N
41	40	\N	\N	\N	\N	\N	\N	\N
42	41	\N	\N	\N	\N	\N	\N	\N
43	42	\N	\N	\N	\N	\N	\N	\N
44	43	\N	\N	\N	\N	\N	\N	\N
45	44	\N	\N	\N	\N	\N	\N	\N
46	45	\N	\N	\N	\N	\N	\N	\N
47	46	\N	\N	\N	\N	\N	\N	\N
48	47	\N	\N	\N	\N	\N	\N	\N
49	48	\N	\N	\N	\N	\N	\N	\N
50	49	\N	\N	\N	\N	\N	\N	\N
51	50	\N	\N	\N	\N	\N	\N	\N
52	51	\N	\N	\N	\N	\N	\N	\N
53	52	\N	\N	\N	\N	\N	\N	\N
54	53	\N	\N	\N	\N	\N	\N	\N
55	54	\N	\N	\N	\N	\N	\N	\N
56	55	\N	\N	\N	\N	\N	\N	\N
57	56	\N	\N	\N	\N	\N	\N	\N
58	57	\N	\N	\N	\N	\N	\N	\N
59	58	\N	\N	\N	\N	\N	\N	\N
60	59	\N	\N	\N	\N	\N	\N	\N
61	60	\N	\N	\N	\N	\N	\N	\N
62	61	\N	\N	\N	\N	\N	\N	\N
63	62	\N	\N	\N	\N	\N	\N	\N
64	63	\N	\N	\N	\N	\N	\N	\N
\.


--
-- Data for Name: zkapp_uris; Type: TABLE DATA; Schema: public; Owner: postgres
--

COPY public.zkapp_uris (id, value) FROM stdin;
\.


--
-- Data for Name: zkapp_verification_key_hashes; Type: TABLE DATA; Schema: public; Owner: postgres
--

COPY public.zkapp_verification_key_hashes (id, value) FROM stdin;
1	330109536550383627416201330124291596191867681867265169258470531313815097966
\.


--
-- Data for Name: zkapp_verification_keys; Type: TABLE DATA; Schema: public; Owner: postgres
--

COPY public.zkapp_verification_keys (id, verification_key, hash_id) FROM stdin;
1	AACcenc1yLdGBm4xtUN1dpModROI0zovuy5rz2a94vfdBgG1C75BqviU4vw6JUYqODF8n9ivtfeU5s9PcpEGIP0htil2mfx8v2DB5RuNQ7VxJWkha0TSnJJsOl0FxhjldBbOY3tUZzZxHpPhHOKHz/ZAXRYFIsf2x+7boXC0iPurEX9VcnaJIq+YxxmnSfeYYxHkjxO9lrDBqjXzd5AHMnYyjTPC69B+5In7AOGS6R+A/g3/aR/MKDa4eDVrnsF9Oy/Ay8ahic2sSAZvtn08MdRyk/jm2cLlJbeAAad6Xyz/H9l7JrkbVwDMMPxvHVHs27tNoJCzIlrRzB7pg3ju9aQOu4h3thDr+WSgFQWKvcRPeL7f3TFjIr8WZ2457RgMcTwXwORKbqJCcyKVNOE+FlNwVkOKER+WIpC0OlgGuayPFwQQkbb91jaRlJvahfwkbF2+AJmDnavmNpop9T+/Xak1adXIrsRPeOjC+qIKxIbGimoMOoYzYlevKA80LnJ7HC0IxR+yNLvoSYxDDPNRD+OCCxk5lM2h8IDUiCNWH4FZNJ+doiigKjyZlu/xZ7jHcX7qibu/32KFTX85DPSkQM8dABl309Ne9XzDAjA7rvef7vicw7KNgt56kWcEUki0o3M1yfbB8UxOSuOP07pw5+vrNHINMmJAuEKtNPwa5HvXBA4KR89XcqLS/NP7lwCEej/L8q8R7sKGMCXmgFYluWH4JBSPDgvMxScfjFS33oBNb7po8cLnAORzohXoYTSgztklD0mKn6EegLbkLtwwr9ObsLz3m7fp/3wkNWFRkY5xzSZN1VybbQbmpyQNCpxd/kdDsvlszqlowkyC8HnKbhnvE0Mrz3ZIk4vSs/UGBSXAoESFCFCPcTq11TCOhE5rumMJErv5LusDHJgrBtQUMibLU9A1YbF7SPDAR2QZd0yx3wZoHstfG3lbbtZcnaUabgu8tRdZiwRfX+rV+EBDCClOIpZn5V2SIpPpehhCpEBgDKUT0y2dgMO53Wc7OBDUFfkNX+JGhhD4fuA7IGFdIdthrwcbckBm0CBsRcVLlp+qlQ7a7ryGkxT8Bm3kEjVuRCYk6CbAfdT5lbKbQ7xYK4E2PfzQ2lMDwwuxRP+K2iQgP8UoGIBiUYI0lRvphhDkbCweEg0Owjz1pTUF/uiiMyVPsAyeoyh5fvmUgaNBkf5Hjh0xOGUbSHzawovjubcH7qWjIZoghZJ16QB1c0ryiAfHB48OHhs2p/JZWz8Dp7kfcPkeg2Of2NbupJlNVMLIH4IGWaPAscBRkZ+F4oLqOhJ5as7fAzzU8PQdeZi0YgssGDJVmNEHP61I16KZNcxQqR0EUVwhyMmYmpVjvtfhHi/6IxY/aPPEtcmsYEuy/JUaIuM0ZvnPNyB2E2Ckec+wJmooYjWXxYrXimjXWgv3IUGOiLDuQ0uGmrG5Bk+gyhZ5bhlVmlVsP8zA+xuHylyiww/Lercce7cq0YA5PtYS3ge9IDYwXckBUXb5ikD3alrrv5mvMu6itB7ix2f8lbiF9Fkmc4Bk2ycIWXJDCuBN+2sTFqzUeoT6xY8XWaOcnDvqOgSm/CCSv38umiOE2jEpsKYxhRc6W70UJkrzd3hr2DiSF1I2B+krpUVK1GeOdCLC5sl7YPzk+pF8183uI9wse6UTlqIiroKqsggzLBy/IjAfxS0BxFy5zywXqp+NogFkoTEJmR5MaqOkPfap+OsD1lGScY6+X4WW/HqCWrmA3ZTqDGngQMTGXLCtl6IS/cQpihS1NRbNqOtKTaCB9COQu0oz6RivBlywuaj3MKUdmbQ2gVDj+SGQItCNaXawyPSBjB9VT+68SoJVySQsYPCuEZCb0V/40n/a7RAbyrnNjP+2HwD7p27Pl1RSzqq35xiPdnycD1UeEPLpx/ON65mYCkn+KLQZmkqPio+vA2KmJngWTx+ol4rVFimGm76VT0xCFDsu2K0YX0yoLNH4u2XfmT9NR8gGfkVRCnnNjlbgHQmEwC75+GmEJ5DjD3d+s6IXTQ60MHvxbTHHlnfmPbgKn2SAI0uVoewKC9GyK6dSaboLw3C48jl0E2kyc+7umhCk3kEeWmt//GSjRNhoq+B+mynXiOtgFs/Am2v1TBjSb+6tcijsf5tFJmeGxlCjJnTdNWBkSHpMoo6OFkkpA6/FBAUHLSM7Yv8oYyd0GtwF5cCwQ6aRTbl9oG/mUn5Q92OnDMQcUjpgEho0Dcp2OqZyyxqQSPrbIIZZQrS2HkxBgjcfcSTuSHo7ONqlRjLUpO5yS95VLGXBLLHuCiIMGT+DW6DoJRtRIS+JieVWBoX0YsWgYInXrVlWUv6gDng5AyVFkUIFwZk7/3mVAgvXO83ArVKA4S747jT60w5bgV4Jy55slDM=	1
\.


--
-- Name: account_identifiers_id_seq; Type: SEQUENCE SET; Schema: public; Owner: postgres
--

SELECT pg_catalog.setval('public.account_identifiers_id_seq', 243, true);


--
-- Name: blocks_id_seq; Type: SEQUENCE SET; Schema: public; Owner: postgres
--

SELECT pg_catalog.setval('public.blocks_id_seq', 24, true);


--
-- Name: epoch_data_id_seq; Type: SEQUENCE SET; Schema: public; Owner: postgres
--

SELECT pg_catalog.setval('public.epoch_data_id_seq', 25, true);


--
-- Name: internal_commands_id_seq; Type: SEQUENCE SET; Schema: public; Owner: postgres
--

SELECT pg_catalog.setval('public.internal_commands_id_seq', 19, true);


--
-- Name: protocol_versions_id_seq; Type: SEQUENCE SET; Schema: public; Owner: postgres
--

SELECT pg_catalog.setval('public.protocol_versions_id_seq', 1, true);


--
-- Name: public_keys_id_seq; Type: SEQUENCE SET; Schema: public; Owner: postgres
--

SELECT pg_catalog.setval('public.public_keys_id_seq', 243, true);


--
-- Name: snarked_ledger_hashes_id_seq; Type: SEQUENCE SET; Schema: public; Owner: postgres
--

SELECT pg_catalog.setval('public.snarked_ledger_hashes_id_seq', 1, true);


--
-- Name: timing_info_id_seq; Type: SEQUENCE SET; Schema: public; Owner: postgres
--

SELECT pg_catalog.setval('public.timing_info_id_seq', 242, true);


--
-- Name: token_symbols_id_seq; Type: SEQUENCE SET; Schema: public; Owner: postgres
--

SELECT pg_catalog.setval('public.token_symbols_id_seq', 1, true);


--
-- Name: tokens_id_seq; Type: SEQUENCE SET; Schema: public; Owner: postgres
--

SELECT pg_catalog.setval('public.tokens_id_seq', 1, true);


--
-- Name: user_commands_id_seq; Type: SEQUENCE SET; Schema: public; Owner: postgres
--

SELECT pg_catalog.setval('public.user_commands_id_seq', 64, true);


--
-- Name: voting_for_id_seq; Type: SEQUENCE SET; Schema: public; Owner: postgres
--

SELECT pg_catalog.setval('public.voting_for_id_seq', 1, true);


--
-- Name: zkapp_account_precondition_id_seq; Type: SEQUENCE SET; Schema: public; Owner: postgres
--

SELECT pg_catalog.setval('public.zkapp_account_precondition_id_seq', 65, true);


--
-- Name: zkapp_account_update_body_id_seq; Type: SEQUENCE SET; Schema: public; Owner: postgres
--

SELECT pg_catalog.setval('public.zkapp_account_update_body_id_seq', 128, true);


--
-- Name: zkapp_account_update_failures_id_seq; Type: SEQUENCE SET; Schema: public; Owner: postgres
--

SELECT pg_catalog.setval('public.zkapp_account_update_failures_id_seq', 4, true);


--
-- Name: zkapp_account_update_id_seq; Type: SEQUENCE SET; Schema: public; Owner: postgres
--

SELECT pg_catalog.setval('public.zkapp_account_update_id_seq', 128, true);


--
-- Name: zkapp_accounts_id_seq; Type: SEQUENCE SET; Schema: public; Owner: postgres
--

SELECT pg_catalog.setval('public.zkapp_accounts_id_seq', 1, false);


--
-- Name: zkapp_action_states_id_seq; Type: SEQUENCE SET; Schema: public; Owner: postgres
--

SELECT pg_catalog.setval('public.zkapp_action_states_id_seq', 1, false);


--
-- Name: zkapp_amount_bounds_id_seq; Type: SEQUENCE SET; Schema: public; Owner: postgres
--

SELECT pg_catalog.setval('public.zkapp_amount_bounds_id_seq', 1, false);


--
-- Name: zkapp_balance_bounds_id_seq; Type: SEQUENCE SET; Schema: public; Owner: postgres
--

SELECT pg_catalog.setval('public.zkapp_balance_bounds_id_seq', 1, false);


--
-- Name: zkapp_commands_id_seq; Type: SEQUENCE SET; Schema: public; Owner: postgres
--

SELECT pg_catalog.setval('public.zkapp_commands_id_seq', 126, true);


--
-- Name: zkapp_epoch_data_id_seq; Type: SEQUENCE SET; Schema: public; Owner: postgres
--

SELECT pg_catalog.setval('public.zkapp_epoch_data_id_seq', 1, true);


--
-- Name: zkapp_epoch_ledger_id_seq; Type: SEQUENCE SET; Schema: public; Owner: postgres
--

SELECT pg_catalog.setval('public.zkapp_epoch_ledger_id_seq', 1, true);


--
-- Name: zkapp_events_id_seq; Type: SEQUENCE SET; Schema: public; Owner: postgres
--

SELECT pg_catalog.setval('public.zkapp_events_id_seq', 1, true);


--
-- Name: zkapp_fee_payer_body_id_seq; Type: SEQUENCE SET; Schema: public; Owner: postgres
--

SELECT pg_catalog.setval('public.zkapp_fee_payer_body_id_seq', 126, true);


--
-- Name: zkapp_field_array_id_seq; Type: SEQUENCE SET; Schema: public; Owner: postgres
--

SELECT pg_catalog.setval('public.zkapp_field_array_id_seq', 1, false);


--
-- Name: zkapp_field_id_seq; Type: SEQUENCE SET; Schema: public; Owner: postgres
--

SELECT pg_catalog.setval('public.zkapp_field_id_seq', 62, true);


--
-- Name: zkapp_global_slot_bounds_id_seq; Type: SEQUENCE SET; Schema: public; Owner: postgres
--

SELECT pg_catalog.setval('public.zkapp_global_slot_bounds_id_seq', 1, false);


--
-- Name: zkapp_length_bounds_id_seq; Type: SEQUENCE SET; Schema: public; Owner: postgres
--

SELECT pg_catalog.setval('public.zkapp_length_bounds_id_seq', 1, false);


--
-- Name: zkapp_network_precondition_id_seq; Type: SEQUENCE SET; Schema: public; Owner: postgres
--

SELECT pg_catalog.setval('public.zkapp_network_precondition_id_seq', 1, true);


--
-- Name: zkapp_nonce_bounds_id_seq; Type: SEQUENCE SET; Schema: public; Owner: postgres
--

SELECT pg_catalog.setval('public.zkapp_nonce_bounds_id_seq', 64, true);


--
-- Name: zkapp_permissions_id_seq; Type: SEQUENCE SET; Schema: public; Owner: postgres
--

SELECT pg_catalog.setval('public.zkapp_permissions_id_seq', 1, true);


--
-- Name: zkapp_states_id_seq; Type: SEQUENCE SET; Schema: public; Owner: postgres
--

SELECT pg_catalog.setval('public.zkapp_states_id_seq', 1, false);


--
-- Name: zkapp_states_nullable_id_seq; Type: SEQUENCE SET; Schema: public; Owner: postgres
--

SELECT pg_catalog.setval('public.zkapp_states_nullable_id_seq', 63, true);


--
-- Name: zkapp_timing_info_id_seq; Type: SEQUENCE SET; Schema: public; Owner: postgres
--

SELECT pg_catalog.setval('public.zkapp_timing_info_id_seq', 1, false);


--
-- Name: zkapp_token_id_bounds_id_seq; Type: SEQUENCE SET; Schema: public; Owner: postgres
--

SELECT pg_catalog.setval('public.zkapp_token_id_bounds_id_seq', 1, false);


--
-- Name: zkapp_updates_id_seq; Type: SEQUENCE SET; Schema: public; Owner: postgres
--

SELECT pg_catalog.setval('public.zkapp_updates_id_seq', 64, true);


--
-- Name: zkapp_uris_id_seq; Type: SEQUENCE SET; Schema: public; Owner: postgres
--

SELECT pg_catalog.setval('public.zkapp_uris_id_seq', 1, false);


--
-- Name: zkapp_verification_key_hashes_id_seq; Type: SEQUENCE SET; Schema: public; Owner: postgres
--

SELECT pg_catalog.setval('public.zkapp_verification_key_hashes_id_seq', 1, true);


--
-- Name: zkapp_verification_keys_id_seq; Type: SEQUENCE SET; Schema: public; Owner: postgres
--

SELECT pg_catalog.setval('public.zkapp_verification_keys_id_seq', 1, true);


--
-- Name: account_identifiers account_identifiers_pkey; Type: CONSTRAINT; Schema: public; Owner: postgres
--

ALTER TABLE ONLY public.account_identifiers
    ADD CONSTRAINT account_identifiers_pkey PRIMARY KEY (id);


--
-- Name: account_identifiers account_identifiers_public_key_id_token_id_key; Type: CONSTRAINT; Schema: public; Owner: postgres
--

ALTER TABLE ONLY public.account_identifiers
    ADD CONSTRAINT account_identifiers_public_key_id_token_id_key UNIQUE (public_key_id, token_id);


--
-- Name: accounts_accessed accounts_accessed_pkey; Type: CONSTRAINT; Schema: public; Owner: postgres
--

ALTER TABLE ONLY public.accounts_accessed
    ADD CONSTRAINT accounts_accessed_pkey PRIMARY KEY (block_id, account_identifier_id);


--
-- Name: accounts_created accounts_created_pkey; Type: CONSTRAINT; Schema: public; Owner: postgres
--

ALTER TABLE ONLY public.accounts_created
    ADD CONSTRAINT accounts_created_pkey PRIMARY KEY (block_id, account_identifier_id);


--
-- Name: blocks_internal_commands blocks_internal_commands_pkey; Type: CONSTRAINT; Schema: public; Owner: postgres
--

ALTER TABLE ONLY public.blocks_internal_commands
    ADD CONSTRAINT blocks_internal_commands_pkey PRIMARY KEY (block_id, internal_command_id, sequence_no, secondary_sequence_no);


--
-- Name: blocks blocks_pkey; Type: CONSTRAINT; Schema: public; Owner: postgres
--

ALTER TABLE ONLY public.blocks
    ADD CONSTRAINT blocks_pkey PRIMARY KEY (id);


--
-- Name: blocks blocks_state_hash_key; Type: CONSTRAINT; Schema: public; Owner: postgres
--

ALTER TABLE ONLY public.blocks
    ADD CONSTRAINT blocks_state_hash_key UNIQUE (state_hash);


--
-- Name: blocks_user_commands blocks_user_commands_pkey; Type: CONSTRAINT; Schema: public; Owner: postgres
--

ALTER TABLE ONLY public.blocks_user_commands
    ADD CONSTRAINT blocks_user_commands_pkey PRIMARY KEY (block_id, user_command_id, sequence_no);


--
-- Name: blocks_zkapp_commands blocks_zkapp_commands_pkey; Type: CONSTRAINT; Schema: public; Owner: postgres
--

ALTER TABLE ONLY public.blocks_zkapp_commands
    ADD CONSTRAINT blocks_zkapp_commands_pkey PRIMARY KEY (block_id, zkapp_command_id, sequence_no);


--
-- Name: epoch_data epoch_data_pkey; Type: CONSTRAINT; Schema: public; Owner: postgres
--

ALTER TABLE ONLY public.epoch_data
    ADD CONSTRAINT epoch_data_pkey PRIMARY KEY (id);


--
-- Name: epoch_data epoch_data_seed_ledger_hash_id_total_currency_start_checkpo_key; Type: CONSTRAINT; Schema: public; Owner: postgres
--

ALTER TABLE ONLY public.epoch_data
    ADD CONSTRAINT epoch_data_seed_ledger_hash_id_total_currency_start_checkpo_key UNIQUE (seed, ledger_hash_id, total_currency, start_checkpoint, lock_checkpoint, epoch_length);


--
-- Name: internal_commands internal_commands_hash_command_type_key; Type: CONSTRAINT; Schema: public; Owner: postgres
--

ALTER TABLE ONLY public.internal_commands
    ADD CONSTRAINT internal_commands_hash_command_type_key UNIQUE (hash, command_type);


--
-- Name: internal_commands internal_commands_pkey; Type: CONSTRAINT; Schema: public; Owner: postgres
--

ALTER TABLE ONLY public.internal_commands
    ADD CONSTRAINT internal_commands_pkey PRIMARY KEY (id);


--
-- Name: protocol_versions protocol_versions_pkey; Type: CONSTRAINT; Schema: public; Owner: postgres
--

ALTER TABLE ONLY public.protocol_versions
    ADD CONSTRAINT protocol_versions_pkey PRIMARY KEY (id);


--
-- Name: protocol_versions protocol_versions_transaction_network_patch_key; Type: CONSTRAINT; Schema: public; Owner: postgres
--

ALTER TABLE ONLY public.protocol_versions
    ADD CONSTRAINT protocol_versions_transaction_network_patch_key UNIQUE (transaction, network, patch);


--
-- Name: public_keys public_keys_pkey; Type: CONSTRAINT; Schema: public; Owner: postgres
--

ALTER TABLE ONLY public.public_keys
    ADD CONSTRAINT public_keys_pkey PRIMARY KEY (id);


--
-- Name: public_keys public_keys_value_key; Type: CONSTRAINT; Schema: public; Owner: postgres
--

ALTER TABLE ONLY public.public_keys
    ADD CONSTRAINT public_keys_value_key UNIQUE (value);


--
-- Name: snarked_ledger_hashes snarked_ledger_hashes_pkey; Type: CONSTRAINT; Schema: public; Owner: postgres
--

ALTER TABLE ONLY public.snarked_ledger_hashes
    ADD CONSTRAINT snarked_ledger_hashes_pkey PRIMARY KEY (id);


--
-- Name: snarked_ledger_hashes snarked_ledger_hashes_value_key; Type: CONSTRAINT; Schema: public; Owner: postgres
--

ALTER TABLE ONLY public.snarked_ledger_hashes
    ADD CONSTRAINT snarked_ledger_hashes_value_key UNIQUE (value);


--
-- Name: timing_info timing_info_pkey; Type: CONSTRAINT; Schema: public; Owner: postgres
--

ALTER TABLE ONLY public.timing_info
    ADD CONSTRAINT timing_info_pkey PRIMARY KEY (id);


--
-- Name: token_symbols token_symbols_pkey; Type: CONSTRAINT; Schema: public; Owner: postgres
--

ALTER TABLE ONLY public.token_symbols
    ADD CONSTRAINT token_symbols_pkey PRIMARY KEY (id);


--
-- Name: tokens tokens_pkey; Type: CONSTRAINT; Schema: public; Owner: postgres
--

ALTER TABLE ONLY public.tokens
    ADD CONSTRAINT tokens_pkey PRIMARY KEY (id);


--
-- Name: tokens tokens_value_key; Type: CONSTRAINT; Schema: public; Owner: postgres
--

ALTER TABLE ONLY public.tokens
    ADD CONSTRAINT tokens_value_key UNIQUE (value);


--
-- Name: user_commands user_commands_hash_key; Type: CONSTRAINT; Schema: public; Owner: postgres
--

ALTER TABLE ONLY public.user_commands
    ADD CONSTRAINT user_commands_hash_key UNIQUE (hash);


--
-- Name: user_commands user_commands_pkey; Type: CONSTRAINT; Schema: public; Owner: postgres
--

ALTER TABLE ONLY public.user_commands
    ADD CONSTRAINT user_commands_pkey PRIMARY KEY (id);


--
-- Name: voting_for voting_for_pkey; Type: CONSTRAINT; Schema: public; Owner: postgres
--

ALTER TABLE ONLY public.voting_for
    ADD CONSTRAINT voting_for_pkey PRIMARY KEY (id);


--
-- Name: zkapp_account_precondition zkapp_account_precondition_balance_id_receipt_chain_hash_de_key; Type: CONSTRAINT; Schema: public; Owner: postgres
--

ALTER TABLE ONLY public.zkapp_account_precondition
    ADD CONSTRAINT zkapp_account_precondition_balance_id_receipt_chain_hash_de_key UNIQUE (balance_id, receipt_chain_hash, delegate_id, state_id, action_state_id, proved_state, is_new, nonce_id);


--
-- Name: zkapp_account_precondition zkapp_account_precondition_pkey; Type: CONSTRAINT; Schema: public; Owner: postgres
--

ALTER TABLE ONLY public.zkapp_account_precondition
    ADD CONSTRAINT zkapp_account_precondition_pkey PRIMARY KEY (id);


--
-- Name: zkapp_account_update_body zkapp_account_update_body_pkey; Type: CONSTRAINT; Schema: public; Owner: postgres
--

ALTER TABLE ONLY public.zkapp_account_update_body
    ADD CONSTRAINT zkapp_account_update_body_pkey PRIMARY KEY (id);


--
-- Name: zkapp_account_update_failures zkapp_account_update_failures_pkey; Type: CONSTRAINT; Schema: public; Owner: postgres
--

ALTER TABLE ONLY public.zkapp_account_update_failures
    ADD CONSTRAINT zkapp_account_update_failures_pkey PRIMARY KEY (id);


--
-- Name: zkapp_account_update zkapp_account_update_pkey; Type: CONSTRAINT; Schema: public; Owner: postgres
--

ALTER TABLE ONLY public.zkapp_account_update
    ADD CONSTRAINT zkapp_account_update_pkey PRIMARY KEY (id);


--
-- Name: zkapp_accounts zkapp_accounts_pkey; Type: CONSTRAINT; Schema: public; Owner: postgres
--

ALTER TABLE ONLY public.zkapp_accounts
    ADD CONSTRAINT zkapp_accounts_pkey PRIMARY KEY (id);


--
-- Name: zkapp_action_states zkapp_action_states_pkey; Type: CONSTRAINT; Schema: public; Owner: postgres
--

ALTER TABLE ONLY public.zkapp_action_states
    ADD CONSTRAINT zkapp_action_states_pkey PRIMARY KEY (id);


--
-- Name: zkapp_amount_bounds zkapp_amount_bounds_pkey; Type: CONSTRAINT; Schema: public; Owner: postgres
--

ALTER TABLE ONLY public.zkapp_amount_bounds
    ADD CONSTRAINT zkapp_amount_bounds_pkey PRIMARY KEY (id);


--
-- Name: zkapp_balance_bounds zkapp_balance_bounds_pkey; Type: CONSTRAINT; Schema: public; Owner: postgres
--

ALTER TABLE ONLY public.zkapp_balance_bounds
    ADD CONSTRAINT zkapp_balance_bounds_pkey PRIMARY KEY (id);


--
-- Name: zkapp_commands zkapp_commands_hash_key; Type: CONSTRAINT; Schema: public; Owner: postgres
--

ALTER TABLE ONLY public.zkapp_commands
    ADD CONSTRAINT zkapp_commands_hash_key UNIQUE (hash);


--
-- Name: zkapp_commands zkapp_commands_pkey; Type: CONSTRAINT; Schema: public; Owner: postgres
--

ALTER TABLE ONLY public.zkapp_commands
    ADD CONSTRAINT zkapp_commands_pkey PRIMARY KEY (id);


--
-- Name: zkapp_epoch_data zkapp_epoch_data_pkey; Type: CONSTRAINT; Schema: public; Owner: postgres
--

ALTER TABLE ONLY public.zkapp_epoch_data
    ADD CONSTRAINT zkapp_epoch_data_pkey PRIMARY KEY (id);


--
-- Name: zkapp_epoch_ledger zkapp_epoch_ledger_pkey; Type: CONSTRAINT; Schema: public; Owner: postgres
--

ALTER TABLE ONLY public.zkapp_epoch_ledger
    ADD CONSTRAINT zkapp_epoch_ledger_pkey PRIMARY KEY (id);


--
-- Name: zkapp_events zkapp_events_element_ids_key; Type: CONSTRAINT; Schema: public; Owner: postgres
--

ALTER TABLE ONLY public.zkapp_events
    ADD CONSTRAINT zkapp_events_element_ids_key UNIQUE (element_ids);


--
-- Name: zkapp_events zkapp_events_pkey; Type: CONSTRAINT; Schema: public; Owner: postgres
--

ALTER TABLE ONLY public.zkapp_events
    ADD CONSTRAINT zkapp_events_pkey PRIMARY KEY (id);


--
-- Name: zkapp_fee_payer_body zkapp_fee_payer_body_pkey; Type: CONSTRAINT; Schema: public; Owner: postgres
--

ALTER TABLE ONLY public.zkapp_fee_payer_body
    ADD CONSTRAINT zkapp_fee_payer_body_pkey PRIMARY KEY (id);


--
-- Name: zkapp_field_array zkapp_field_array_element_ids_key; Type: CONSTRAINT; Schema: public; Owner: postgres
--

ALTER TABLE ONLY public.zkapp_field_array
    ADD CONSTRAINT zkapp_field_array_element_ids_key UNIQUE (element_ids);


--
-- Name: zkapp_field_array zkapp_field_array_pkey; Type: CONSTRAINT; Schema: public; Owner: postgres
--

ALTER TABLE ONLY public.zkapp_field_array
    ADD CONSTRAINT zkapp_field_array_pkey PRIMARY KEY (id);


--
-- Name: zkapp_field zkapp_field_field_key; Type: CONSTRAINT; Schema: public; Owner: postgres
--

ALTER TABLE ONLY public.zkapp_field
    ADD CONSTRAINT zkapp_field_field_key UNIQUE (field);


--
-- Name: zkapp_field zkapp_field_pkey; Type: CONSTRAINT; Schema: public; Owner: postgres
--

ALTER TABLE ONLY public.zkapp_field
    ADD CONSTRAINT zkapp_field_pkey PRIMARY KEY (id);


--
-- Name: zkapp_global_slot_bounds zkapp_global_slot_bounds_pkey; Type: CONSTRAINT; Schema: public; Owner: postgres
--

ALTER TABLE ONLY public.zkapp_global_slot_bounds
    ADD CONSTRAINT zkapp_global_slot_bounds_pkey PRIMARY KEY (id);


--
-- Name: zkapp_length_bounds zkapp_length_bounds_pkey; Type: CONSTRAINT; Schema: public; Owner: postgres
--

ALTER TABLE ONLY public.zkapp_length_bounds
    ADD CONSTRAINT zkapp_length_bounds_pkey PRIMARY KEY (id);


--
-- Name: zkapp_network_precondition zkapp_network_precondition_pkey; Type: CONSTRAINT; Schema: public; Owner: postgres
--

ALTER TABLE ONLY public.zkapp_network_precondition
    ADD CONSTRAINT zkapp_network_precondition_pkey PRIMARY KEY (id);


--
-- Name: zkapp_nonce_bounds zkapp_nonce_bounds_pkey; Type: CONSTRAINT; Schema: public; Owner: postgres
--

ALTER TABLE ONLY public.zkapp_nonce_bounds
    ADD CONSTRAINT zkapp_nonce_bounds_pkey PRIMARY KEY (id);


--
-- Name: zkapp_permissions zkapp_permissions_pkey; Type: CONSTRAINT; Schema: public; Owner: postgres
--

ALTER TABLE ONLY public.zkapp_permissions
    ADD CONSTRAINT zkapp_permissions_pkey PRIMARY KEY (id);


--
-- Name: zkapp_states_nullable zkapp_states_nullable_pkey; Type: CONSTRAINT; Schema: public; Owner: postgres
--

ALTER TABLE ONLY public.zkapp_states_nullable
    ADD CONSTRAINT zkapp_states_nullable_pkey PRIMARY KEY (id);


--
-- Name: zkapp_states zkapp_states_pkey; Type: CONSTRAINT; Schema: public; Owner: postgres
--

ALTER TABLE ONLY public.zkapp_states
    ADD CONSTRAINT zkapp_states_pkey PRIMARY KEY (id);


--
-- Name: zkapp_timing_info zkapp_timing_info_pkey; Type: CONSTRAINT; Schema: public; Owner: postgres
--

ALTER TABLE ONLY public.zkapp_timing_info
    ADD CONSTRAINT zkapp_timing_info_pkey PRIMARY KEY (id);


--
-- Name: zkapp_token_id_bounds zkapp_token_id_bounds_pkey; Type: CONSTRAINT; Schema: public; Owner: postgres
--

ALTER TABLE ONLY public.zkapp_token_id_bounds
    ADD CONSTRAINT zkapp_token_id_bounds_pkey PRIMARY KEY (id);


--
-- Name: zkapp_updates zkapp_updates_pkey; Type: CONSTRAINT; Schema: public; Owner: postgres
--

ALTER TABLE ONLY public.zkapp_updates
    ADD CONSTRAINT zkapp_updates_pkey PRIMARY KEY (id);


--
-- Name: zkapp_uris zkapp_uris_pkey; Type: CONSTRAINT; Schema: public; Owner: postgres
--

ALTER TABLE ONLY public.zkapp_uris
    ADD CONSTRAINT zkapp_uris_pkey PRIMARY KEY (id);


--
-- Name: zkapp_uris zkapp_uris_value_key; Type: CONSTRAINT; Schema: public; Owner: postgres
--

ALTER TABLE ONLY public.zkapp_uris
    ADD CONSTRAINT zkapp_uris_value_key UNIQUE (value);


--
-- Name: zkapp_verification_key_hashes zkapp_verification_key_hashes_pkey; Type: CONSTRAINT; Schema: public; Owner: postgres
--

ALTER TABLE ONLY public.zkapp_verification_key_hashes
    ADD CONSTRAINT zkapp_verification_key_hashes_pkey PRIMARY KEY (id);


--
-- Name: zkapp_verification_key_hashes zkapp_verification_key_hashes_value_key; Type: CONSTRAINT; Schema: public; Owner: postgres
--

ALTER TABLE ONLY public.zkapp_verification_key_hashes
    ADD CONSTRAINT zkapp_verification_key_hashes_value_key UNIQUE (value);


--
-- Name: zkapp_verification_keys zkapp_verification_keys_hash_id_key; Type: CONSTRAINT; Schema: public; Owner: postgres
--

ALTER TABLE ONLY public.zkapp_verification_keys
    ADD CONSTRAINT zkapp_verification_keys_hash_id_key UNIQUE (hash_id);


--
-- Name: zkapp_verification_keys zkapp_verification_keys_pkey; Type: CONSTRAINT; Schema: public; Owner: postgres
--

ALTER TABLE ONLY public.zkapp_verification_keys
    ADD CONSTRAINT zkapp_verification_keys_pkey PRIMARY KEY (id);


--
-- Name: zkapp_verification_keys zkapp_verification_keys_verification_key_key; Type: CONSTRAINT; Schema: public; Owner: postgres
--

ALTER TABLE ONLY public.zkapp_verification_keys
    ADD CONSTRAINT zkapp_verification_keys_verification_key_key UNIQUE (verification_key);


--
-- Name: idx_accounts_accessed_block_account_identifier_id; Type: INDEX; Schema: public; Owner: postgres
--

CREATE INDEX idx_accounts_accessed_block_account_identifier_id ON public.accounts_accessed USING btree (account_identifier_id);


--
-- Name: idx_accounts_accessed_block_id; Type: INDEX; Schema: public; Owner: postgres
--

CREATE INDEX idx_accounts_accessed_block_id ON public.accounts_accessed USING btree (block_id);


--
-- Name: idx_accounts_created_block_account_identifier_id; Type: INDEX; Schema: public; Owner: postgres
--

CREATE INDEX idx_accounts_created_block_account_identifier_id ON public.accounts_created USING btree (account_identifier_id);


--
-- Name: idx_accounts_created_block_id; Type: INDEX; Schema: public; Owner: postgres
--

CREATE INDEX idx_accounts_created_block_id ON public.accounts_created USING btree (block_id);


--
-- Name: idx_blocks_creator_id; Type: INDEX; Schema: public; Owner: postgres
--

CREATE INDEX idx_blocks_creator_id ON public.blocks USING btree (creator_id);


--
-- Name: idx_blocks_height; Type: INDEX; Schema: public; Owner: postgres
--

CREATE INDEX idx_blocks_height ON public.blocks USING btree (height);


--
-- Name: idx_blocks_internal_commands_block_id; Type: INDEX; Schema: public; Owner: postgres
--

CREATE INDEX idx_blocks_internal_commands_block_id ON public.blocks_internal_commands USING btree (block_id);


--
-- Name: idx_blocks_internal_commands_internal_command_id; Type: INDEX; Schema: public; Owner: postgres
--

CREATE INDEX idx_blocks_internal_commands_internal_command_id ON public.blocks_internal_commands USING btree (internal_command_id);


--
-- Name: idx_blocks_internal_commands_secondary_sequence_no; Type: INDEX; Schema: public; Owner: postgres
--

CREATE INDEX idx_blocks_internal_commands_secondary_sequence_no ON public.blocks_internal_commands USING btree (secondary_sequence_no);


--
-- Name: idx_blocks_internal_commands_sequence_no; Type: INDEX; Schema: public; Owner: postgres
--

CREATE INDEX idx_blocks_internal_commands_sequence_no ON public.blocks_internal_commands USING btree (sequence_no);


--
-- Name: idx_blocks_parent_id; Type: INDEX; Schema: public; Owner: postgres
--

CREATE INDEX idx_blocks_parent_id ON public.blocks USING btree (parent_id);


--
-- Name: idx_blocks_user_commands_block_id; Type: INDEX; Schema: public; Owner: postgres
--

CREATE INDEX idx_blocks_user_commands_block_id ON public.blocks_user_commands USING btree (block_id);


--
-- Name: idx_blocks_user_commands_sequence_no; Type: INDEX; Schema: public; Owner: postgres
--

CREATE INDEX idx_blocks_user_commands_sequence_no ON public.blocks_user_commands USING btree (sequence_no);


--
-- Name: idx_blocks_user_commands_user_command_id; Type: INDEX; Schema: public; Owner: postgres
--

CREATE INDEX idx_blocks_user_commands_user_command_id ON public.blocks_user_commands USING btree (user_command_id);


--
-- Name: idx_blocks_zkapp_commands_block_id; Type: INDEX; Schema: public; Owner: postgres
--

CREATE INDEX idx_blocks_zkapp_commands_block_id ON public.blocks_zkapp_commands USING btree (block_id);


--
-- Name: idx_blocks_zkapp_commands_sequence_no; Type: INDEX; Schema: public; Owner: postgres
--

CREATE INDEX idx_blocks_zkapp_commands_sequence_no ON public.blocks_zkapp_commands USING btree (sequence_no);


--
-- Name: idx_blocks_zkapp_commands_zkapp_command_id; Type: INDEX; Schema: public; Owner: postgres
--

CREATE INDEX idx_blocks_zkapp_commands_zkapp_command_id ON public.blocks_zkapp_commands USING btree (zkapp_command_id);


--
-- Name: idx_chain_status; Type: INDEX; Schema: public; Owner: postgres
--

CREATE INDEX idx_chain_status ON public.blocks USING btree (chain_status);


--
-- Name: idx_token_symbols_value; Type: INDEX; Schema: public; Owner: postgres
--

CREATE INDEX idx_token_symbols_value ON public.token_symbols USING btree (value);


--
-- Name: idx_voting_for_value; Type: INDEX; Schema: public; Owner: postgres
--

CREATE INDEX idx_voting_for_value ON public.voting_for USING btree (value);


--
-- Name: idx_zkapp_events_element_ids; Type: INDEX; Schema: public; Owner: postgres
--

CREATE INDEX idx_zkapp_events_element_ids ON public.zkapp_events USING btree (element_ids);


--
-- Name: idx_zkapp_field_array_element_ids; Type: INDEX; Schema: public; Owner: postgres
--

CREATE INDEX idx_zkapp_field_array_element_ids ON public.zkapp_field_array USING btree (element_ids);


--
-- Name: account_identifiers account_identifiers_public_key_id_fkey; Type: FK CONSTRAINT; Schema: public; Owner: postgres
--

ALTER TABLE ONLY public.account_identifiers
    ADD CONSTRAINT account_identifiers_public_key_id_fkey FOREIGN KEY (public_key_id) REFERENCES public.public_keys(id) ON DELETE CASCADE;


--
-- Name: account_identifiers account_identifiers_token_id_fkey; Type: FK CONSTRAINT; Schema: public; Owner: postgres
--

ALTER TABLE ONLY public.account_identifiers
    ADD CONSTRAINT account_identifiers_token_id_fkey FOREIGN KEY (token_id) REFERENCES public.tokens(id) ON DELETE CASCADE;


--
-- Name: accounts_accessed accounts_accessed_account_identifier_id_fkey; Type: FK CONSTRAINT; Schema: public; Owner: postgres
--

ALTER TABLE ONLY public.accounts_accessed
    ADD CONSTRAINT accounts_accessed_account_identifier_id_fkey FOREIGN KEY (account_identifier_id) REFERENCES public.account_identifiers(id);


--
-- Name: accounts_accessed accounts_accessed_block_id_fkey; Type: FK CONSTRAINT; Schema: public; Owner: postgres
--

ALTER TABLE ONLY public.accounts_accessed
    ADD CONSTRAINT accounts_accessed_block_id_fkey FOREIGN KEY (block_id) REFERENCES public.blocks(id);


--
-- Name: accounts_accessed accounts_accessed_delegate_id_fkey; Type: FK CONSTRAINT; Schema: public; Owner: postgres
--

ALTER TABLE ONLY public.accounts_accessed
    ADD CONSTRAINT accounts_accessed_delegate_id_fkey FOREIGN KEY (delegate_id) REFERENCES public.public_keys(id);


--
-- Name: accounts_accessed accounts_accessed_permissions_id_fkey; Type: FK CONSTRAINT; Schema: public; Owner: postgres
--

ALTER TABLE ONLY public.accounts_accessed
    ADD CONSTRAINT accounts_accessed_permissions_id_fkey FOREIGN KEY (permissions_id) REFERENCES public.zkapp_permissions(id);


--
-- Name: accounts_accessed accounts_accessed_timing_id_fkey; Type: FK CONSTRAINT; Schema: public; Owner: postgres
--

ALTER TABLE ONLY public.accounts_accessed
    ADD CONSTRAINT accounts_accessed_timing_id_fkey FOREIGN KEY (timing_id) REFERENCES public.timing_info(id);


--
-- Name: accounts_accessed accounts_accessed_token_symbol_id_fkey; Type: FK CONSTRAINT; Schema: public; Owner: postgres
--

ALTER TABLE ONLY public.accounts_accessed
    ADD CONSTRAINT accounts_accessed_token_symbol_id_fkey FOREIGN KEY (token_symbol_id) REFERENCES public.token_symbols(id);


--
-- Name: accounts_accessed accounts_accessed_voting_for_id_fkey; Type: FK CONSTRAINT; Schema: public; Owner: postgres
--

ALTER TABLE ONLY public.accounts_accessed
    ADD CONSTRAINT accounts_accessed_voting_for_id_fkey FOREIGN KEY (voting_for_id) REFERENCES public.voting_for(id);


--
-- Name: accounts_accessed accounts_accessed_zkapp_id_fkey; Type: FK CONSTRAINT; Schema: public; Owner: postgres
--

ALTER TABLE ONLY public.accounts_accessed
    ADD CONSTRAINT accounts_accessed_zkapp_id_fkey FOREIGN KEY (zkapp_id) REFERENCES public.zkapp_accounts(id);


--
-- Name: accounts_created accounts_created_account_identifier_id_fkey; Type: FK CONSTRAINT; Schema: public; Owner: postgres
--

ALTER TABLE ONLY public.accounts_created
    ADD CONSTRAINT accounts_created_account_identifier_id_fkey FOREIGN KEY (account_identifier_id) REFERENCES public.account_identifiers(id);


--
-- Name: accounts_created accounts_created_block_id_fkey; Type: FK CONSTRAINT; Schema: public; Owner: postgres
--

ALTER TABLE ONLY public.accounts_created
    ADD CONSTRAINT accounts_created_block_id_fkey FOREIGN KEY (block_id) REFERENCES public.blocks(id);


--
-- Name: blocks blocks_block_winner_id_fkey; Type: FK CONSTRAINT; Schema: public; Owner: postgres
--

ALTER TABLE ONLY public.blocks
    ADD CONSTRAINT blocks_block_winner_id_fkey FOREIGN KEY (block_winner_id) REFERENCES public.public_keys(id);


--
-- Name: blocks blocks_creator_id_fkey; Type: FK CONSTRAINT; Schema: public; Owner: postgres
--

ALTER TABLE ONLY public.blocks
    ADD CONSTRAINT blocks_creator_id_fkey FOREIGN KEY (creator_id) REFERENCES public.public_keys(id);


--
-- Name: blocks_internal_commands blocks_internal_commands_block_id_fkey; Type: FK CONSTRAINT; Schema: public; Owner: postgres
--

ALTER TABLE ONLY public.blocks_internal_commands
    ADD CONSTRAINT blocks_internal_commands_block_id_fkey FOREIGN KEY (block_id) REFERENCES public.blocks(id) ON DELETE CASCADE;


--
-- Name: blocks_internal_commands blocks_internal_commands_internal_command_id_fkey; Type: FK CONSTRAINT; Schema: public; Owner: postgres
--

ALTER TABLE ONLY public.blocks_internal_commands
    ADD CONSTRAINT blocks_internal_commands_internal_command_id_fkey FOREIGN KEY (internal_command_id) REFERENCES public.internal_commands(id) ON DELETE CASCADE;


--
-- Name: blocks blocks_next_epoch_data_id_fkey; Type: FK CONSTRAINT; Schema: public; Owner: postgres
--

ALTER TABLE ONLY public.blocks
    ADD CONSTRAINT blocks_next_epoch_data_id_fkey FOREIGN KEY (next_epoch_data_id) REFERENCES public.epoch_data(id);


--
-- Name: blocks blocks_parent_id_fkey; Type: FK CONSTRAINT; Schema: public; Owner: postgres
--

ALTER TABLE ONLY public.blocks
    ADD CONSTRAINT blocks_parent_id_fkey FOREIGN KEY (parent_id) REFERENCES public.blocks(id);


--
-- Name: blocks blocks_proposed_protocol_version_id_fkey; Type: FK CONSTRAINT; Schema: public; Owner: postgres
--

ALTER TABLE ONLY public.blocks
    ADD CONSTRAINT blocks_proposed_protocol_version_id_fkey FOREIGN KEY (proposed_protocol_version_id) REFERENCES public.protocol_versions(id);


--
-- Name: blocks blocks_protocol_version_id_fkey; Type: FK CONSTRAINT; Schema: public; Owner: postgres
--

ALTER TABLE ONLY public.blocks
    ADD CONSTRAINT blocks_protocol_version_id_fkey FOREIGN KEY (protocol_version_id) REFERENCES public.protocol_versions(id);


--
-- Name: blocks blocks_snarked_ledger_hash_id_fkey; Type: FK CONSTRAINT; Schema: public; Owner: postgres
--

ALTER TABLE ONLY public.blocks
    ADD CONSTRAINT blocks_snarked_ledger_hash_id_fkey FOREIGN KEY (snarked_ledger_hash_id) REFERENCES public.snarked_ledger_hashes(id);


--
-- Name: blocks blocks_staking_epoch_data_id_fkey; Type: FK CONSTRAINT; Schema: public; Owner: postgres
--

ALTER TABLE ONLY public.blocks
    ADD CONSTRAINT blocks_staking_epoch_data_id_fkey FOREIGN KEY (staking_epoch_data_id) REFERENCES public.epoch_data(id);


--
-- Name: blocks_user_commands blocks_user_commands_block_id_fkey; Type: FK CONSTRAINT; Schema: public; Owner: postgres
--

ALTER TABLE ONLY public.blocks_user_commands
    ADD CONSTRAINT blocks_user_commands_block_id_fkey FOREIGN KEY (block_id) REFERENCES public.blocks(id) ON DELETE CASCADE;


--
-- Name: blocks_user_commands blocks_user_commands_user_command_id_fkey; Type: FK CONSTRAINT; Schema: public; Owner: postgres
--

ALTER TABLE ONLY public.blocks_user_commands
    ADD CONSTRAINT blocks_user_commands_user_command_id_fkey FOREIGN KEY (user_command_id) REFERENCES public.user_commands(id) ON DELETE CASCADE;


--
-- Name: blocks_zkapp_commands blocks_zkapp_commands_block_id_fkey; Type: FK CONSTRAINT; Schema: public; Owner: postgres
--

ALTER TABLE ONLY public.blocks_zkapp_commands
    ADD CONSTRAINT blocks_zkapp_commands_block_id_fkey FOREIGN KEY (block_id) REFERENCES public.blocks(id) ON DELETE CASCADE;


--
-- Name: blocks_zkapp_commands blocks_zkapp_commands_zkapp_command_id_fkey; Type: FK CONSTRAINT; Schema: public; Owner: postgres
--

ALTER TABLE ONLY public.blocks_zkapp_commands
    ADD CONSTRAINT blocks_zkapp_commands_zkapp_command_id_fkey FOREIGN KEY (zkapp_command_id) REFERENCES public.zkapp_commands(id) ON DELETE CASCADE;


--
-- Name: epoch_data epoch_data_ledger_hash_id_fkey; Type: FK CONSTRAINT; Schema: public; Owner: postgres
--

ALTER TABLE ONLY public.epoch_data
    ADD CONSTRAINT epoch_data_ledger_hash_id_fkey FOREIGN KEY (ledger_hash_id) REFERENCES public.snarked_ledger_hashes(id);


--
-- Name: internal_commands internal_commands_receiver_id_fkey; Type: FK CONSTRAINT; Schema: public; Owner: postgres
--

ALTER TABLE ONLY public.internal_commands
    ADD CONSTRAINT internal_commands_receiver_id_fkey FOREIGN KEY (receiver_id) REFERENCES public.public_keys(id);


--
-- Name: timing_info timing_info_account_identifier_id_fkey; Type: FK CONSTRAINT; Schema: public; Owner: postgres
--

ALTER TABLE ONLY public.timing_info
    ADD CONSTRAINT timing_info_account_identifier_id_fkey FOREIGN KEY (account_identifier_id) REFERENCES public.account_identifiers(id);


--
-- Name: tokens tokens_owner_public_key_id_fkey; Type: FK CONSTRAINT; Schema: public; Owner: postgres
--

ALTER TABLE ONLY public.tokens
    ADD CONSTRAINT tokens_owner_public_key_id_fkey FOREIGN KEY (owner_public_key_id) REFERENCES public.public_keys(id) ON DELETE CASCADE;


--
-- Name: tokens tokens_owner_token_id_fkey; Type: FK CONSTRAINT; Schema: public; Owner: postgres
--

ALTER TABLE ONLY public.tokens
    ADD CONSTRAINT tokens_owner_token_id_fkey FOREIGN KEY (owner_token_id) REFERENCES public.tokens(id);


--
-- Name: user_commands user_commands_fee_payer_id_fkey; Type: FK CONSTRAINT; Schema: public; Owner: postgres
--

ALTER TABLE ONLY public.user_commands
    ADD CONSTRAINT user_commands_fee_payer_id_fkey FOREIGN KEY (fee_payer_id) REFERENCES public.public_keys(id);


--
-- Name: user_commands user_commands_receiver_id_fkey; Type: FK CONSTRAINT; Schema: public; Owner: postgres
--

ALTER TABLE ONLY public.user_commands
    ADD CONSTRAINT user_commands_receiver_id_fkey FOREIGN KEY (receiver_id) REFERENCES public.public_keys(id);


--
-- Name: user_commands user_commands_source_id_fkey; Type: FK CONSTRAINT; Schema: public; Owner: postgres
--

ALTER TABLE ONLY public.user_commands
    ADD CONSTRAINT user_commands_source_id_fkey FOREIGN KEY (source_id) REFERENCES public.public_keys(id);


--
-- Name: zkapp_account_precondition zkapp_account_precondition_action_state_id_fkey; Type: FK CONSTRAINT; Schema: public; Owner: postgres
--

ALTER TABLE ONLY public.zkapp_account_precondition
    ADD CONSTRAINT zkapp_account_precondition_action_state_id_fkey FOREIGN KEY (action_state_id) REFERENCES public.zkapp_field(id);


--
-- Name: zkapp_account_precondition zkapp_account_precondition_balance_id_fkey; Type: FK CONSTRAINT; Schema: public; Owner: postgres
--

ALTER TABLE ONLY public.zkapp_account_precondition
    ADD CONSTRAINT zkapp_account_precondition_balance_id_fkey FOREIGN KEY (balance_id) REFERENCES public.zkapp_balance_bounds(id);


--
-- Name: zkapp_account_precondition zkapp_account_precondition_delegate_id_fkey; Type: FK CONSTRAINT; Schema: public; Owner: postgres
--

ALTER TABLE ONLY public.zkapp_account_precondition
    ADD CONSTRAINT zkapp_account_precondition_delegate_id_fkey FOREIGN KEY (delegate_id) REFERENCES public.public_keys(id);


--
-- Name: zkapp_account_precondition zkapp_account_precondition_nonce_id_fkey; Type: FK CONSTRAINT; Schema: public; Owner: postgres
--

ALTER TABLE ONLY public.zkapp_account_precondition
    ADD CONSTRAINT zkapp_account_precondition_nonce_id_fkey FOREIGN KEY (nonce_id) REFERENCES public.zkapp_nonce_bounds(id);


--
-- Name: zkapp_account_precondition zkapp_account_precondition_state_id_fkey; Type: FK CONSTRAINT; Schema: public; Owner: postgres
--

ALTER TABLE ONLY public.zkapp_account_precondition
    ADD CONSTRAINT zkapp_account_precondition_state_id_fkey FOREIGN KEY (state_id) REFERENCES public.zkapp_states_nullable(id);


--
-- Name: zkapp_account_update_body zkapp_account_update_body_account_identifier_id_fkey; Type: FK CONSTRAINT; Schema: public; Owner: postgres
--

ALTER TABLE ONLY public.zkapp_account_update_body
    ADD CONSTRAINT zkapp_account_update_body_account_identifier_id_fkey FOREIGN KEY (account_identifier_id) REFERENCES public.account_identifiers(id);


--
-- Name: zkapp_account_update_body zkapp_account_update_body_actions_id_fkey; Type: FK CONSTRAINT; Schema: public; Owner: postgres
--

ALTER TABLE ONLY public.zkapp_account_update_body
    ADD CONSTRAINT zkapp_account_update_body_actions_id_fkey FOREIGN KEY (actions_id) REFERENCES public.zkapp_events(id);


--
-- Name: zkapp_account_update_body zkapp_account_update_body_call_data_id_fkey; Type: FK CONSTRAINT; Schema: public; Owner: postgres
--

ALTER TABLE ONLY public.zkapp_account_update_body
    ADD CONSTRAINT zkapp_account_update_body_call_data_id_fkey FOREIGN KEY (call_data_id) REFERENCES public.zkapp_field(id);


--
-- Name: zkapp_account_update_body zkapp_account_update_body_events_id_fkey; Type: FK CONSTRAINT; Schema: public; Owner: postgres
--

ALTER TABLE ONLY public.zkapp_account_update_body
    ADD CONSTRAINT zkapp_account_update_body_events_id_fkey FOREIGN KEY (events_id) REFERENCES public.zkapp_events(id);


--
-- Name: zkapp_account_update zkapp_account_update_body_id_fkey; Type: FK CONSTRAINT; Schema: public; Owner: postgres
--

ALTER TABLE ONLY public.zkapp_account_update
    ADD CONSTRAINT zkapp_account_update_body_id_fkey FOREIGN KEY (body_id) REFERENCES public.zkapp_account_update_body(id);


--
-- Name: zkapp_account_update_body zkapp_account_update_body_update_id_fkey; Type: FK CONSTRAINT; Schema: public; Owner: postgres
--

ALTER TABLE ONLY public.zkapp_account_update_body
    ADD CONSTRAINT zkapp_account_update_body_update_id_fkey FOREIGN KEY (update_id) REFERENCES public.zkapp_updates(id);


--
-- Name: zkapp_account_update_body zkapp_account_update_body_verification_key_hash_id_fkey; Type: FK CONSTRAINT; Schema: public; Owner: postgres
--

ALTER TABLE ONLY public.zkapp_account_update_body
    ADD CONSTRAINT zkapp_account_update_body_verification_key_hash_id_fkey FOREIGN KEY (verification_key_hash_id) REFERENCES public.zkapp_verification_key_hashes(id);


--
-- Name: zkapp_account_update_body zkapp_account_update_body_zkapp_account_precondition_id_fkey; Type: FK CONSTRAINT; Schema: public; Owner: postgres
--

ALTER TABLE ONLY public.zkapp_account_update_body
    ADD CONSTRAINT zkapp_account_update_body_zkapp_account_precondition_id_fkey FOREIGN KEY (zkapp_account_precondition_id) REFERENCES public.zkapp_account_precondition(id);


--
-- Name: zkapp_account_update_body zkapp_account_update_body_zkapp_network_precondition_id_fkey; Type: FK CONSTRAINT; Schema: public; Owner: postgres
--

ALTER TABLE ONLY public.zkapp_account_update_body
    ADD CONSTRAINT zkapp_account_update_body_zkapp_network_precondition_id_fkey FOREIGN KEY (zkapp_network_precondition_id) REFERENCES public.zkapp_network_precondition(id);


--
-- Name: zkapp_account_update_body zkapp_account_update_body_zkapp_valid_while_precondition_i_fkey; Type: FK CONSTRAINT; Schema: public; Owner: postgres
--

ALTER TABLE ONLY public.zkapp_account_update_body
    ADD CONSTRAINT zkapp_account_update_body_zkapp_valid_while_precondition_i_fkey FOREIGN KEY (zkapp_valid_while_precondition_id) REFERENCES public.zkapp_global_slot_bounds(id);


--
-- Name: zkapp_accounts zkapp_accounts_action_state_id_fkey; Type: FK CONSTRAINT; Schema: public; Owner: postgres
--

ALTER TABLE ONLY public.zkapp_accounts
    ADD CONSTRAINT zkapp_accounts_action_state_id_fkey FOREIGN KEY (action_state_id) REFERENCES public.zkapp_action_states(id);


--
-- Name: zkapp_accounts zkapp_accounts_app_state_id_fkey; Type: FK CONSTRAINT; Schema: public; Owner: postgres
--

ALTER TABLE ONLY public.zkapp_accounts
    ADD CONSTRAINT zkapp_accounts_app_state_id_fkey FOREIGN KEY (app_state_id) REFERENCES public.zkapp_states(id);


--
-- Name: zkapp_accounts zkapp_accounts_verification_key_id_fkey; Type: FK CONSTRAINT; Schema: public; Owner: postgres
--

ALTER TABLE ONLY public.zkapp_accounts
    ADD CONSTRAINT zkapp_accounts_verification_key_id_fkey FOREIGN KEY (verification_key_id) REFERENCES public.zkapp_verification_keys(id);


--
-- Name: zkapp_accounts zkapp_accounts_zkapp_uri_id_fkey; Type: FK CONSTRAINT; Schema: public; Owner: postgres
--

ALTER TABLE ONLY public.zkapp_accounts
    ADD CONSTRAINT zkapp_accounts_zkapp_uri_id_fkey FOREIGN KEY (zkapp_uri_id) REFERENCES public.zkapp_uris(id);


--
-- Name: zkapp_action_states zkapp_action_states_element0_fkey; Type: FK CONSTRAINT; Schema: public; Owner: postgres
--

ALTER TABLE ONLY public.zkapp_action_states
    ADD CONSTRAINT zkapp_action_states_element0_fkey FOREIGN KEY (element0) REFERENCES public.zkapp_field(id);


--
-- Name: zkapp_action_states zkapp_action_states_element1_fkey; Type: FK CONSTRAINT; Schema: public; Owner: postgres
--

ALTER TABLE ONLY public.zkapp_action_states
    ADD CONSTRAINT zkapp_action_states_element1_fkey FOREIGN KEY (element1) REFERENCES public.zkapp_field(id);


--
-- Name: zkapp_action_states zkapp_action_states_element2_fkey; Type: FK CONSTRAINT; Schema: public; Owner: postgres
--

ALTER TABLE ONLY public.zkapp_action_states
    ADD CONSTRAINT zkapp_action_states_element2_fkey FOREIGN KEY (element2) REFERENCES public.zkapp_field(id);


--
-- Name: zkapp_action_states zkapp_action_states_element3_fkey; Type: FK CONSTRAINT; Schema: public; Owner: postgres
--

ALTER TABLE ONLY public.zkapp_action_states
    ADD CONSTRAINT zkapp_action_states_element3_fkey FOREIGN KEY (element3) REFERENCES public.zkapp_field(id);


--
-- Name: zkapp_action_states zkapp_action_states_element4_fkey; Type: FK CONSTRAINT; Schema: public; Owner: postgres
--

ALTER TABLE ONLY public.zkapp_action_states
    ADD CONSTRAINT zkapp_action_states_element4_fkey FOREIGN KEY (element4) REFERENCES public.zkapp_field(id);


--
-- Name: zkapp_commands zkapp_commands_zkapp_fee_payer_body_id_fkey; Type: FK CONSTRAINT; Schema: public; Owner: postgres
--

ALTER TABLE ONLY public.zkapp_commands
    ADD CONSTRAINT zkapp_commands_zkapp_fee_payer_body_id_fkey FOREIGN KEY (zkapp_fee_payer_body_id) REFERENCES public.zkapp_fee_payer_body(id);


--
-- Name: zkapp_epoch_data zkapp_epoch_data_epoch_ledger_id_fkey; Type: FK CONSTRAINT; Schema: public; Owner: postgres
--

ALTER TABLE ONLY public.zkapp_epoch_data
    ADD CONSTRAINT zkapp_epoch_data_epoch_ledger_id_fkey FOREIGN KEY (epoch_ledger_id) REFERENCES public.zkapp_epoch_ledger(id);


--
-- Name: zkapp_epoch_data zkapp_epoch_data_epoch_length_id_fkey; Type: FK CONSTRAINT; Schema: public; Owner: postgres
--

ALTER TABLE ONLY public.zkapp_epoch_data
    ADD CONSTRAINT zkapp_epoch_data_epoch_length_id_fkey FOREIGN KEY (epoch_length_id) REFERENCES public.zkapp_length_bounds(id);


--
-- Name: zkapp_epoch_ledger zkapp_epoch_ledger_hash_id_fkey; Type: FK CONSTRAINT; Schema: public; Owner: postgres
--

ALTER TABLE ONLY public.zkapp_epoch_ledger
    ADD CONSTRAINT zkapp_epoch_ledger_hash_id_fkey FOREIGN KEY (hash_id) REFERENCES public.snarked_ledger_hashes(id);


--
-- Name: zkapp_epoch_ledger zkapp_epoch_ledger_total_currency_id_fkey; Type: FK CONSTRAINT; Schema: public; Owner: postgres
--

ALTER TABLE ONLY public.zkapp_epoch_ledger
    ADD CONSTRAINT zkapp_epoch_ledger_total_currency_id_fkey FOREIGN KEY (total_currency_id) REFERENCES public.zkapp_amount_bounds(id);


--
-- Name: zkapp_fee_payer_body zkapp_fee_payer_body_public_key_id_fkey; Type: FK CONSTRAINT; Schema: public; Owner: postgres
--

ALTER TABLE ONLY public.zkapp_fee_payer_body
    ADD CONSTRAINT zkapp_fee_payer_body_public_key_id_fkey FOREIGN KEY (public_key_id) REFERENCES public.public_keys(id);


--
-- Name: zkapp_network_precondition zkapp_network_precondition_blockchain_length_id_fkey; Type: FK CONSTRAINT; Schema: public; Owner: postgres
--

ALTER TABLE ONLY public.zkapp_network_precondition
    ADD CONSTRAINT zkapp_network_precondition_blockchain_length_id_fkey FOREIGN KEY (blockchain_length_id) REFERENCES public.zkapp_length_bounds(id);


--
-- Name: zkapp_network_precondition zkapp_network_precondition_global_slot_since_genesis_fkey; Type: FK CONSTRAINT; Schema: public; Owner: postgres
--

ALTER TABLE ONLY public.zkapp_network_precondition
    ADD CONSTRAINT zkapp_network_precondition_global_slot_since_genesis_fkey FOREIGN KEY (global_slot_since_genesis) REFERENCES public.zkapp_global_slot_bounds(id);


--
-- Name: zkapp_network_precondition zkapp_network_precondition_min_window_density_id_fkey; Type: FK CONSTRAINT; Schema: public; Owner: postgres
--

ALTER TABLE ONLY public.zkapp_network_precondition
    ADD CONSTRAINT zkapp_network_precondition_min_window_density_id_fkey FOREIGN KEY (min_window_density_id) REFERENCES public.zkapp_length_bounds(id);


--
-- Name: zkapp_network_precondition zkapp_network_precondition_next_epoch_data_id_fkey; Type: FK CONSTRAINT; Schema: public; Owner: postgres
--

ALTER TABLE ONLY public.zkapp_network_precondition
    ADD CONSTRAINT zkapp_network_precondition_next_epoch_data_id_fkey FOREIGN KEY (next_epoch_data_id) REFERENCES public.zkapp_epoch_data(id);


--
-- Name: zkapp_network_precondition zkapp_network_precondition_snarked_ledger_hash_id_fkey; Type: FK CONSTRAINT; Schema: public; Owner: postgres
--

ALTER TABLE ONLY public.zkapp_network_precondition
    ADD CONSTRAINT zkapp_network_precondition_snarked_ledger_hash_id_fkey FOREIGN KEY (snarked_ledger_hash_id) REFERENCES public.snarked_ledger_hashes(id);


--
-- Name: zkapp_network_precondition zkapp_network_precondition_staking_epoch_data_id_fkey; Type: FK CONSTRAINT; Schema: public; Owner: postgres
--

ALTER TABLE ONLY public.zkapp_network_precondition
    ADD CONSTRAINT zkapp_network_precondition_staking_epoch_data_id_fkey FOREIGN KEY (staking_epoch_data_id) REFERENCES public.zkapp_epoch_data(id);


--
-- Name: zkapp_network_precondition zkapp_network_precondition_total_currency_id_fkey; Type: FK CONSTRAINT; Schema: public; Owner: postgres
--

ALTER TABLE ONLY public.zkapp_network_precondition
    ADD CONSTRAINT zkapp_network_precondition_total_currency_id_fkey FOREIGN KEY (total_currency_id) REFERENCES public.zkapp_amount_bounds(id);


--
-- Name: zkapp_states zkapp_states_element0_fkey; Type: FK CONSTRAINT; Schema: public; Owner: postgres
--

ALTER TABLE ONLY public.zkapp_states
    ADD CONSTRAINT zkapp_states_element0_fkey FOREIGN KEY (element0) REFERENCES public.zkapp_field(id);


--
-- Name: zkapp_states zkapp_states_element10_fkey; Type: FK CONSTRAINT; Schema: public; Owner: postgres
--

ALTER TABLE ONLY public.zkapp_states
    ADD CONSTRAINT zkapp_states_element10_fkey FOREIGN KEY (element10) REFERENCES public.zkapp_field(id);


--
-- Name: zkapp_states zkapp_states_element11_fkey; Type: FK CONSTRAINT; Schema: public; Owner: postgres
--

ALTER TABLE ONLY public.zkapp_states
    ADD CONSTRAINT zkapp_states_element11_fkey FOREIGN KEY (element11) REFERENCES public.zkapp_field(id);


--
-- Name: zkapp_states zkapp_states_element12_fkey; Type: FK CONSTRAINT; Schema: public; Owner: postgres
--

ALTER TABLE ONLY public.zkapp_states
    ADD CONSTRAINT zkapp_states_element12_fkey FOREIGN KEY (element12) REFERENCES public.zkapp_field(id);


--
-- Name: zkapp_states zkapp_states_element13_fkey; Type: FK CONSTRAINT; Schema: public; Owner: postgres
--

ALTER TABLE ONLY public.zkapp_states
    ADD CONSTRAINT zkapp_states_element13_fkey FOREIGN KEY (element13) REFERENCES public.zkapp_field(id);


--
-- Name: zkapp_states zkapp_states_element14_fkey; Type: FK CONSTRAINT; Schema: public; Owner: postgres
--

ALTER TABLE ONLY public.zkapp_states
    ADD CONSTRAINT zkapp_states_element14_fkey FOREIGN KEY (element14) REFERENCES public.zkapp_field(id);


--
-- Name: zkapp_states zkapp_states_element15_fkey; Type: FK CONSTRAINT; Schema: public; Owner: postgres
--

ALTER TABLE ONLY public.zkapp_states
    ADD CONSTRAINT zkapp_states_element15_fkey FOREIGN KEY (element15) REFERENCES public.zkapp_field(id);


--
-- Name: zkapp_states zkapp_states_element16_fkey; Type: FK CONSTRAINT; Schema: public; Owner: postgres
--

ALTER TABLE ONLY public.zkapp_states
    ADD CONSTRAINT zkapp_states_element16_fkey FOREIGN KEY (element16) REFERENCES public.zkapp_field(id);


--
-- Name: zkapp_states zkapp_states_element17_fkey; Type: FK CONSTRAINT; Schema: public; Owner: postgres
--

ALTER TABLE ONLY public.zkapp_states
    ADD CONSTRAINT zkapp_states_element17_fkey FOREIGN KEY (element17) REFERENCES public.zkapp_field(id);


--
-- Name: zkapp_states zkapp_states_element18_fkey; Type: FK CONSTRAINT; Schema: public; Owner: postgres
--

ALTER TABLE ONLY public.zkapp_states
    ADD CONSTRAINT zkapp_states_element18_fkey FOREIGN KEY (element18) REFERENCES public.zkapp_field(id);


--
-- Name: zkapp_states zkapp_states_element19_fkey; Type: FK CONSTRAINT; Schema: public; Owner: postgres
--

ALTER TABLE ONLY public.zkapp_states
    ADD CONSTRAINT zkapp_states_element19_fkey FOREIGN KEY (element19) REFERENCES public.zkapp_field(id);


--
-- Name: zkapp_states zkapp_states_element1_fkey; Type: FK CONSTRAINT; Schema: public; Owner: postgres
--

ALTER TABLE ONLY public.zkapp_states
    ADD CONSTRAINT zkapp_states_element1_fkey FOREIGN KEY (element1) REFERENCES public.zkapp_field(id);


--
-- Name: zkapp_states zkapp_states_element20_fkey; Type: FK CONSTRAINT; Schema: public; Owner: postgres
--

ALTER TABLE ONLY public.zkapp_states
    ADD CONSTRAINT zkapp_states_element20_fkey FOREIGN KEY (element20) REFERENCES public.zkapp_field(id);


--
-- Name: zkapp_states zkapp_states_element21_fkey; Type: FK CONSTRAINT; Schema: public; Owner: postgres
--

ALTER TABLE ONLY public.zkapp_states
    ADD CONSTRAINT zkapp_states_element21_fkey FOREIGN KEY (element21) REFERENCES public.zkapp_field(id);


--
-- Name: zkapp_states zkapp_states_element22_fkey; Type: FK CONSTRAINT; Schema: public; Owner: postgres
--

ALTER TABLE ONLY public.zkapp_states
    ADD CONSTRAINT zkapp_states_element22_fkey FOREIGN KEY (element22) REFERENCES public.zkapp_field(id);


--
-- Name: zkapp_states zkapp_states_element23_fkey; Type: FK CONSTRAINT; Schema: public; Owner: postgres
--

ALTER TABLE ONLY public.zkapp_states
    ADD CONSTRAINT zkapp_states_element23_fkey FOREIGN KEY (element23) REFERENCES public.zkapp_field(id);


--
-- Name: zkapp_states zkapp_states_element24_fkey; Type: FK CONSTRAINT; Schema: public; Owner: postgres
--

ALTER TABLE ONLY public.zkapp_states
    ADD CONSTRAINT zkapp_states_element24_fkey FOREIGN KEY (element24) REFERENCES public.zkapp_field(id);


--
-- Name: zkapp_states zkapp_states_element25_fkey; Type: FK CONSTRAINT; Schema: public; Owner: postgres
--

ALTER TABLE ONLY public.zkapp_states
    ADD CONSTRAINT zkapp_states_element25_fkey FOREIGN KEY (element25) REFERENCES public.zkapp_field(id);


--
-- Name: zkapp_states zkapp_states_element26_fkey; Type: FK CONSTRAINT; Schema: public; Owner: postgres
--

ALTER TABLE ONLY public.zkapp_states
    ADD CONSTRAINT zkapp_states_element26_fkey FOREIGN KEY (element26) REFERENCES public.zkapp_field(id);


--
-- Name: zkapp_states zkapp_states_element27_fkey; Type: FK CONSTRAINT; Schema: public; Owner: postgres
--

ALTER TABLE ONLY public.zkapp_states
    ADD CONSTRAINT zkapp_states_element27_fkey FOREIGN KEY (element27) REFERENCES public.zkapp_field(id);


--
-- Name: zkapp_states zkapp_states_element28_fkey; Type: FK CONSTRAINT; Schema: public; Owner: postgres
--

ALTER TABLE ONLY public.zkapp_states
    ADD CONSTRAINT zkapp_states_element28_fkey FOREIGN KEY (element28) REFERENCES public.zkapp_field(id);


--
-- Name: zkapp_states zkapp_states_element29_fkey; Type: FK CONSTRAINT; Schema: public; Owner: postgres
--

ALTER TABLE ONLY public.zkapp_states
    ADD CONSTRAINT zkapp_states_element29_fkey FOREIGN KEY (element29) REFERENCES public.zkapp_field(id);


--
-- Name: zkapp_states zkapp_states_element2_fkey; Type: FK CONSTRAINT; Schema: public; Owner: postgres
--

ALTER TABLE ONLY public.zkapp_states
    ADD CONSTRAINT zkapp_states_element2_fkey FOREIGN KEY (element2) REFERENCES public.zkapp_field(id);


--
-- Name: zkapp_states zkapp_states_element30_fkey; Type: FK CONSTRAINT; Schema: public; Owner: postgres
--

ALTER TABLE ONLY public.zkapp_states
    ADD CONSTRAINT zkapp_states_element30_fkey FOREIGN KEY (element30) REFERENCES public.zkapp_field(id);


--
-- Name: zkapp_states zkapp_states_element31_fkey; Type: FK CONSTRAINT; Schema: public; Owner: postgres
--

ALTER TABLE ONLY public.zkapp_states
    ADD CONSTRAINT zkapp_states_element31_fkey FOREIGN KEY (element31) REFERENCES public.zkapp_field(id);


--
-- Name: zkapp_states zkapp_states_element3_fkey; Type: FK CONSTRAINT; Schema: public; Owner: postgres
--

ALTER TABLE ONLY public.zkapp_states
    ADD CONSTRAINT zkapp_states_element3_fkey FOREIGN KEY (element3) REFERENCES public.zkapp_field(id);


--
-- Name: zkapp_states zkapp_states_element4_fkey; Type: FK CONSTRAINT; Schema: public; Owner: postgres
--

ALTER TABLE ONLY public.zkapp_states
    ADD CONSTRAINT zkapp_states_element4_fkey FOREIGN KEY (element4) REFERENCES public.zkapp_field(id);


--
-- Name: zkapp_states zkapp_states_element5_fkey; Type: FK CONSTRAINT; Schema: public; Owner: postgres
--

ALTER TABLE ONLY public.zkapp_states
    ADD CONSTRAINT zkapp_states_element5_fkey FOREIGN KEY (element5) REFERENCES public.zkapp_field(id);


--
-- Name: zkapp_states zkapp_states_element6_fkey; Type: FK CONSTRAINT; Schema: public; Owner: postgres
--

ALTER TABLE ONLY public.zkapp_states
    ADD CONSTRAINT zkapp_states_element6_fkey FOREIGN KEY (element6) REFERENCES public.zkapp_field(id);


--
-- Name: zkapp_states zkapp_states_element7_fkey; Type: FK CONSTRAINT; Schema: public; Owner: postgres
--

ALTER TABLE ONLY public.zkapp_states
    ADD CONSTRAINT zkapp_states_element7_fkey FOREIGN KEY (element7) REFERENCES public.zkapp_field(id);


--
-- Name: zkapp_states zkapp_states_element8_fkey; Type: FK CONSTRAINT; Schema: public; Owner: postgres
--

ALTER TABLE ONLY public.zkapp_states
    ADD CONSTRAINT zkapp_states_element8_fkey FOREIGN KEY (element8) REFERENCES public.zkapp_field(id);


--
-- Name: zkapp_states zkapp_states_element9_fkey; Type: FK CONSTRAINT; Schema: public; Owner: postgres
--

ALTER TABLE ONLY public.zkapp_states
    ADD CONSTRAINT zkapp_states_element9_fkey FOREIGN KEY (element9) REFERENCES public.zkapp_field(id);


--
-- Name: zkapp_states_nullable zkapp_states_nullable_element0_fkey; Type: FK CONSTRAINT; Schema: public; Owner: postgres
--

ALTER TABLE ONLY public.zkapp_states_nullable
    ADD CONSTRAINT zkapp_states_nullable_element0_fkey FOREIGN KEY (element0) REFERENCES public.zkapp_field(id);


--
-- Name: zkapp_states_nullable zkapp_states_nullable_element10_fkey; Type: FK CONSTRAINT; Schema: public; Owner: postgres
--

ALTER TABLE ONLY public.zkapp_states_nullable
    ADD CONSTRAINT zkapp_states_nullable_element10_fkey FOREIGN KEY (element10) REFERENCES public.zkapp_field(id);


--
-- Name: zkapp_states_nullable zkapp_states_nullable_element11_fkey; Type: FK CONSTRAINT; Schema: public; Owner: postgres
--

ALTER TABLE ONLY public.zkapp_states_nullable
    ADD CONSTRAINT zkapp_states_nullable_element11_fkey FOREIGN KEY (element11) REFERENCES public.zkapp_field(id);


--
-- Name: zkapp_states_nullable zkapp_states_nullable_element12_fkey; Type: FK CONSTRAINT; Schema: public; Owner: postgres
--

ALTER TABLE ONLY public.zkapp_states_nullable
    ADD CONSTRAINT zkapp_states_nullable_element12_fkey FOREIGN KEY (element12) REFERENCES public.zkapp_field(id);


--
-- Name: zkapp_states_nullable zkapp_states_nullable_element13_fkey; Type: FK CONSTRAINT; Schema: public; Owner: postgres
--

ALTER TABLE ONLY public.zkapp_states_nullable
    ADD CONSTRAINT zkapp_states_nullable_element13_fkey FOREIGN KEY (element13) REFERENCES public.zkapp_field(id);


--
-- Name: zkapp_states_nullable zkapp_states_nullable_element14_fkey; Type: FK CONSTRAINT; Schema: public; Owner: postgres
--

ALTER TABLE ONLY public.zkapp_states_nullable
    ADD CONSTRAINT zkapp_states_nullable_element14_fkey FOREIGN KEY (element14) REFERENCES public.zkapp_field(id);


--
-- Name: zkapp_states_nullable zkapp_states_nullable_element15_fkey; Type: FK CONSTRAINT; Schema: public; Owner: postgres
--

ALTER TABLE ONLY public.zkapp_states_nullable
    ADD CONSTRAINT zkapp_states_nullable_element15_fkey FOREIGN KEY (element15) REFERENCES public.zkapp_field(id);


--
-- Name: zkapp_states_nullable zkapp_states_nullable_element16_fkey; Type: FK CONSTRAINT; Schema: public; Owner: postgres
--

ALTER TABLE ONLY public.zkapp_states_nullable
    ADD CONSTRAINT zkapp_states_nullable_element16_fkey FOREIGN KEY (element16) REFERENCES public.zkapp_field(id);


--
-- Name: zkapp_states_nullable zkapp_states_nullable_element17_fkey; Type: FK CONSTRAINT; Schema: public; Owner: postgres
--

ALTER TABLE ONLY public.zkapp_states_nullable
    ADD CONSTRAINT zkapp_states_nullable_element17_fkey FOREIGN KEY (element17) REFERENCES public.zkapp_field(id);


--
-- Name: zkapp_states_nullable zkapp_states_nullable_element18_fkey; Type: FK CONSTRAINT; Schema: public; Owner: postgres
--

ALTER TABLE ONLY public.zkapp_states_nullable
    ADD CONSTRAINT zkapp_states_nullable_element18_fkey FOREIGN KEY (element18) REFERENCES public.zkapp_field(id);


--
-- Name: zkapp_states_nullable zkapp_states_nullable_element19_fkey; Type: FK CONSTRAINT; Schema: public; Owner: postgres
--

ALTER TABLE ONLY public.zkapp_states_nullable
    ADD CONSTRAINT zkapp_states_nullable_element19_fkey FOREIGN KEY (element19) REFERENCES public.zkapp_field(id);


--
-- Name: zkapp_states_nullable zkapp_states_nullable_element1_fkey; Type: FK CONSTRAINT; Schema: public; Owner: postgres
--

ALTER TABLE ONLY public.zkapp_states_nullable
    ADD CONSTRAINT zkapp_states_nullable_element1_fkey FOREIGN KEY (element1) REFERENCES public.zkapp_field(id);


--
-- Name: zkapp_states_nullable zkapp_states_nullable_element20_fkey; Type: FK CONSTRAINT; Schema: public; Owner: postgres
--

ALTER TABLE ONLY public.zkapp_states_nullable
    ADD CONSTRAINT zkapp_states_nullable_element20_fkey FOREIGN KEY (element20) REFERENCES public.zkapp_field(id);


--
-- Name: zkapp_states_nullable zkapp_states_nullable_element21_fkey; Type: FK CONSTRAINT; Schema: public; Owner: postgres
--

ALTER TABLE ONLY public.zkapp_states_nullable
    ADD CONSTRAINT zkapp_states_nullable_element21_fkey FOREIGN KEY (element21) REFERENCES public.zkapp_field(id);


--
-- Name: zkapp_states_nullable zkapp_states_nullable_element22_fkey; Type: FK CONSTRAINT; Schema: public; Owner: postgres
--

ALTER TABLE ONLY public.zkapp_states_nullable
    ADD CONSTRAINT zkapp_states_nullable_element22_fkey FOREIGN KEY (element22) REFERENCES public.zkapp_field(id);


--
-- Name: zkapp_states_nullable zkapp_states_nullable_element23_fkey; Type: FK CONSTRAINT; Schema: public; Owner: postgres
--

ALTER TABLE ONLY public.zkapp_states_nullable
    ADD CONSTRAINT zkapp_states_nullable_element23_fkey FOREIGN KEY (element23) REFERENCES public.zkapp_field(id);


--
-- Name: zkapp_states_nullable zkapp_states_nullable_element24_fkey; Type: FK CONSTRAINT; Schema: public; Owner: postgres
--

ALTER TABLE ONLY public.zkapp_states_nullable
    ADD CONSTRAINT zkapp_states_nullable_element24_fkey FOREIGN KEY (element24) REFERENCES public.zkapp_field(id);


--
-- Name: zkapp_states_nullable zkapp_states_nullable_element25_fkey; Type: FK CONSTRAINT; Schema: public; Owner: postgres
--

ALTER TABLE ONLY public.zkapp_states_nullable
    ADD CONSTRAINT zkapp_states_nullable_element25_fkey FOREIGN KEY (element25) REFERENCES public.zkapp_field(id);


--
-- Name: zkapp_states_nullable zkapp_states_nullable_element26_fkey; Type: FK CONSTRAINT; Schema: public; Owner: postgres
--

ALTER TABLE ONLY public.zkapp_states_nullable
    ADD CONSTRAINT zkapp_states_nullable_element26_fkey FOREIGN KEY (element26) REFERENCES public.zkapp_field(id);


--
-- Name: zkapp_states_nullable zkapp_states_nullable_element27_fkey; Type: FK CONSTRAINT; Schema: public; Owner: postgres
--

ALTER TABLE ONLY public.zkapp_states_nullable
    ADD CONSTRAINT zkapp_states_nullable_element27_fkey FOREIGN KEY (element27) REFERENCES public.zkapp_field(id);


--
-- Name: zkapp_states_nullable zkapp_states_nullable_element28_fkey; Type: FK CONSTRAINT; Schema: public; Owner: postgres
--

ALTER TABLE ONLY public.zkapp_states_nullable
    ADD CONSTRAINT zkapp_states_nullable_element28_fkey FOREIGN KEY (element28) REFERENCES public.zkapp_field(id);


--
-- Name: zkapp_states_nullable zkapp_states_nullable_element29_fkey; Type: FK CONSTRAINT; Schema: public; Owner: postgres
--

ALTER TABLE ONLY public.zkapp_states_nullable
    ADD CONSTRAINT zkapp_states_nullable_element29_fkey FOREIGN KEY (element29) REFERENCES public.zkapp_field(id);


--
-- Name: zkapp_states_nullable zkapp_states_nullable_element2_fkey; Type: FK CONSTRAINT; Schema: public; Owner: postgres
--

ALTER TABLE ONLY public.zkapp_states_nullable
    ADD CONSTRAINT zkapp_states_nullable_element2_fkey FOREIGN KEY (element2) REFERENCES public.zkapp_field(id);


--
-- Name: zkapp_states_nullable zkapp_states_nullable_element30_fkey; Type: FK CONSTRAINT; Schema: public; Owner: postgres
--

ALTER TABLE ONLY public.zkapp_states_nullable
    ADD CONSTRAINT zkapp_states_nullable_element30_fkey FOREIGN KEY (element30) REFERENCES public.zkapp_field(id);


--
-- Name: zkapp_states_nullable zkapp_states_nullable_element31_fkey; Type: FK CONSTRAINT; Schema: public; Owner: postgres
--

ALTER TABLE ONLY public.zkapp_states_nullable
    ADD CONSTRAINT zkapp_states_nullable_element31_fkey FOREIGN KEY (element31) REFERENCES public.zkapp_field(id);


--
-- Name: zkapp_states_nullable zkapp_states_nullable_element3_fkey; Type: FK CONSTRAINT; Schema: public; Owner: postgres
--

ALTER TABLE ONLY public.zkapp_states_nullable
    ADD CONSTRAINT zkapp_states_nullable_element3_fkey FOREIGN KEY (element3) REFERENCES public.zkapp_field(id);


--
-- Name: zkapp_states_nullable zkapp_states_nullable_element4_fkey; Type: FK CONSTRAINT; Schema: public; Owner: postgres
--

ALTER TABLE ONLY public.zkapp_states_nullable
    ADD CONSTRAINT zkapp_states_nullable_element4_fkey FOREIGN KEY (element4) REFERENCES public.zkapp_field(id);


--
-- Name: zkapp_states_nullable zkapp_states_nullable_element5_fkey; Type: FK CONSTRAINT; Schema: public; Owner: postgres
--

ALTER TABLE ONLY public.zkapp_states_nullable
    ADD CONSTRAINT zkapp_states_nullable_element5_fkey FOREIGN KEY (element5) REFERENCES public.zkapp_field(id);


--
-- Name: zkapp_states_nullable zkapp_states_nullable_element6_fkey; Type: FK CONSTRAINT; Schema: public; Owner: postgres
--

ALTER TABLE ONLY public.zkapp_states_nullable
    ADD CONSTRAINT zkapp_states_nullable_element6_fkey FOREIGN KEY (element6) REFERENCES public.zkapp_field(id);


--
-- Name: zkapp_states_nullable zkapp_states_nullable_element7_fkey; Type: FK CONSTRAINT; Schema: public; Owner: postgres
--

ALTER TABLE ONLY public.zkapp_states_nullable
    ADD CONSTRAINT zkapp_states_nullable_element7_fkey FOREIGN KEY (element7) REFERENCES public.zkapp_field(id);


--
-- Name: zkapp_states_nullable zkapp_states_nullable_element8_fkey; Type: FK CONSTRAINT; Schema: public; Owner: postgres
--

ALTER TABLE ONLY public.zkapp_states_nullable
    ADD CONSTRAINT zkapp_states_nullable_element8_fkey FOREIGN KEY (element8) REFERENCES public.zkapp_field(id);


--
-- Name: zkapp_states_nullable zkapp_states_nullable_element9_fkey; Type: FK CONSTRAINT; Schema: public; Owner: postgres
--

ALTER TABLE ONLY public.zkapp_states_nullable
    ADD CONSTRAINT zkapp_states_nullable_element9_fkey FOREIGN KEY (element9) REFERENCES public.zkapp_field(id);


--
-- Name: zkapp_updates zkapp_updates_app_state_id_fkey; Type: FK CONSTRAINT; Schema: public; Owner: postgres
--

ALTER TABLE ONLY public.zkapp_updates
    ADD CONSTRAINT zkapp_updates_app_state_id_fkey FOREIGN KEY (app_state_id) REFERENCES public.zkapp_states_nullable(id);


--
-- Name: zkapp_updates zkapp_updates_delegate_id_fkey; Type: FK CONSTRAINT; Schema: public; Owner: postgres
--

ALTER TABLE ONLY public.zkapp_updates
    ADD CONSTRAINT zkapp_updates_delegate_id_fkey FOREIGN KEY (delegate_id) REFERENCES public.public_keys(id);


--
-- Name: zkapp_updates zkapp_updates_permissions_id_fkey; Type: FK CONSTRAINT; Schema: public; Owner: postgres
--

ALTER TABLE ONLY public.zkapp_updates
    ADD CONSTRAINT zkapp_updates_permissions_id_fkey FOREIGN KEY (permissions_id) REFERENCES public.zkapp_permissions(id);


--
-- Name: zkapp_updates zkapp_updates_timing_id_fkey; Type: FK CONSTRAINT; Schema: public; Owner: postgres
--

ALTER TABLE ONLY public.zkapp_updates
    ADD CONSTRAINT zkapp_updates_timing_id_fkey FOREIGN KEY (timing_id) REFERENCES public.zkapp_timing_info(id);


--
-- Name: zkapp_updates zkapp_updates_token_symbol_id_fkey; Type: FK CONSTRAINT; Schema: public; Owner: postgres
--

ALTER TABLE ONLY public.zkapp_updates
    ADD CONSTRAINT zkapp_updates_token_symbol_id_fkey FOREIGN KEY (token_symbol_id) REFERENCES public.token_symbols(id);


--
-- Name: zkapp_updates zkapp_updates_verification_key_id_fkey; Type: FK CONSTRAINT; Schema: public; Owner: postgres
--

ALTER TABLE ONLY public.zkapp_updates
    ADD CONSTRAINT zkapp_updates_verification_key_id_fkey FOREIGN KEY (verification_key_id) REFERENCES public.zkapp_verification_keys(id);


--
-- Name: zkapp_updates zkapp_updates_voting_for_id_fkey; Type: FK CONSTRAINT; Schema: public; Owner: postgres
--

ALTER TABLE ONLY public.zkapp_updates
    ADD CONSTRAINT zkapp_updates_voting_for_id_fkey FOREIGN KEY (voting_for_id) REFERENCES public.voting_for(id);


--
-- Name: zkapp_updates zkapp_updates_zkapp_uri_id_fkey; Type: FK CONSTRAINT; Schema: public; Owner: postgres
--

ALTER TABLE ONLY public.zkapp_updates
    ADD CONSTRAINT zkapp_updates_zkapp_uri_id_fkey FOREIGN KEY (zkapp_uri_id) REFERENCES public.zkapp_uris(id);


--
-- Name: zkapp_verification_keys zkapp_verification_keys_hash_id_fkey; Type: FK CONSTRAINT; Schema: public; Owner: postgres
--

ALTER TABLE ONLY public.zkapp_verification_keys
    ADD CONSTRAINT zkapp_verification_keys_hash_id_fkey FOREIGN KEY (hash_id) REFERENCES public.zkapp_verification_key_hashes(id);


--
-- Name: SCHEMA public; Type: ACL; Schema: -; Owner: postgres
--

REVOKE USAGE ON SCHEMA public FROM PUBLIC;
GRANT ALL ON SCHEMA public TO PUBLIC;


--
-- PostgreSQL database dump complete
--

