--
-- PostgreSQL database dump
--

-- Dumped from database version 14.18
-- Dumped by pg_dump version 16.8

SET statement_timeout = 0;
SET lock_timeout = 0;
SET idle_in_transaction_session_timeout = 0;
SET client_encoding = 'UTF8';
SET standard_conforming_strings = on;
SELECT pg_catalog.set_config('search_path', '', false);
SET check_function_bodies = false;
SET xmloption = content;
SET client_min_messages = warning;
SET row_security = off;

--
-- Name: public; Type: SCHEMA; Schema: -; Owner: postgres
--

-- *not* creating schema, since initdb creates it


ALTER SCHEMA public OWNER TO postgres;

--
-- Name: authorization_kind_type; Type: TYPE; Schema: public; Owner: postgres
--

CREATE TYPE public.authorization_kind_type AS ENUM (
    'None_given',
    'Signature',
    'Proof'
);


ALTER TYPE public.authorization_kind_type OWNER TO postgres;

--
-- Name: chain_status_type; Type: TYPE; Schema: public; Owner: postgres
--

CREATE TYPE public.chain_status_type AS ENUM (
    'canonical',
    'orphaned',
    'pending'
);


ALTER TYPE public.chain_status_type OWNER TO postgres;

--
-- Name: internal_command_type; Type: TYPE; Schema: public; Owner: postgres
--

CREATE TYPE public.internal_command_type AS ENUM (
    'fee_transfer_via_coinbase',
    'fee_transfer',
    'coinbase'
);


ALTER TYPE public.internal_command_type OWNER TO postgres;

--
-- Name: may_use_token; Type: TYPE; Schema: public; Owner: postgres
--

CREATE TYPE public.may_use_token AS ENUM (
    'No',
    'ParentsOwnToken',
    'InheritFromParent'
);


ALTER TYPE public.may_use_token OWNER TO postgres;

--
-- Name: transaction_status; Type: TYPE; Schema: public; Owner: postgres
--

CREATE TYPE public.transaction_status AS ENUM (
    'applied',
    'failed'
);


ALTER TYPE public.transaction_status OWNER TO postgres;

--
-- Name: user_command_type; Type: TYPE; Schema: public; Owner: postgres
--

CREATE TYPE public.user_command_type AS ENUM (
    'payment',
    'delegation'
);


ALTER TYPE public.user_command_type OWNER TO postgres;

--
-- Name: zkapp_auth_required_type; Type: TYPE; Schema: public; Owner: postgres
--

CREATE TYPE public.zkapp_auth_required_type AS ENUM (
    'none',
    'either',
    'proof',
    'signature',
    'both',
    'impossible'
);


ALTER TYPE public.zkapp_auth_required_type OWNER TO postgres;

SET default_tablespace = '';

SET default_table_access_method = heap;

--
-- Name: account_identifiers; Type: TABLE; Schema: public; Owner: postgres
--

CREATE TABLE public.account_identifiers (
    id integer NOT NULL,
    public_key_id integer NOT NULL,
    token_id integer NOT NULL
);


ALTER TABLE public.account_identifiers OWNER TO postgres;

--
-- Name: account_identifiers_id_seq; Type: SEQUENCE; Schema: public; Owner: postgres
--

CREATE SEQUENCE public.account_identifiers_id_seq
    AS integer
    START WITH 1
    INCREMENT BY 1
    NO MINVALUE
    NO MAXVALUE
    CACHE 1;


ALTER SEQUENCE public.account_identifiers_id_seq OWNER TO postgres;

--
-- Name: account_identifiers_id_seq; Type: SEQUENCE OWNED BY; Schema: public; Owner: postgres
--

ALTER SEQUENCE public.account_identifiers_id_seq OWNED BY public.account_identifiers.id;


--
-- Name: accounts_accessed; Type: TABLE; Schema: public; Owner: postgres
--

CREATE TABLE public.accounts_accessed (
    ledger_index integer NOT NULL,
    block_id integer NOT NULL,
    account_identifier_id integer NOT NULL,
    token_symbol_id integer NOT NULL,
    balance text NOT NULL,
    nonce bigint NOT NULL,
    receipt_chain_hash text NOT NULL,
    delegate_id integer,
    voting_for_id integer NOT NULL,
    timing_id integer,
    permissions_id integer NOT NULL,
    zkapp_id integer
);


ALTER TABLE public.accounts_accessed OWNER TO postgres;

--
-- Name: accounts_created; Type: TABLE; Schema: public; Owner: postgres
--

CREATE TABLE public.accounts_created (
    block_id integer NOT NULL,
    account_identifier_id integer NOT NULL,
    creation_fee text NOT NULL
);


ALTER TABLE public.accounts_created OWNER TO postgres;

--
-- Name: blocks; Type: TABLE; Schema: public; Owner: postgres
--

CREATE TABLE public.blocks (
    id integer NOT NULL,
    state_hash text NOT NULL,
    parent_id integer,
    parent_hash text NOT NULL,
    creator_id integer NOT NULL,
    block_winner_id integer NOT NULL,
    last_vrf_output text NOT NULL,
    snarked_ledger_hash_id integer NOT NULL,
    staking_epoch_data_id integer NOT NULL,
    next_epoch_data_id integer NOT NULL,
    min_window_density bigint NOT NULL,
    sub_window_densities bigint[] NOT NULL,
    total_currency text NOT NULL,
    ledger_hash text NOT NULL,
    height bigint NOT NULL,
    global_slot_since_hard_fork bigint NOT NULL,
    global_slot_since_genesis bigint NOT NULL,
    protocol_version_id integer NOT NULL,
    proposed_protocol_version_id integer,
    "timestamp" text NOT NULL,
    chain_status public.chain_status_type NOT NULL
);


ALTER TABLE public.blocks OWNER TO postgres;

--
-- Name: blocks_id_seq; Type: SEQUENCE; Schema: public; Owner: postgres
--

CREATE SEQUENCE public.blocks_id_seq
    AS integer
    START WITH 1
    INCREMENT BY 1
    NO MINVALUE
    NO MAXVALUE
    CACHE 1;


ALTER SEQUENCE public.blocks_id_seq OWNER TO postgres;

--
-- Name: blocks_id_seq; Type: SEQUENCE OWNED BY; Schema: public; Owner: postgres
--

ALTER SEQUENCE public.blocks_id_seq OWNED BY public.blocks.id;


--
-- Name: blocks_internal_commands; Type: TABLE; Schema: public; Owner: postgres
--

CREATE TABLE public.blocks_internal_commands (
    block_id integer NOT NULL,
    internal_command_id integer NOT NULL,
    sequence_no integer NOT NULL,
    secondary_sequence_no integer NOT NULL,
    status public.transaction_status NOT NULL,
    failure_reason text
);


ALTER TABLE public.blocks_internal_commands OWNER TO postgres;

--
-- Name: blocks_user_commands; Type: TABLE; Schema: public; Owner: postgres
--

CREATE TABLE public.blocks_user_commands (
    block_id integer NOT NULL,
    user_command_id integer NOT NULL,
    sequence_no integer NOT NULL,
    status public.transaction_status NOT NULL,
    failure_reason text
);


ALTER TABLE public.blocks_user_commands OWNER TO postgres;

--
-- Name: blocks_zkapp_commands; Type: TABLE; Schema: public; Owner: postgres
--

CREATE TABLE public.blocks_zkapp_commands (
    block_id integer NOT NULL,
    zkapp_command_id integer NOT NULL,
    sequence_no integer NOT NULL,
    status public.transaction_status NOT NULL,
    failure_reasons_ids integer[]
);


ALTER TABLE public.blocks_zkapp_commands OWNER TO postgres;

--
-- Name: epoch_data; Type: TABLE; Schema: public; Owner: postgres
--

CREATE TABLE public.epoch_data (
    id integer NOT NULL,
    seed text NOT NULL,
    ledger_hash_id integer NOT NULL,
    total_currency text NOT NULL,
    start_checkpoint text NOT NULL,
    lock_checkpoint text NOT NULL,
    epoch_length bigint NOT NULL
);


ALTER TABLE public.epoch_data OWNER TO postgres;

--
-- Name: epoch_data_id_seq; Type: SEQUENCE; Schema: public; Owner: postgres
--

CREATE SEQUENCE public.epoch_data_id_seq
    AS integer
    START WITH 1
    INCREMENT BY 1
    NO MINVALUE
    NO MAXVALUE
    CACHE 1;


ALTER SEQUENCE public.epoch_data_id_seq OWNER TO postgres;

--
-- Name: epoch_data_id_seq; Type: SEQUENCE OWNED BY; Schema: public; Owner: postgres
--

ALTER SEQUENCE public.epoch_data_id_seq OWNED BY public.epoch_data.id;


--
-- Name: internal_commands; Type: TABLE; Schema: public; Owner: postgres
--

CREATE TABLE public.internal_commands (
    id integer NOT NULL,
    command_type public.internal_command_type NOT NULL,
    receiver_id integer NOT NULL,
    fee text NOT NULL,
    hash text NOT NULL
);


ALTER TABLE public.internal_commands OWNER TO postgres;

--
-- Name: internal_commands_id_seq; Type: SEQUENCE; Schema: public; Owner: postgres
--

CREATE SEQUENCE public.internal_commands_id_seq
    AS integer
    START WITH 1
    INCREMENT BY 1
    NO MINVALUE
    NO MAXVALUE
    CACHE 1;


ALTER SEQUENCE public.internal_commands_id_seq OWNER TO postgres;

--
-- Name: internal_commands_id_seq; Type: SEQUENCE OWNED BY; Schema: public; Owner: postgres
--

ALTER SEQUENCE public.internal_commands_id_seq OWNED BY public.internal_commands.id;


--
-- Name: protocol_versions; Type: TABLE; Schema: public; Owner: postgres
--

CREATE TABLE public.protocol_versions (
    id integer NOT NULL,
    transaction integer NOT NULL,
    network integer NOT NULL,
    patch integer NOT NULL
);


ALTER TABLE public.protocol_versions OWNER TO postgres;

--
-- Name: protocol_versions_id_seq; Type: SEQUENCE; Schema: public; Owner: postgres
--

CREATE SEQUENCE public.protocol_versions_id_seq
    AS integer
    START WITH 1
    INCREMENT BY 1
    NO MINVALUE
    NO MAXVALUE
    CACHE 1;


ALTER SEQUENCE public.protocol_versions_id_seq OWNER TO postgres;

--
-- Name: protocol_versions_id_seq; Type: SEQUENCE OWNED BY; Schema: public; Owner: postgres
--

ALTER SEQUENCE public.protocol_versions_id_seq OWNED BY public.protocol_versions.id;


--
-- Name: public_keys; Type: TABLE; Schema: public; Owner: postgres
--

CREATE TABLE public.public_keys (
    id integer NOT NULL,
    value text NOT NULL
);


ALTER TABLE public.public_keys OWNER TO postgres;

--
-- Name: public_keys_id_seq; Type: SEQUENCE; Schema: public; Owner: postgres
--

CREATE SEQUENCE public.public_keys_id_seq
    AS integer
    START WITH 1
    INCREMENT BY 1
    NO MINVALUE
    NO MAXVALUE
    CACHE 1;


ALTER SEQUENCE public.public_keys_id_seq OWNER TO postgres;

--
-- Name: public_keys_id_seq; Type: SEQUENCE OWNED BY; Schema: public; Owner: postgres
--

ALTER SEQUENCE public.public_keys_id_seq OWNED BY public.public_keys.id;


--
-- Name: snarked_ledger_hashes; Type: TABLE; Schema: public; Owner: postgres
--

CREATE TABLE public.snarked_ledger_hashes (
    id integer NOT NULL,
    value text NOT NULL
);


ALTER TABLE public.snarked_ledger_hashes OWNER TO postgres;

--
-- Name: snarked_ledger_hashes_id_seq; Type: SEQUENCE; Schema: public; Owner: postgres
--

CREATE SEQUENCE public.snarked_ledger_hashes_id_seq
    AS integer
    START WITH 1
    INCREMENT BY 1
    NO MINVALUE
    NO MAXVALUE
    CACHE 1;


ALTER SEQUENCE public.snarked_ledger_hashes_id_seq OWNER TO postgres;

--
-- Name: snarked_ledger_hashes_id_seq; Type: SEQUENCE OWNED BY; Schema: public; Owner: postgres
--

ALTER SEQUENCE public.snarked_ledger_hashes_id_seq OWNED BY public.snarked_ledger_hashes.id;


--
-- Name: timing_info; Type: TABLE; Schema: public; Owner: postgres
--

CREATE TABLE public.timing_info (
    id integer NOT NULL,
    account_identifier_id integer NOT NULL,
    initial_minimum_balance text NOT NULL,
    cliff_time bigint NOT NULL,
    cliff_amount text NOT NULL,
    vesting_period bigint NOT NULL,
    vesting_increment text NOT NULL
);


ALTER TABLE public.timing_info OWNER TO postgres;

--
-- Name: timing_info_id_seq; Type: SEQUENCE; Schema: public; Owner: postgres
--

CREATE SEQUENCE public.timing_info_id_seq
    AS integer
    START WITH 1
    INCREMENT BY 1
    NO MINVALUE
    NO MAXVALUE
    CACHE 1;


ALTER SEQUENCE public.timing_info_id_seq OWNER TO postgres;

--
-- Name: timing_info_id_seq; Type: SEQUENCE OWNED BY; Schema: public; Owner: postgres
--

ALTER SEQUENCE public.timing_info_id_seq OWNED BY public.timing_info.id;


--
-- Name: token_symbols; Type: TABLE; Schema: public; Owner: postgres
--

CREATE TABLE public.token_symbols (
    id integer NOT NULL,
    value text NOT NULL
);


ALTER TABLE public.token_symbols OWNER TO postgres;

--
-- Name: token_symbols_id_seq; Type: SEQUENCE; Schema: public; Owner: postgres
--

CREATE SEQUENCE public.token_symbols_id_seq
    AS integer
    START WITH 1
    INCREMENT BY 1
    NO MINVALUE
    NO MAXVALUE
    CACHE 1;


ALTER SEQUENCE public.token_symbols_id_seq OWNER TO postgres;

--
-- Name: token_symbols_id_seq; Type: SEQUENCE OWNED BY; Schema: public; Owner: postgres
--

ALTER SEQUENCE public.token_symbols_id_seq OWNED BY public.token_symbols.id;


--
-- Name: tokens; Type: TABLE; Schema: public; Owner: postgres
--

CREATE TABLE public.tokens (
    id integer NOT NULL,
    value text NOT NULL,
    owner_public_key_id integer,
    owner_token_id integer
);


ALTER TABLE public.tokens OWNER TO postgres;

--
-- Name: tokens_id_seq; Type: SEQUENCE; Schema: public; Owner: postgres
--

CREATE SEQUENCE public.tokens_id_seq
    AS integer
    START WITH 1
    INCREMENT BY 1
    NO MINVALUE
    NO MAXVALUE
    CACHE 1;


ALTER SEQUENCE public.tokens_id_seq OWNER TO postgres;

--
-- Name: tokens_id_seq; Type: SEQUENCE OWNED BY; Schema: public; Owner: postgres
--

ALTER SEQUENCE public.tokens_id_seq OWNED BY public.tokens.id;


--
-- Name: user_commands; Type: TABLE; Schema: public; Owner: postgres
--

CREATE TABLE public.user_commands (
    id integer NOT NULL,
    command_type public.user_command_type NOT NULL,
    fee_payer_id integer NOT NULL,
    source_id integer NOT NULL,
    receiver_id integer NOT NULL,
    nonce bigint NOT NULL,
    amount text,
    fee text NOT NULL,
    valid_until bigint,
    memo text NOT NULL,
    hash text NOT NULL
);


ALTER TABLE public.user_commands OWNER TO postgres;

--
-- Name: user_commands_id_seq; Type: SEQUENCE; Schema: public; Owner: postgres
--

CREATE SEQUENCE public.user_commands_id_seq
    AS integer
    START WITH 1
    INCREMENT BY 1
    NO MINVALUE
    NO MAXVALUE
    CACHE 1;


ALTER SEQUENCE public.user_commands_id_seq OWNER TO postgres;

--
-- Name: user_commands_id_seq; Type: SEQUENCE OWNED BY; Schema: public; Owner: postgres
--

ALTER SEQUENCE public.user_commands_id_seq OWNED BY public.user_commands.id;


--
-- Name: voting_for; Type: TABLE; Schema: public; Owner: postgres
--

CREATE TABLE public.voting_for (
    id integer NOT NULL,
    value text NOT NULL
);


ALTER TABLE public.voting_for OWNER TO postgres;

--
-- Name: voting_for_id_seq; Type: SEQUENCE; Schema: public; Owner: postgres
--

CREATE SEQUENCE public.voting_for_id_seq
    AS integer
    START WITH 1
    INCREMENT BY 1
    NO MINVALUE
    NO MAXVALUE
    CACHE 1;


ALTER SEQUENCE public.voting_for_id_seq OWNER TO postgres;

--
-- Name: voting_for_id_seq; Type: SEQUENCE OWNED BY; Schema: public; Owner: postgres
--

ALTER SEQUENCE public.voting_for_id_seq OWNED BY public.voting_for.id;


--
-- Name: zkapp_account_precondition; Type: TABLE; Schema: public; Owner: postgres
--

CREATE TABLE public.zkapp_account_precondition (
    id integer NOT NULL,
    balance_id integer,
    nonce_id integer,
    receipt_chain_hash text,
    delegate_id integer,
    state_id integer NOT NULL,
    action_state_id integer,
    proved_state boolean,
    is_new boolean
);


ALTER TABLE public.zkapp_account_precondition OWNER TO postgres;

--
-- Name: zkapp_account_precondition_id_seq; Type: SEQUENCE; Schema: public; Owner: postgres
--

CREATE SEQUENCE public.zkapp_account_precondition_id_seq
    AS integer
    START WITH 1
    INCREMENT BY 1
    NO MINVALUE
    NO MAXVALUE
    CACHE 1;


ALTER SEQUENCE public.zkapp_account_precondition_id_seq OWNER TO postgres;

--
-- Name: zkapp_account_precondition_id_seq; Type: SEQUENCE OWNED BY; Schema: public; Owner: postgres
--

ALTER SEQUENCE public.zkapp_account_precondition_id_seq OWNED BY public.zkapp_account_precondition.id;


--
-- Name: zkapp_account_update; Type: TABLE; Schema: public; Owner: postgres
--

CREATE TABLE public.zkapp_account_update (
    id integer NOT NULL,
    body_id integer NOT NULL
);


ALTER TABLE public.zkapp_account_update OWNER TO postgres;

--
-- Name: zkapp_account_update_body; Type: TABLE; Schema: public; Owner: postgres
--

CREATE TABLE public.zkapp_account_update_body (
    id integer NOT NULL,
    account_identifier_id integer NOT NULL,
    update_id integer NOT NULL,
    balance_change text NOT NULL,
    increment_nonce boolean NOT NULL,
    events_id integer NOT NULL,
    actions_id integer NOT NULL,
    call_data_id integer NOT NULL,
    call_depth integer NOT NULL,
    zkapp_network_precondition_id integer NOT NULL,
    zkapp_account_precondition_id integer NOT NULL,
    zkapp_valid_while_precondition_id integer,
    use_full_commitment boolean NOT NULL,
    implicit_account_creation_fee boolean NOT NULL,
    may_use_token public.may_use_token NOT NULL,
    authorization_kind public.authorization_kind_type NOT NULL,
    verification_key_hash_id integer
);


ALTER TABLE public.zkapp_account_update_body OWNER TO postgres;

--
-- Name: zkapp_account_update_body_id_seq; Type: SEQUENCE; Schema: public; Owner: postgres
--

CREATE SEQUENCE public.zkapp_account_update_body_id_seq
    AS integer
    START WITH 1
    INCREMENT BY 1
    NO MINVALUE
    NO MAXVALUE
    CACHE 1;


ALTER SEQUENCE public.zkapp_account_update_body_id_seq OWNER TO postgres;

--
-- Name: zkapp_account_update_body_id_seq; Type: SEQUENCE OWNED BY; Schema: public; Owner: postgres
--

ALTER SEQUENCE public.zkapp_account_update_body_id_seq OWNED BY public.zkapp_account_update_body.id;


--
-- Name: zkapp_account_update_failures; Type: TABLE; Schema: public; Owner: postgres
--

CREATE TABLE public.zkapp_account_update_failures (
    id integer NOT NULL,
    index integer NOT NULL,
    failures text[] NOT NULL
);


ALTER TABLE public.zkapp_account_update_failures OWNER TO postgres;

--
-- Name: zkapp_account_update_failures_id_seq; Type: SEQUENCE; Schema: public; Owner: postgres
--

CREATE SEQUENCE public.zkapp_account_update_failures_id_seq
    AS integer
    START WITH 1
    INCREMENT BY 1
    NO MINVALUE
    NO MAXVALUE
    CACHE 1;


ALTER SEQUENCE public.zkapp_account_update_failures_id_seq OWNER TO postgres;

--
-- Name: zkapp_account_update_failures_id_seq; Type: SEQUENCE OWNED BY; Schema: public; Owner: postgres
--

ALTER SEQUENCE public.zkapp_account_update_failures_id_seq OWNED BY public.zkapp_account_update_failures.id;


--
-- Name: zkapp_account_update_id_seq; Type: SEQUENCE; Schema: public; Owner: postgres
--

CREATE SEQUENCE public.zkapp_account_update_id_seq
    AS integer
    START WITH 1
    INCREMENT BY 1
    NO MINVALUE
    NO MAXVALUE
    CACHE 1;


ALTER SEQUENCE public.zkapp_account_update_id_seq OWNER TO postgres;

--
-- Name: zkapp_account_update_id_seq; Type: SEQUENCE OWNED BY; Schema: public; Owner: postgres
--

ALTER SEQUENCE public.zkapp_account_update_id_seq OWNED BY public.zkapp_account_update.id;


--
-- Name: zkapp_accounts; Type: TABLE; Schema: public; Owner: postgres
--

CREATE TABLE public.zkapp_accounts (
    id integer NOT NULL,
    app_state_id integer NOT NULL,
    verification_key_id integer,
    zkapp_version bigint NOT NULL,
    action_state_id integer NOT NULL,
    last_action_slot bigint NOT NULL,
    proved_state boolean NOT NULL,
    zkapp_uri_id integer NOT NULL
);


ALTER TABLE public.zkapp_accounts OWNER TO postgres;

--
-- Name: zkapp_accounts_id_seq; Type: SEQUENCE; Schema: public; Owner: postgres
--

CREATE SEQUENCE public.zkapp_accounts_id_seq
    AS integer
    START WITH 1
    INCREMENT BY 1
    NO MINVALUE
    NO MAXVALUE
    CACHE 1;


ALTER SEQUENCE public.zkapp_accounts_id_seq OWNER TO postgres;

--
-- Name: zkapp_accounts_id_seq; Type: SEQUENCE OWNED BY; Schema: public; Owner: postgres
--

ALTER SEQUENCE public.zkapp_accounts_id_seq OWNED BY public.zkapp_accounts.id;


--
-- Name: zkapp_action_states; Type: TABLE; Schema: public; Owner: postgres
--

CREATE TABLE public.zkapp_action_states (
    id integer NOT NULL,
    element0 integer NOT NULL,
    element1 integer NOT NULL,
    element2 integer NOT NULL,
    element3 integer NOT NULL,
    element4 integer NOT NULL
);


ALTER TABLE public.zkapp_action_states OWNER TO postgres;

--
-- Name: zkapp_action_states_id_seq; Type: SEQUENCE; Schema: public; Owner: postgres
--

CREATE SEQUENCE public.zkapp_action_states_id_seq
    AS integer
    START WITH 1
    INCREMENT BY 1
    NO MINVALUE
    NO MAXVALUE
    CACHE 1;


ALTER SEQUENCE public.zkapp_action_states_id_seq OWNER TO postgres;

--
-- Name: zkapp_action_states_id_seq; Type: SEQUENCE OWNED BY; Schema: public; Owner: postgres
--

ALTER SEQUENCE public.zkapp_action_states_id_seq OWNED BY public.zkapp_action_states.id;


--
-- Name: zkapp_amount_bounds; Type: TABLE; Schema: public; Owner: postgres
--

CREATE TABLE public.zkapp_amount_bounds (
    id integer NOT NULL,
    amount_lower_bound text NOT NULL,
    amount_upper_bound text NOT NULL
);


ALTER TABLE public.zkapp_amount_bounds OWNER TO postgres;

--
-- Name: zkapp_amount_bounds_id_seq; Type: SEQUENCE; Schema: public; Owner: postgres
--

CREATE SEQUENCE public.zkapp_amount_bounds_id_seq
    AS integer
    START WITH 1
    INCREMENT BY 1
    NO MINVALUE
    NO MAXVALUE
    CACHE 1;


ALTER SEQUENCE public.zkapp_amount_bounds_id_seq OWNER TO postgres;

--
-- Name: zkapp_amount_bounds_id_seq; Type: SEQUENCE OWNED BY; Schema: public; Owner: postgres
--

ALTER SEQUENCE public.zkapp_amount_bounds_id_seq OWNED BY public.zkapp_amount_bounds.id;


--
-- Name: zkapp_balance_bounds; Type: TABLE; Schema: public; Owner: postgres
--

CREATE TABLE public.zkapp_balance_bounds (
    id integer NOT NULL,
    balance_lower_bound text NOT NULL,
    balance_upper_bound text NOT NULL
);


ALTER TABLE public.zkapp_balance_bounds OWNER TO postgres;

--
-- Name: zkapp_balance_bounds_id_seq; Type: SEQUENCE; Schema: public; Owner: postgres
--

CREATE SEQUENCE public.zkapp_balance_bounds_id_seq
    AS integer
    START WITH 1
    INCREMENT BY 1
    NO MINVALUE
    NO MAXVALUE
    CACHE 1;


ALTER SEQUENCE public.zkapp_balance_bounds_id_seq OWNER TO postgres;

--
-- Name: zkapp_balance_bounds_id_seq; Type: SEQUENCE OWNED BY; Schema: public; Owner: postgres
--

ALTER SEQUENCE public.zkapp_balance_bounds_id_seq OWNED BY public.zkapp_balance_bounds.id;


--
-- Name: zkapp_commands; Type: TABLE; Schema: public; Owner: postgres
--

CREATE TABLE public.zkapp_commands (
    id integer NOT NULL,
    zkapp_fee_payer_body_id integer NOT NULL,
    zkapp_account_updates_ids integer[] NOT NULL,
    memo text NOT NULL,
    hash text NOT NULL
);


ALTER TABLE public.zkapp_commands OWNER TO postgres;

--
-- Name: zkapp_commands_id_seq; Type: SEQUENCE; Schema: public; Owner: postgres
--

CREATE SEQUENCE public.zkapp_commands_id_seq
    AS integer
    START WITH 1
    INCREMENT BY 1
    NO MINVALUE
    NO MAXVALUE
    CACHE 1;


ALTER SEQUENCE public.zkapp_commands_id_seq OWNER TO postgres;

--
-- Name: zkapp_commands_id_seq; Type: SEQUENCE OWNED BY; Schema: public; Owner: postgres
--

ALTER SEQUENCE public.zkapp_commands_id_seq OWNED BY public.zkapp_commands.id;


--
-- Name: zkapp_epoch_data; Type: TABLE; Schema: public; Owner: postgres
--

CREATE TABLE public.zkapp_epoch_data (
    id integer NOT NULL,
    epoch_ledger_id integer,
    epoch_seed text,
    start_checkpoint text,
    lock_checkpoint text,
    epoch_length_id integer
);


ALTER TABLE public.zkapp_epoch_data OWNER TO postgres;

--
-- Name: zkapp_epoch_data_id_seq; Type: SEQUENCE; Schema: public; Owner: postgres
--

CREATE SEQUENCE public.zkapp_epoch_data_id_seq
    AS integer
    START WITH 1
    INCREMENT BY 1
    NO MINVALUE
    NO MAXVALUE
    CACHE 1;


ALTER SEQUENCE public.zkapp_epoch_data_id_seq OWNER TO postgres;

--
-- Name: zkapp_epoch_data_id_seq; Type: SEQUENCE OWNED BY; Schema: public; Owner: postgres
--

ALTER SEQUENCE public.zkapp_epoch_data_id_seq OWNED BY public.zkapp_epoch_data.id;


--
-- Name: zkapp_epoch_ledger; Type: TABLE; Schema: public; Owner: postgres
--

CREATE TABLE public.zkapp_epoch_ledger (
    id integer NOT NULL,
    hash_id integer,
    total_currency_id integer
);


ALTER TABLE public.zkapp_epoch_ledger OWNER TO postgres;

--
-- Name: zkapp_epoch_ledger_id_seq; Type: SEQUENCE; Schema: public; Owner: postgres
--

CREATE SEQUENCE public.zkapp_epoch_ledger_id_seq
    AS integer
    START WITH 1
    INCREMENT BY 1
    NO MINVALUE
    NO MAXVALUE
    CACHE 1;


ALTER SEQUENCE public.zkapp_epoch_ledger_id_seq OWNER TO postgres;

--
-- Name: zkapp_epoch_ledger_id_seq; Type: SEQUENCE OWNED BY; Schema: public; Owner: postgres
--

ALTER SEQUENCE public.zkapp_epoch_ledger_id_seq OWNED BY public.zkapp_epoch_ledger.id;


--
-- Name: zkapp_events; Type: TABLE; Schema: public; Owner: postgres
--

CREATE TABLE public.zkapp_events (
    id integer NOT NULL,
    element_ids integer[] NOT NULL
);


ALTER TABLE public.zkapp_events OWNER TO postgres;

--
-- Name: zkapp_events_id_seq; Type: SEQUENCE; Schema: public; Owner: postgres
--

CREATE SEQUENCE public.zkapp_events_id_seq
    AS integer
    START WITH 1
    INCREMENT BY 1
    NO MINVALUE
    NO MAXVALUE
    CACHE 1;


ALTER SEQUENCE public.zkapp_events_id_seq OWNER TO postgres;

--
-- Name: zkapp_events_id_seq; Type: SEQUENCE OWNED BY; Schema: public; Owner: postgres
--

ALTER SEQUENCE public.zkapp_events_id_seq OWNED BY public.zkapp_events.id;


--
-- Name: zkapp_fee_payer_body; Type: TABLE; Schema: public; Owner: postgres
--

CREATE TABLE public.zkapp_fee_payer_body (
    id integer NOT NULL,
    public_key_id integer NOT NULL,
    fee text NOT NULL,
    valid_until bigint,
    nonce bigint NOT NULL
);


ALTER TABLE public.zkapp_fee_payer_body OWNER TO postgres;

--
-- Name: zkapp_fee_payer_body_id_seq; Type: SEQUENCE; Schema: public; Owner: postgres
--

CREATE SEQUENCE public.zkapp_fee_payer_body_id_seq
    AS integer
    START WITH 1
    INCREMENT BY 1
    NO MINVALUE
    NO MAXVALUE
    CACHE 1;


ALTER SEQUENCE public.zkapp_fee_payer_body_id_seq OWNER TO postgres;

--
-- Name: zkapp_fee_payer_body_id_seq; Type: SEQUENCE OWNED BY; Schema: public; Owner: postgres
--

ALTER SEQUENCE public.zkapp_fee_payer_body_id_seq OWNED BY public.zkapp_fee_payer_body.id;


--
-- Name: zkapp_field; Type: TABLE; Schema: public; Owner: postgres
--

CREATE TABLE public.zkapp_field (
    id integer NOT NULL,
    field text NOT NULL
);


ALTER TABLE public.zkapp_field OWNER TO postgres;

--
-- Name: zkapp_field_array; Type: TABLE; Schema: public; Owner: postgres
--

CREATE TABLE public.zkapp_field_array (
    id integer NOT NULL,
    element_ids integer[] NOT NULL
);


ALTER TABLE public.zkapp_field_array OWNER TO postgres;

--
-- Name: zkapp_field_array_id_seq; Type: SEQUENCE; Schema: public; Owner: postgres
--

CREATE SEQUENCE public.zkapp_field_array_id_seq
    AS integer
    START WITH 1
    INCREMENT BY 1
    NO MINVALUE
    NO MAXVALUE
    CACHE 1;


ALTER SEQUENCE public.zkapp_field_array_id_seq OWNER TO postgres;

--
-- Name: zkapp_field_array_id_seq; Type: SEQUENCE OWNED BY; Schema: public; Owner: postgres
--

ALTER SEQUENCE public.zkapp_field_array_id_seq OWNED BY public.zkapp_field_array.id;


--
-- Name: zkapp_field_id_seq; Type: SEQUENCE; Schema: public; Owner: postgres
--

CREATE SEQUENCE public.zkapp_field_id_seq
    AS integer
    START WITH 1
    INCREMENT BY 1
    NO MINVALUE
    NO MAXVALUE
    CACHE 1;


ALTER SEQUENCE public.zkapp_field_id_seq OWNER TO postgres;

--
-- Name: zkapp_field_id_seq; Type: SEQUENCE OWNED BY; Schema: public; Owner: postgres
--

ALTER SEQUENCE public.zkapp_field_id_seq OWNED BY public.zkapp_field.id;


--
-- Name: zkapp_global_slot_bounds; Type: TABLE; Schema: public; Owner: postgres
--

CREATE TABLE public.zkapp_global_slot_bounds (
    id integer NOT NULL,
    global_slot_lower_bound bigint NOT NULL,
    global_slot_upper_bound bigint NOT NULL
);


ALTER TABLE public.zkapp_global_slot_bounds OWNER TO postgres;

--
-- Name: zkapp_global_slot_bounds_id_seq; Type: SEQUENCE; Schema: public; Owner: postgres
--

CREATE SEQUENCE public.zkapp_global_slot_bounds_id_seq
    AS integer
    START WITH 1
    INCREMENT BY 1
    NO MINVALUE
    NO MAXVALUE
    CACHE 1;


ALTER SEQUENCE public.zkapp_global_slot_bounds_id_seq OWNER TO postgres;

--
-- Name: zkapp_global_slot_bounds_id_seq; Type: SEQUENCE OWNED BY; Schema: public; Owner: postgres
--

ALTER SEQUENCE public.zkapp_global_slot_bounds_id_seq OWNED BY public.zkapp_global_slot_bounds.id;


--
-- Name: zkapp_length_bounds; Type: TABLE; Schema: public; Owner: postgres
--

CREATE TABLE public.zkapp_length_bounds (
    id integer NOT NULL,
    length_lower_bound bigint NOT NULL,
    length_upper_bound bigint NOT NULL
);


ALTER TABLE public.zkapp_length_bounds OWNER TO postgres;

--
-- Name: zkapp_length_bounds_id_seq; Type: SEQUENCE; Schema: public; Owner: postgres
--

CREATE SEQUENCE public.zkapp_length_bounds_id_seq
    AS integer
    START WITH 1
    INCREMENT BY 1
    NO MINVALUE
    NO MAXVALUE
    CACHE 1;


ALTER SEQUENCE public.zkapp_length_bounds_id_seq OWNER TO postgres;

--
-- Name: zkapp_length_bounds_id_seq; Type: SEQUENCE OWNED BY; Schema: public; Owner: postgres
--

ALTER SEQUENCE public.zkapp_length_bounds_id_seq OWNED BY public.zkapp_length_bounds.id;


--
-- Name: zkapp_network_precondition; Type: TABLE; Schema: public; Owner: postgres
--

CREATE TABLE public.zkapp_network_precondition (
    id integer NOT NULL,
    snarked_ledger_hash_id integer,
    blockchain_length_id integer,
    min_window_density_id integer,
    total_currency_id integer,
    global_slot_since_genesis integer,
    staking_epoch_data_id integer,
    next_epoch_data_id integer
);


ALTER TABLE public.zkapp_network_precondition OWNER TO postgres;

--
-- Name: zkapp_network_precondition_id_seq; Type: SEQUENCE; Schema: public; Owner: postgres
--

CREATE SEQUENCE public.zkapp_network_precondition_id_seq
    AS integer
    START WITH 1
    INCREMENT BY 1
    NO MINVALUE
    NO MAXVALUE
    CACHE 1;


ALTER SEQUENCE public.zkapp_network_precondition_id_seq OWNER TO postgres;

--
-- Name: zkapp_network_precondition_id_seq; Type: SEQUENCE OWNED BY; Schema: public; Owner: postgres
--

ALTER SEQUENCE public.zkapp_network_precondition_id_seq OWNED BY public.zkapp_network_precondition.id;


--
-- Name: zkapp_nonce_bounds; Type: TABLE; Schema: public; Owner: postgres
--

CREATE TABLE public.zkapp_nonce_bounds (
    id integer NOT NULL,
    nonce_lower_bound bigint NOT NULL,
    nonce_upper_bound bigint NOT NULL
);


ALTER TABLE public.zkapp_nonce_bounds OWNER TO postgres;

--
-- Name: zkapp_nonce_bounds_id_seq; Type: SEQUENCE; Schema: public; Owner: postgres
--

CREATE SEQUENCE public.zkapp_nonce_bounds_id_seq
    AS integer
    START WITH 1
    INCREMENT BY 1
    NO MINVALUE
    NO MAXVALUE
    CACHE 1;


ALTER SEQUENCE public.zkapp_nonce_bounds_id_seq OWNER TO postgres;

--
-- Name: zkapp_nonce_bounds_id_seq; Type: SEQUENCE OWNED BY; Schema: public; Owner: postgres
--

ALTER SEQUENCE public.zkapp_nonce_bounds_id_seq OWNED BY public.zkapp_nonce_bounds.id;


--
-- Name: zkapp_permissions; Type: TABLE; Schema: public; Owner: postgres
--

CREATE TABLE public.zkapp_permissions (
    id integer NOT NULL,
    edit_state public.zkapp_auth_required_type NOT NULL,
    send public.zkapp_auth_required_type NOT NULL,
    receive public.zkapp_auth_required_type NOT NULL,
    access public.zkapp_auth_required_type NOT NULL,
    set_delegate public.zkapp_auth_required_type NOT NULL,
    set_permissions public.zkapp_auth_required_type NOT NULL,
    set_verification_key_auth public.zkapp_auth_required_type NOT NULL,
    set_verification_key_txn_version integer NOT NULL,
    set_zkapp_uri public.zkapp_auth_required_type NOT NULL,
    edit_action_state public.zkapp_auth_required_type NOT NULL,
    set_token_symbol public.zkapp_auth_required_type NOT NULL,
    increment_nonce public.zkapp_auth_required_type NOT NULL,
    set_voting_for public.zkapp_auth_required_type NOT NULL,
    set_timing public.zkapp_auth_required_type NOT NULL
);


ALTER TABLE public.zkapp_permissions OWNER TO postgres;

--
-- Name: zkapp_permissions_id_seq; Type: SEQUENCE; Schema: public; Owner: postgres
--

CREATE SEQUENCE public.zkapp_permissions_id_seq
    AS integer
    START WITH 1
    INCREMENT BY 1
    NO MINVALUE
    NO MAXVALUE
    CACHE 1;


ALTER SEQUENCE public.zkapp_permissions_id_seq OWNER TO postgres;

--
-- Name: zkapp_permissions_id_seq; Type: SEQUENCE OWNED BY; Schema: public; Owner: postgres
--

ALTER SEQUENCE public.zkapp_permissions_id_seq OWNED BY public.zkapp_permissions.id;


--
-- Name: zkapp_states; Type: TABLE; Schema: public; Owner: postgres
--

CREATE TABLE public.zkapp_states (
    id integer NOT NULL,
    element0 integer NOT NULL,
    element1 integer NOT NULL,
    element2 integer NOT NULL,
    element3 integer NOT NULL,
    element4 integer NOT NULL,
    element5 integer NOT NULL,
    element6 integer NOT NULL,
    element7 integer NOT NULL,
    element8 integer NOT NULL,
    element9 integer NOT NULL,
    element10 integer NOT NULL,
    element11 integer NOT NULL,
    element12 integer NOT NULL,
    element13 integer NOT NULL,
    element14 integer NOT NULL,
    element15 integer NOT NULL,
    element16 integer NOT NULL,
    element17 integer NOT NULL,
    element18 integer NOT NULL,
    element19 integer NOT NULL,
    element20 integer NOT NULL,
    element21 integer NOT NULL,
    element22 integer NOT NULL,
    element23 integer NOT NULL,
    element24 integer NOT NULL,
    element25 integer NOT NULL,
    element26 integer NOT NULL,
    element27 integer NOT NULL,
    element28 integer NOT NULL,
    element29 integer NOT NULL,
    element30 integer NOT NULL,
    element31 integer NOT NULL
);


ALTER TABLE public.zkapp_states OWNER TO postgres;

--
-- Name: zkapp_states_id_seq; Type: SEQUENCE; Schema: public; Owner: postgres
--

CREATE SEQUENCE public.zkapp_states_id_seq
    AS integer
    START WITH 1
    INCREMENT BY 1
    NO MINVALUE
    NO MAXVALUE
    CACHE 1;


ALTER SEQUENCE public.zkapp_states_id_seq OWNER TO postgres;

--
-- Name: zkapp_states_id_seq; Type: SEQUENCE OWNED BY; Schema: public; Owner: postgres
--

ALTER SEQUENCE public.zkapp_states_id_seq OWNED BY public.zkapp_states.id;


--
-- Name: zkapp_states_nullable; Type: TABLE; Schema: public; Owner: postgres
--

CREATE TABLE public.zkapp_states_nullable (
    id integer NOT NULL,
    element0 integer,
    element1 integer,
    element2 integer,
    element3 integer,
    element4 integer,
    element5 integer,
    element6 integer,
    element7 integer,
    element8 integer,
    element9 integer,
    element10 integer,
    element11 integer,
    element12 integer,
    element13 integer,
    element14 integer,
    element15 integer,
    element16 integer,
    element17 integer,
    element18 integer,
    element19 integer,
    element20 integer,
    element21 integer,
    element22 integer,
    element23 integer,
    element24 integer,
    element25 integer,
    element26 integer,
    element27 integer,
    element28 integer,
    element29 integer,
    element30 integer,
    element31 integer
);


ALTER TABLE public.zkapp_states_nullable OWNER TO postgres;

--
-- Name: zkapp_states_nullable_id_seq; Type: SEQUENCE; Schema: public; Owner: postgres
--

CREATE SEQUENCE public.zkapp_states_nullable_id_seq
    AS integer
    START WITH 1
    INCREMENT BY 1
    NO MINVALUE
    NO MAXVALUE
    CACHE 1;


ALTER SEQUENCE public.zkapp_states_nullable_id_seq OWNER TO postgres;

--
-- Name: zkapp_states_nullable_id_seq; Type: SEQUENCE OWNED BY; Schema: public; Owner: postgres
--

ALTER SEQUENCE public.zkapp_states_nullable_id_seq OWNED BY public.zkapp_states_nullable.id;


--
-- Name: zkapp_timing_info; Type: TABLE; Schema: public; Owner: postgres
--

CREATE TABLE public.zkapp_timing_info (
    id integer NOT NULL,
    initial_minimum_balance text NOT NULL,
    cliff_time bigint NOT NULL,
    cliff_amount text NOT NULL,
    vesting_period bigint NOT NULL,
    vesting_increment text NOT NULL
);


ALTER TABLE public.zkapp_timing_info OWNER TO postgres;

--
-- Name: zkapp_timing_info_id_seq; Type: SEQUENCE; Schema: public; Owner: postgres
--

CREATE SEQUENCE public.zkapp_timing_info_id_seq
    AS integer
    START WITH 1
    INCREMENT BY 1
    NO MINVALUE
    NO MAXVALUE
    CACHE 1;


ALTER SEQUENCE public.zkapp_timing_info_id_seq OWNER TO postgres;

--
-- Name: zkapp_timing_info_id_seq; Type: SEQUENCE OWNED BY; Schema: public; Owner: postgres
--

ALTER SEQUENCE public.zkapp_timing_info_id_seq OWNED BY public.zkapp_timing_info.id;


--
-- Name: zkapp_token_id_bounds; Type: TABLE; Schema: public; Owner: postgres
--

CREATE TABLE public.zkapp_token_id_bounds (
    id integer NOT NULL,
    token_id_lower_bound text NOT NULL,
    token_id_upper_bound text NOT NULL
);


ALTER TABLE public.zkapp_token_id_bounds OWNER TO postgres;

--
-- Name: zkapp_token_id_bounds_id_seq; Type: SEQUENCE; Schema: public; Owner: postgres
--

CREATE SEQUENCE public.zkapp_token_id_bounds_id_seq
    AS integer
    START WITH 1
    INCREMENT BY 1
    NO MINVALUE
    NO MAXVALUE
    CACHE 1;


ALTER SEQUENCE public.zkapp_token_id_bounds_id_seq OWNER TO postgres;

--
-- Name: zkapp_token_id_bounds_id_seq; Type: SEQUENCE OWNED BY; Schema: public; Owner: postgres
--

ALTER SEQUENCE public.zkapp_token_id_bounds_id_seq OWNED BY public.zkapp_token_id_bounds.id;


--
-- Name: zkapp_updates; Type: TABLE; Schema: public; Owner: postgres
--

CREATE TABLE public.zkapp_updates (
    id integer NOT NULL,
    app_state_id integer NOT NULL,
    delegate_id integer,
    verification_key_id integer,
    permissions_id integer,
    zkapp_uri_id integer,
    token_symbol_id integer,
    timing_id integer,
    voting_for_id integer
);


ALTER TABLE public.zkapp_updates OWNER TO postgres;

--
-- Name: zkapp_updates_id_seq; Type: SEQUENCE; Schema: public; Owner: postgres
--

CREATE SEQUENCE public.zkapp_updates_id_seq
    AS integer
    START WITH 1
    INCREMENT BY 1
    NO MINVALUE
    NO MAXVALUE
    CACHE 1;


ALTER SEQUENCE public.zkapp_updates_id_seq OWNER TO postgres;

--
-- Name: zkapp_updates_id_seq; Type: SEQUENCE OWNED BY; Schema: public; Owner: postgres
--

ALTER SEQUENCE public.zkapp_updates_id_seq OWNED BY public.zkapp_updates.id;


--
-- Name: zkapp_uris; Type: TABLE; Schema: public; Owner: postgres
--

CREATE TABLE public.zkapp_uris (
    id integer NOT NULL,
    value text NOT NULL
);


ALTER TABLE public.zkapp_uris OWNER TO postgres;

--
-- Name: zkapp_uris_id_seq; Type: SEQUENCE; Schema: public; Owner: postgres
--

CREATE SEQUENCE public.zkapp_uris_id_seq
    AS integer
    START WITH 1
    INCREMENT BY 1
    NO MINVALUE
    NO MAXVALUE
    CACHE 1;


ALTER SEQUENCE public.zkapp_uris_id_seq OWNER TO postgres;

--
-- Name: zkapp_uris_id_seq; Type: SEQUENCE OWNED BY; Schema: public; Owner: postgres
--

ALTER SEQUENCE public.zkapp_uris_id_seq OWNED BY public.zkapp_uris.id;


--
-- Name: zkapp_verification_key_hashes; Type: TABLE; Schema: public; Owner: postgres
--

CREATE TABLE public.zkapp_verification_key_hashes (
    id integer NOT NULL,
    value text NOT NULL
);


ALTER TABLE public.zkapp_verification_key_hashes OWNER TO postgres;

--
-- Name: zkapp_verification_key_hashes_id_seq; Type: SEQUENCE; Schema: public; Owner: postgres
--

CREATE SEQUENCE public.zkapp_verification_key_hashes_id_seq
    AS integer
    START WITH 1
    INCREMENT BY 1
    NO MINVALUE
    NO MAXVALUE
    CACHE 1;


ALTER SEQUENCE public.zkapp_verification_key_hashes_id_seq OWNER TO postgres;

--
-- Name: zkapp_verification_key_hashes_id_seq; Type: SEQUENCE OWNED BY; Schema: public; Owner: postgres
--

ALTER SEQUENCE public.zkapp_verification_key_hashes_id_seq OWNED BY public.zkapp_verification_key_hashes.id;


--
-- Name: zkapp_verification_keys; Type: TABLE; Schema: public; Owner: postgres
--

CREATE TABLE public.zkapp_verification_keys (
    id integer NOT NULL,
    verification_key text NOT NULL,
    hash_id integer NOT NULL
);


ALTER TABLE public.zkapp_verification_keys OWNER TO postgres;

--
-- Name: zkapp_verification_keys_id_seq; Type: SEQUENCE; Schema: public; Owner: postgres
--

CREATE SEQUENCE public.zkapp_verification_keys_id_seq
    AS integer
    START WITH 1
    INCREMENT BY 1
    NO MINVALUE
    NO MAXVALUE
    CACHE 1;


ALTER SEQUENCE public.zkapp_verification_keys_id_seq OWNER TO postgres;

--
-- Name: zkapp_verification_keys_id_seq; Type: SEQUENCE OWNED BY; Schema: public; Owner: postgres
--

ALTER SEQUENCE public.zkapp_verification_keys_id_seq OWNED BY public.zkapp_verification_keys.id;


--
-- Name: account_identifiers id; Type: DEFAULT; Schema: public; Owner: postgres
--

ALTER TABLE ONLY public.account_identifiers ALTER COLUMN id SET DEFAULT nextval('public.account_identifiers_id_seq'::regclass);


--
-- Name: blocks id; Type: DEFAULT; Schema: public; Owner: postgres
--

ALTER TABLE ONLY public.blocks ALTER COLUMN id SET DEFAULT nextval('public.blocks_id_seq'::regclass);


--
-- Name: epoch_data id; Type: DEFAULT; Schema: public; Owner: postgres
--

ALTER TABLE ONLY public.epoch_data ALTER COLUMN id SET DEFAULT nextval('public.epoch_data_id_seq'::regclass);


--
-- Name: internal_commands id; Type: DEFAULT; Schema: public; Owner: postgres
--

ALTER TABLE ONLY public.internal_commands ALTER COLUMN id SET DEFAULT nextval('public.internal_commands_id_seq'::regclass);


--
-- Name: protocol_versions id; Type: DEFAULT; Schema: public; Owner: postgres
--

ALTER TABLE ONLY public.protocol_versions ALTER COLUMN id SET DEFAULT nextval('public.protocol_versions_id_seq'::regclass);


--
-- Name: public_keys id; Type: DEFAULT; Schema: public; Owner: postgres
--

ALTER TABLE ONLY public.public_keys ALTER COLUMN id SET DEFAULT nextval('public.public_keys_id_seq'::regclass);


--
-- Name: snarked_ledger_hashes id; Type: DEFAULT; Schema: public; Owner: postgres
--

ALTER TABLE ONLY public.snarked_ledger_hashes ALTER COLUMN id SET DEFAULT nextval('public.snarked_ledger_hashes_id_seq'::regclass);


--
-- Name: timing_info id; Type: DEFAULT; Schema: public; Owner: postgres
--

ALTER TABLE ONLY public.timing_info ALTER COLUMN id SET DEFAULT nextval('public.timing_info_id_seq'::regclass);


--
-- Name: token_symbols id; Type: DEFAULT; Schema: public; Owner: postgres
--

ALTER TABLE ONLY public.token_symbols ALTER COLUMN id SET DEFAULT nextval('public.token_symbols_id_seq'::regclass);


--
-- Name: tokens id; Type: DEFAULT; Schema: public; Owner: postgres
--

ALTER TABLE ONLY public.tokens ALTER COLUMN id SET DEFAULT nextval('public.tokens_id_seq'::regclass);


--
-- Name: user_commands id; Type: DEFAULT; Schema: public; Owner: postgres
--

ALTER TABLE ONLY public.user_commands ALTER COLUMN id SET DEFAULT nextval('public.user_commands_id_seq'::regclass);


--
-- Name: voting_for id; Type: DEFAULT; Schema: public; Owner: postgres
--

ALTER TABLE ONLY public.voting_for ALTER COLUMN id SET DEFAULT nextval('public.voting_for_id_seq'::regclass);


--
-- Name: zkapp_account_precondition id; Type: DEFAULT; Schema: public; Owner: postgres
--

ALTER TABLE ONLY public.zkapp_account_precondition ALTER COLUMN id SET DEFAULT nextval('public.zkapp_account_precondition_id_seq'::regclass);


--
-- Name: zkapp_account_update id; Type: DEFAULT; Schema: public; Owner: postgres
--

ALTER TABLE ONLY public.zkapp_account_update ALTER COLUMN id SET DEFAULT nextval('public.zkapp_account_update_id_seq'::regclass);


--
-- Name: zkapp_account_update_body id; Type: DEFAULT; Schema: public; Owner: postgres
--

ALTER TABLE ONLY public.zkapp_account_update_body ALTER COLUMN id SET DEFAULT nextval('public.zkapp_account_update_body_id_seq'::regclass);


--
-- Name: zkapp_account_update_failures id; Type: DEFAULT; Schema: public; Owner: postgres
--

ALTER TABLE ONLY public.zkapp_account_update_failures ALTER COLUMN id SET DEFAULT nextval('public.zkapp_account_update_failures_id_seq'::regclass);


--
-- Name: zkapp_accounts id; Type: DEFAULT; Schema: public; Owner: postgres
--

ALTER TABLE ONLY public.zkapp_accounts ALTER COLUMN id SET DEFAULT nextval('public.zkapp_accounts_id_seq'::regclass);


--
-- Name: zkapp_action_states id; Type: DEFAULT; Schema: public; Owner: postgres
--

ALTER TABLE ONLY public.zkapp_action_states ALTER COLUMN id SET DEFAULT nextval('public.zkapp_action_states_id_seq'::regclass);


--
-- Name: zkapp_amount_bounds id; Type: DEFAULT; Schema: public; Owner: postgres
--

ALTER TABLE ONLY public.zkapp_amount_bounds ALTER COLUMN id SET DEFAULT nextval('public.zkapp_amount_bounds_id_seq'::regclass);


--
-- Name: zkapp_balance_bounds id; Type: DEFAULT; Schema: public; Owner: postgres
--

ALTER TABLE ONLY public.zkapp_balance_bounds ALTER COLUMN id SET DEFAULT nextval('public.zkapp_balance_bounds_id_seq'::regclass);


--
-- Name: zkapp_commands id; Type: DEFAULT; Schema: public; Owner: postgres
--

ALTER TABLE ONLY public.zkapp_commands ALTER COLUMN id SET DEFAULT nextval('public.zkapp_commands_id_seq'::regclass);


--
-- Name: zkapp_epoch_data id; Type: DEFAULT; Schema: public; Owner: postgres
--

ALTER TABLE ONLY public.zkapp_epoch_data ALTER COLUMN id SET DEFAULT nextval('public.zkapp_epoch_data_id_seq'::regclass);


--
-- Name: zkapp_epoch_ledger id; Type: DEFAULT; Schema: public; Owner: postgres
--

ALTER TABLE ONLY public.zkapp_epoch_ledger ALTER COLUMN id SET DEFAULT nextval('public.zkapp_epoch_ledger_id_seq'::regclass);


--
-- Name: zkapp_events id; Type: DEFAULT; Schema: public; Owner: postgres
--

ALTER TABLE ONLY public.zkapp_events ALTER COLUMN id SET DEFAULT nextval('public.zkapp_events_id_seq'::regclass);


--
-- Name: zkapp_fee_payer_body id; Type: DEFAULT; Schema: public; Owner: postgres
--

ALTER TABLE ONLY public.zkapp_fee_payer_body ALTER COLUMN id SET DEFAULT nextval('public.zkapp_fee_payer_body_id_seq'::regclass);


--
-- Name: zkapp_field id; Type: DEFAULT; Schema: public; Owner: postgres
--

ALTER TABLE ONLY public.zkapp_field ALTER COLUMN id SET DEFAULT nextval('public.zkapp_field_id_seq'::regclass);


--
-- Name: zkapp_field_array id; Type: DEFAULT; Schema: public; Owner: postgres
--

ALTER TABLE ONLY public.zkapp_field_array ALTER COLUMN id SET DEFAULT nextval('public.zkapp_field_array_id_seq'::regclass);


--
-- Name: zkapp_global_slot_bounds id; Type: DEFAULT; Schema: public; Owner: postgres
--

ALTER TABLE ONLY public.zkapp_global_slot_bounds ALTER COLUMN id SET DEFAULT nextval('public.zkapp_global_slot_bounds_id_seq'::regclass);


--
-- Name: zkapp_length_bounds id; Type: DEFAULT; Schema: public; Owner: postgres
--

ALTER TABLE ONLY public.zkapp_length_bounds ALTER COLUMN id SET DEFAULT nextval('public.zkapp_length_bounds_id_seq'::regclass);


--
-- Name: zkapp_network_precondition id; Type: DEFAULT; Schema: public; Owner: postgres
--

ALTER TABLE ONLY public.zkapp_network_precondition ALTER COLUMN id SET DEFAULT nextval('public.zkapp_network_precondition_id_seq'::regclass);


--
-- Name: zkapp_nonce_bounds id; Type: DEFAULT; Schema: public; Owner: postgres
--

ALTER TABLE ONLY public.zkapp_nonce_bounds ALTER COLUMN id SET DEFAULT nextval('public.zkapp_nonce_bounds_id_seq'::regclass);


--
-- Name: zkapp_permissions id; Type: DEFAULT; Schema: public; Owner: postgres
--

ALTER TABLE ONLY public.zkapp_permissions ALTER COLUMN id SET DEFAULT nextval('public.zkapp_permissions_id_seq'::regclass);


--
-- Name: zkapp_states id; Type: DEFAULT; Schema: public; Owner: postgres
--

ALTER TABLE ONLY public.zkapp_states ALTER COLUMN id SET DEFAULT nextval('public.zkapp_states_id_seq'::regclass);


--
-- Name: zkapp_states_nullable id; Type: DEFAULT; Schema: public; Owner: postgres
--

ALTER TABLE ONLY public.zkapp_states_nullable ALTER COLUMN id SET DEFAULT nextval('public.zkapp_states_nullable_id_seq'::regclass);


--
-- Name: zkapp_timing_info id; Type: DEFAULT; Schema: public; Owner: postgres
--

ALTER TABLE ONLY public.zkapp_timing_info ALTER COLUMN id SET DEFAULT nextval('public.zkapp_timing_info_id_seq'::regclass);


--
-- Name: zkapp_token_id_bounds id; Type: DEFAULT; Schema: public; Owner: postgres
--

ALTER TABLE ONLY public.zkapp_token_id_bounds ALTER COLUMN id SET DEFAULT nextval('public.zkapp_token_id_bounds_id_seq'::regclass);


--
-- Name: zkapp_updates id; Type: DEFAULT; Schema: public; Owner: postgres
--

ALTER TABLE ONLY public.zkapp_updates ALTER COLUMN id SET DEFAULT nextval('public.zkapp_updates_id_seq'::regclass);


--
-- Name: zkapp_uris id; Type: DEFAULT; Schema: public; Owner: postgres
--

ALTER TABLE ONLY public.zkapp_uris ALTER COLUMN id SET DEFAULT nextval('public.zkapp_uris_id_seq'::regclass);


--
-- Name: zkapp_verification_key_hashes id; Type: DEFAULT; Schema: public; Owner: postgres
--

ALTER TABLE ONLY public.zkapp_verification_key_hashes ALTER COLUMN id SET DEFAULT nextval('public.zkapp_verification_key_hashes_id_seq'::regclass);


--
-- Name: zkapp_verification_keys id; Type: DEFAULT; Schema: public; Owner: postgres
--

ALTER TABLE ONLY public.zkapp_verification_keys ALTER COLUMN id SET DEFAULT nextval('public.zkapp_verification_keys_id_seq'::regclass);


--
-- Data for Name: account_identifiers; Type: TABLE DATA; Schema: public; Owner: postgres
--

COPY public.account_identifiers (id, public_key_id, token_id) FROM stdin;
1	2	1
2	3	1
3	4	1
4	5	1
5	6	1
6	7	1
7	8	1
8	9	1
9	10	1
10	11	1
11	12	1
12	13	1
13	14	1
14	15	1
15	16	1
16	17	1
17	18	1
18	20	1
19	21	1
20	22	1
21	23	1
22	24	1
23	25	1
24	26	1
25	27	1
26	28	1
27	29	1
28	30	1
29	31	1
30	32	1
31	33	1
32	34	1
33	35	1
34	36	1
35	37	1
36	38	1
37	39	1
38	40	1
39	41	1
40	42	1
41	43	1
42	44	1
43	45	1
44	46	1
45	47	1
46	48	1
47	49	1
48	50	1
49	51	1
50	52	1
51	53	1
52	54	1
53	55	1
54	56	1
55	57	1
56	58	1
57	59	1
58	60	1
59	61	1
60	62	1
61	63	1
62	64	1
63	65	1
64	66	1
65	67	1
66	68	1
67	70	1
68	71	1
69	72	1
70	73	1
71	74	1
72	75	1
73	76	1
74	77	1
75	78	1
76	79	1
77	80	1
78	81	1
79	82	1
80	83	1
81	84	1
82	85	1
83	86	1
84	87	1
85	88	1
86	89	1
87	90	1
88	91	1
89	92	1
90	93	1
91	94	1
92	95	1
93	96	1
94	97	1
95	98	1
96	99	1
97	100	1
98	101	1
99	102	1
100	103	1
101	104	1
102	105	1
103	106	1
104	107	1
105	108	1
106	109	1
107	110	1
108	111	1
109	112	1
110	113	1
111	114	1
112	115	1
113	116	1
114	117	1
115	118	1
116	119	1
117	120	1
118	121	1
119	122	1
120	123	1
121	124	1
122	125	1
123	126	1
124	127	1
125	128	1
126	129	1
127	130	1
128	131	1
129	132	1
130	133	1
131	134	1
132	135	1
133	136	1
134	137	1
135	138	1
136	139	1
137	140	1
138	141	1
139	142	1
140	143	1
141	144	1
142	145	1
143	146	1
144	147	1
145	148	1
146	149	1
147	150	1
148	151	1
149	152	1
150	153	1
151	154	1
152	155	1
153	156	1
154	157	1
155	158	1
156	159	1
157	160	1
158	161	1
159	162	1
160	163	1
161	164	1
162	165	1
163	166	1
164	167	1
165	168	1
166	169	1
167	170	1
168	171	1
169	172	1
170	173	1
171	174	1
172	19	1
173	175	1
174	176	1
175	177	1
176	178	1
177	179	1
178	180	1
179	181	1
180	182	1
181	183	1
182	184	1
183	185	1
184	186	1
185	187	1
186	188	1
187	1	1
188	189	1
189	190	1
190	191	1
191	192	1
192	193	1
193	194	1
194	195	1
195	196	1
196	197	1
197	198	1
198	199	1
199	200	1
200	201	1
201	202	1
202	203	1
203	204	1
204	205	1
205	206	1
206	207	1
207	208	1
208	209	1
209	210	1
210	211	1
211	212	1
212	213	1
213	214	1
214	215	1
215	216	1
216	217	1
217	218	1
218	219	1
219	220	1
220	221	1
221	222	1
222	223	1
223	224	1
224	225	1
225	226	1
226	227	1
227	228	1
228	229	1
229	230	1
230	231	1
231	232	1
232	233	1
233	234	1
234	235	1
235	69	1
236	236	1
237	237	1
238	238	1
239	239	1
240	240	1
241	241	1
242	242	1
243	243	1
\.


--
-- Data for Name: accounts_accessed; Type: TABLE DATA; Schema: public; Owner: postgres
--

COPY public.accounts_accessed (ledger_index, block_id, account_identifier_id, token_symbol_id, balance, nonce, receipt_chain_hash, delegate_id, voting_for_id, timing_id, permissions_id, zkapp_id) FROM stdin;
10	1	1	1	285	0	2mzbV7WevxLuchs2dAMY4vQBS6XttnCUF8Hvks4XNBQ5qiSGGBQe	2	1	1	1	\N
107	1	2	1	500	0	2mzbV7WevxLuchs2dAMY4vQBS6XttnCUF8Hvks4XNBQ5qiSGGBQe	3	1	2	1	\N
81	1	3	1	331	0	2mzbV7WevxLuchs2dAMY4vQBS6XttnCUF8Hvks4XNBQ5qiSGGBQe	4	1	3	1	\N
32	1	4	1	226	0	2mzbV7WevxLuchs2dAMY4vQBS6XttnCUF8Hvks4XNBQ5qiSGGBQe	5	1	4	1	\N
12	1	5	1	123	0	2mzbV7WevxLuchs2dAMY4vQBS6XttnCUF8Hvks4XNBQ5qiSGGBQe	6	1	5	1	\N
78	1	6	1	292	0	2mzbV7WevxLuchs2dAMY4vQBS6XttnCUF8Hvks4XNBQ5qiSGGBQe	7	1	6	1	\N
121	1	7	1	104	0	2mzbV7WevxLuchs2dAMY4vQBS6XttnCUF8Hvks4XNBQ5qiSGGBQe	8	1	7	1	\N
176	1	8	1	10	0	2mzbV7WevxLuchs2dAMY4vQBS6XttnCUF8Hvks4XNBQ5qiSGGBQe	9	1	8	1	\N
236	1	9	1	488	0	2mzbV7WevxLuchs2dAMY4vQBS6XttnCUF8Hvks4XNBQ5qiSGGBQe	10	1	9	1	\N
226	1	10	1	469	0	2mzbV7WevxLuchs2dAMY4vQBS6XttnCUF8Hvks4XNBQ5qiSGGBQe	11	1	10	1	\N
19	1	11	1	242	0	2mzbV7WevxLuchs2dAMY4vQBS6XttnCUF8Hvks4XNBQ5qiSGGBQe	12	1	11	1	\N
128	1	12	1	135	0	2mzbV7WevxLuchs2dAMY4vQBS6XttnCUF8Hvks4XNBQ5qiSGGBQe	13	1	12	1	\N
94	1	13	1	196	0	2mzbV7WevxLuchs2dAMY4vQBS6XttnCUF8Hvks4XNBQ5qiSGGBQe	14	1	13	1	\N
153	1	14	1	79	0	2mzbV7WevxLuchs2dAMY4vQBS6XttnCUF8Hvks4XNBQ5qiSGGBQe	15	1	14	1	\N
166	1	15	1	206	0	2mzbV7WevxLuchs2dAMY4vQBS6XttnCUF8Hvks4XNBQ5qiSGGBQe	16	1	15	1	\N
137	1	16	1	340	0	2mzbV7WevxLuchs2dAMY4vQBS6XttnCUF8Hvks4XNBQ5qiSGGBQe	17	1	16	1	\N
6	1	17	1	11550000000000000	0	2mzbV7WevxLuchs2dAMY4vQBS6XttnCUF8Hvks4XNBQ5qiSGGBQe	19	1	17	1	\N
105	1	18	1	382	0	2mzbV7WevxLuchs2dAMY4vQBS6XttnCUF8Hvks4XNBQ5qiSGGBQe	20	1	18	1	\N
70	1	19	1	488	0	2mzbV7WevxLuchs2dAMY4vQBS6XttnCUF8Hvks4XNBQ5qiSGGBQe	21	1	19	1	\N
27	1	20	1	135	0	2mzbV7WevxLuchs2dAMY4vQBS6XttnCUF8Hvks4XNBQ5qiSGGBQe	22	1	20	1	\N
46	1	21	1	126	0	2mzbV7WevxLuchs2dAMY4vQBS6XttnCUF8Hvks4XNBQ5qiSGGBQe	23	1	21	1	\N
43	1	22	1	10	0	2mzbV7WevxLuchs2dAMY4vQBS6XttnCUF8Hvks4XNBQ5qiSGGBQe	24	1	22	1	\N
117	1	23	1	278	0	2mzbV7WevxLuchs2dAMY4vQBS6XttnCUF8Hvks4XNBQ5qiSGGBQe	25	1	23	1	\N
204	1	24	1	46	0	2mzbV7WevxLuchs2dAMY4vQBS6XttnCUF8Hvks4XNBQ5qiSGGBQe	26	1	24	1	\N
187	1	25	1	104	0	2mzbV7WevxLuchs2dAMY4vQBS6XttnCUF8Hvks4XNBQ5qiSGGBQe	27	1	25	1	\N
72	1	26	1	10	0	2mzbV7WevxLuchs2dAMY4vQBS6XttnCUF8Hvks4XNBQ5qiSGGBQe	28	1	26	1	\N
216	1	27	1	271	0	2mzbV7WevxLuchs2dAMY4vQBS6XttnCUF8Hvks4XNBQ5qiSGGBQe	29	1	27	1	\N
210	1	28	1	315	0	2mzbV7WevxLuchs2dAMY4vQBS6XttnCUF8Hvks4XNBQ5qiSGGBQe	30	1	28	1	\N
79	1	29	1	162	0	2mzbV7WevxLuchs2dAMY4vQBS6XttnCUF8Hvks4XNBQ5qiSGGBQe	31	1	29	1	\N
167	1	30	1	86	0	2mzbV7WevxLuchs2dAMY4vQBS6XttnCUF8Hvks4XNBQ5qiSGGBQe	32	1	30	1	\N
181	1	31	1	409	0	2mzbV7WevxLuchs2dAMY4vQBS6XttnCUF8Hvks4XNBQ5qiSGGBQe	33	1	31	1	\N
156	1	32	1	500	0	2mzbV7WevxLuchs2dAMY4vQBS6XttnCUF8Hvks4XNBQ5qiSGGBQe	34	1	32	1	\N
96	1	33	1	57	0	2mzbV7WevxLuchs2dAMY4vQBS6XttnCUF8Hvks4XNBQ5qiSGGBQe	35	1	33	1	\N
191	1	34	1	204	0	2mzbV7WevxLuchs2dAMY4vQBS6XttnCUF8Hvks4XNBQ5qiSGGBQe	36	1	34	1	\N
132	1	35	1	262	0	2mzbV7WevxLuchs2dAMY4vQBS6XttnCUF8Hvks4XNBQ5qiSGGBQe	37	1	35	1	\N
111	1	36	1	10	0	2mzbV7WevxLuchs2dAMY4vQBS6XttnCUF8Hvks4XNBQ5qiSGGBQe	38	1	36	1	\N
171	1	37	1	156	0	2mzbV7WevxLuchs2dAMY4vQBS6XttnCUF8Hvks4XNBQ5qiSGGBQe	39	1	37	1	\N
64	1	38	1	417	0	2mzbV7WevxLuchs2dAMY4vQBS6XttnCUF8Hvks4XNBQ5qiSGGBQe	40	1	38	1	\N
68	1	39	1	10	0	2mzbV7WevxLuchs2dAMY4vQBS6XttnCUF8Hvks4XNBQ5qiSGGBQe	41	1	39	1	\N
51	1	40	1	85	0	2mzbV7WevxLuchs2dAMY4vQBS6XttnCUF8Hvks4XNBQ5qiSGGBQe	42	1	40	1	\N
227	1	41	1	103	0	2mzbV7WevxLuchs2dAMY4vQBS6XttnCUF8Hvks4XNBQ5qiSGGBQe	43	1	41	1	\N
141	1	42	1	67	0	2mzbV7WevxLuchs2dAMY4vQBS6XttnCUF8Hvks4XNBQ5qiSGGBQe	44	1	42	1	\N
42	1	43	1	10	0	2mzbV7WevxLuchs2dAMY4vQBS6XttnCUF8Hvks4XNBQ5qiSGGBQe	45	1	43	1	\N
133	1	44	1	500	0	2mzbV7WevxLuchs2dAMY4vQBS6XttnCUF8Hvks4XNBQ5qiSGGBQe	46	1	44	1	\N
82	1	45	1	198	0	2mzbV7WevxLuchs2dAMY4vQBS6XttnCUF8Hvks4XNBQ5qiSGGBQe	47	1	45	1	\N
95	1	46	1	489	0	2mzbV7WevxLuchs2dAMY4vQBS6XttnCUF8Hvks4XNBQ5qiSGGBQe	48	1	46	1	\N
188	1	47	1	298	0	2mzbV7WevxLuchs2dAMY4vQBS6XttnCUF8Hvks4XNBQ5qiSGGBQe	49	1	47	1	\N
30	1	48	1	36	0	2mzbV7WevxLuchs2dAMY4vQBS6XttnCUF8Hvks4XNBQ5qiSGGBQe	50	1	48	1	\N
90	1	49	1	334	0	2mzbV7WevxLuchs2dAMY4vQBS6XttnCUF8Hvks4XNBQ5qiSGGBQe	51	1	49	1	\N
14	1	50	1	344	0	2mzbV7WevxLuchs2dAMY4vQBS6XttnCUF8Hvks4XNBQ5qiSGGBQe	52	1	50	1	\N
35	1	51	1	451	0	2mzbV7WevxLuchs2dAMY4vQBS6XttnCUF8Hvks4XNBQ5qiSGGBQe	53	1	51	1	\N
85	1	52	1	371	0	2mzbV7WevxLuchs2dAMY4vQBS6XttnCUF8Hvks4XNBQ5qiSGGBQe	54	1	52	1	\N
127	1	53	1	234	0	2mzbV7WevxLuchs2dAMY4vQBS6XttnCUF8Hvks4XNBQ5qiSGGBQe	55	1	53	1	\N
222	1	54	1	345	0	2mzbV7WevxLuchs2dAMY4vQBS6XttnCUF8Hvks4XNBQ5qiSGGBQe	56	1	54	1	\N
76	1	55	1	282	0	2mzbV7WevxLuchs2dAMY4vQBS6XttnCUF8Hvks4XNBQ5qiSGGBQe	57	1	55	1	\N
231	1	56	1	339	0	2mzbV7WevxLuchs2dAMY4vQBS6XttnCUF8Hvks4XNBQ5qiSGGBQe	58	1	56	1	\N
1	1	57	1	5000000000	0	2mzbV7WevxLuchs2dAMY4vQBS6XttnCUF8Hvks4XNBQ5qiSGGBQe	59	1	57	1	\N
15	1	58	1	215	0	2mzbV7WevxLuchs2dAMY4vQBS6XttnCUF8Hvks4XNBQ5qiSGGBQe	60	1	58	1	\N
220	1	59	1	193	0	2mzbV7WevxLuchs2dAMY4vQBS6XttnCUF8Hvks4XNBQ5qiSGGBQe	61	1	59	1	\N
16	1	60	1	60	0	2mzbV7WevxLuchs2dAMY4vQBS6XttnCUF8Hvks4XNBQ5qiSGGBQe	62	1	60	1	\N
58	1	61	1	350	0	2mzbV7WevxLuchs2dAMY4vQBS6XttnCUF8Hvks4XNBQ5qiSGGBQe	63	1	61	1	\N
146	1	62	1	223	0	2mzbV7WevxLuchs2dAMY4vQBS6XttnCUF8Hvks4XNBQ5qiSGGBQe	64	1	62	1	\N
62	1	63	1	449	0	2mzbV7WevxLuchs2dAMY4vQBS6XttnCUF8Hvks4XNBQ5qiSGGBQe	65	1	63	1	\N
185	1	64	1	142	0	2mzbV7WevxLuchs2dAMY4vQBS6XttnCUF8Hvks4XNBQ5qiSGGBQe	66	1	64	1	\N
151	1	65	1	300	0	2mzbV7WevxLuchs2dAMY4vQBS6XttnCUF8Hvks4XNBQ5qiSGGBQe	67	1	65	1	\N
2	1	66	1	65500000000000	0	2mzbV7WevxLuchs2dAMY4vQBS6XttnCUF8Hvks4XNBQ5qiSGGBQe	69	1	66	1	\N
165	1	67	1	256	0	2mzbV7WevxLuchs2dAMY4vQBS6XttnCUF8Hvks4XNBQ5qiSGGBQe	70	1	67	1	\N
103	1	68	1	125	0	2mzbV7WevxLuchs2dAMY4vQBS6XttnCUF8Hvks4XNBQ5qiSGGBQe	71	1	68	1	\N
41	1	69	1	236	0	2mzbV7WevxLuchs2dAMY4vQBS6XttnCUF8Hvks4XNBQ5qiSGGBQe	72	1	69	1	\N
239	1	70	1	10	0	2mzbV7WevxLuchs2dAMY4vQBS6XttnCUF8Hvks4XNBQ5qiSGGBQe	73	1	70	1	\N
110	1	71	1	179	0	2mzbV7WevxLuchs2dAMY4vQBS6XttnCUF8Hvks4XNBQ5qiSGGBQe	74	1	71	1	\N
13	1	72	1	194	0	2mzbV7WevxLuchs2dAMY4vQBS6XttnCUF8Hvks4XNBQ5qiSGGBQe	75	1	72	1	\N
26	1	73	1	185	0	2mzbV7WevxLuchs2dAMY4vQBS6XttnCUF8Hvks4XNBQ5qiSGGBQe	76	1	73	1	\N
98	1	74	1	342	0	2mzbV7WevxLuchs2dAMY4vQBS6XttnCUF8Hvks4XNBQ5qiSGGBQe	77	1	74	1	\N
215	1	75	1	157	0	2mzbV7WevxLuchs2dAMY4vQBS6XttnCUF8Hvks4XNBQ5qiSGGBQe	78	1	75	1	\N
91	1	76	1	135	0	2mzbV7WevxLuchs2dAMY4vQBS6XttnCUF8Hvks4XNBQ5qiSGGBQe	79	1	76	1	\N
159	1	77	1	456	0	2mzbV7WevxLuchs2dAMY4vQBS6XttnCUF8Hvks4XNBQ5qiSGGBQe	80	1	77	1	\N
208	1	78	1	336	0	2mzbV7WevxLuchs2dAMY4vQBS6XttnCUF8Hvks4XNBQ5qiSGGBQe	81	1	78	1	\N
207	1	79	1	280	0	2mzbV7WevxLuchs2dAMY4vQBS6XttnCUF8Hvks4XNBQ5qiSGGBQe	82	1	79	1	\N
182	1	80	1	187	0	2mzbV7WevxLuchs2dAMY4vQBS6XttnCUF8Hvks4XNBQ5qiSGGBQe	83	1	80	1	\N
157	1	81	1	387	0	2mzbV7WevxLuchs2dAMY4vQBS6XttnCUF8Hvks4XNBQ5qiSGGBQe	84	1	81	1	\N
33	1	82	1	500	0	2mzbV7WevxLuchs2dAMY4vQBS6XttnCUF8Hvks4XNBQ5qiSGGBQe	85	1	82	1	\N
201	1	83	1	151	0	2mzbV7WevxLuchs2dAMY4vQBS6XttnCUF8Hvks4XNBQ5qiSGGBQe	86	1	83	1	\N
9	1	84	1	356	0	2mzbV7WevxLuchs2dAMY4vQBS6XttnCUF8Hvks4XNBQ5qiSGGBQe	87	1	84	1	\N
234	1	85	1	24	0	2mzbV7WevxLuchs2dAMY4vQBS6XttnCUF8Hvks4XNBQ5qiSGGBQe	88	1	85	1	\N
40	1	86	1	152	0	2mzbV7WevxLuchs2dAMY4vQBS6XttnCUF8Hvks4XNBQ5qiSGGBQe	89	1	86	1	\N
18	1	87	1	10	0	2mzbV7WevxLuchs2dAMY4vQBS6XttnCUF8Hvks4XNBQ5qiSGGBQe	90	1	87	1	\N
229	1	88	1	500	0	2mzbV7WevxLuchs2dAMY4vQBS6XttnCUF8Hvks4XNBQ5qiSGGBQe	91	1	88	1	\N
20	1	89	1	186	0	2mzbV7WevxLuchs2dAMY4vQBS6XttnCUF8Hvks4XNBQ5qiSGGBQe	92	1	89	1	\N
184	1	90	1	266	0	2mzbV7WevxLuchs2dAMY4vQBS6XttnCUF8Hvks4XNBQ5qiSGGBQe	93	1	90	1	\N
139	1	91	1	81	0	2mzbV7WevxLuchs2dAMY4vQBS6XttnCUF8Hvks4XNBQ5qiSGGBQe	94	1	91	1	\N
164	1	92	1	10	0	2mzbV7WevxLuchs2dAMY4vQBS6XttnCUF8Hvks4XNBQ5qiSGGBQe	95	1	92	1	\N
199	1	93	1	379	0	2mzbV7WevxLuchs2dAMY4vQBS6XttnCUF8Hvks4XNBQ5qiSGGBQe	96	1	93	1	\N
109	1	94	1	315	0	2mzbV7WevxLuchs2dAMY4vQBS6XttnCUF8Hvks4XNBQ5qiSGGBQe	97	1	94	1	\N
47	1	95	1	226	0	2mzbV7WevxLuchs2dAMY4vQBS6XttnCUF8Hvks4XNBQ5qiSGGBQe	98	1	95	1	\N
214	1	96	1	166	0	2mzbV7WevxLuchs2dAMY4vQBS6XttnCUF8Hvks4XNBQ5qiSGGBQe	99	1	96	1	\N
112	1	97	1	302	0	2mzbV7WevxLuchs2dAMY4vQBS6XttnCUF8Hvks4XNBQ5qiSGGBQe	100	1	97	1	\N
144	1	98	1	269	0	2mzbV7WevxLuchs2dAMY4vQBS6XttnCUF8Hvks4XNBQ5qiSGGBQe	101	1	98	1	\N
178	1	99	1	172	0	2mzbV7WevxLuchs2dAMY4vQBS6XttnCUF8Hvks4XNBQ5qiSGGBQe	102	1	99	1	\N
155	1	100	1	195	0	2mzbV7WevxLuchs2dAMY4vQBS6XttnCUF8Hvks4XNBQ5qiSGGBQe	103	1	100	1	\N
38	1	101	1	243	0	2mzbV7WevxLuchs2dAMY4vQBS6XttnCUF8Hvks4XNBQ5qiSGGBQe	104	1	101	1	\N
80	1	102	1	128	0	2mzbV7WevxLuchs2dAMY4vQBS6XttnCUF8Hvks4XNBQ5qiSGGBQe	105	1	102	1	\N
147	1	103	1	349	0	2mzbV7WevxLuchs2dAMY4vQBS6XttnCUF8Hvks4XNBQ5qiSGGBQe	106	1	103	1	\N
24	1	104	1	87	0	2mzbV7WevxLuchs2dAMY4vQBS6XttnCUF8Hvks4XNBQ5qiSGGBQe	107	1	104	1	\N
126	1	105	1	424	0	2mzbV7WevxLuchs2dAMY4vQBS6XttnCUF8Hvks4XNBQ5qiSGGBQe	108	1	105	1	\N
89	1	106	1	239	0	2mzbV7WevxLuchs2dAMY4vQBS6XttnCUF8Hvks4XNBQ5qiSGGBQe	109	1	106	1	\N
135	1	107	1	316	0	2mzbV7WevxLuchs2dAMY4vQBS6XttnCUF8Hvks4XNBQ5qiSGGBQe	110	1	107	1	\N
194	1	108	1	492	0	2mzbV7WevxLuchs2dAMY4vQBS6XttnCUF8Hvks4XNBQ5qiSGGBQe	111	1	108	1	\N
190	1	109	1	294	0	2mzbV7WevxLuchs2dAMY4vQBS6XttnCUF8Hvks4XNBQ5qiSGGBQe	112	1	109	1	\N
218	1	110	1	191	0	2mzbV7WevxLuchs2dAMY4vQBS6XttnCUF8Hvks4XNBQ5qiSGGBQe	113	1	110	1	\N
93	1	111	1	380	0	2mzbV7WevxLuchs2dAMY4vQBS6XttnCUF8Hvks4XNBQ5qiSGGBQe	114	1	111	1	\N
162	1	112	1	331	0	2mzbV7WevxLuchs2dAMY4vQBS6XttnCUF8Hvks4XNBQ5qiSGGBQe	115	1	112	1	\N
221	1	113	1	459	0	2mzbV7WevxLuchs2dAMY4vQBS6XttnCUF8Hvks4XNBQ5qiSGGBQe	116	1	113	1	\N
205	1	114	1	28	0	2mzbV7WevxLuchs2dAMY4vQBS6XttnCUF8Hvks4XNBQ5qiSGGBQe	117	1	114	1	\N
195	1	115	1	472	0	2mzbV7WevxLuchs2dAMY4vQBS6XttnCUF8Hvks4XNBQ5qiSGGBQe	118	1	115	1	\N
34	1	116	1	119	0	2mzbV7WevxLuchs2dAMY4vQBS6XttnCUF8Hvks4XNBQ5qiSGGBQe	119	1	116	1	\N
213	1	117	1	10	0	2mzbV7WevxLuchs2dAMY4vQBS6XttnCUF8Hvks4XNBQ5qiSGGBQe	120	1	117	1	\N
196	1	118	1	41	0	2mzbV7WevxLuchs2dAMY4vQBS6XttnCUF8Hvks4XNBQ5qiSGGBQe	121	1	118	1	\N
104	1	119	1	27	0	2mzbV7WevxLuchs2dAMY4vQBS6XttnCUF8Hvks4XNBQ5qiSGGBQe	122	1	119	1	\N
44	1	120	1	70	0	2mzbV7WevxLuchs2dAMY4vQBS6XttnCUF8Hvks4XNBQ5qiSGGBQe	123	1	120	1	\N
52	1	121	1	337	0	2mzbV7WevxLuchs2dAMY4vQBS6XttnCUF8Hvks4XNBQ5qiSGGBQe	124	1	121	1	\N
114	1	122	1	210	0	2mzbV7WevxLuchs2dAMY4vQBS6XttnCUF8Hvks4XNBQ5qiSGGBQe	125	1	122	1	\N
177	1	123	1	495	0	2mzbV7WevxLuchs2dAMY4vQBS6XttnCUF8Hvks4XNBQ5qiSGGBQe	126	1	123	1	\N
148	1	124	1	144	0	2mzbV7WevxLuchs2dAMY4vQBS6XttnCUF8Hvks4XNBQ5qiSGGBQe	127	1	124	1	\N
100	1	125	1	148	0	2mzbV7WevxLuchs2dAMY4vQBS6XttnCUF8Hvks4XNBQ5qiSGGBQe	128	1	125	1	\N
206	1	126	1	376	0	2mzbV7WevxLuchs2dAMY4vQBS6XttnCUF8Hvks4XNBQ5qiSGGBQe	129	1	126	1	\N
28	1	127	1	329	0	2mzbV7WevxLuchs2dAMY4vQBS6XttnCUF8Hvks4XNBQ5qiSGGBQe	130	1	127	1	\N
173	1	128	1	500	0	2mzbV7WevxLuchs2dAMY4vQBS6XttnCUF8Hvks4XNBQ5qiSGGBQe	131	1	128	1	\N
130	1	129	1	500	0	2mzbV7WevxLuchs2dAMY4vQBS6XttnCUF8Hvks4XNBQ5qiSGGBQe	132	1	129	1	\N
39	1	130	1	181	0	2mzbV7WevxLuchs2dAMY4vQBS6XttnCUF8Hvks4XNBQ5qiSGGBQe	133	1	130	1	\N
212	1	131	1	200	0	2mzbV7WevxLuchs2dAMY4vQBS6XttnCUF8Hvks4XNBQ5qiSGGBQe	134	1	131	1	\N
116	1	132	1	159	0	2mzbV7WevxLuchs2dAMY4vQBS6XttnCUF8Hvks4XNBQ5qiSGGBQe	135	1	132	1	\N
48	1	133	1	319	0	2mzbV7WevxLuchs2dAMY4vQBS6XttnCUF8Hvks4XNBQ5qiSGGBQe	136	1	133	1	\N
5	1	134	1	0	0	2mzbV7WevxLuchs2dAMY4vQBS6XttnCUF8Hvks4XNBQ5qiSGGBQe	137	1	134	1	\N
101	1	135	1	10	0	2mzbV7WevxLuchs2dAMY4vQBS6XttnCUF8Hvks4XNBQ5qiSGGBQe	138	1	135	1	\N
203	1	136	1	365	0	2mzbV7WevxLuchs2dAMY4vQBS6XttnCUF8Hvks4XNBQ5qiSGGBQe	139	1	136	1	\N
50	1	137	1	342	0	2mzbV7WevxLuchs2dAMY4vQBS6XttnCUF8Hvks4XNBQ5qiSGGBQe	140	1	137	1	\N
4	1	138	1	11550000000000000	0	2mzbV7WevxLuchs2dAMY4vQBS6XttnCUF8Hvks4XNBQ5qiSGGBQe	137	1	138	1	\N
59	1	139	1	237	0	2mzbV7WevxLuchs2dAMY4vQBS6XttnCUF8Hvks4XNBQ5qiSGGBQe	142	1	139	1	\N
150	1	140	1	427	0	2mzbV7WevxLuchs2dAMY4vQBS6XttnCUF8Hvks4XNBQ5qiSGGBQe	143	1	140	1	\N
180	1	141	1	315	0	2mzbV7WevxLuchs2dAMY4vQBS6XttnCUF8Hvks4XNBQ5qiSGGBQe	144	1	141	1	\N
142	1	142	1	10	0	2mzbV7WevxLuchs2dAMY4vQBS6XttnCUF8Hvks4XNBQ5qiSGGBQe	145	1	142	1	\N
23	1	143	1	378	0	2mzbV7WevxLuchs2dAMY4vQBS6XttnCUF8Hvks4XNBQ5qiSGGBQe	146	1	143	1	\N
122	1	144	1	420	0	2mzbV7WevxLuchs2dAMY4vQBS6XttnCUF8Hvks4XNBQ5qiSGGBQe	147	1	144	1	\N
115	1	145	1	411	0	2mzbV7WevxLuchs2dAMY4vQBS6XttnCUF8Hvks4XNBQ5qiSGGBQe	148	1	145	1	\N
75	1	146	1	172	0	2mzbV7WevxLuchs2dAMY4vQBS6XttnCUF8Hvks4XNBQ5qiSGGBQe	149	1	146	1	\N
77	1	147	1	309	0	2mzbV7WevxLuchs2dAMY4vQBS6XttnCUF8Hvks4XNBQ5qiSGGBQe	150	1	147	1	\N
152	1	148	1	10	0	2mzbV7WevxLuchs2dAMY4vQBS6XttnCUF8Hvks4XNBQ5qiSGGBQe	151	1	148	1	\N
120	1	149	1	154	0	2mzbV7WevxLuchs2dAMY4vQBS6XttnCUF8Hvks4XNBQ5qiSGGBQe	152	1	149	1	\N
118	1	150	1	153	0	2mzbV7WevxLuchs2dAMY4vQBS6XttnCUF8Hvks4XNBQ5qiSGGBQe	153	1	150	1	\N
37	1	151	1	47	0	2mzbV7WevxLuchs2dAMY4vQBS6XttnCUF8Hvks4XNBQ5qiSGGBQe	154	1	151	1	\N
168	1	152	1	87	0	2mzbV7WevxLuchs2dAMY4vQBS6XttnCUF8Hvks4XNBQ5qiSGGBQe	155	1	152	1	\N
149	1	153	1	398	0	2mzbV7WevxLuchs2dAMY4vQBS6XttnCUF8Hvks4XNBQ5qiSGGBQe	156	1	153	1	\N
29	1	154	1	452	0	2mzbV7WevxLuchs2dAMY4vQBS6XttnCUF8Hvks4XNBQ5qiSGGBQe	157	1	154	1	\N
8	1	155	1	283	0	2mzbV7WevxLuchs2dAMY4vQBS6XttnCUF8Hvks4XNBQ5qiSGGBQe	158	1	155	1	\N
88	1	156	1	291	0	2mzbV7WevxLuchs2dAMY4vQBS6XttnCUF8Hvks4XNBQ5qiSGGBQe	159	1	156	1	\N
233	1	157	1	367	0	2mzbV7WevxLuchs2dAMY4vQBS6XttnCUF8Hvks4XNBQ5qiSGGBQe	160	1	157	1	\N
83	1	158	1	500	0	2mzbV7WevxLuchs2dAMY4vQBS6XttnCUF8Hvks4XNBQ5qiSGGBQe	161	1	158	1	\N
154	1	159	1	311	0	2mzbV7WevxLuchs2dAMY4vQBS6XttnCUF8Hvks4XNBQ5qiSGGBQe	162	1	159	1	\N
175	1	160	1	258	0	2mzbV7WevxLuchs2dAMY4vQBS6XttnCUF8Hvks4XNBQ5qiSGGBQe	163	1	160	1	\N
69	1	161	1	323	0	2mzbV7WevxLuchs2dAMY4vQBS6XttnCUF8Hvks4XNBQ5qiSGGBQe	164	1	161	1	\N
63	1	162	1	405	0	2mzbV7WevxLuchs2dAMY4vQBS6XttnCUF8Hvks4XNBQ5qiSGGBQe	165	1	162	1	\N
189	1	163	1	32	0	2mzbV7WevxLuchs2dAMY4vQBS6XttnCUF8Hvks4XNBQ5qiSGGBQe	166	1	163	1	\N
92	1	164	1	130	0	2mzbV7WevxLuchs2dAMY4vQBS6XttnCUF8Hvks4XNBQ5qiSGGBQe	167	1	164	1	\N
140	1	165	1	234	0	2mzbV7WevxLuchs2dAMY4vQBS6XttnCUF8Hvks4XNBQ5qiSGGBQe	168	1	165	1	\N
17	1	166	1	500	0	2mzbV7WevxLuchs2dAMY4vQBS6XttnCUF8Hvks4XNBQ5qiSGGBQe	169	1	166	1	\N
87	1	167	1	481	0	2mzbV7WevxLuchs2dAMY4vQBS6XttnCUF8Hvks4XNBQ5qiSGGBQe	170	1	167	1	\N
183	1	168	1	240	0	2mzbV7WevxLuchs2dAMY4vQBS6XttnCUF8Hvks4XNBQ5qiSGGBQe	171	1	168	1	\N
129	1	169	1	314	0	2mzbV7WevxLuchs2dAMY4vQBS6XttnCUF8Hvks4XNBQ5qiSGGBQe	172	1	169	1	\N
193	1	170	1	183	0	2mzbV7WevxLuchs2dAMY4vQBS6XttnCUF8Hvks4XNBQ5qiSGGBQe	173	1	170	1	\N
174	1	171	1	486	0	2mzbV7WevxLuchs2dAMY4vQBS6XttnCUF8Hvks4XNBQ5qiSGGBQe	174	1	171	1	\N
7	1	172	1	0	0	2mzbV7WevxLuchs2dAMY4vQBS6XttnCUF8Hvks4XNBQ5qiSGGBQe	19	1	172	1	\N
57	1	173	1	178	0	2mzbV7WevxLuchs2dAMY4vQBS6XttnCUF8Hvks4XNBQ5qiSGGBQe	175	1	173	1	\N
224	1	174	1	65	0	2mzbV7WevxLuchs2dAMY4vQBS6XttnCUF8Hvks4XNBQ5qiSGGBQe	176	1	174	1	\N
232	1	175	1	277	0	2mzbV7WevxLuchs2dAMY4vQBS6XttnCUF8Hvks4XNBQ5qiSGGBQe	177	1	175	1	\N
119	1	176	1	433	0	2mzbV7WevxLuchs2dAMY4vQBS6XttnCUF8Hvks4XNBQ5qiSGGBQe	178	1	176	1	\N
55	1	177	1	100	0	2mzbV7WevxLuchs2dAMY4vQBS6XttnCUF8Hvks4XNBQ5qiSGGBQe	179	1	177	1	\N
169	1	178	1	272	0	2mzbV7WevxLuchs2dAMY4vQBS6XttnCUF8Hvks4XNBQ5qiSGGBQe	180	1	178	1	\N
125	1	179	1	10	0	2mzbV7WevxLuchs2dAMY4vQBS6XttnCUF8Hvks4XNBQ5qiSGGBQe	181	1	179	1	\N
45	1	180	1	212	0	2mzbV7WevxLuchs2dAMY4vQBS6XttnCUF8Hvks4XNBQ5qiSGGBQe	182	1	180	1	\N
60	1	181	1	151	0	2mzbV7WevxLuchs2dAMY4vQBS6XttnCUF8Hvks4XNBQ5qiSGGBQe	183	1	181	1	\N
99	1	182	1	387	0	2mzbV7WevxLuchs2dAMY4vQBS6XttnCUF8Hvks4XNBQ5qiSGGBQe	184	1	182	1	\N
179	1	183	1	158	0	2mzbV7WevxLuchs2dAMY4vQBS6XttnCUF8Hvks4XNBQ5qiSGGBQe	185	1	183	1	\N
49	1	184	1	440	0	2mzbV7WevxLuchs2dAMY4vQBS6XttnCUF8Hvks4XNBQ5qiSGGBQe	186	1	184	1	\N
230	1	185	1	438	0	2mzbV7WevxLuchs2dAMY4vQBS6XttnCUF8Hvks4XNBQ5qiSGGBQe	187	1	185	1	\N
131	1	186	1	500	0	2mzbV7WevxLuchs2dAMY4vQBS6XttnCUF8Hvks4XNBQ5qiSGGBQe	188	1	186	1	\N
0	1	187	1	1000	0	2mzbV7WevxLuchs2dAMY4vQBS6XttnCUF8Hvks4XNBQ5qiSGGBQe	1	1	187	1	\N
186	1	188	1	290	0	2mzbV7WevxLuchs2dAMY4vQBS6XttnCUF8Hvks4XNBQ5qiSGGBQe	189	1	188	1	\N
198	1	189	1	417	0	2mzbV7WevxLuchs2dAMY4vQBS6XttnCUF8Hvks4XNBQ5qiSGGBQe	190	1	189	1	\N
202	1	190	1	375	0	2mzbV7WevxLuchs2dAMY4vQBS6XttnCUF8Hvks4XNBQ5qiSGGBQe	191	1	190	1	\N
22	1	191	1	178	0	2mzbV7WevxLuchs2dAMY4vQBS6XttnCUF8Hvks4XNBQ5qiSGGBQe	192	1	191	1	\N
102	1	192	1	59	0	2mzbV7WevxLuchs2dAMY4vQBS6XttnCUF8Hvks4XNBQ5qiSGGBQe	193	1	192	1	\N
124	1	193	1	95	0	2mzbV7WevxLuchs2dAMY4vQBS6XttnCUF8Hvks4XNBQ5qiSGGBQe	194	1	193	1	\N
200	1	194	1	394	0	2mzbV7WevxLuchs2dAMY4vQBS6XttnCUF8Hvks4XNBQ5qiSGGBQe	195	1	194	1	\N
54	1	195	1	500	0	2mzbV7WevxLuchs2dAMY4vQBS6XttnCUF8Hvks4XNBQ5qiSGGBQe	196	1	195	1	\N
225	1	196	1	256	0	2mzbV7WevxLuchs2dAMY4vQBS6XttnCUF8Hvks4XNBQ5qiSGGBQe	197	1	196	1	\N
134	1	197	1	128	0	2mzbV7WevxLuchs2dAMY4vQBS6XttnCUF8Hvks4XNBQ5qiSGGBQe	198	1	197	1	\N
97	1	198	1	199	0	2mzbV7WevxLuchs2dAMY4vQBS6XttnCUF8Hvks4XNBQ5qiSGGBQe	199	1	198	1	\N
84	1	199	1	22	0	2mzbV7WevxLuchs2dAMY4vQBS6XttnCUF8Hvks4XNBQ5qiSGGBQe	200	1	199	1	\N
161	1	200	1	276	0	2mzbV7WevxLuchs2dAMY4vQBS6XttnCUF8Hvks4XNBQ5qiSGGBQe	201	1	200	1	\N
228	1	201	1	451	0	2mzbV7WevxLuchs2dAMY4vQBS6XttnCUF8Hvks4XNBQ5qiSGGBQe	202	1	201	1	\N
238	1	202	1	133	0	2mzbV7WevxLuchs2dAMY4vQBS6XttnCUF8Hvks4XNBQ5qiSGGBQe	203	1	202	1	\N
65	1	203	1	460	0	2mzbV7WevxLuchs2dAMY4vQBS6XttnCUF8Hvks4XNBQ5qiSGGBQe	204	1	203	1	\N
219	1	204	1	500	0	2mzbV7WevxLuchs2dAMY4vQBS6XttnCUF8Hvks4XNBQ5qiSGGBQe	205	1	204	1	\N
56	1	205	1	489	0	2mzbV7WevxLuchs2dAMY4vQBS6XttnCUF8Hvks4XNBQ5qiSGGBQe	206	1	205	1	\N
163	1	206	1	190	0	2mzbV7WevxLuchs2dAMY4vQBS6XttnCUF8Hvks4XNBQ5qiSGGBQe	207	1	206	1	\N
192	1	207	1	221	0	2mzbV7WevxLuchs2dAMY4vQBS6XttnCUF8Hvks4XNBQ5qiSGGBQe	208	1	207	1	\N
143	1	208	1	464	0	2mzbV7WevxLuchs2dAMY4vQBS6XttnCUF8Hvks4XNBQ5qiSGGBQe	209	1	208	1	\N
61	1	209	1	10	0	2mzbV7WevxLuchs2dAMY4vQBS6XttnCUF8Hvks4XNBQ5qiSGGBQe	210	1	209	1	\N
136	1	210	1	500	0	2mzbV7WevxLuchs2dAMY4vQBS6XttnCUF8Hvks4XNBQ5qiSGGBQe	211	1	210	1	\N
71	1	211	1	353	0	2mzbV7WevxLuchs2dAMY4vQBS6XttnCUF8Hvks4XNBQ5qiSGGBQe	212	1	211	1	\N
145	1	212	1	396	0	2mzbV7WevxLuchs2dAMY4vQBS6XttnCUF8Hvks4XNBQ5qiSGGBQe	213	1	212	1	\N
106	1	213	1	417	0	2mzbV7WevxLuchs2dAMY4vQBS6XttnCUF8Hvks4XNBQ5qiSGGBQe	214	1	213	1	\N
138	1	214	1	46	0	2mzbV7WevxLuchs2dAMY4vQBS6XttnCUF8Hvks4XNBQ5qiSGGBQe	215	1	214	1	\N
158	1	215	1	305	0	2mzbV7WevxLuchs2dAMY4vQBS6XttnCUF8Hvks4XNBQ5qiSGGBQe	216	1	215	1	\N
123	1	216	1	337	0	2mzbV7WevxLuchs2dAMY4vQBS6XttnCUF8Hvks4XNBQ5qiSGGBQe	217	1	216	1	\N
25	1	217	1	444	0	2mzbV7WevxLuchs2dAMY4vQBS6XttnCUF8Hvks4XNBQ5qiSGGBQe	218	1	217	1	\N
240	1	218	1	479	0	2mzbV7WevxLuchs2dAMY4vQBS6XttnCUF8Hvks4XNBQ5qiSGGBQe	219	1	218	1	\N
211	1	219	1	344	0	2mzbV7WevxLuchs2dAMY4vQBS6XttnCUF8Hvks4XNBQ5qiSGGBQe	220	1	219	1	\N
241	1	220	1	113	0	2mzbV7WevxLuchs2dAMY4vQBS6XttnCUF8Hvks4XNBQ5qiSGGBQe	221	1	220	1	\N
197	1	221	1	236	0	2mzbV7WevxLuchs2dAMY4vQBS6XttnCUF8Hvks4XNBQ5qiSGGBQe	222	1	221	1	\N
170	1	222	1	480	0	2mzbV7WevxLuchs2dAMY4vQBS6XttnCUF8Hvks4XNBQ5qiSGGBQe	223	1	222	1	\N
31	1	223	1	160	0	2mzbV7WevxLuchs2dAMY4vQBS6XttnCUF8Hvks4XNBQ5qiSGGBQe	224	1	223	1	\N
160	1	224	1	318	0	2mzbV7WevxLuchs2dAMY4vQBS6XttnCUF8Hvks4XNBQ5qiSGGBQe	225	1	224	1	\N
21	1	225	1	214	0	2mzbV7WevxLuchs2dAMY4vQBS6XttnCUF8Hvks4XNBQ5qiSGGBQe	226	1	225	1	\N
67	1	226	1	163	0	2mzbV7WevxLuchs2dAMY4vQBS6XttnCUF8Hvks4XNBQ5qiSGGBQe	227	1	226	1	\N
66	1	227	1	500	0	2mzbV7WevxLuchs2dAMY4vQBS6XttnCUF8Hvks4XNBQ5qiSGGBQe	228	1	227	1	\N
108	1	228	1	366	0	2mzbV7WevxLuchs2dAMY4vQBS6XttnCUF8Hvks4XNBQ5qiSGGBQe	229	1	228	1	\N
86	1	229	1	320	0	2mzbV7WevxLuchs2dAMY4vQBS6XttnCUF8Hvks4XNBQ5qiSGGBQe	230	1	229	1	\N
237	1	230	1	407	0	2mzbV7WevxLuchs2dAMY4vQBS6XttnCUF8Hvks4XNBQ5qiSGGBQe	231	1	230	1	\N
74	1	231	1	204	0	2mzbV7WevxLuchs2dAMY4vQBS6XttnCUF8Hvks4XNBQ5qiSGGBQe	232	1	231	1	\N
73	1	232	1	341	0	2mzbV7WevxLuchs2dAMY4vQBS6XttnCUF8Hvks4XNBQ5qiSGGBQe	233	1	232	1	\N
217	1	233	1	18	0	2mzbV7WevxLuchs2dAMY4vQBS6XttnCUF8Hvks4XNBQ5qiSGGBQe	234	1	233	1	\N
36	1	234	1	229	0	2mzbV7WevxLuchs2dAMY4vQBS6XttnCUF8Hvks4XNBQ5qiSGGBQe	235	1	234	1	\N
3	1	235	1	500000000000	0	2mzbV7WevxLuchs2dAMY4vQBS6XttnCUF8Hvks4XNBQ5qiSGGBQe	69	1	235	1	\N
172	1	236	1	477	0	2mzbV7WevxLuchs2dAMY4vQBS6XttnCUF8Hvks4XNBQ5qiSGGBQe	236	1	236	1	\N
53	1	237	1	94	0	2mzbV7WevxLuchs2dAMY4vQBS6XttnCUF8Hvks4XNBQ5qiSGGBQe	237	1	237	1	\N
235	1	238	1	126	0	2mzbV7WevxLuchs2dAMY4vQBS6XttnCUF8Hvks4XNBQ5qiSGGBQe	238	1	238	1	\N
113	1	239	1	112	0	2mzbV7WevxLuchs2dAMY4vQBS6XttnCUF8Hvks4XNBQ5qiSGGBQe	239	1	239	1	\N
223	1	240	1	387	0	2mzbV7WevxLuchs2dAMY4vQBS6XttnCUF8Hvks4XNBQ5qiSGGBQe	240	1	240	1	\N
209	1	241	1	265	0	2mzbV7WevxLuchs2dAMY4vQBS6XttnCUF8Hvks4XNBQ5qiSGGBQe	241	1	241	1	\N
11	1	242	1	269	0	2mzbV7WevxLuchs2dAMY4vQBS6XttnCUF8Hvks4XNBQ5qiSGGBQe	242	1	242	1	\N
7	2	172	1	720000000000	0	2mzbV7WevxLuchs2dAMY4vQBS6XttnCUF8Hvks4XNBQ5qiSGGBQe	19	1	172	1	\N
5	3	134	1	720000000000	0	2mzbV7WevxLuchs2dAMY4vQBS6XttnCUF8Hvks4XNBQ5qiSGGBQe	137	1	134	1	\N
4	4	138	1	11549890000000000	22	2n29NkHP5Af7dWKAH1FjrRGE3PBAVCAxMpP7NEQ7azd1Z9ZVTpQZ	137	1	138	1	\N
7	4	172	1	1553000000000	0	2mzbV7WevxLuchs2dAMY4vQBS6XttnCUF8Hvks4XNBQ5qiSGGBQe	19	1	172	1	\N
3	4	235	1	497000000000	12	2mzkMkdU82vXrMQttyzqkehjPgshY55ZycGfw58a81AFkokJ8M6Z	69	1	235	1	\N
5	5	134	1	1440000000000	0	2mzbV7WevxLuchs2dAMY4vQBS6XttnCUF8Hvks4XNBQ5qiSGGBQe	137	1	134	1	\N
4	6	138	1	11549880000000000	24	2n1AVs6jnZJJHcD12iQXN2wEMcgQSrf5GzS8WGATVCLif74FbcdJ	137	1	138	1	\N
7	6	172	1	1563750000000	0	2mzbV7WevxLuchs2dAMY4vQBS6XttnCUF8Hvks4XNBQ5qiSGGBQe	19	1	172	1	\N
3	6	235	1	496250000000	15	2n1cdNgVzUw8tjjCSn1vaS9oNKFKvruD5TYbdyDTiEU4xjDu3QWW	69	1	235	1	\N
4	7	138	1	11549880000000000	24	2n1AVs6jnZJJHcD12iQXN2wEMcgQSrf5GzS8WGATVCLif74FbcdJ	137	1	138	1	\N
7	7	172	1	1564500000000	0	2mzbV7WevxLuchs2dAMY4vQBS6XttnCUF8Hvks4XNBQ5qiSGGBQe	19	1	172	1	\N
3	7	235	1	495500000000	18	2n1LuseMi4sg43d8g9abfdE8Mfgee2MkQ4AjKWjVfeesmBpLYNdp	69	1	235	1	\N
5	8	134	1	2160000000000	0	2mzbV7WevxLuchs2dAMY4vQBS6XttnCUF8Hvks4XNBQ5qiSGGBQe	137	1	134	1	\N
4	9	138	1	11549760000000000	48	2n1M3enG72gJ7WkniLChjcqryEbkEo6MEu2RQfQ6ZVSvcnwAV7s5	137	1	138	1	\N
7	9	172	1	2408000000000	0	2mzbV7WevxLuchs2dAMY4vQBS6XttnCUF8Hvks4XNBQ5qiSGGBQe	19	1	172	1	\N
3	9	235	1	492000000000	32	2n1C7ym64csEm1yWhQ2iUkjwnz7wHq86FDn8MCHmcyphPFe3xx5U	69	1	235	1	\N
5	10	134	1	2880000000000	0	2mzbV7WevxLuchs2dAMY4vQBS6XttnCUF8Hvks4XNBQ5qiSGGBQe	137	1	134	1	\N
5	11	134	1	3600000000000	0	2mzbV7WevxLuchs2dAMY4vQBS6XttnCUF8Hvks4XNBQ5qiSGGBQe	137	1	134	1	\N
5	12	134	1	4320000000000	0	2mzbV7WevxLuchs2dAMY4vQBS6XttnCUF8Hvks4XNBQ5qiSGGBQe	137	1	134	1	\N
4	13	138	1	11549760000000000	48	2n1M3enG72gJ7WkniLChjcqryEbkEo6MEu2RQfQ6ZVSvcnwAV7s5	137	1	138	1	\N
7	13	172	1	2410500000000	0	2mzbV7WevxLuchs2dAMY4vQBS6XttnCUF8Hvks4XNBQ5qiSGGBQe	19	1	172	1	\N
3	13	235	1	489500000000	42	2mzmpVPRifaDeuHeUM4Js99EfU2bgSrP4Np9dWbEJVNjFCZGpJXY	69	1	235	1	\N
4	14	138	1	11549640000000000	72	2n1MQhKSyAvJa3KhCfZeAUqBzjNjxV9pCtZZEwutS4nPvLthFBXP	137	1	138	1	\N
7	14	172	1	3251000000000	0	2mzbV7WevxLuchs2dAMY4vQBS6XttnCUF8Hvks4XNBQ5qiSGGBQe	19	1	172	1	\N
3	14	235	1	489000000000	44	2n1PF7fCtyn4FyXJgswEjRksMehuN3xsT25vtCGCaHfXeAfPYj4e	69	1	235	1	\N
5	15	134	1	4320000000000	0	2mzbV7WevxLuchs2dAMY4vQBS6XttnCUF8Hvks4XNBQ5qiSGGBQe	137	1	134	1	\N
5	16	134	1	5040000000000	0	2mzbV7WevxLuchs2dAMY4vQBS6XttnCUF8Hvks4XNBQ5qiSGGBQe	137	1	134	1	\N
4	17	138	1	11549520000000000	96	2n1hgRbJRvrS9xqvwvLUhZrkg26YW8apvoXKyXhfUDCtB6GfVJtW	137	1	138	1	\N
7	17	172	1	4093750000000	0	2mzbV7WevxLuchs2dAMY4vQBS6XttnCUF8Hvks4XNBQ5qiSGGBQe	19	1	172	1	\N
3	17	235	1	486250000000	55	2n2LBiY1yXeNmb784wwhcKXvafoTaCpH8SEXnwm5sqVe7ZYZ9pg4	69	1	235	1	\N
4	18	138	1	11549435000000000	113	2n24ZWrK3Tpu693Q4G36qnsLhbWcuqFNxH3KjADo7kXuenRGRRyx	137	1	138	1	\N
7	18	172	1	4899500000000	0	2mzbV7WevxLuchs2dAMY4vQBS6XttnCUF8Hvks4XNBQ5qiSGGBQe	19	1	172	1	\N
3	18	235	1	485500000000	58	2n1RDAoEbKg4LBTCkqwTstic4S2K2vkjkRbgiqagAhiWxZsuX9jX	69	1	235	1	\N
5	19	134	1	5040000000000	0	2mzbV7WevxLuchs2dAMY4vQBS6XttnCUF8Hvks4XNBQ5qiSGGBQe	137	1	134	1	\N
4	20	138	1	11549335000000000	133	2n1jPt27mHG6VTqLu4yawYPuM6P84JLaBttqLSBW3L9ghQEFqd11	137	1	138	1	\N
7	20	172	1	5721750000000	0	2mzbV7WevxLuchs2dAMY4vQBS6XttnCUF8Hvks4XNBQ5qiSGGBQe	19	1	172	1	\N
3	20	235	1	483250000000	67	2n12f8CAnCSSQ7kVGNVJfsZY1MYV6Rie8fGu6DSSHMczazRo27yY	69	1	235	1	\N
4	21	138	1	11549240000000000	152	2n27soQcN6SYT1haHpBmQBvQY3eS7a4FBa6pn7qAoM9p26ePzCeo	137	1	138	1	\N
7	21	172	1	6539250000000	0	2mzbV7WevxLuchs2dAMY4vQBS6XttnCUF8Hvks4XNBQ5qiSGGBQe	19	1	172	1	\N
3	21	235	1	480750000000	77	2n1WuyfHoaB2ianvHaPVZz1SnaULLzDpB5kmAxYchiRB64KXMGWF	69	1	235	1	\N
4	22	138	1	11549140000000000	172	2n1TE4LV312h8doNu569Pm5A6cpDRqQK4YSjra2C29nbFyqfEjWF	137	1	138	1	\N
7	22	172	1	7361750000000	0	2mzbV7WevxLuchs2dAMY4vQBS6XttnCUF8Hvks4XNBQ5qiSGGBQe	19	1	172	1	\N
3	22	235	1	478250000000	87	2n2Pr8sybagckzamyAxPhYuZbU52SnW1Z13Hf9MVYTjZ6cBgyWoE	69	1	235	1	\N
5	23	134	1	5826750000000	0	2mzbV7WevxLuchs2dAMY4vQBS6XttnCUF8Hvks4XNBQ5qiSGGBQe	137	1	134	1	\N
4	23	138	1	11549075000000000	185	2mzf9wAKr9eXaQNK1AWBC3GCLKpvprk2GUtHJzB6gPxN3H2X61fL	137	1	138	1	\N
3	23	235	1	476500000000	94	2n1eXvQCVf4qXQj81JNywM2qHBzEUVLZEJdSwk6mxe4UikH7CAwc	69	1	235	1	\N
4	25	138	1	11549010000000000	198	2mzWmLSgDXgR46btNV72fvHNqjRyBYLDd5bkQcw9CeLA6umHHpsL	137	1	138	1	\N
7	25	172	1	8868250000000	0	2mzbV7WevxLuchs2dAMY4vQBS6XttnCUF8Hvks4XNBQ5qiSGGBQe	19	1	172	1	\N
3	25	235	1	475000000000	100	2mzZLZKJaTdBaztGkEBu3X8YrKZZpnJwRvzB3mgCWVhErEW4N3t4	69	1	235	1	\N
5	27	134	1	6577500000000	0	2mzbV7WevxLuchs2dAMY4vQBS6XttnCUF8Hvks4XNBQ5qiSGGBQe	137	1	134	1	\N
4	27	138	1	11548980000000000	204	2n1yjehwUg7ge8bexSaVeD8r6mFzZm6ZBeNSjmVPgyaUTydkSiWX	137	1	138	1	\N
3	27	235	1	474250000000	103	2n1qs4svgefoEvmUpwL14BXXgCWBLjBQcz7h5jWVySFEhU4AD1Ey	69	1	235	1	\N
5	29	134	1	7369250000000	0	2mzbV7WevxLuchs2dAMY4vQBS6XttnCUF8Hvks4XNBQ5qiSGGBQe	137	1	134	1	\N
4	29	138	1	11548880000000000	224	2n16PareEaJhRiUBvMJEiHZc2DUTK1Bp3Kn6JywxsG5T7c4xxuv9	137	1	138	1	\N
3	29	235	1	471750000000	113	2mzhvYuAmcx8XfnqAFwnfE8HiAnGgHsHoDZvt1JS1WzhEpoqr8fE	69	1	235	1	\N
1	31	57	1	5001000000	0	2mzbV7WevxLuchs2dAMY4vQBS6XttnCUF8Hvks4XNBQ5qiSGGBQe	59	1	57	1	\N
4	31	138	1	11548850000000000	230	2mzyYm4cdpNEiPmcvi6yqnSm19LoC89iJkSQNcLTKzNjoKQMsttJ	137	1	138	1	\N
7	31	172	1	10369749000000	0	2mzbV7WevxLuchs2dAMY4vQBS6XttnCUF8Hvks4XNBQ5qiSGGBQe	19	1	172	1	\N
3	31	235	1	471000000000	116	2n1UKntoZRt7vgi3XXeuqYbWJArsQXPBsf8JibNegM3oknwq2mw2	69	1	235	1	\N
4	24	138	1	11549040000000000	192	2n1Ceh63hUPmwypRAc1tgL2A1XLEzr4TsPifFofr7k5x6D7qWfmx	137	1	138	1	\N
7	24	172	1	8117500000000	0	2mzbV7WevxLuchs2dAMY4vQBS6XttnCUF8Hvks4XNBQ5qiSGGBQe	19	1	172	1	\N
3	24	235	1	475750000000	97	2n22ksmX4ePAxGtdVcAj8sLkMF98jVmA4HXDLqYYrKBbuoQH6DpS	69	1	235	1	\N
4	26	138	1	11548980000000000	204	2n1yjehwUg7ge8bexSaVeD8r6mFzZm6ZBeNSjmVPgyaUTydkSiWX	137	1	138	1	\N
7	26	172	1	9619000000000	0	2mzbV7WevxLuchs2dAMY4vQBS6XttnCUF8Hvks4XNBQ5qiSGGBQe	19	1	172	1	\N
3	26	235	1	474250000000	103	2n1qs4svgefoEvmUpwL14BXXgCWBLjBQcz7h5jWVySFEhU4AD1Ey	69	1	235	1	\N
4	28	138	1	11548950000000000	210	2n1RGnXtXteivcu7bYd2bFiFJzYRVeJVzj1dBofDUKNukRTRHCvx	137	1	138	1	\N
7	28	172	1	9619000000000	0	2mzbV7WevxLuchs2dAMY4vQBS6XttnCUF8Hvks4XNBQ5qiSGGBQe	19	1	172	1	\N
3	28	235	1	473500000000	106	2n1Ycj2FR68NfVhezCyLiD4DDHECtfYf52YSeraqhyTPnaXkivom	69	1	235	1	\N
1	30	57	1	5001000000	0	2mzbV7WevxLuchs2dAMY4vQBS6XttnCUF8Hvks4XNBQ5qiSGGBQe	59	1	57	1	\N
5	30	134	1	8119999000000	0	2mzbV7WevxLuchs2dAMY4vQBS6XttnCUF8Hvks4XNBQ5qiSGGBQe	137	1	134	1	\N
4	30	138	1	11548850000000000	230	2mzyYm4cdpNEiPmcvi6yqnSm19LoC89iJkSQNcLTKzNjoKQMsttJ	137	1	138	1	\N
3	30	235	1	471000000000	116	2n1UKntoZRt7vgi3XXeuqYbWJArsQXPBsf8JibNegM3oknwq2mw2	69	1	235	1	\N
1	32	57	1	5037000000	0	2mzbV7WevxLuchs2dAMY4vQBS6XttnCUF8Hvks4XNBQ5qiSGGBQe	59	1	57	1	\N
4	32	138	1	11548785000000000	243	2n2CmutRh84LurAEwMhgJVqHURCNRb9FTVuCWDyNxDofUAqM2A2h	137	1	138	1	\N
7	32	172	1	11156463000000	0	2mzbV7WevxLuchs2dAMY4vQBS6XttnCUF8Hvks4XNBQ5qiSGGBQe	19	1	172	1	\N
3	32	235	1	469250000000	123	2mzsRti9r6xwAbTjRsQfjhU4K56US2jXTLdG33ADYao2DKTXsy8c	69	1	235	1	\N
\.


--
-- Data for Name: accounts_created; Type: TABLE DATA; Schema: public; Owner: postgres
--

COPY public.accounts_created (block_id, account_identifier_id, creation_fee) FROM stdin;
\.


--
-- Data for Name: blocks; Type: TABLE DATA; Schema: public; Owner: postgres
--

COPY public.blocks (id, state_hash, parent_id, parent_hash, creator_id, block_winner_id, last_vrf_output, snarked_ledger_hash_id, staking_epoch_data_id, next_epoch_data_id, min_window_density, sub_window_densities, total_currency, ledger_hash, height, global_slot_since_hard_fork, global_slot_since_genesis, protocol_version_id, proposed_protocol_version_id, "timestamp", chain_status) FROM stdin;
26	3NKQRJH5CSd45LCGp2mFbjzEKawE8YC8SJuBkvcrsNeP3M7qpnsj	25	3NLVfC8GugJLsngwEfZcHza1NLYPVX8AG5FxBb7dA1vw36fHQBL7	19	18	kbiFRM4Wi-LH6icog1TJDm025BoFpw9mwsBhaW7qHAI=	1	1	27	77	{2,3,6,4,3,3,7,7,7,7,7}	23166005000061388	jy2EmtKY7hepaiTTVEyrofMjAnYCdihpQRYb1UZWifDpg1Mffun	21	37	37	1	\N	1753118058000	orphaned
30	3NLgEFYcpYnmpNszAgFN9pQhF6MqJKtmpLh9RZPWzPPPAPj8YY5V	29	3NLsMZJR5hvqm81VoRRq6azCngaDpHxTuFWAwGY6dpiwMBd2A1nk	137	141	hOHMOg4PVkVDRkLpcAe5l8TXGsXo_c0elTStLoWWkAA=	1	1	31	77	{2,3,6,4,3,6,7,7,7,7,7}	23166005000061388	jxKZnn1rhMZcz56b1udbyE3DThB7ExXRQkYu8xcGSEQVWHDRkpL	24	41	41	1	\N	1753118178000	orphaned
32	3NKzF1yvcBS2GA6FA8qcYqUuxtbxbcUSYjJQHc6KR7NabVAH22fu	31	3NKTNvTjJ8oFs5sm5rKRvycDoeVgY4EaffAbDW5LvM55Usu9JxGa	19	18	ibQAZfZXQyUobNFRTeGi_E2BqNV8Z6ZGD22oMk0dGwU=	1	1	33	77	{2,3,6,4,3,6,1,7,7,7,7}	23166005000061388	jxAQpHhrvbfaFUUz6bHJxVLcTuFAnvMkGjCA9CCzuB9aHQmNHQg	25	43	43	1	\N	1753118238000	canonical
28	3NKHxi44aEzwGkmGAUGXNde7P8fWZLUX3Egi4zQKd8mkECDTBvvQ	27	3NKdjfiDzaLDHJkaaAbtdYJHNM7bcQqNZXF3YxMQLmTpHuqygK2g	19	18	Uc7hfitJF45UJeBFrUW1OcvkSyWxEtzKTWCULFHD1gI=	1	1	29	77	{2,3,6,4,3,4,7,7,7,7,7}	23166005000061388	jxxu1ZeLcvancksLW7aoVrbWwxRCaVhuzoSZvBueNn3eBCEgXBn	22	38	38	1	\N	1753118088000	canonical
24	3NKiwTQaPTYFAuPo1PBxgYnKzBLHXfCmw9TbnxVYF9oRfAfKSqWL	23	3NLxhBZ4LRGHdbtKe8r5fXSsrRxVArhxVwzcTp7ty8vzPrr28pff	19	18	AwhqwBQWkDdOJcAxsDdt_UUfladhaPAY851KqaM8tQA=	1	1	25	77	{2,3,6,4,3,1,7,7,7,7,7}	23166005000061388	jwheXpFAnxWtpqvLCNSdxG4SEoCrGdhBWVuU4cW2inou4Nr56D4	19	35	35	1	\N	1753117998000	canonical
22	3NK7XL5Q8GWStKMykmxeM8QdKwCQvTSgAawxoVZVMZpd9eYn2LzL	21	3NLALQSHSSes5smT4JkrY4ysmfY6cRsSQjnjDNWSpEL4X5eDvMc7	19	18	nkuEbuNcsp2AByI3ly1TTLQbZiNktVGqzCFuuloK0QQ=	1	1	23	77	{2,3,6,4,2,7,7,7,7,7,7}	23166005000061388	jxM5X18cXrbLFxU7fXtKmxo98kCUqBLzkLb6x3ZG3w6cVqxmKQM	17	32	32	1	\N	1753117908000	canonical
20	3NL6WwwJFR24kxpGybFnaLpBPSZdqPE135kKmqanQHweJFHufywY	19	3NLk2NkqaCwPMN2UD5mfy1UzjHZAtBAY8mcVswYP1SjNzUEUYHus	19	18	e6wSJc7UHqnVGHmsyNKsuNnhFmnkcwyRc6MpSUFxIAs=	1	1	21	77	{2,3,6,4,7,7,7,7,7,7,7}	23166005000061388	jxYpqbgun1H6MRHAPry1jH6u3nPGjroGHuMYfaNb5RuxWZ4TdzM	15	26	26	1	\N	1753117728000	canonical
18	3NKMSaEYphyHcAuxcbXpZjozG8VyUfbirYvNuSoS2Sw7b3kBeizC	17	3NL9wUybZD4jWZKFNo3yT7butwaEacUEapkZpDZGQkHP5BhMWFdf	19	18	H1kXGGKaDUOdz0oDUKfyj3gQqeFRIOoMRlAtS3hlIwQ=	1	1	19	77	{2,3,6,2,7,7,7,7,7,7,7}	23166005000061388	jwgpCHxwdqNq8gckxrz2TsHHX2boVMTtx9j8TpCiE8MXgDRu1bi	13	23	23	1	\N	1753117638000	canonical
4	3NLQsoP4MfofgZhUySMWCdGaeHAzgg8adknxMVzcHDW3RUqZGnuW	2	3NLvdTwxD2Hpj7orCR7qrKWqnQmMi1QHKfZCyMUJvtuuiKLLCYJt	19	18	m9beNOyWH4fFckBVsjTZJ5thV15tXNo3robjpSaeMwM=	1	1	5	77	{2,1,7,7,7,7,7,7,7,7,7}	23166005000061388	jwWHZqiRZUjLGzTvcJVCDWNbWTzR6JKDgGBuFrE5dqjPsb5vwCm	3	9	9	1	\N	1753117218000	orphaned
6	3NKfsZ7WfE2bgRkgKzH1iy7RJ4YgHXyvPaTEeatAU4Qp26gioQWt	3	3NLh6KcqnVXmG7Gg2sZ5GHsMYyRGNtNHDRTY7LhLwWzqTUrhpiip	19	18	I1RmYaqMxhGbcolZL9Ntphw0QSlh645IUb4ygDMJdwg=	1	1	7	77	{2,2,7,7,7,7,7,7,7,7,7}	23166005000061388	jxihXszdQ5dxSK1t3v3DUWHXVN45cqmF3z9cRq4ESiXi7tMvddE	4	10	10	1	\N	1753117248000	orphaned
9	3NLqFuYA9cG9M2uswRqyazY1e7wScaEvWZSNHcnmeJWxnHUko243	7	3NKvbhXkgx7PxAfzeCmikzQtcJofR19Ah48MmmboPo3Ze4rZkaKr	19	18	P_MUPk5zcwCV2G-frc26O5pg_JqXSfAXPDEUzi-qFgc=	1	1	10	77	{2,3,1,7,7,7,7,7,7,7,7}	23166005000061388	jwhGGjZEXUp8gizcm6HtpqEaMJgWmMwCwd4ZJmPs2EWWzwSNNyp	6	15	15	1	\N	1753117398000	orphaned
8	3NLrDyFYTNZ4U23c7b3XzgXWcCigYcDoP5SjfUahj9V1aYRxtUGo	7	3NKvbhXkgx7PxAfzeCmikzQtcJofR19Ah48MmmboPo3Ze4rZkaKr	137	141	zww4HT1iqjo9cR3BighVUvCTcPI-qOJq0nKTHFqjeww=	1	1	9	77	{2,3,1,7,7,7,7,7,7,7,7}	23166005000061388	jwfYdHnYL7UVysLQ34kF6vsqDgk2sJ8sRmWQRHpL4z87DTnAZve	6	15	15	1	\N	1753117398000	canonical
7	3NKvbhXkgx7PxAfzeCmikzQtcJofR19Ah48MmmboPo3Ze4rZkaKr	5	3NKifRCYJntmtKud4NDRfiucZRRkFWCk28CFSJvraV8Zx83oMUXa	19	18	7Vu3B3lvwhz39q6UGpq3QU-tNXs2_o84Z7qceteQzg8=	1	1	8	77	{2,3,7,7,7,7,7,7,7,7,7}	23166005000061388	jxnJ6mjH3dXxW1rULKW9jDVbTCQjG1T2BpYTp6xukJjSbHJNq2s	5	11	11	1	\N	1753117278000	canonical
5	3NKifRCYJntmtKud4NDRfiucZRRkFWCk28CFSJvraV8Zx83oMUXa	3	3NLh6KcqnVXmG7Gg2sZ5GHsMYyRGNtNHDRTY7LhLwWzqTUrhpiip	137	141	cUryCTRrrybyC411QfuqN1vitUOMM_BYObA9qa5WNgA=	1	1	6	77	{2,2,7,7,7,7,7,7,7,7,7}	23166005000061388	jxaB5ddSn3mh8ur2mJjVGW4qGb7Rxj318SgSRjkGQUcYKN4CF22	4	10	10	1	\N	1753117248000	canonical
3	3NLh6KcqnVXmG7Gg2sZ5GHsMYyRGNtNHDRTY7LhLwWzqTUrhpiip	2	3NLvdTwxD2Hpj7orCR7qrKWqnQmMi1QHKfZCyMUJvtuuiKLLCYJt	137	141	kLn-lVLqAbvHI56MgnTR1v0wTBnthBjnfM8msqqV3AE=	1	1	4	77	{2,1,7,7,7,7,7,7,7,7,7}	23166005000061388	jwfMPLxLv9LN3q4j3DcG32ZmdsaMXLyVYU1kj17QRcM1BX9ypn4	3	9	9	1	\N	1753117218000	canonical
2	3NLvdTwxD2Hpj7orCR7qrKWqnQmMi1QHKfZCyMUJvtuuiKLLCYJt	1	3NKAJtNkRdp5PD6djaF8hfCoeRzzWTRcm6GoBgciW7orTKKJKu3Y	19	18	oKJchwB7HqIM4hfhCwVMDeihc2_ng4dBBcqEhBclmgk=	1	1	3	77	{2,7,7,7,7,7,7,7,7,7,7}	23166005000061388	jxdvqHWKby1UFMEFaMbPCnAV9FEJ46TfCoA4aY7dgqYZxTQ4rBE	2	6	6	1	\N	1753117129160	canonical
1	3NKAJtNkRdp5PD6djaF8hfCoeRzzWTRcm6GoBgciW7orTKKJKu3Y	\N	3NKRBuWZEtEGpx2NrMuE63oz2isTLmRfnDHqLSHZVczX23ERKLup	1	1	39cyg4ZmMtnb_aFUIerNAoAJV8qtkfOpq0zFzPspjgM=	1	1	2	77	{1,7,7,7,7,7,7,7,7,7,7}	23166005000061388	jxaoh77psQUWa1GjEVmk7ajoNjwQfZGBA9PeGg5YsntNNt8twwL	1	0	0	1	\N	1753116948000	canonical
12	3NKJF8zD2kKFXTmXdEuUE1uHXDxUfL5s9frhn9sA4vQdPXVdTTnj	11	3NKRFFS27NmSsW3tjiL3DJncz7KVMrjMSJEW6N7JYFNsY76XtTut	137	141	spVqmfSdZEmvU_WXRfsKoDJsm28KKirX00HWO9XifAM=	1	1	13	77	{2,3,4,7,7,7,7,7,7,7,7}	23166005000061388	jxgzXHq6NiYDSbWk3qLv2qDMLdUWuxCWzB7NLmKZnrNN1PMiGVN	9	18	18	1	\N	1753117488000	orphaned
16	3NLcgyvETB7Yp9YDNayMKwC8Ki3sMuXphRX3duf2XMHdz7ZXizHa	15	3NKs5MsBWEBJGjc5KYN5dLxSZ5sGtYNCzehFfPLuX3QSjgp6pDZ6	137	141	QeZkJrw7iu0Bg3UiJth63xMKCSRs7qO7Jt3FF5L0PAo=	1	1	17	77	{2,3,6,1,7,7,7,7,7,7,7}	23166005000061388	jwjovtZErWGpxnVBwhtbwFsxd1Pa7EGjYsWFuav8uXNcGFDFBbc	12	22	22	1	\N	1753117608000	orphaned
31	3NKTNvTjJ8oFs5sm5rKRvycDoeVgY4EaffAbDW5LvM55Usu9JxGa	29	3NLsMZJR5hvqm81VoRRq6azCngaDpHxTuFWAwGY6dpiwMBd2A1nk	19	18	EwFcKoCqiHEqdODzt6Pqyje3uh8zvjf5TS9SxbRy_Q0=	1	1	32	77	{2,3,6,4,3,6,7,7,7,7,7}	23166005000061388	jwZf3hFHtZhAePsdR3mFGGBJSJzGz5Y22VzA1cUk5uk35ut43E4	24	41	41	1	\N	1753118178000	orphaned
29	3NLsMZJR5hvqm81VoRRq6azCngaDpHxTuFWAwGY6dpiwMBd2A1nk	28	3NKHxi44aEzwGkmGAUGXNde7P8fWZLUX3Egi4zQKd8mkECDTBvvQ	137	141	VOgid0fm09YD8pBMsSsRHOAfLnzhftoLyeTHph9i-gs=	1	1	30	77	{2,3,6,4,3,5,7,7,7,7,7}	23166005000061388	jwsG9p4RWTzN7towQXz63bKb3wGUF7pHVHP4rHQnTQeai42fvtY	23	40	40	1	\N	1753118148000	canonical
27	3NKdjfiDzaLDHJkaaAbtdYJHNM7bcQqNZXF3YxMQLmTpHuqygK2g	25	3NLVfC8GugJLsngwEfZcHza1NLYPVX8AG5FxBb7dA1vw36fHQBL7	137	141	KfZ21hG92nut-rX29_xgPuU5wlwNpMUNoBkL9j4YLgg=	1	1	28	77	{2,3,6,4,3,3,7,7,7,7,7}	23166005000061388	jwzMu4bzU7gVbyKbG3TiWobjCnxWAZRa7eW6XnmeKXZS58bh8oD	21	37	37	1	\N	1753118058000	canonical
25	3NLVfC8GugJLsngwEfZcHza1NLYPVX8AG5FxBb7dA1vw36fHQBL7	24	3NKiwTQaPTYFAuPo1PBxgYnKzBLHXfCmw9TbnxVYF9oRfAfKSqWL	19	18	5H5vygr-MwDjyJ0A3Gjg-Ihe_io0GxdY1qDbH0ye3Ak=	1	1	26	77	{2,3,6,4,3,2,7,7,7,7,7}	23166005000061388	jxYVefps8btpTS2jVpUZtghRbouoSywHeAzidAwDf7UsUDgeN24	20	36	36	1	\N	1753118028000	canonical
23	3NLxhBZ4LRGHdbtKe8r5fXSsrRxVArhxVwzcTp7ty8vzPrr28pff	22	3NK7XL5Q8GWStKMykmxeM8QdKwCQvTSgAawxoVZVMZpd9eYn2LzL	137	141	5KXQp5jDUNVS3jbBR6hFpF1dwAuleOfCp7SMb5trmQE=	1	1	24	77	{2,3,6,4,3,7,7,7,7,7,7}	23166005000061388	jxbJJMiymkKsXsG6zc6uHUAptnMswzfLCCy8BYYYE4x5UtQAgPY	18	34	34	1	\N	1753117968000	canonical
21	3NLALQSHSSes5smT4JkrY4ysmfY6cRsSQjnjDNWSpEL4X5eDvMc7	20	3NL6WwwJFR24kxpGybFnaLpBPSZdqPE135kKmqanQHweJFHufywY	19	18	I_6frkakkc5ScqNpDO12rhnx7PYJ-cJ6ldfKpEfjZA8=	1	1	22	77	{2,3,6,4,1,7,7,7,7,7,7}	23166005000061388	jxP2VYJB9b6PfWLUaSGPLUgpV6g92nMHLX2E19Y8wonA2bzpAtp	16	29	29	1	\N	1753117818000	canonical
19	3NLk2NkqaCwPMN2UD5mfy1UzjHZAtBAY8mcVswYP1SjNzUEUYHus	18	3NKMSaEYphyHcAuxcbXpZjozG8VyUfbirYvNuSoS2Sw7b3kBeizC	137	141	UIyRqpBC8Ft6Ot6SbJEY5khH6LWuMN1Hb7hKIr1clwE=	1	1	20	77	{2,3,6,3,7,7,7,7,7,7,7}	23166005000061388	jxD9XNo7LRif716bPjgTnuGf7f4D3LieBUqoFpcz456ZeDtDRDr	14	25	25	1	\N	1753117698000	canonical
17	3NL9wUybZD4jWZKFNo3yT7butwaEacUEapkZpDZGQkHP5BhMWFdf	15	3NKs5MsBWEBJGjc5KYN5dLxSZ5sGtYNCzehFfPLuX3QSjgp6pDZ6	19	18	miVHDqbHyqG6LZXFOyyQpN25xshnuB5iGHaw45ibcAU=	1	1	18	77	{2,3,6,1,7,7,7,7,7,7,7}	23166005000061388	jxiqPbjbLLtHUtNFcPkaNm6txbnsd1ZMN8H5msx2t8GpN9hBfcV	12	22	22	1	\N	1753117608000	canonical
15	3NKs5MsBWEBJGjc5KYN5dLxSZ5sGtYNCzehFfPLuX3QSjgp6pDZ6	14	3NLStm6QffMitasiKgzTQx2ZMnrH8PrERwiVLjiZ5W4x6AKXfBNg	137	141	DA8H-sxhZ3z_Gh51VwEf9pqdgpSbasiizx20IQOKdAo=	1	1	16	77	{2,3,6,7,7,7,7,7,7,7,7}	23166005000061388	jxhfxHwnt3DTqSK7gqNXNG3GpUiYiarKhVTh2GUb2JCRYaCNDGy	11	20	20	1	\N	1753117548000	canonical
14	3NLStm6QffMitasiKgzTQx2ZMnrH8PrERwiVLjiZ5W4x6AKXfBNg	13	3NLcz1JAd3TPg2gap4EcxaRX6sn3vd8qWjoXuMKMcMEX5r25ssM9	19	18	0wGkWyDDHzBqb5P97Q755Lw_PBG-BO8kOLj4vMbjewk=	1	1	15	77	{2,3,5,7,7,7,7,7,7,7,7}	23166005000061388	jwH8wAAJ9pVW8QucvuFYZXJgVesJaE55euWtCk3FQ313XRj4bso	10	19	19	1	\N	1753117518000	canonical
13	3NLcz1JAd3TPg2gap4EcxaRX6sn3vd8qWjoXuMKMcMEX5r25ssM9	11	3NKRFFS27NmSsW3tjiL3DJncz7KVMrjMSJEW6N7JYFNsY76XtTut	19	18	L18SNKTw5gvr2F0n-5gN0PiqkfGwJDLZ7ihQUzDlXA8=	1	1	14	77	{2,3,4,7,7,7,7,7,7,7,7}	23166005000061388	jxXbS7eiobMAWNvvDTeyUPmis2fPHdK3ZJ7BtR2w6t7s64f7H2s	9	18	18	1	\N	1753117488000	canonical
11	3NKRFFS27NmSsW3tjiL3DJncz7KVMrjMSJEW6N7JYFNsY76XtTut	10	3NLqxbjd8QUJPyw461s9mHwgzDFYLwr7gcf9fiRtncHL7LQvDoNj	137	141	kaX1W4fj-3Ienxy3Kvh4_QECZs1OF0OseVzv0sxgOgo=	1	1	12	77	{2,3,3,7,7,7,7,7,7,7,7}	23166005000061388	jwvu6QE7QLGTXmia7w5Kb84YYLC3JJUyGbk6TZxi56BVjngfDXQ	8	17	17	1	\N	1753117458000	canonical
10	3NLqxbjd8QUJPyw461s9mHwgzDFYLwr7gcf9fiRtncHL7LQvDoNj	8	3NLrDyFYTNZ4U23c7b3XzgXWcCigYcDoP5SjfUahj9V1aYRxtUGo	137	141	QOhpeJ5zifS7JiM-_eVnybA81QA1dl3dUOaGv0PsAws=	1	1	11	77	{2,3,2,7,7,7,7,7,7,7,7}	23166005000061388	jwp6DwkxMqp4BJZRZ4pc9cQ7wWqXv5g71scyRzFHsjjaTpxhSYh	7	16	16	1	\N	1753117428000	canonical
\.


--
-- Data for Name: blocks_internal_commands; Type: TABLE DATA; Schema: public; Owner: postgres
--

COPY public.blocks_internal_commands (block_id, internal_command_id, sequence_no, secondary_sequence_no, status, failure_reason) FROM stdin;
2	1	0	0	applied	\N
3	2	0	0	applied	\N
4	1	34	0	applied	\N
4	3	35	0	applied	\N
5	2	0	0	applied	\N
6	1	39	0	applied	\N
6	4	40	0	applied	\N
7	1	42	0	applied	\N
7	5	43	0	applied	\N
8	2	0	0	applied	\N
9	1	38	0	applied	\N
9	6	39	0	applied	\N
10	2	0	0	applied	\N
11	2	0	0	applied	\N
12	2	0	0	applied	\N
13	1	48	0	applied	\N
13	7	49	0	applied	\N
14	1	26	0	applied	\N
14	8	27	0	applied	\N
15	2	0	0	applied	\N
16	2	0	0	applied	\N
17	1	35	0	applied	\N
17	9	36	0	applied	\N
18	1	20	0	applied	\N
18	10	21	0	applied	\N
19	2	0	0	applied	\N
20	1	29	0	applied	\N
20	11	30	0	applied	\N
21	1	29	0	applied	\N
21	12	30	0	applied	\N
22	13	4	0	applied	\N
22	1	31	0	applied	\N
22	14	32	0	applied	\N
23	2	20	0	applied	\N
23	15	21	0	applied	\N
24	1	10	0	applied	\N
24	16	11	0	applied	\N
25	1	9	0	applied	\N
25	17	10	0	applied	\N
26	1	9	0	applied	\N
26	17	10	0	applied	\N
27	2	9	0	applied	\N
27	18	10	0	applied	\N
28	1	9	0	applied	\N
28	17	10	0	applied	\N
29	2	21	0	applied	\N
29	19	22	0	applied	\N
30	18	9	0	applied	\N
30	20	10	0	applied	\N
30	21	10	0	applied	\N
31	17	9	0	applied	\N
31	20	10	0	applied	\N
31	22	10	0	applied	\N
32	20	20	0	applied	\N
32	22	20	0	applied	\N
32	23	21	0	applied	\N
32	24	21	1	applied	\N
\.


--
-- Data for Name: blocks_user_commands; Type: TABLE DATA; Schema: public; Owner: postgres
--

COPY public.blocks_user_commands (block_id, user_command_id, sequence_no, status, failure_reason) FROM stdin;
4	1	22	applied	\N
4	2	23	applied	\N
4	3	24	applied	\N
4	4	25	applied	\N
4	5	26	applied	\N
4	6	27	applied	\N
4	7	28	applied	\N
4	8	29	applied	\N
4	9	30	applied	\N
4	10	31	applied	\N
4	11	32	applied	\N
4	12	33	applied	\N
6	1	24	applied	\N
6	2	25	applied	\N
6	3	26	applied	\N
6	4	27	applied	\N
6	5	28	applied	\N
6	6	29	applied	\N
6	7	30	applied	\N
6	8	31	applied	\N
6	9	32	applied	\N
6	10	33	applied	\N
6	11	34	applied	\N
6	12	35	applied	\N
6	13	36	applied	\N
6	14	37	applied	\N
6	15	38	applied	\N
7	1	24	applied	\N
7	2	25	applied	\N
7	3	26	applied	\N
7	4	27	applied	\N
7	5	28	applied	\N
7	6	29	applied	\N
7	7	30	applied	\N
7	8	31	applied	\N
7	9	32	applied	\N
7	10	33	applied	\N
7	11	34	applied	\N
7	12	35	applied	\N
7	13	36	applied	\N
7	14	37	applied	\N
7	15	38	applied	\N
7	16	39	applied	\N
7	17	40	applied	\N
7	18	41	applied	\N
9	19	24	applied	\N
9	20	25	applied	\N
9	21	26	applied	\N
9	22	27	applied	\N
9	23	28	applied	\N
9	24	29	applied	\N
9	25	30	applied	\N
9	26	31	applied	\N
9	27	32	applied	\N
9	28	33	applied	\N
9	29	34	applied	\N
9	30	35	applied	\N
9	31	36	applied	\N
9	32	37	applied	\N
13	19	24	applied	\N
13	20	25	applied	\N
13	21	26	applied	\N
13	22	27	applied	\N
13	23	28	applied	\N
13	24	29	applied	\N
13	25	30	applied	\N
13	26	31	applied	\N
13	27	32	applied	\N
13	28	33	applied	\N
13	29	34	applied	\N
13	30	35	applied	\N
13	31	36	applied	\N
13	32	37	applied	\N
13	33	38	applied	\N
13	34	39	applied	\N
13	35	40	applied	\N
13	36	41	applied	\N
13	37	42	applied	\N
13	38	43	applied	\N
13	39	44	applied	\N
13	40	45	applied	\N
13	41	46	applied	\N
13	42	47	applied	\N
14	43	24	applied	\N
14	44	25	applied	\N
17	45	24	applied	\N
17	46	25	applied	\N
17	47	26	applied	\N
17	48	27	applied	\N
17	49	28	applied	\N
17	50	29	applied	\N
17	51	30	applied	\N
17	52	31	applied	\N
17	53	32	applied	\N
17	54	33	applied	\N
17	55	34	applied	\N
18	56	17	applied	\N
18	57	18	applied	\N
18	58	19	applied	\N
20	59	20	applied	\N
20	60	21	applied	\N
20	61	22	applied	\N
20	62	23	applied	\N
20	63	24	applied	\N
20	64	25	applied	\N
20	65	26	applied	\N
20	66	27	applied	\N
20	67	28	applied	\N
21	68	19	applied	\N
21	69	20	applied	\N
21	70	21	applied	\N
21	71	22	applied	\N
21	72	23	applied	\N
21	73	24	applied	\N
21	74	25	applied	\N
21	75	26	applied	\N
21	76	27	applied	\N
21	77	28	applied	\N
22	78	21	applied	\N
22	79	22	applied	\N
22	80	23	applied	\N
22	81	24	applied	\N
22	82	25	applied	\N
22	83	26	applied	\N
22	84	27	applied	\N
22	85	28	applied	\N
22	86	29	applied	\N
22	87	30	applied	\N
23	88	13	applied	\N
23	89	14	applied	\N
23	90	15	applied	\N
23	91	16	applied	\N
23	92	17	applied	\N
23	93	18	applied	\N
23	94	19	applied	\N
24	95	7	applied	\N
24	96	8	applied	\N
24	97	9	applied	\N
25	98	6	applied	\N
25	99	7	applied	\N
25	100	8	applied	\N
26	101	6	applied	\N
26	102	7	applied	\N
26	103	8	applied	\N
27	101	6	applied	\N
27	102	7	applied	\N
27	103	8	applied	\N
28	104	6	applied	\N
28	105	7	applied	\N
28	106	8	applied	\N
29	107	14	applied	\N
29	108	15	applied	\N
29	109	16	applied	\N
29	110	17	applied	\N
29	111	18	applied	\N
29	112	19	applied	\N
29	113	20	applied	\N
30	114	6	applied	\N
30	115	7	applied	\N
30	116	8	applied	\N
31	114	6	applied	\N
31	115	7	applied	\N
31	116	8	applied	\N
32	117	13	applied	\N
32	118	14	applied	\N
32	119	15	applied	\N
32	120	16	applied	\N
32	121	17	applied	\N
32	122	18	applied	\N
32	123	19	applied	\N
\.


--
-- Data for Name: blocks_zkapp_commands; Type: TABLE DATA; Schema: public; Owner: postgres
--

COPY public.blocks_zkapp_commands (block_id, zkapp_command_id, sequence_no, status, failure_reasons_ids) FROM stdin;
4	1	0	failed	{1,2}
4	2	1	failed	{3,2}
4	3	2	failed	{4}
4	4	3	failed	{3,2}
4	5	4	failed	{4}
4	6	5	failed	{3,2}
4	7	6	failed	{4}
4	8	7	failed	{3,2}
4	9	8	failed	{4}
4	10	9	failed	{3,2}
4	11	10	failed	{4}
4	12	11	failed	{3,2}
4	13	12	failed	{4}
4	14	13	failed	{3,2}
4	15	14	failed	{4}
4	16	15	failed	{3,2}
4	17	16	failed	{4}
4	18	17	failed	{3,2}
4	19	18	failed	{4}
4	20	19	failed	{3,2}
4	21	20	failed	{4}
4	22	21	failed	{3,2}
6	1	0	failed	{1,2}
6	2	1	failed	{3,2}
6	3	2	failed	{4}
6	4	3	failed	{3,2}
6	5	4	failed	{4}
6	6	5	failed	{3,2}
6	7	6	failed	{4}
6	8	7	failed	{3,2}
6	9	8	failed	{4}
6	10	9	failed	{3,2}
6	11	10	failed	{4}
6	12	11	failed	{3,2}
6	13	12	failed	{4}
6	14	13	failed	{3,2}
6	15	14	failed	{4}
6	16	15	failed	{3,2}
6	17	16	failed	{4}
6	18	17	failed	{3,2}
6	19	18	failed	{4}
6	20	19	failed	{3,2}
6	21	20	failed	{4}
6	22	21	failed	{3,2}
6	23	22	failed	{4}
6	24	23	failed	{3,2}
7	1	0	failed	{1,2}
7	2	1	failed	{3,2}
7	3	2	failed	{4}
7	4	3	failed	{3,2}
7	5	4	failed	{4}
7	6	5	failed	{3,2}
7	7	6	failed	{4}
7	8	7	failed	{3,2}
7	9	8	failed	{4}
7	10	9	failed	{3,2}
7	11	10	failed	{4}
7	12	11	failed	{3,2}
7	13	12	failed	{4}
7	14	13	failed	{3,2}
7	15	14	failed	{4}
7	16	15	failed	{3,2}
7	17	16	failed	{4}
7	18	17	failed	{3,2}
7	19	18	failed	{4}
7	20	19	failed	{3,2}
7	21	20	failed	{4}
7	22	21	failed	{3,2}
7	23	22	failed	{4}
7	24	23	failed	{3,2}
9	25	0	failed	{4}
9	26	1	failed	{3,2}
9	27	2	failed	{4}
9	28	3	failed	{3,2}
9	29	4	failed	{4}
9	30	5	failed	{3,2}
9	31	6	failed	{4}
9	32	7	failed	{3,2}
9	33	8	failed	{4}
9	34	9	failed	{3,2}
9	35	10	failed	{4}
9	36	11	failed	{3,2}
9	37	12	failed	{4}
9	38	13	failed	{3,2}
9	39	14	failed	{4}
9	40	15	failed	{3,2}
9	41	16	failed	{4}
9	42	17	failed	{3,2}
9	43	18	failed	{4}
9	44	19	failed	{3,2}
9	45	20	failed	{4}
9	46	21	failed	{3,2}
9	47	22	failed	{4}
9	48	23	failed	{3,2}
13	25	0	failed	{4}
13	26	1	failed	{3,2}
13	27	2	failed	{4}
13	28	3	failed	{3,2}
13	29	4	failed	{4}
13	30	5	failed	{3,2}
13	31	6	failed	{4}
13	32	7	failed	{3,2}
13	33	8	failed	{4}
13	34	9	failed	{3,2}
13	35	10	failed	{4}
13	36	11	failed	{3,2}
13	37	12	failed	{4}
13	38	13	failed	{3,2}
13	39	14	failed	{4}
13	40	15	failed	{3,2}
13	41	16	failed	{4}
13	42	17	failed	{3,2}
13	43	18	failed	{4}
13	44	19	failed	{3,2}
13	45	20	failed	{4}
13	46	21	failed	{3,2}
13	47	22	failed	{4}
13	48	23	failed	{3,2}
14	49	0	failed	{4}
14	50	1	failed	{3,2}
14	51	2	failed	{4}
14	52	3	failed	{3,2}
14	53	4	failed	{4}
14	54	5	failed	{3,2}
14	55	6	failed	{4}
14	56	7	failed	{3,2}
14	57	8	failed	{4}
14	58	9	failed	{3,2}
14	59	10	failed	{4}
14	60	11	failed	{3,2}
14	61	12	failed	{4}
14	62	13	failed	{3,2}
14	63	14	failed	{4}
14	64	15	failed	{3,2}
14	65	16	failed	{4}
14	66	17	failed	{3,2}
14	67	18	failed	{4}
14	68	19	failed	{3,2}
14	69	20	failed	{4}
14	70	21	failed	{3,2}
14	71	22	failed	{4}
14	72	23	failed	{3,2}
17	73	0	failed	{4}
17	74	1	failed	{3,2}
17	75	2	failed	{4}
17	76	3	failed	{3,2}
17	77	4	failed	{4}
17	78	5	failed	{3,2}
17	79	6	failed	{4}
17	80	7	failed	{3,2}
17	81	8	failed	{4}
17	82	9	failed	{3,2}
17	83	10	failed	{4}
17	84	11	failed	{3,2}
17	85	12	failed	{4}
17	86	13	failed	{3,2}
17	87	14	failed	{4}
17	88	15	failed	{3,2}
17	89	16	failed	{4}
17	90	17	failed	{3,2}
17	91	18	failed	{4}
17	92	19	failed	{3,2}
17	93	20	failed	{4}
17	94	21	failed	{3,2}
17	95	22	failed	{4}
17	96	23	failed	{3,2}
18	97	0	failed	{4}
18	98	1	failed	{3,2}
18	99	2	failed	{4}
18	100	3	failed	{3,2}
18	101	4	failed	{4}
18	102	5	failed	{3,2}
18	103	6	failed	{4}
18	104	7	failed	{3,2}
18	105	8	failed	{4}
18	106	9	failed	{3,2}
18	107	10	failed	{4}
18	108	11	failed	{3,2}
18	109	12	failed	{4}
18	110	13	failed	{3,2}
18	111	14	failed	{4}
18	112	15	failed	{3,2}
18	113	16	failed	{4}
20	114	0	failed	{3,2}
20	115	1	failed	{4}
20	116	2	failed	{3,2}
20	117	3	failed	{4}
20	118	4	failed	{3,2}
20	119	5	failed	{4}
20	120	6	failed	{3,2}
20	121	7	failed	{4}
20	122	8	failed	{3,2}
20	123	9	failed	{4}
20	124	10	failed	{3,2}
20	125	11	failed	{4}
20	126	12	failed	{3,2}
20	127	13	failed	{4}
20	128	14	failed	{3,2}
20	129	15	failed	{4}
20	130	16	failed	{3,2}
20	131	17	failed	{4}
20	132	18	failed	{3,2}
20	133	19	failed	{4}
21	134	0	failed	{3,2}
21	135	1	failed	{4}
21	136	2	failed	{3,2}
21	137	3	failed	{4}
21	138	4	failed	{3,2}
21	139	5	failed	{4}
21	140	6	failed	{3,2}
21	141	7	failed	{4}
21	142	8	failed	{3,2}
21	143	9	failed	{4}
21	144	10	failed	{3,2}
21	145	11	failed	{4}
21	146	12	failed	{3,2}
21	147	13	failed	{4}
21	148	14	failed	{3,2}
21	149	15	failed	{4}
21	150	16	failed	{3,2}
21	151	17	failed	{4}
21	152	18	failed	{3,2}
22	153	0	failed	{4}
22	154	1	failed	{3,2}
22	155	2	failed	{4}
22	156	3	failed	{3,2}
22	157	5	failed	{4}
22	158	6	failed	{3,2}
22	159	7	failed	{4}
22	160	8	failed	{3,2}
22	161	9	failed	{4}
22	162	10	failed	{3,2}
22	163	11	failed	{4}
22	164	12	failed	{3,2}
22	165	13	failed	{4}
22	166	14	failed	{3,2}
22	167	15	failed	{4}
22	168	16	failed	{3,2}
22	169	17	failed	{4}
22	170	18	failed	{3,2}
22	171	19	failed	{4}
22	172	20	failed	{3,2}
23	173	0	failed	{4}
23	174	1	failed	{3,2}
23	175	2	failed	{4}
23	176	3	failed	{3,2}
23	177	4	failed	{4}
23	178	5	failed	{3,2}
23	179	6	failed	{4}
23	180	7	failed	{3,2}
23	181	8	failed	{4}
23	182	9	failed	{3,2}
23	183	10	failed	{4}
23	184	11	failed	{3,2}
23	185	12	failed	{4}
24	186	0	failed	{3,2}
24	187	1	failed	{4}
24	188	2	failed	{3,2}
24	189	3	failed	{4}
24	190	4	failed	{3,2}
24	191	5	failed	{4}
24	192	6	failed	{3,2}
25	193	0	failed	{4}
25	194	1	failed	{3,2}
25	195	2	failed	{4}
25	196	3	failed	{3,2}
25	197	4	failed	{4}
25	198	5	failed	{3,2}
26	199	0	failed	{4}
26	200	1	failed	{3,2}
26	201	2	failed	{4}
26	202	3	failed	{3,2}
26	203	4	failed	{4}
26	204	5	failed	{3,2}
27	199	0	failed	{4}
27	200	1	failed	{3,2}
27	201	2	failed	{4}
27	202	3	failed	{3,2}
27	203	4	failed	{4}
27	204	5	failed	{3,2}
28	205	0	failed	{4}
28	206	1	failed	{3,2}
28	207	2	failed	{4}
28	208	3	failed	{3,2}
28	209	4	failed	{4}
28	210	5	failed	{3,2}
29	211	0	failed	{4}
29	212	1	failed	{3,2}
29	213	2	failed	{4}
29	214	3	failed	{3,2}
29	215	4	failed	{4}
29	216	5	failed	{3,2}
29	217	6	failed	{4}
29	218	7	failed	{3,2}
29	219	8	failed	{4}
29	220	9	failed	{3,2}
29	221	10	failed	{4}
29	222	11	failed	{3,2}
29	223	12	failed	{4}
29	224	13	failed	{3,2}
30	225	0	failed	{4}
30	226	1	failed	{3,2}
30	227	2	failed	{4}
30	228	3	failed	{3,2}
30	229	4	failed	{4}
30	230	5	failed	{3,2}
31	225	0	failed	{4}
31	226	1	failed	{3,2}
31	227	2	failed	{4}
31	228	3	failed	{3,2}
31	229	4	failed	{4}
31	230	5	failed	{3,2}
32	231	0	failed	{4}
32	232	1	failed	{3,2}
32	233	2	failed	{4}
32	234	3	failed	{3,2}
32	235	4	failed	{4}
32	236	5	failed	{3,2}
32	237	6	failed	{4}
32	238	7	failed	{3,2}
32	239	8	failed	{4}
32	240	9	failed	{3,2}
32	241	10	failed	{4}
32	242	11	failed	{3,2}
32	243	12	failed	{4}
\.


--
-- Data for Name: epoch_data; Type: TABLE DATA; Schema: public; Owner: postgres
--

COPY public.epoch_data (id, seed, ledger_hash_id, total_currency, start_checkpoint, lock_checkpoint, epoch_length) FROM stdin;
1	2va9BGv9JrLTtrzZttiEMDYw1Zj6a6EHzXjmP9evHDTG3oEquURA	1	23166005000061388	3NK2tkzqqK5spR2sZ7tujjqPksL45M3UUrcA4WhCkeiPtnugyE2x	3NK2tkzqqK5spR2sZ7tujjqPksL45M3UUrcA4WhCkeiPtnugyE2x	1
2	2vafPBQ3zQdHUEDDnFGuiNvJz7s2MhTLJgSzQSnu5fnZavT27cms	1	23166005000061388	3NK2tkzqqK5spR2sZ7tujjqPksL45M3UUrcA4WhCkeiPtnugyE2x	3NKRBuWZEtEGpx2NrMuE63oz2isTLmRfnDHqLSHZVczX23ERKLup	2
3	2vaBgXGyAYjy1VPHtwmZdinA6ViTk8uNohMK5UfzpUWXbe9ecpCN	1	23166005000061388	3NK2tkzqqK5spR2sZ7tujjqPksL45M3UUrcA4WhCkeiPtnugyE2x	3NKAJtNkRdp5PD6djaF8hfCoeRzzWTRcm6GoBgciW7orTKKJKu3Y	3
4	2varcMw7DP36oQDqsJE3f5N2DnZGFGHFeZS3dvnpgpsgxc4bUVry	1	23166005000061388	3NK2tkzqqK5spR2sZ7tujjqPksL45M3UUrcA4WhCkeiPtnugyE2x	3NLvdTwxD2Hpj7orCR7qrKWqnQmMi1QHKfZCyMUJvtuuiKLLCYJt	4
5	2vbFgXU7JYg5CBA3RbzAFyRWMaszWy8H8wqPeiRCtHTeFZWYG866	1	23166005000061388	3NK2tkzqqK5spR2sZ7tujjqPksL45M3UUrcA4WhCkeiPtnugyE2x	3NLvdTwxD2Hpj7orCR7qrKWqnQmMi1QHKfZCyMUJvtuuiKLLCYJt	4
6	2vbuA81bAWgSiY5UdgsEsR5VVyBM3AoLiuWXcpA7MrfUT9SRM7MU	1	23166005000061388	3NK2tkzqqK5spR2sZ7tujjqPksL45M3UUrcA4WhCkeiPtnugyE2x	3NLh6KcqnVXmG7Gg2sZ5GHsMYyRGNtNHDRTY7LhLwWzqTUrhpiip	5
7	2vb1pxVuFeDm5raZwQeZXgmDJf56ou3A9BVSX8am3UuVUGks84yy	1	23166005000061388	3NK2tkzqqK5spR2sZ7tujjqPksL45M3UUrcA4WhCkeiPtnugyE2x	3NLh6KcqnVXmG7Gg2sZ5GHsMYyRGNtNHDRTY7LhLwWzqTUrhpiip	5
8	2vbKKxfbj1DRoRJH8niCbF5SKC2eW4QF6Z6VgLiRedeLe8jM11L4	1	23166005000061388	3NK2tkzqqK5spR2sZ7tujjqPksL45M3UUrcA4WhCkeiPtnugyE2x	3NKifRCYJntmtKud4NDRfiucZRRkFWCk28CFSJvraV8Zx83oMUXa	6
9	2vb8V7KDkmZEZEsm5mJ3Q9hW6M8AACxcn4tHPFV7REkyHsnLE7N9	1	23166005000061388	3NK2tkzqqK5spR2sZ7tujjqPksL45M3UUrcA4WhCkeiPtnugyE2x	3NKvbhXkgx7PxAfzeCmikzQtcJofR19Ah48MmmboPo3Ze4rZkaKr	7
10	2vabSoTVnTZwTqPfxh3dkKQbCdtp3PdesBp9qNRor2Q4L39vWWuR	1	23166005000061388	3NK2tkzqqK5spR2sZ7tujjqPksL45M3UUrcA4WhCkeiPtnugyE2x	3NKvbhXkgx7PxAfzeCmikzQtcJofR19Ah48MmmboPo3Ze4rZkaKr	7
11	2vbpcPzqkxMWXiLoxFiPWyYc2HX9VRWTXMNfZYDbtJWNo4a5oSbL	1	23166005000061388	3NK2tkzqqK5spR2sZ7tujjqPksL45M3UUrcA4WhCkeiPtnugyE2x	3NLrDyFYTNZ4U23c7b3XzgXWcCigYcDoP5SjfUahj9V1aYRxtUGo	8
12	2vaiqR4xgtWy7KjjTU5trgxYavxWswfLRRX1VjhfPqnqZpk9Tpzc	1	23166005000061388	3NK2tkzqqK5spR2sZ7tujjqPksL45M3UUrcA4WhCkeiPtnugyE2x	3NLqxbjd8QUJPyw461s9mHwgzDFYLwr7gcf9fiRtncHL7LQvDoNj	9
13	2vbG9ocnQLwbEcmZYNP2LmEVZcS3kbuTrCNjhXJDYfkR7F4sBLnN	1	23166005000061388	3NK2tkzqqK5spR2sZ7tujjqPksL45M3UUrcA4WhCkeiPtnugyE2x	3NKRFFS27NmSsW3tjiL3DJncz7KVMrjMSJEW6N7JYFNsY76XtTut	10
14	2vbunydaZPaa2KuDU4Nd1r8k6ykxNQQtnvEim6pdWEoWiUzE1MY1	1	23166005000061388	3NK2tkzqqK5spR2sZ7tujjqPksL45M3UUrcA4WhCkeiPtnugyE2x	3NKRFFS27NmSsW3tjiL3DJncz7KVMrjMSJEW6N7JYFNsY76XtTut	10
15	2vc2ixpnSGXtmNqq1CDT6A1pSvTbbnWxnx7s3YxMfnc712CHJw6t	1	23166005000061388	3NK2tkzqqK5spR2sZ7tujjqPksL45M3UUrcA4WhCkeiPtnugyE2x	3NLcz1JAd3TPg2gap4EcxaRX6sn3vd8qWjoXuMKMcMEX5r25ssM9	11
16	2vbQRdwakDssFK1tRkG6kZMszS2yE2MN2DUaEcvZrzAVNycktXJ5	1	23166005000061388	3NK2tkzqqK5spR2sZ7tujjqPksL45M3UUrcA4WhCkeiPtnugyE2x	3NLStm6QffMitasiKgzTQx2ZMnrH8PrERwiVLjiZ5W4x6AKXfBNg	12
17	2vbiwiFA98HF6c5CFcEPzK5YRwEFBJ1nWQNCBU3RU2gLfJMLdXEN	1	23166005000061388	3NK2tkzqqK5spR2sZ7tujjqPksL45M3UUrcA4WhCkeiPtnugyE2x	3NKs5MsBWEBJGjc5KYN5dLxSZ5sGtYNCzehFfPLuX3QSjgp6pDZ6	13
18	2vaDj2Y28krVgtPjs74pW4UgnaXzyFM4F8ag2PXUJasy1ajNJBpF	1	23166005000061388	3NK2tkzqqK5spR2sZ7tujjqPksL45M3UUrcA4WhCkeiPtnugyE2x	3NKs5MsBWEBJGjc5KYN5dLxSZ5sGtYNCzehFfPLuX3QSjgp6pDZ6	13
19	2vbipsjx555HbqmHeByxwfeNCwUrMZMJ64JKEYHCfthPdw27WQvF	1	23166005000061388	3NK2tkzqqK5spR2sZ7tujjqPksL45M3UUrcA4WhCkeiPtnugyE2x	3NL9wUybZD4jWZKFNo3yT7butwaEacUEapkZpDZGQkHP5BhMWFdf	14
20	2vaMmMeHDzqrSppSeGPTSNanGmvkove35n83jTpB6T8M7PoGwQFy	1	23166005000061388	3NK2tkzqqK5spR2sZ7tujjqPksL45M3UUrcA4WhCkeiPtnugyE2x	3NKMSaEYphyHcAuxcbXpZjozG8VyUfbirYvNuSoS2Sw7b3kBeizC	15
21	2vbGKcB99BaHGDXVKk75CgftBoHuThC4HprbNEMjK4pEMLfrdkSs	1	23166005000061388	3NK2tkzqqK5spR2sZ7tujjqPksL45M3UUrcA4WhCkeiPtnugyE2x	3NLk2NkqaCwPMN2UD5mfy1UzjHZAtBAY8mcVswYP1SjNzUEUYHus	16
22	2vbaEwZin7tayJwP6GjTkRQdaHLfQQMMrMk4Z6XaHaS1VueybHRL	1	23166005000061388	3NK2tkzqqK5spR2sZ7tujjqPksL45M3UUrcA4WhCkeiPtnugyE2x	3NL6WwwJFR24kxpGybFnaLpBPSZdqPE135kKmqanQHweJFHufywY	17
23	2vajxSkcmsS9G5DwFo8otcRgQXcn3p9htzk5XTqM6a8h7RBRew68	1	23166005000061388	3NK2tkzqqK5spR2sZ7tujjqPksL45M3UUrcA4WhCkeiPtnugyE2x	3NLALQSHSSes5smT4JkrY4ysmfY6cRsSQjnjDNWSpEL4X5eDvMc7	18
24	2vayNzPWnnpYwSCRYQ5zA5UyAvviktNuWXHcEnuod7kVtpeuhZNk	1	23166005000061388	3NK2tkzqqK5spR2sZ7tujjqPksL45M3UUrcA4WhCkeiPtnugyE2x	3NK7XL5Q8GWStKMykmxeM8QdKwCQvTSgAawxoVZVMZpd9eYn2LzL	19
25	2vaJMzkiJLG57PAQD2uXwK4JRjFTd19r7btbxjRaERi1EC3u7RQz	1	23166005000061388	3NK2tkzqqK5spR2sZ7tujjqPksL45M3UUrcA4WhCkeiPtnugyE2x	3NLxhBZ4LRGHdbtKe8r5fXSsrRxVArhxVwzcTp7ty8vzPrr28pff	20
26	2vbRDmGdnbqtnx6REFN77UbdDkkqsyWGJZhLnvXrFZdzhZd9MoxU	1	23166005000061388	3NK2tkzqqK5spR2sZ7tujjqPksL45M3UUrcA4WhCkeiPtnugyE2x	3NKiwTQaPTYFAuPo1PBxgYnKzBLHXfCmw9TbnxVYF9oRfAfKSqWL	21
27	2vaaKJaCPCEahKCSiqUTo6unAkox3vJe5CkAwQfSPu1JzwWsP8xJ	1	23166005000061388	3NK2tkzqqK5spR2sZ7tujjqPksL45M3UUrcA4WhCkeiPtnugyE2x	3NLVfC8GugJLsngwEfZcHza1NLYPVX8AG5FxBb7dA1vw36fHQBL7	22
28	2vaKCFQeBNFMsSi6FrQPZgJjoagiLHG3H4fp5b8znQFu6DFgEgR6	1	23166005000061388	3NK2tkzqqK5spR2sZ7tujjqPksL45M3UUrcA4WhCkeiPtnugyE2x	3NLVfC8GugJLsngwEfZcHza1NLYPVX8AG5FxBb7dA1vw36fHQBL7	22
29	2vbFxWVLvb9uWjhipfExmzJZk7Vf1wizpHnst2QPkYrZ9jh5B4bm	1	23166005000061388	3NK2tkzqqK5spR2sZ7tujjqPksL45M3UUrcA4WhCkeiPtnugyE2x	3NKdjfiDzaLDHJkaaAbtdYJHNM7bcQqNZXF3YxMQLmTpHuqygK2g	23
30	2vbrN5gYPPxi8Q3CUv1d8Fym82PNs36vwznrX3gVgovde5sCPPhw	1	23166005000061388	3NK2tkzqqK5spR2sZ7tujjqPksL45M3UUrcA4WhCkeiPtnugyE2x	3NKHxi44aEzwGkmGAUGXNde7P8fWZLUX3Egi4zQKd8mkECDTBvvQ	24
31	2vbeY4gjgMydA3sSvRmoxJpeE3QwRtqJivgZuWWMayFDhQ2HYBkV	1	23166005000061388	3NK2tkzqqK5spR2sZ7tujjqPksL45M3UUrcA4WhCkeiPtnugyE2x	3NLsMZJR5hvqm81VoRRq6azCngaDpHxTuFWAwGY6dpiwMBd2A1nk	25
32	2vag52SnoVkSbxtx2rJmXARECZAyFrjLU8kbJpDdgRE2sZUAgxk4	1	23166005000061388	3NK2tkzqqK5spR2sZ7tujjqPksL45M3UUrcA4WhCkeiPtnugyE2x	3NLsMZJR5hvqm81VoRRq6azCngaDpHxTuFWAwGY6dpiwMBd2A1nk	25
33	2vapuHEneuaWEiAugzWs3MUeTXSbJnbH9ZmvhWMrDwzRuPbAhJEz	1	23166005000061388	3NK2tkzqqK5spR2sZ7tujjqPksL45M3UUrcA4WhCkeiPtnugyE2x	3NKTNvTjJ8oFs5sm5rKRvycDoeVgY4EaffAbDW5LvM55Usu9JxGa	26
\.


--
-- Data for Name: internal_commands; Type: TABLE DATA; Schema: public; Owner: postgres
--

COPY public.internal_commands (id, command_type, receiver_id, fee, hash) FROM stdin;
1	coinbase	19	720000000000	5JvCmQN4YJFHYH6Tg4Z6osZvYmdYufLv1wZ8zjLUZtKWSxYdnDLW
2	coinbase	137	720000000000	5Jti4twWGeJKahCqsEkR8aDgU9hbhq1ZKmhUAVgtJj4yyY1iHLh9
3	fee_transfer	19	113000000000	5Jv9poViajCoxnsmDvYScpUD1hyqep5gzX6DZ2F5Wc1MFxPCxYkT
4	fee_transfer	19	123750000000	5JuGtRhxnF33XHxvxrd3MWaS4L5qdPwUNhfzZfnmXQNVC5DaoQFb
5	fee_transfer	19	124500000000	5Juna5ZVi6E8iGtX7xTj4Sqb9TUfJQx1VoQmf2muJSUGDjnj4YV6
6	fee_transfer	19	123500000000	5JvM89SigwcZHXXpf8KBAvQH4V8Sp6YeJSnS2EUWCToknjb2tAx4
7	fee_transfer	19	126000000000	5JuxQz4rCf3aYpmHjfarnJb7WyXDcXPCxx2TQ43eam9WyfKyDdmd
8	fee_transfer	19	120500000000	5JujEFnfWy7Kg1aFdeSmvRi4fqV5zEhqGvJCKDjztKoby7GThVuK
9	fee_transfer	19	122750000000	5JuCJCnBcccVs3bP161CdBX8kVZg3jvbejFnQqSbvajM76u18M39
10	fee_transfer	19	85750000000	5Jv4C4RbMEPpAGGnEMUL23MvWLdwLDVxaGcJXueGkbJwAniMVsTC
11	fee_transfer	19	102250000000	5JtZK27AuYcwusU2V8FJd3WHKTq6XXfqKVJDb81saAcWuu6gpMXu
12	fee_transfer	19	97500000000	5JuWEjTGsTFqZuYZcrjNF4LCo6CXG9VdojF8uPVTMSYt2fGvkSNj
13	fee_transfer	19	20000000000	5JuCojWYKuLsWzZbtjuAHTy1vqLSJPzS5Ux8d4tHrb11nsr2hMTK
14	fee_transfer	19	82500000000	5JtjK4AT6CpinZECkgHtyDY1oRrJSdzMs8W9mFgfN7UFBAoxmDkr
15	fee_transfer	137	66750000000	5JtxffVpxnKToMqwDhmCFDXNut77pJbZcJXNh6BQU4NBuRqms7iB
16	fee_transfer	19	35750000000	5JuTKXxRKXQzj9uswgMqLd3LQFpVa91Jvrsbwhoau5KVaPSG3nSu
17	fee_transfer	19	30750000000	5JuhJGbuNPKUUKjGhMCsDx5xgb5Jn45SqJvtBTrvY8bC9FkhHMDy
18	fee_transfer	137	30750000000	5JvPJTxnFq95iK2mD8R8zRN9xvbFkdjbF57QDf5d4muKzJUKMgJM
19	fee_transfer	137	71750000000	5Jteh3tgewbyQKUQdyVZoWzagsUao12qggjrZJLX8RrWeGoqHAEC
20	fee_transfer_via_coinbase	59	1000000	5JtYHYwNqDse6W8WhTwFrWoXP8BUmUHKQzswLtbYRzpMeKxxSsyU
21	coinbase	137	720000000000	5JuR4nNbJrfB7D3SHbbSmrPyyoNcyMq2wEGRezaAr3Hp2szqcybX
22	coinbase	19	720000000000	5JvHBuEycDgsV1USttoQTqiYrfDCT17TngtzRMfj4SVXY9NhN38E
23	fee_transfer	59	35000000	5Jv7FH7bJUt21PCiGTKGptWQCTrob41sMLtRyW1jkV2ouPaxteBq
24	fee_transfer	19	66715000000	5JuqXHosETjzVDV8divKBi7tu3aqNWu3FASYdTthowi9diqogK7e
\.


--
-- Data for Name: protocol_versions; Type: TABLE DATA; Schema: public; Owner: postgres
--

COPY public.protocol_versions (id, transaction, network, patch) FROM stdin;
1	3	0	0
\.


--
-- Data for Name: public_keys; Type: TABLE DATA; Schema: public; Owner: postgres
--

COPY public.public_keys (id, value) FROM stdin;
1	B62qiy32p8kAKnny8ZFwoMhYpBppM1DWVCqAPBYNcXnsAHhnfAAuXgg
2	B62qp3Wu9Ayd7rkDrJDvoi6zMKciG1Jv6imE9SRUJzdUbQHVttKPWPF
3	B62qr6VZXBDXUntN5bcwu69ae4oqsB7J7cHYaUWKhWygfujRCtFu4C3
4	B62qnFJWYYYbTuDWQ5oCRhP4hT8sc8F1xDf34wyxhvTzosxnV6UYNDP
5	B62qmmV9zHiWwXj2Do14t2bUtT7onfHwsNa7KSJxrFhpXbunUd9gLEi
6	B62qnzUQLreTeYj7TkkKyFR9s5REY6GTKc4sVK8K34Xvw8dfRPAUByg
7	B62qoxkuzRkqEXbw2D7FS1EJctSvrKhFDjwo1s7UqaRbzAC9wW9CqXB
8	B62qk4Y4VLT1oUbD1NjPunSEUjz5yVNbiETWCfNTvT5VLrmbRwnKcMk
9	B62qnsdKhWmeQZjvas2bVuE7AcUjqWxSjb5B6pFqyVdtVbrro8D9p9F
10	B62qqDcNXt7LK6686QQ9TvLaFF5as6xRRSMEjfwXJUEk3hSHVXksUth
11	B62qmRRtdPM1XRnHpchjrVdVyRtUKFX5Nmrhu7MWSs3wDVsLuTQ54dV
12	B62qnT7rV3ZQ71n6Z2RaPZSn38zEniZq1A8CXEdArxrF7q6sTTWZdZc
13	B62qmnTkaf43Ctbxq1NgvtakVwKKcB1nk2vee61bMAcPfDB5FR5upJN
14	B62qpTgN6VhfdCGimamFjarhSBfiK1oGEKyrqHN5FHejeJR8Z2vgKYt
15	B62qkaFHyAx1TMzuez3APX1hG33j2ZXCTXJFFzeSxgt8fA3henaeT84
16	B62qkCd6ftXqh39xPVb7qyJkSWZYa12QCsxFCaCmDrvfZoTNYmKQtkC
17	B62qrEWSxSXzp8QLDpvuJKeHWxybsE2iwaMPViMpdjptmUxQbtDV178
18	B62qpcsgvpHWyR17fnKDGf1wrZn7S2ym3bYTFHhNzsxk1x2xwqTy15h
19	B62qoYXQqRMzTymcmt2u76tkH64knSaR4HjgXotTXtq8fhhHiTB8Jyb
20	B62qnUCyUPAGE9ZXcu2TpkqUPaU3fhgzxRSEiyt5C8V7mcgNNvj1oc9
21	B62qiquMTUSJa6qqyd3hY2PjkxiUqgPEN2NXYhP56SqwhJoBsFfEF5T
22	B62qm174LzHrFzjwo3jRXst9LGSYjY3gLiCzniUkVDMW912gLBw63iZ
23	B62qrrLFhpise34oGcCsDZMSqZJmy9X6q7DsJ4gSAFSEAJakdwvPbVe
24	B62qo11BPUzNFEuVeskPRhXHYa3yzf2WoGjdZ2hmeBT9RmgFoaLE34A
25	B62qmSTojN3aDbB311Vxc1MwbkdLJ4NCau8d6ZURTuX9Z57RyBxWgZX
26	B62qiaEMrWiYdK7LcJ2ScdMyG8LzUxi7yaw17XvBD34on7UKfhAkRML
27	B62qoGEe4SECC5FouayhJM3BG1qP6kQLzp3W9Q2eYWQyKu5Y1CcSAy1
28	B62qn8rXK3r2GRDEnRQEgyQY6pax17ZZ9kiFNbQoNncMdtmiVGnNc8Y
29	B62qnjQ1xe7MS6R51vWE1qbG6QXi2xQtbEQxD3JQ4wQHXw3H9aKRPsA
30	B62qmzatbnJ4ErusAasA4c7jcuqoSHyte5ZDiLvkxnmB1sZDkabKua3
31	B62qrS1Ry5qJ6bQm2x7zk7WLidjWpShRig9KDAViM1A3viuv1GyH2q3
32	B62qqSTnNqUFqyXzH2SUzHrW3rt5sJKLv1JH1sgPnMM6mpePtfu7tTg
33	B62qkLh5vbFwcq4zs8d2tYynGYoxLVK5iP39WZHbTsqZCJdwMsme1nr
34	B62qiqUe1zktgV9SEmseUCL3tkf7aosu8F8HPZPQq8KDjqt3yc7yet8
35	B62qkNP2GF9j8DQUbpLoGKQXBYnBiP7jqNLoiNUguvebfCGSyCZWXrq
36	B62qr4z6pyzZvdfrDi33Ck7PnPe3wddZVaa7DYzWHUGivigyy9zEfPh
37	B62qiWZKC4ff7RKQggVKcxAy9xrc1yHaXPLJjxcUtjiaDKY4GDmAtCP
38	B62qqCpCJ7Lx7WuKCDSPQWYZzRWdVGHndW4jNARZ8C9JB4M5osqYnvw
39	B62qo9mUWwGSjKLpEpgm5Yuw5qTXRi9YNvo5prdB7PXMhGN6jeVmuKS
40	B62qpRvBE7SFJWG38WhDrSHsm3LXMAhdiXXeLkDqtGxhfexCNh4RPqZ
41	B62qoScK9pW5SBdJeMZagwkfqWfvKAKc6pgPFrP72CNktbGKzVUdRs3
42	B62qkT8tFTiFfZqPmehQMCT1SRRGon6MyUBVXYS3q9hPPJhusxHLi9L
43	B62qiw7Qam1FnvUHV4JYwffCf2mjcuz2s5F3LK9TBa5e4Vhh7gq2um1
44	B62qrncSq9df3SnHmSjFsk13W7PmQE5ujZb7TGnXggawp3SLb1zbuRR
45	B62qip9dMNE7fjTVpB7n2MCJhDw89YYKd9hMsXmKZ5cYuVzLrsS46ZG
46	B62qmMc2ec1D4V78sHZzhdfBA979SxUFGKTqHyYcKexgv2zJn6MUghv
47	B62qqmQhJaEqxcggMG9GepiXrY1j4WgerXXb2NwkmABwrkhRK671sSn
48	B62qp7yamrqYvcAv3jJ4RuwdvWnb8zFGfXchbfqR4BCkeub998mVJ3j
49	B62qk7NGhMEpPAwdwfqnxCbAuCm1qawX4YXh956nanhkfDdzZ4vZ91g
50	B62qnUPwKuUQZcNFnr5L5S5mpH9zcKDdi2FsKnAGQ1Vrd3F4HcH724A
51	B62qqMV93QdKFLmPnqvzaBE8T2jY38HVch4JW5xZr4kNHNYr1VtSUn8
52	B62qmtQmCLX8msSHASDTzNtXq81XQoNtLz6CUMhFeueMbJoQaYbyPCi
53	B62qp2Jgs8ChRsQSh93cL2SuDN8Umqp6GtDd9Ng7gpkxgw3Z9WXduAw
54	B62qo131ZAwzBd3mhd2GjTf3SjuNqdieDifuYqnCGkwRrD3VvHLM2N1
55	B62qo9XsygkAARYLKi5jHwXjPNxZaf537CVp88npjrUpaEHypF6TGLj
56	B62qnG8dAvhGtPGuAQkwUqcwpiAT9pNjQ7iCjpYw5k2UT3UZTFgDJW1
57	B62qj3u5Ensdc611cJpcmNKq1ddiQ63Xa8L2DnFqEBgNqBCAqVALeAK
58	B62qjw1BdYXp74JQGoeyZ7bWtnsPPd4iCxBzfUsiVjmQPLk8984dV9D
59	B62qryhNXEY5xamGK79SngJGQXUMuwLjWNdHUaoCRqezoASVB9Nn2BX
60	B62qpP2xUscwDA5TaQee71MGvU7dYXiTHffdL4ndRGktHBcj6fwqDcE
61	B62qo1he9m5vqVfbU26ZRqSdyWvkVURLxJZLLwPdu1oRAp3E7rCvyxk
62	B62qjzHRw1dhwS1NCWDH64yzovyxsbrvqBW846BRCaWmyJyoufddBSA
63	B62qkoANXg95uVHwpLAiQsT1PaGxuXBcrBzdjMgN3mP5WJxiE1uYcG9
64	B62qnzk698yW9rmyeC8mLCKhdmQZa2TRCG5hN3Z5NovZZqE1oou7Upc
65	B62qrQDYA9DvUNdgU87xp64MsQm3MxBeDRNuhuwwQ3hfS5sJhchipzu
66	B62qnSKLuJiF1gNnCEDHJeWFKPbYLKjXqz18pnLGE2pUq7PBYnU4h95
67	B62qk8onaP8h1VYVbJkQQ8kKtHszsA12Haw3ts5jm4AkpvNDkhUtKBH
68	B62qj4gW3qvvy5iE8osN6X5K2WJCPJY2DnszuPi76DhVLWg1HQ442aq
69	B62qq8LNixtGwGDM1BGnWR8gkxvQoMAYvJypgB7Vtdh6qiaDJLuX3ed
70	B62qnbQoJyaGKvgRDthSPwWZPrYiYCpqeYoHhJ9415r1ws6DecWa8h9
71	B62qmpV1DwQvBMUmBxyDV6jJwSpS1zFWHHEZYuXYhPja4RWCbYG3Hv1
72	B62qiYSHjqf77rS6eBiBSiDwgqpsZEUf8KZZNmpxzULpxqm58u49m7M
73	B62qrULyp6Kp5PAmtJMHcRngmHyU2t9DF2oBpU4Q1GMvfrgsUBVUSm8
74	B62qpitzPa3MB2eqJucswcwQrN3ayxTTKNMWLW7SwsvjjR4kTpC57Cr
75	B62qpSfoFPJPXvyUwXWGJqTVya4kqThCH5LyEsdKrmqRm1mvDrgsz1V
76	B62qk9uVP24E5fE5x4FxnFxz17TBAZ4rrkmRDErheEZnVyFmCKvdBMH
77	B62qjeNbQNefZdv388wHg9ancPdFBw6Dj2Wxo6Jyw2EhR7J9kti48qx
78	B62qqwCS1S72xt9VPD6C6FjJkdwDghRCWJnYjebCagX8M2xzthqKDQC
79	B62qrGWHg32ZdFydA4UF7prU4zm3UH3dRxJZ5xAHW1QtNhgzuP2G62z
80	B62qkqZ1b8BkCK9PqWnQLjYueExVUVJon1Nn15SnZScG5AR3LqkEqzY
81	B62qkQ9tPTmzm9oD2i8HbDRERFBHvG7Mi3dz6XLa3BEJcwA4ZcQaDa8
82	B62qnt4FQxWNcP49W5HaQNEe5Q1KqTBQJnnyqn7KyvSfNb6Dskbhy9i
83	B62qoxTxNh4o9ftUHSRatjTQagToJy7pW1zh7zZdyFYr9ECNDvugmyx
84	B62qrPuf95oqANBTTmvcvM1BKkBNrsmaXnaNpHGJYersezYTHWq5BTh
85	B62qkBdApDjoUj9Lckf4Bg7fWJSzSnyJHyCNkvq7XsPVzWk97BeGkae
86	B62qs23tCNy7qbrYHBwMfVNyiA82aA7xtWKh3QkFr1fMog3ptyXhptq
87	B62qpMFwmJ6fMm4cUb9wLLwoKRPFpYUJQmYqDe7RRaXgvAHjJpnEz3f
88	B62qkF4qisEVJ3WBdxcWoianq4YLaYXw89yJRzc7cPRu2ujXqp4v8Ji
89	B62qmFcUZJgxBQpTxnQHjyHWdprnsmRDiTZe6NiMNF9drGTM8hh1tZf
90	B62qo4Pc6HKhbc55RZuPrDfzbVZfxDqxkG3hV7sRDSivAthXAjtWaGg
91	B62qoKioA9hueF4xhZszsACn6GT7o69wZZJUoErVyvgP7WPrj92e9Tv
92	B62qkoTczRzwCUr6AmSiNcr3UWwkgbWeihVZphwP8CEuiDzrNHvunTX
93	B62qpGkYNpBS3MBgortSQuwV1aXcK6bRRQyYz3wGW5tCpCLdvxk8J6q
94	B62qnYfsf8P7B7UYcjN9bwL7HPpNrAJh7fG5zqWvZnSsaQJP2Z1qD84
95	B62qpAwcFY3oTy2oFUEc3gB4x879CvPqHUqHqjT3PiGxggroaUYHxkm
96	B62qib1VQVfLQeCW6oAKEX2GRuvXjYaX2Lw9qqjkBPAvdshHPyJXVMv
97	B62qm5TQe1nz3gfHqb6S4FE7FWV92AaKzUuAyNSDNeNJYgND35JaK8w
98	B62qrmfQsKRd5pwg1EZNYXSmcbsgCekCkJAxxJcZhWyX7ChfExZtFAj
99	B62qitvFhawB29DGkGv9NEfGZ8d9hECEKnKMHAvtULVATdw5epPS2s6
100	B62qo81kkuqxFZw9cZAcoYb4ZeCjY9HodT3yDkh8Zxhg9omfRexyNAz
101	B62qmeDPPUDtPVVHqesiKD7ecz6YZvGDHzVw2swBa84EGs5NBKpGK4H
102	B62qqwLQXBrhJmfAtF7GUf7FNVS2xoTPrkyw7d4Pj9W431bpysAdr3V
103	B62qkgcEQJ9qhjwQgt2XeN3RJpPTfjCrqFUUAW2NsVpzmyQwFbekNMM
104	B62qnAotEqbcE8sjbdyJkkvKnTzW3BCPaL5HrMEdHa4pVnfPBXWGXXW
105	B62qquzjE4bbK3mhk6jtFMnkm9BdzasTHuvMxx6JmhXeYKZkPbyZUry
106	B62qrj3VHfVadkyJCvmu7SvczS7QZy1Yk1uQjcjwkS4QqDt9oqi4eWf
107	B62qn6fTLLatKHi4aCX7p6Lg5rzZSq6VK2vrFVgX14gjaQqay8zHfsJ
108	B62qjrBApNy5mx6biRzL5AfRrDEarq3kv9Zcf5LcUR6iKAX9ve5vvud
109	B62qkdysBPreF3ef7bFEwCghYjbywFgumUHXYKDrBkUB89KgisAFGSV
110	B62qmRjcL489UysBEnabin5be824q7ok4VjyssKNutPq3YceMRSW4gi
111	B62qo3TjT6pu6i7UT8w39UVQc2Ljg8K69eng55vu5itof3Ma3qwcgZF
112	B62qpXFq7VJG6Spy7BSYjqSC1GBwKLCzfU8bcrUrALEFEXphpvjn3bG
113	B62qmp2xXJyj9LegRQUtFMCCGV3DQu337n6s6BK8a2kaYrMf1MmZHkT
114	B62qpjkSafKdAeCBh6PV6ZizJjtfs3v1DuXu1WowkYq2Bcr5X7bmk7G
115	B62qnjhGUFX636v8HyJsYKUkAS5ms58q9C9GtwNvPbMzMVy7FmRNhLG
116	B62qoCS2htWnx3g8gFq2ypSLHMW1jkZF6XMTH8yKE8gYTH7jfrcdjCo
117	B62qk2wpLtL3PUEQZBYPeabiXcZi6yzbVimciFWZSCHpxufKFDTmhi6
118	B62qjWRcn5eRmdppcsDNudiogbnNPzW4jWC6XH2LczMRDXzjK9AgfA2
119	B62qjJrgSK4wa3HnZZqmfJzxtMfACK9r2zEHqo5Rm6UUvyFrk4UjdPW
120	B62qoq6uA96gWVYBDtMQLZC5hB4hgAVojbuhw9Z2CE1Acj6iESSS1cE
121	B62qkSpe1P6FgwWU3BfvU2FXnuYt2vR4DzsEZf5TbJynBgyZy7W9yyE
122	B62qr225GCSVzAGKBYxB7rKE6ibtQAcfcXMfYH84hvkqHWAnFzWR4RT
123	B62qkQT9sAztAWnYdxQMaQSxrA93DRa5f8LxWCEzYA3Y3tewDQKUMyQ
124	B62qieyc3j9pYR6aA8DC1rhoUNRiPacx1ij6qW534VwTtuk8rF2UBrk
125	B62qoFyzjU4pC3mFgUidmTFt9YBnHjke5SU6jcNe7vVcvvoj4CCXYJf
126	B62qihY3kUVYcMk965RMKfEAYRwgh9ATLBWDiTzivneCmeEahgWTE58
127	B62qm8kJSo4SZt7zmNP29aYAUqETjPq6ge2hj5TxZWxWK2JDscQtx1Y
128	B62qkY3LksqsR2ETeNmAHAmYxi7mZXsoSgGMEMujrPtXQjRwxe5Bmdn
129	B62qrJ9hFcVQ4sjveJpQUsXZenisBnXKVzDdPntw48PYXxP17DNdKg4
130	B62qpKCYLZz2Eyb9vFfaVPgWjTWf1p3VpBLnQSSme2RC3ob4m1p8fCv
131	B62qkFYQghamWpPuNxzr1zw6ARk1mKFwkdQWJqHvmxdM95d45AjwWXE
132	B62qnzhgbY3HD19eKMeQTFPZijFTvJN82pHeGYQ2xM9HxZRPv6xhtqe
133	B62qroho2SKx4wignPPRf2qPbGzvfRgQf4zCMioxnmwKyLZCg3reYPc
134	B62qm4jN36Cwbtyd8j3BLevPK7Yhpv8KtWTia5fuwMAyvcHLCosU4PN
135	B62qk9Dk1rwSVtSLCYdWNfPTXRPDWPPu3rR5sqvrawP82m9P1LhBZ94
136	B62qnR8RErysAmsLHk6E7teSg56Dr3RyF6qWycyVjQhoQCVC9GfQqhD
137	B62qmgcDrSTNyok2Ge28BgsCQpTVFJHqrJTcY9ncFATUjK5kbNpedM2
138	B62qo7XmFPKML7WfgUe9FvCMUrMihfapBPeCJh9Yxfka7zUwy1nNDCY
139	B62qqZw4bXrb8PCxvEvRJ9DPASPPaHyoAWXw1avG7mEjnkFy7jGLz1i
140	B62qkFKcfRwVgdQ1UDhhCoExwsMPNWFJStxnDtJ1hNVmLzzGsyCRLuo
141	B62qnkXXgL6H8r8UZ3vxXjNJGH1PEwKjv2PKDraVHws3TRWgD1pK28T
142	B62qofSbCaTfL61ZybYEpAeGe14TK8wNN8VFDV8uUEVBGpqVDAxYePK
143	B62qn8Vo7WTK4mwQJ8sjiQvbWDavetBS4f3Gdi42KzQZmL3sri25rFp
144	B62qo6pZqSTym2umKYeZ53F1woYCuX3qHrUtTezBoztURNRDAiNbq5Q
145	B62qo8AvB3EoCWAogvUg6wezt5GkNRTZmYXCw5Gutj8tAg6cdffX3kr
146	B62qqF7gk2yFsigWL7JyW1R8sdUcQjAPkp32i9B6f9GRYMzFoLPdBqJ
147	B62qjdhhu4bsmbMFxykEgbhf4atVvgQWB4dizqsMEBbmQPe9GeXZ42N
148	B62qmCsUFPNLpExtzt6NUeosa8L5qb7cEKi9btkMdAQS2GnQzTMjUGM
149	B62qneAWh9zy9ufLxKJfgrccdGfbgeoswyjPJp2WLhBpWKM7wMJtLZM
150	B62qoqu7NDPVJAdZPJWjia4gW3MHk9Cy3JtpACiVbvBLPYw7pWyn2vL
151	B62qmwfTv4co8uACHkz9hJuUND9ubZfpP2FsAwvru9hSg5Hb8rtLbFS
152	B62qkhxmcB6vwRxLxKZV2R4ifFLfTSCdtxJ8nt94pKVbwWd9MshJadp
153	B62qjYRWXeQ52Y9ADFTp55p829ZE7DE4zn9Nd8puJc2QVyuiooBDTJ3
154	B62qo3b6pfzKVWNFgetepK6rXRekLgAYdfEAMHT6WwaSn2Ux8frnbmP
155	B62qncxbMSrL1mKqCSc6huUwDffg5qNDDD8FHtUob9d3CE9ZC2EFPhw
156	B62qpzLLC49Cb6rcpFyCroFiAtGtBCXny9xRbuMKi64vsU5QLoWDoaL
157	B62qj7bnmz2VYRtJMna4bKfUYX8DyQeqxKEmHaKSzE9L6v7fjfrMbjF
158	B62qnEQ9eQ94BxdECbFJjbkqCrPYH9wJd7B9rzKL7EeNqvYzAUCNxCT
159	B62qokmEKEJs6VUV7QwFaHHfEr6rRnFXQe9jbodnaDuWzfUK6YoXt2w
160	B62qpPJfgTfiSghnXisMvgTCNmyt7dA5MxXnpHfMaDGYGs8C3UdGWm7
161	B62qkzi5Dxf6oUaiJYzb5Kq78UG8fEKnnGuytPN78gJRdSK7qvkDK6A
162	B62qs2sRxQrpkcJSkzNF1WKiRTbvhTeh2X8LJxB9ydXbBNXimCgDQ8k
163	B62qoayMYNMJvSh27WJog3K74996uSEFDCmHs7AwkBX6sXiEdzXn9SQ
164	B62qibjCrFmXT3RrSbHgjtLHQyb63Q89gBLUZgRj7KMCeesF9zEymPP
165	B62qrw63RAyz2QfqhHk8pttD2ussturr1rvneUWjAGuhsrGgzxr2ZRo
166	B62qmNVzYukv4VxXoukakohrGNK7yq1Tgjv5SuX1TTWmpvVwD5Xnu2L
167	B62qoucdKZheVHX8udLGmo3vieCnyje5dvAayiLm8trYEp3op9jxCMa
168	B62qo51F51yp7PcqmHd6G1hpNBAj3kwRSQvKmy5ybd675xVJJVtMBh8
169	B62qjHbDMJGPUz3M6JK2uC3tm6VPLaEtv4sMCcrMBz6hnD5hrET4RJM
170	B62qnyxTMk4JbYsaMx8EN2KmoZUsb9Zd3nvjwyrZr2GdAHC9nKF16PY
171	B62qrPo6f9vRwqDmgfNYzaFd9J3wTwQ1SC72yMAxwaGpjt2vJrxo4ri
172	B62qoZXUxxowQuERSJWb6EkoyciRthxycW5csa4cQkZUfm151sn8BSa
173	B62qr7QqCysRpMbJGKpAw1JsrZyQfSyT4iYoP4MsTYungBDJgwx8vXg
174	B62qo3JqbYXcuW75ZHMSMnJX7qbU8QF3N9k9DhQGbw8RKNP6tNQsePE
175	B62qjCC8yevoQ4ucM7fw4pDUSvg3PDGAhvWxhdM3qrKsnXW5prfjo1o
176	B62qnAcTRHehWDEuKmERBqSakPM1dg8L3JPSZd5yKfg4UNaHdRhiwdd
177	B62qruGMQFShgABruLG24bvCPhF2yHw83eboSqhMFYA3HAZH9aR3am3
178	B62qiuFiD6eX5mf4w52b1GpFMpk1LHtL3GWdQ4hxGLcxHh36RRmjpei
179	B62qokvW3jFhj1yz915TzoHubhFuR6o8QFQReVaTFcj8zpPF52EU9Ux
180	B62qr6AEDV6T66apiAX1GxUkCjYRnjWphyiDro9t9waw93xr2MW6Wif
181	B62qjYBQ6kJ9PJTTPnytp4rnaonUQaE8YuKeimJXHQUfirJ8UX8Qz4L
182	B62qqB7CLD6r9M532oCDKxxfcevtffzkZarWxdzC3Dqf6LitoYhzBj9
183	B62qr87pihBCoZNsJPuzdpuixve37kkgnFJGq1sqzMcGsB95Ga5XUA6
184	B62qoRyE8Yqm4GNkjnYrbtGWJLYLNoqwWzSRRBw8MbmRUS1GDiPitV7
185	B62qm4NwW8rFhUh4XquVC23fn3t8MqumhfjGbovLwfeLdxXQ3KhA9Ai
186	B62qmAgWQ9WXHTPh4timV5KFuHWe1GLb4WRDRh31NULbyz9ub1oYf8u
187	B62qroqFW16P7JhyaZCFsUNaCYg5Ptutp9ECPrFFf1VXhb9SdHE8MHJ
188	B62qriG5CJaBLFwd5TESfXB4rgSDfPSFyYNmpjWw3hqw1LDxPvpfaV6
189	B62qjYVKAZ7qtXDoFyCXWVpf8xcEDpujXS5Jvg4sjQBEP8XoRNufD3S
190	B62qjBzcUxPayV8dJiWhtCYdBZYnrQeWjz28KiMYGYodYjgwgi961ir
191	B62qkG2Jg1Rs78D2t1DtQPjuyydvVSkfQMDxBb1hPi29HyzHt2ztc8B
192	B62qpNWv5cQySYSgCJubZUi6f4N8AHMkDdHSXaRLVwy7aG2orM3RWLp
193	B62qism2zDgKmJaAy5oHRpdUyk4EUi9K6iFfxc5K5xtARHRuUgHugUQ
194	B62qqaG9PpXK5CNPsPSZUdAUhkTzSoZKCtceGQ1efjMdHtRmuq7796d
195	B62qpk8ww1Vut3M3r2PYGrcwhw6gshqvK5PwmC4goSY4RQ1SbWDcb16
196	B62qqxvqA4qfjXgPxLbmMh84pp3kB4CSuj9mSttTA8hGeLeREfzLGiC
197	B62qnqFpzBPpxNkuazmDWbvcQX6KvuCZvenM1ev9hhjKj9cFj4dXSMb
198	B62qpdxyyVPG1v5LvPdTayyoUtp4BMYbYYwRSCkyW9n45383yrP2hJz
199	B62qohCkbCHvE3DxG8YejQtLtE1o86Z53mHEe1nmzMdjNPzLcaVhPx2
200	B62qiUvkf8HWS1tv8dNkHKJdrj36f5uxMcH1gdF61T2GDrFbfbeeyxY
201	B62qngQ2joTkrS8RAFystfTa7HSc9agnhLsBvvkevhLmn5JXxtmKMfv
202	B62qrCfZaRAK5LjjigtSNYRoZgN4W4bwWbAffkvdhQYUDkB7UzBdk6w
203	B62qq8p3wd6YjuLqTrrUC8ag4wYzxoMUBKu4bdkUmZegwC3oqoXpGy3
204	B62qqmgpUFj5gYxoS6yZj6pr22tQHpbKaFSKXkT8yzdxatLunCvWtSA
205	B62qrjk6agoyBBy13yFobKQRE6FurWwXwk5P1VrxavxpZhkiHXqsyuR
206	B62qr3YEZne4Hyu9jCsxA6nYTziPNpxoyyxZHCGZ7cJrvckX9hoxjC6
207	B62qm7tX4g8RCRVRuCe4MZJFdtqAx5vKgLGR75djzQib7StKiTfbWVy
208	B62qjaAVCFYmsKt2CR2yUs9EqwxvT1b3KWeRWwrDQuHhems1oC2DNrg
209	B62qj49MogZdnBobJZ6ju8njQUhP2Rp59xjPxw3LV9cCj6XGAxkENhE
210	B62qpc1zRxqn3eTYAmcEosHyP5My3etfokSBX9Ge2cxtuSztAWWhadt
211	B62qm4Kvpidd4gX4p4r71DGsQUnEmhi12H4D5k3F2rdxvWmWEiJyfU2
212	B62qjMzwAAoUbqpnuntqxeb1vf2qgDtzQwj4a3zkNeA7PVoKHEGwLXg
213	B62qmyLw1LNGHkvqkH5nsQZU6uJu3begXAe7WzavUH4HPSsjJNKP9po
214	B62qqmQY1gPzEv6qr6AbLBp1yLW5tVcMB4dwVPMF218gv2xPk48j3sb
215	B62qmmhQ2eQDnyFTdsgzztgLndmsSyQBBWtjALnRdGbZ87RkNeEuri1
216	B62qqCAQRnjJCnS5uwC1A3j4XmHqZrisvNdG534R8eMvzsFRx9h8hip
217	B62qoUdnygTtJyyivQ3mTrgffMeDpUG1dsgqswbXvrypvCa9z8MDSFz
218	B62qnt6Lu7cqkAiHg9qF6qcj9uFcqDCz3J6pTcLTbwrNde97KbR6rf6
219	B62qoTmf1JEAZTWPqWvMq66xAonpPVAhMtSR8UbbX3t8FhRKrdyTFbr
220	B62qiqiPtbo7ppvjDJ536Nf968zQM3BrYxQXoWeistF8J12BovP5e1F
221	B62qpP5T35yJUz1U25Eqi5VtLVkjbDyMMXaTa87FE9bhoEbtz7bzAXz
222	B62qqdtmbGF5LwL47qj7hMWjt6XYcwJnft3YgD8ydLgf1M59PFCHv44
223	B62qm8TrWwzu2px1bZG38QkpXC5JgU7RnCyqbVyiy2Fmh63N5d9cbA6
224	B62qnZXs2RGudz1q9eAgxxtZQnNNHi6P5RAzoznCKNdqvSyyWghmYX6
225	B62qo7dRx2VHmDKXZ8XffNNeUK1j4znWxFUvg48hrxrNChqwUrDBgiA
226	B62qke1AAPWuurJQ5p1zQ34uRbtogxsfHEdzfqufAHrqKKHba7ZYC2G
227	B62qjy64ysP1cHmvHqyrZ899gdUy48PvBCnAYRykM5EMpjHccdVZ4Fy
228	B62qjDFzBEMSsJX6i6ta6baPjCAoJmHY4a4xXUmgCJQv4sAXhQAAbpt
229	B62qrV4S63yeVPjcEUmCkAx1bKA5aSfzCLTgh3b8D5uPr7UrJoVxA6S
230	B62qnqEX8jNJxJNyCvnbhUPu87xo3ki4FXdRyUUjQuLCnyvZE2qxyTy
231	B62qpivmqu3HDNenKMHPNhie31sFD68nZkMteLW58R21gcorUfenmBB
232	B62qjoiPU3JM2UtM1BCWjJZ5mdDBr8SadyEMRtaREsr7iCGPabKbFXf
233	B62qoRBTLL6SgP2JkuA8VKnNVybUygRm3VaD9uUsmswb2HULLdGFue6
234	B62qpLj8UrCZtRWWGstWPsE6vYZc9gA8FBavUT7RToRxpxHYuT3xiKf
235	B62qkZeQptw1qMSwe53pQN5HXj258zQN5bATF6bUz8gFLZ8Tj3vHdfa
236	B62qjzfgc1Z5tcbbuprWNtPmcA1aVEEf75EnDtss3VM3JrTyvWN5w8R
237	B62qkjyPMQDyVcBt4is9wamDeQBgvBTHbx6bYSFyGk6NndJJ3c1Te4Q
238	B62qjrZB4CzmYULfHB4NAXqjQoEnAESXmeyBAjxEfjCksXE1F7uLGtH
239	B62qkixmJk8DEY8wa7EQbVbZ4b36dCwGoW94rwPkzZnBkB8GjVaRMP5
240	B62qjkjpZtKLrVFyUE4i4hAhYEqaTQYYuJDoQrhisdFbpm61TEm1tE5
241	B62qrqndewerFzXSvc2JzDbFYNvoFTrbLsya4hTsy5bLTXmb9owUzcd
242	B62qrGPBCRyP4xiGWn8FNVveFbYuHWxKL677VZWteikeJJjWzHGzczB
243	B62qqZuCkBTLe9CaLpwqi7gBx8rkMBcBJttoqj3yuhaAgfqY6BcubYz
\.


--
-- Data for Name: snarked_ledger_hashes; Type: TABLE DATA; Schema: public; Owner: postgres
--

COPY public.snarked_ledger_hashes (id, value) FROM stdin;
1	jxaoh77psQUWa1GjEVmk7ajoNjwQfZGBA9PeGg5YsntNNt8twwL
\.


--
-- Data for Name: timing_info; Type: TABLE DATA; Schema: public; Owner: postgres
--

COPY public.timing_info (id, account_identifier_id, initial_minimum_balance, cliff_time, cliff_amount, vesting_period, vesting_increment) FROM stdin;
1	1	0	0	0	0	0
2	2	0	0	0	0	0
3	3	0	0	0	0	0
4	4	0	0	0	0	0
5	5	0	0	0	0	0
6	6	0	0	0	0	0
7	7	0	0	0	0	0
8	8	0	0	0	0	0
9	9	0	0	0	0	0
10	10	0	0	0	0	0
11	11	0	0	0	0	0
12	12	0	0	0	0	0
13	13	0	0	0	0	0
14	14	0	0	0	0	0
15	15	0	0	0	0	0
16	16	0	0	0	0	0
17	17	0	0	0	0	0
18	18	0	0	0	0	0
19	19	0	0	0	0	0
20	20	0	0	0	0	0
21	21	0	0	0	0	0
22	22	0	0	0	0	0
23	23	0	0	0	0	0
24	24	0	0	0	0	0
25	25	0	0	0	0	0
26	26	0	0	0	0	0
27	27	0	0	0	0	0
28	28	0	0	0	0	0
29	29	0	0	0	0	0
30	30	0	0	0	0	0
31	31	0	0	0	0	0
32	32	0	0	0	0	0
33	33	0	0	0	0	0
34	34	0	0	0	0	0
35	35	0	0	0	0	0
36	36	0	0	0	0	0
37	37	0	0	0	0	0
38	38	0	0	0	0	0
39	39	0	0	0	0	0
40	40	0	0	0	0	0
41	41	0	0	0	0	0
42	42	0	0	0	0	0
43	43	0	0	0	0	0
44	44	0	0	0	0	0
45	45	0	0	0	0	0
46	46	0	0	0	0	0
47	47	0	0	0	0	0
48	48	0	0	0	0	0
49	49	0	0	0	0	0
50	50	0	0	0	0	0
51	51	0	0	0	0	0
52	52	0	0	0	0	0
53	53	0	0	0	0	0
54	54	0	0	0	0	0
55	55	0	0	0	0	0
56	56	0	0	0	0	0
57	57	0	0	0	0	0
58	58	0	0	0	0	0
59	59	0	0	0	0	0
60	60	0	0	0	0	0
61	61	0	0	0	0	0
62	62	0	0	0	0	0
63	63	0	0	0	0	0
64	64	0	0	0	0	0
65	65	0	0	0	0	0
66	66	0	0	0	0	0
67	67	0	0	0	0	0
68	68	0	0	0	0	0
69	69	0	0	0	0	0
70	70	0	0	0	0	0
71	71	0	0	0	0	0
72	72	0	0	0	0	0
73	73	0	0	0	0	0
74	74	0	0	0	0	0
75	75	0	0	0	0	0
76	76	0	0	0	0	0
77	77	0	0	0	0	0
78	78	0	0	0	0	0
79	79	0	0	0	0	0
80	80	0	0	0	0	0
81	81	0	0	0	0	0
82	82	0	0	0	0	0
83	83	0	0	0	0	0
84	84	0	0	0	0	0
85	85	0	0	0	0	0
86	86	0	0	0	0	0
87	87	0	0	0	0	0
88	88	0	0	0	0	0
89	89	0	0	0	0	0
90	90	0	0	0	0	0
91	91	0	0	0	0	0
92	92	0	0	0	0	0
93	93	0	0	0	0	0
94	94	0	0	0	0	0
95	95	0	0	0	0	0
96	96	0	0	0	0	0
97	97	0	0	0	0	0
98	98	0	0	0	0	0
99	99	0	0	0	0	0
100	100	0	0	0	0	0
101	101	0	0	0	0	0
102	102	0	0	0	0	0
103	103	0	0	0	0	0
104	104	0	0	0	0	0
105	105	0	0	0	0	0
106	106	0	0	0	0	0
107	107	0	0	0	0	0
108	108	0	0	0	0	0
109	109	0	0	0	0	0
110	110	0	0	0	0	0
111	111	0	0	0	0	0
112	112	0	0	0	0	0
113	113	0	0	0	0	0
114	114	0	0	0	0	0
115	115	0	0	0	0	0
116	116	0	0	0	0	0
117	117	0	0	0	0	0
118	118	0	0	0	0	0
119	119	0	0	0	0	0
120	120	0	0	0	0	0
121	121	0	0	0	0	0
122	122	0	0	0	0	0
123	123	0	0	0	0	0
124	124	0	0	0	0	0
125	125	0	0	0	0	0
126	126	0	0	0	0	0
127	127	0	0	0	0	0
128	128	0	0	0	0	0
129	129	0	0	0	0	0
130	130	0	0	0	0	0
131	131	0	0	0	0	0
132	132	0	0	0	0	0
133	133	0	0	0	0	0
134	134	0	0	0	0	0
135	135	0	0	0	0	0
136	136	0	0	0	0	0
137	137	0	0	0	0	0
138	138	0	0	0	0	0
139	139	0	0	0	0	0
140	140	0	0	0	0	0
141	141	0	0	0	0	0
142	142	0	0	0	0	0
143	143	0	0	0	0	0
144	144	0	0	0	0	0
145	145	0	0	0	0	0
146	146	0	0	0	0	0
147	147	0	0	0	0	0
148	148	0	0	0	0	0
149	149	0	0	0	0	0
150	150	0	0	0	0	0
151	151	0	0	0	0	0
152	152	0	0	0	0	0
153	153	0	0	0	0	0
154	154	0	0	0	0	0
155	155	0	0	0	0	0
156	156	0	0	0	0	0
157	157	0	0	0	0	0
158	158	0	0	0	0	0
159	159	0	0	0	0	0
160	160	0	0	0	0	0
161	161	0	0	0	0	0
162	162	0	0	0	0	0
163	163	0	0	0	0	0
164	164	0	0	0	0	0
165	165	0	0	0	0	0
166	166	0	0	0	0	0
167	167	0	0	0	0	0
168	168	0	0	0	0	0
169	169	0	0	0	0	0
170	170	0	0	0	0	0
171	171	0	0	0	0	0
172	172	0	0	0	0	0
173	173	0	0	0	0	0
174	174	0	0	0	0	0
175	175	0	0	0	0	0
176	176	0	0	0	0	0
177	177	0	0	0	0	0
178	178	0	0	0	0	0
179	179	0	0	0	0	0
180	180	0	0	0	0	0
181	181	0	0	0	0	0
182	182	0	0	0	0	0
183	183	0	0	0	0	0
184	184	0	0	0	0	0
185	185	0	0	0	0	0
186	186	0	0	0	0	0
187	187	0	0	0	0	0
188	188	0	0	0	0	0
189	189	0	0	0	0	0
190	190	0	0	0	0	0
191	191	0	0	0	0	0
192	192	0	0	0	0	0
193	193	0	0	0	0	0
194	194	0	0	0	0	0
195	195	0	0	0	0	0
196	196	0	0	0	0	0
197	197	0	0	0	0	0
198	198	0	0	0	0	0
199	199	0	0	0	0	0
200	200	0	0	0	0	0
201	201	0	0	0	0	0
202	202	0	0	0	0	0
203	203	0	0	0	0	0
204	204	0	0	0	0	0
205	205	0	0	0	0	0
206	206	0	0	0	0	0
207	207	0	0	0	0	0
208	208	0	0	0	0	0
209	209	0	0	0	0	0
210	210	0	0	0	0	0
211	211	0	0	0	0	0
212	212	0	0	0	0	0
213	213	0	0	0	0	0
214	214	0	0	0	0	0
215	215	0	0	0	0	0
216	216	0	0	0	0	0
217	217	0	0	0	0	0
218	218	0	0	0	0	0
219	219	0	0	0	0	0
220	220	0	0	0	0	0
221	221	0	0	0	0	0
222	222	0	0	0	0	0
223	223	0	0	0	0	0
224	224	0	0	0	0	0
225	225	0	0	0	0	0
226	226	0	0	0	0	0
227	227	0	0	0	0	0
228	228	0	0	0	0	0
229	229	0	0	0	0	0
230	230	0	0	0	0	0
231	231	0	0	0	0	0
232	232	0	0	0	0	0
233	233	0	0	0	0	0
234	234	0	0	0	0	0
235	235	0	0	0	0	0
236	236	0	0	0	0	0
237	237	0	0	0	0	0
238	238	0	0	0	0	0
239	239	0	0	0	0	0
240	240	0	0	0	0	0
241	241	0	0	0	0	0
242	242	0	0	0	0	0
\.


--
-- Data for Name: token_symbols; Type: TABLE DATA; Schema: public; Owner: postgres
--

COPY public.token_symbols (id, value) FROM stdin;
1	
\.


--
-- Data for Name: tokens; Type: TABLE DATA; Schema: public; Owner: postgres
--

COPY public.tokens (id, value, owner_public_key_id, owner_token_id) FROM stdin;
1	wSHV2S4qX9jFsLjQo8r1BsMLH2ZRKsZx6EJd1sbozGPieEC4Jf	\N	\N
\.


--
-- Data for Name: user_commands; Type: TABLE DATA; Schema: public; Owner: postgres
--

COPY public.user_commands (id, command_type, fee_payer_id, source_id, receiver_id, nonce, amount, fee, valid_until, memo, hash) FROM stdin;
1	payment	69	69	69	0	1000000000	250000000	\N	E4YM2vTHhWEg66xpj52JErHUBU4pZ1yageL4TVDDpTTSsv8mK6YaH	5JtWf963LSMYcMzqYWcTEK3TSDgwWTdBeXt3kSacYwLCjAtSPe3j
2	payment	69	69	69	1	1000000000	250000000	\N	E4YM2vTHhWEg66xpj52JErHUBU4pZ1yageL4TVDDpTTSsv8mK6YaH	5Jv8dYpjyFoEYZR2LCuQTRarTi4YcanrM2Y9bDV8z5mipWokHZzc
3	payment	69	69	69	2	1000000000	250000000	\N	E4YM2vTHhWEg66xpj52JErHUBU4pZ1yageL4TVDDpTTSsv8mK6YaH	5JvCHErRrGEPW2hTbMpMEwx3pgKixcC7FQ3RWiJ7J9mF27PRSNi9
4	payment	69	69	69	3	1000000000	250000000	\N	E4YM2vTHhWEg66xpj52JErHUBU4pZ1yageL4TVDDpTTSsv8mK6YaH	5JtmtvY4ukSFxMvL5hxw9wdk2j9LFn9qrxs5cbFHhxW5vFxguboD
5	payment	69	69	69	4	1000000000	250000000	\N	E4YM2vTHhWEg66xpj52JErHUBU4pZ1yageL4TVDDpTTSsv8mK6YaH	5JuxfavsisMCfcmq3JcQ5G5ZW8ucopejooLNZehPWEs1B2UP6kmG
6	payment	69	69	69	5	1000000000	250000000	\N	E4YM2vTHhWEg66xpj52JErHUBU4pZ1yageL4TVDDpTTSsv8mK6YaH	5JtgFG38H1zeVHR8hVP5AuVMkt8ky3hNQv1C3rRvPu9RjMi9Ywfq
7	payment	69	69	69	6	1000000000	250000000	\N	E4YM2vTHhWEg66xpj52JErHUBU4pZ1yageL4TVDDpTTSsv8mK6YaH	5Jtr7WjiDML599Y7suwJs4KheN2ZARB4zkYps2ncUqggUpkEuSq2
8	payment	69	69	69	7	1000000000	250000000	\N	E4YM2vTHhWEg66xpj52JErHUBU4pZ1yageL4TVDDpTTSsv8mK6YaH	5JtvnmgEH5CsKzJgqcRcbuM6mJXi4ndvQA8iD5yWPA5qwVzgJ9KX
9	payment	69	69	69	8	1000000000	250000000	\N	E4YM2vTHhWEg66xpj52JErHUBU4pZ1yageL4TVDDpTTSsv8mK6YaH	5Ju7zCJNKqypXycvfngFqsM55oKnJU8d3THr4nEk9gKMHTDSqWPU
10	payment	69	69	69	9	1000000000	250000000	\N	E4YM2vTHhWEg66xpj52JErHUBU4pZ1yageL4TVDDpTTSsv8mK6YaH	5JuWxrYRZJZHb7U9Fx5qrFC1qMpuw5QKWhSauBjyWWP7aTLKHBDd
11	payment	69	69	69	10	1000000000	250000000	\N	E4YM2vTHhWEg66xpj52JErHUBU4pZ1yageL4TVDDpTTSsv8mK6YaH	5Jtr4YeDdT3Bj3stEjr6j3EA5UGegbyy1ARtJDqZY3jUwWhUwPh7
12	payment	69	69	69	11	1000000000	250000000	\N	E4YM2vTHhWEg66xpj52JErHUBU4pZ1yageL4TVDDpTTSsv8mK6YaH	5Juf5Acnh3pa85z9KHKLP5nPhWuzQmDPBLLzzLrNLwg3ZyPuRBfS
13	payment	69	69	69	12	1000000000	250000000	\N	E4YM2vTHhWEg66xpj52JErHUBU4pZ1yageL4TVDDpTTSsv8mK6YaH	5JtmxG61cyYADuCksiSiYrPeCDfAnUk4R4WQpjVFpCeyQ5x7EDqu
14	payment	69	69	69	13	1000000000	250000000	\N	E4YM2vTHhWEg66xpj52JErHUBU4pZ1yageL4TVDDpTTSsv8mK6YaH	5Jv2nRhMyBPHv7Dn1iQipd8oFL3Xe2RJQogknyqzTo1Rk79qNwoS
15	payment	69	69	69	14	1000000000	250000000	\N	E4YM2vTHhWEg66xpj52JErHUBU4pZ1yageL4TVDDpTTSsv8mK6YaH	5Jv3ZBEPWVH1eQtvd3AQA7inHpike4qS1e6izbAp9qW892VGWsDz
16	payment	69	69	69	15	1000000000	250000000	\N	E4YM2vTHhWEg66xpj52JErHUBU4pZ1yageL4TVDDpTTSsv8mK6YaH	5JuiccmNqheVBXywpDVqN898vLGqad2ARiFuWbVLpc7vRrkuvuH5
17	payment	69	69	69	16	1000000000	250000000	\N	E4YM2vTHhWEg66xpj52JErHUBU4pZ1yageL4TVDDpTTSsv8mK6YaH	5JuinQ2qHdHUR7QCAy4DPAos8Da4v4nQyzCx79xjZj8yPydG4nfQ
18	payment	69	69	69	17	1000000000	250000000	\N	E4YM2vTHhWEg66xpj52JErHUBU4pZ1yageL4TVDDpTTSsv8mK6YaH	5JtnQ9xGHwFmB7afxvHaiHEwtFCPooW48vTDL4wFaQgDUc78bDAg
19	payment	69	69	69	18	1000000000	250000000	\N	E4YM2vTHhWEg66xpj52JErHUBU4pZ1yageL4TVDDpTTSsv8mK6YaH	5JuR8kLxnNHsxJ2kQ7HhSg5yoWzFNF5jY949qwJHqMQhBJpxTeFd
20	payment	69	69	69	19	1000000000	250000000	\N	E4YM2vTHhWEg66xpj52JErHUBU4pZ1yageL4TVDDpTTSsv8mK6YaH	5JvG1c8428dAXnfHuui7wY75KTtJZWzYo4tL5ML2rssiXdVPFxXg
21	payment	69	69	69	20	1000000000	250000000	\N	E4YM2vTHhWEg66xpj52JErHUBU4pZ1yageL4TVDDpTTSsv8mK6YaH	5JvHoHYiygyGxTxvSLcvVRBxpA4QC8Y2NPwrh8xYG5GseAPg77Ua
22	payment	69	69	69	21	1000000000	250000000	\N	E4YM2vTHhWEg66xpj52JErHUBU4pZ1yageL4TVDDpTTSsv8mK6YaH	5Jv2563jZwfxzEVDGhDht843mx6SYBE53Rfg8eojcFFSfjYdWcZo
23	payment	69	69	69	22	1000000000	250000000	\N	E4YM2vTHhWEg66xpj52JErHUBU4pZ1yageL4TVDDpTTSsv8mK6YaH	5JtvKnPnQwYaUQBFPrZ6vtgVXf9LtLV6WK5Xjo9SvHSGJWvjAjHR
24	payment	69	69	69	23	1000000000	250000000	\N	E4YM2vTHhWEg66xpj52JErHUBU4pZ1yageL4TVDDpTTSsv8mK6YaH	5JtfTdnae3uog4SH4Y2H1tMV1NRZcSX1hHxh6eM89fXCFMfg814g
25	payment	69	69	69	24	1000000000	250000000	\N	E4YM2vTHhWEg66xpj52JErHUBU4pZ1yageL4TVDDpTTSsv8mK6YaH	5Jth8CrC6GWRCk7uDzXDznHD7m2bBReurW2heF7ProSGGUcKC8LN
26	payment	69	69	69	25	1000000000	250000000	\N	E4YM2vTHhWEg66xpj52JErHUBU4pZ1yageL4TVDDpTTSsv8mK6YaH	5JuAUzsbUeGN9Kn5eWNLZDe1H3mgCvzrZ8Gfjpj53v2c9MWJxjSq
27	payment	69	69	69	26	1000000000	250000000	\N	E4YM2vTHhWEg66xpj52JErHUBU4pZ1yageL4TVDDpTTSsv8mK6YaH	5JuKScP5kmpJVtfD1auJLj4mtkKZmASfoPzw7tVRVkNkm1yPm4jY
28	payment	69	69	69	27	1000000000	250000000	\N	E4YM2vTHhWEg66xpj52JErHUBU4pZ1yageL4TVDDpTTSsv8mK6YaH	5JvJrCuvE8cMc65tRfNXmUYD5prLjjCGaVTMoY6SwHsqiPyonB5V
29	payment	69	69	69	28	1000000000	250000000	\N	E4YM2vTHhWEg66xpj52JErHUBU4pZ1yageL4TVDDpTTSsv8mK6YaH	5JuvSJsrvZFgHw5S9c9yh49KfsTxyiuaZUxYjbz8w8tXxQqDgm6r
30	payment	69	69	69	29	1000000000	250000000	\N	E4YM2vTHhWEg66xpj52JErHUBU4pZ1yageL4TVDDpTTSsv8mK6YaH	5JvGbTnMtGCvk3pZA8q4tGwX9JmDqKybSAjKY4zXZXM3EpRy1pLF
31	payment	69	69	69	30	1000000000	250000000	\N	E4YM2vTHhWEg66xpj52JErHUBU4pZ1yageL4TVDDpTTSsv8mK6YaH	5JuPkgv46w43SPRJR9mpMtjNjhmdhENuRsezKGpBX57X3LQABmYD
32	payment	69	69	69	31	1000000000	250000000	\N	E4YM2vTHhWEg66xpj52JErHUBU4pZ1yageL4TVDDpTTSsv8mK6YaH	5Jv2EttVshHSXK66a1P369pFnKqMrPqsDkDyrR2yE8LtEHEz7Zk2
33	payment	69	69	69	32	1000000000	250000000	\N	E4YM2vTHhWEg66xpj52JErHUBU4pZ1yageL4TVDDpTTSsv8mK6YaH	5JtgJmKbrx6S7Qb3ymtyfz9mEuCqwGeQvw5ERgSF4Km4SxkQEMDn
34	payment	69	69	69	33	1000000000	250000000	\N	E4YM2vTHhWEg66xpj52JErHUBU4pZ1yageL4TVDDpTTSsv8mK6YaH	5Jv8Q7d2nmnFaPdtayNzvR7pHAV13nHEXiyapwDaVMgNY6EKREwj
35	payment	69	69	69	34	1000000000	250000000	\N	E4YM2vTHhWEg66xpj52JErHUBU4pZ1yageL4TVDDpTTSsv8mK6YaH	5Jv9CZ3qr3YUA7127LqSgRyfpAQ23Cjrv7pKaGdaXxGCj9JYJgn8
36	payment	69	69	69	35	1000000000	250000000	\N	E4YM2vTHhWEg66xpj52JErHUBU4pZ1yageL4TVDDpTTSsv8mK6YaH	5Jv5kpzck7J69B1B8LjpwRtQ5hERwKJu1Cb6VZagVZWQeM6MJkQY
37	payment	69	69	69	36	1000000000	250000000	\N	E4YM2vTHhWEg66xpj52JErHUBU4pZ1yageL4TVDDpTTSsv8mK6YaH	5JtsuqkdMWeBTGY2Vfb4hPCadwhKxHooV6aSTbLidW6WMjBm1Ead
38	payment	69	69	69	37	1000000000	250000000	\N	E4YM2vTHhWEg66xpj52JErHUBU4pZ1yageL4TVDDpTTSsv8mK6YaH	5JtvouZ6wL1Ug7vw4xZPEJ5UbL6QbXXP7DQYLq4XMKNRAxF5cPET
39	payment	69	69	69	38	1000000000	250000000	\N	E4YM2vTHhWEg66xpj52JErHUBU4pZ1yageL4TVDDpTTSsv8mK6YaH	5JuXZvxHvNqd42LyP2GrY95VYwZ8f5cCYVABVX2YaMhbKKtw5cbx
40	payment	69	69	69	39	1000000000	250000000	\N	E4YM2vTHhWEg66xpj52JErHUBU4pZ1yageL4TVDDpTTSsv8mK6YaH	5Jtvq1cysS7T3pByn9noN6mR6hsaMuHSkXMKRxeQib7WYx9kybZq
41	payment	69	69	69	40	1000000000	250000000	\N	E4YM2vTHhWEg66xpj52JErHUBU4pZ1yageL4TVDDpTTSsv8mK6YaH	5JueZnXPAPetwiRmuJcdiJcZbehVKCT4UU4y99Z459Vcn6TNL1Bh
42	payment	69	69	69	41	1000000000	250000000	\N	E4YM2vTHhWEg66xpj52JErHUBU4pZ1yageL4TVDDpTTSsv8mK6YaH	5JukLo51r5hJ9WhUgwWHVTvenX8HJPVP6Hs1amN1UGopXDnG7vVd
43	payment	69	69	69	42	1000000000	250000000	\N	E4YM2vTHhWEg66xpj52JErHUBU4pZ1yageL4TVDDpTTSsv8mK6YaH	5JvK1LP4J9G2pYvob4b41E931uPAGWEn2WFFMiGi7vEmJQ63tF9j
44	payment	69	69	69	43	1000000000	250000000	\N	E4YM2vTHhWEg66xpj52JErHUBU4pZ1yageL4TVDDpTTSsv8mK6YaH	5JuUgz8LLf66ZpeBUSGYd3Fzhh9Q7wSZH37UDZbLH1zKmALwsLxP
56	payment	69	69	69	55	1000000000	250000000	\N	E4YM2vTHhWEg66xpj52JErHUBU4pZ1yageL4TVDDpTTSsv8mK6YaH	5Jv27LmKxe1SDge9tNcuHccetFwT2C6JXJkAehv8ao5MgPGeLD6d
57	payment	69	69	69	56	1000000000	250000000	\N	E4YM2vTHhWEg66xpj52JErHUBU4pZ1yageL4TVDDpTTSsv8mK6YaH	5Ju2mscfgoYWumPSdTDAtRm4ccvAZWico8hAsyU7zRY4c3Lvsv98
58	payment	69	69	69	57	1000000000	250000000	\N	E4YM2vTHhWEg66xpj52JErHUBU4pZ1yageL4TVDDpTTSsv8mK6YaH	5Ju6iVFaV8hDJgfUojsMuqLeb1bm9daWQNqHv1WkDHsvQh3Yycss
45	payment	69	69	69	44	1000000000	250000000	\N	E4YM2vTHhWEg66xpj52JErHUBU4pZ1yageL4TVDDpTTSsv8mK6YaH	5JudhdVRGqNc5TWoRtf5rf2CHP3Uosfpy41XgbNgCs1VBN2H3Da2
46	payment	69	69	69	45	1000000000	250000000	\N	E4YM2vTHhWEg66xpj52JErHUBU4pZ1yageL4TVDDpTTSsv8mK6YaH	5JtfG9JLTrbCQ8kHLjMM4bsoqB8fbuofLW7YZB7aAMogWoBSSFwo
47	payment	69	69	69	46	1000000000	250000000	\N	E4YM2vTHhWEg66xpj52JErHUBU4pZ1yageL4TVDDpTTSsv8mK6YaH	5Ju5QrczamjME1SLJHTJ5EhMywHnsqHTBGPCYykBKYWsR8573bs4
48	payment	69	69	69	47	1000000000	250000000	\N	E4YM2vTHhWEg66xpj52JErHUBU4pZ1yageL4TVDDpTTSsv8mK6YaH	5JuKsvgBX8i9jRN7YtTThHYetZtpipF8DUpDZ4VSrcqmKWawtryV
49	payment	69	69	69	48	1000000000	250000000	\N	E4YM2vTHhWEg66xpj52JErHUBU4pZ1yageL4TVDDpTTSsv8mK6YaH	5Ju9QFFRcJ6vcQ7EMDhVv4z7BMTd3UnshXnkwQMVLPYyXMerJDP5
50	payment	69	69	69	49	1000000000	250000000	\N	E4YM2vTHhWEg66xpj52JErHUBU4pZ1yageL4TVDDpTTSsv8mK6YaH	5JvAkMp7v7jo64xSQZFmWuZpND1TEWUUebDbsBNJSRyJaEzaAFmQ
51	payment	69	69	69	50	1000000000	250000000	\N	E4YM2vTHhWEg66xpj52JErHUBU4pZ1yageL4TVDDpTTSsv8mK6YaH	5JutGU1sETTwVKoy7mk5p4sDvB6AptpDe8C21idjgRYBeqoBJvtu
52	payment	69	69	69	51	1000000000	250000000	\N	E4YM2vTHhWEg66xpj52JErHUBU4pZ1yageL4TVDDpTTSsv8mK6YaH	5JtdQuhkHih2DVLD13BsPoFXNpn6y4P8cAyuroaxTy7yD8k3RQFT
53	payment	69	69	69	52	1000000000	250000000	\N	E4YM2vTHhWEg66xpj52JErHUBU4pZ1yageL4TVDDpTTSsv8mK6YaH	5Jus1pvQta3X3T7RVDoJ4bmP5r1fnRpwWAXxsz9yEwD5Xz3sCT8Y
54	payment	69	69	69	53	1000000000	250000000	\N	E4YM2vTHhWEg66xpj52JErHUBU4pZ1yageL4TVDDpTTSsv8mK6YaH	5Jtftt1uAdeiZBwMKscCEdTpisBXy9CUxwVtpRpwBnud6D2HV7Tr
55	payment	69	69	69	54	1000000000	250000000	\N	E4YM2vTHhWEg66xpj52JErHUBU4pZ1yageL4TVDDpTTSsv8mK6YaH	5JtwcwjQ3g8UZCpm7PndwZGKuNWhKaR7hSs171CaRTk8FZeNMV3g
59	payment	69	69	69	58	1000000000	250000000	\N	E4YM2vTHhWEg66xpj52JErHUBU4pZ1yageL4TVDDpTTSsv8mK6YaH	5JtWUxWp8Z5gCvdsktEt3sqZkbMQgyTHu6auKmaW7SwgFJ7BNf6y
60	payment	69	69	69	59	1000000000	250000000	\N	E4YM2vTHhWEg66xpj52JErHUBU4pZ1yageL4TVDDpTTSsv8mK6YaH	5JtyiuFqYAaPUuS6equhGfantENcfwiWeEy2xNS9La54mFL4C6PA
61	payment	69	69	69	60	1000000000	250000000	\N	E4YM2vTHhWEg66xpj52JErHUBU4pZ1yageL4TVDDpTTSsv8mK6YaH	5JuLcMPMkGtNaEAdKhv5BhwT1U3zVuUezpRToamSCcjahAx5d8N8
62	payment	69	69	69	61	1000000000	250000000	\N	E4YM2vTHhWEg66xpj52JErHUBU4pZ1yageL4TVDDpTTSsv8mK6YaH	5JtYSNszcc5Ddzx372jNnHu6LqwJiK24B7yWTbUkqdJaLCY2yae5
63	payment	69	69	69	62	1000000000	250000000	\N	E4YM2vTHhWEg66xpj52JErHUBU4pZ1yageL4TVDDpTTSsv8mK6YaH	5Ju9TxoazWbWgh2Tu1jZgs7mHwrPnBiPQbLoD9FPnpPsofUz9SqR
64	payment	69	69	69	63	1000000000	250000000	\N	E4YM2vTHhWEg66xpj52JErHUBU4pZ1yageL4TVDDpTTSsv8mK6YaH	5JvGSaePh4rkB7Yr9cFLkcCrQ6VkjcN2VEK8GYBMCbdveGakuX6z
65	payment	69	69	69	64	1000000000	250000000	\N	E4YM2vTHhWEg66xpj52JErHUBU4pZ1yageL4TVDDpTTSsv8mK6YaH	5JumkAcRhKYa74nJNhu4ZALRQVNb5Dh8RwmKUfeYZCkFDKE4bNnY
66	payment	69	69	69	65	1000000000	250000000	\N	E4YM2vTHhWEg66xpj52JErHUBU4pZ1yageL4TVDDpTTSsv8mK6YaH	5Juov4xtJrVdhX82qtsjrqtPwpotHyjezTrqfphsTR4P449ZwEQX
67	payment	69	69	69	66	1000000000	250000000	\N	E4YM2vTHhWEg66xpj52JErHUBU4pZ1yageL4TVDDpTTSsv8mK6YaH	5JvKgZdfAueSM3cfW8ypA3GwwWSngMfRQwUhQG22MWxnyXJL6wnC
68	payment	69	69	69	67	1000000000	250000000	\N	E4YM2vTHhWEg66xpj52JErHUBU4pZ1yageL4TVDDpTTSsv8mK6YaH	5Jtq8ThGuRgGhm9sVJHWG3mdYvbiDRYdeeXfwGnfVuSqnbqAL1bK
69	payment	69	69	69	68	1000000000	250000000	\N	E4YM2vTHhWEg66xpj52JErHUBU4pZ1yageL4TVDDpTTSsv8mK6YaH	5JtbKMPSAFEcQ8Zo2MDk7A6Jh53VHeQ8iRUuHjqHxQ4yu1UQp45N
70	payment	69	69	69	69	1000000000	250000000	\N	E4YM2vTHhWEg66xpj52JErHUBU4pZ1yageL4TVDDpTTSsv8mK6YaH	5JuPXghKyRLYVYKGxt8poAUWqbUPwtULZuQr3ZWnVuKUTCktKrJm
71	payment	69	69	69	70	1000000000	250000000	\N	E4YM2vTHhWEg66xpj52JErHUBU4pZ1yageL4TVDDpTTSsv8mK6YaH	5Jv7aVKi6qhn7vtfTbWByRKydADcYtFpEiHPtUDRTYSUa67V1yW5
72	payment	69	69	69	71	1000000000	250000000	\N	E4YM2vTHhWEg66xpj52JErHUBU4pZ1yageL4TVDDpTTSsv8mK6YaH	5Jtj4J9xKafTgCWamN1UduPh6577Szkry3yzmnxVqV1YcmTVtDDr
73	payment	69	69	69	72	1000000000	250000000	\N	E4YM2vTHhWEg66xpj52JErHUBU4pZ1yageL4TVDDpTTSsv8mK6YaH	5JvJHGtRoQ5vNuzcB8SqEt2HkQJUQ3nBiAhibzHtVVPDjeqB6Sda
74	payment	69	69	69	73	1000000000	250000000	\N	E4YM2vTHhWEg66xpj52JErHUBU4pZ1yageL4TVDDpTTSsv8mK6YaH	5JtsDuJzZXtcKoDJm4HCe4SsNihA7NSu9hWvPuHE3Qv6Lkj9uf83
75	payment	69	69	69	74	1000000000	250000000	\N	E4YM2vTHhWEg66xpj52JErHUBU4pZ1yageL4TVDDpTTSsv8mK6YaH	5JuC4Pt6LDnAwkR5k7mYExqXyumBqjjUZT42ai4zT8TS6ahHdBXj
76	payment	69	69	69	75	1000000000	250000000	\N	E4YM2vTHhWEg66xpj52JErHUBU4pZ1yageL4TVDDpTTSsv8mK6YaH	5JtkzULFjqYnsAGb577SyYK2nkuzMhnaiGAbQA75VVkqhfkBgqTM
77	payment	69	69	69	76	1000000000	250000000	\N	E4YM2vTHhWEg66xpj52JErHUBU4pZ1yageL4TVDDpTTSsv8mK6YaH	5JtnQS5uGReyCaCZruUbR7jxMDdbscnJG6ofDhKJXZH6uQB9PPPJ
78	payment	69	69	69	77	1000000000	250000000	\N	E4YM2vTHhWEg66xpj52JErHUBU4pZ1yageL4TVDDpTTSsv8mK6YaH	5Jty2MuDGk3HrG2KSn41kBpn7j3vNJX6UdueauQv7TQv9xN4QUHu
79	payment	69	69	69	78	1000000000	250000000	\N	E4YM2vTHhWEg66xpj52JErHUBU4pZ1yageL4TVDDpTTSsv8mK6YaH	5JuWajpJp5HMWTcm7Z5gMEhcb6kCL3Pur9Yu82vXYF1BZF83wtr5
80	payment	69	69	69	79	1000000000	250000000	\N	E4YM2vTHhWEg66xpj52JErHUBU4pZ1yageL4TVDDpTTSsv8mK6YaH	5JuwSwW7NaMsJBhFgMAFzHYtYy3oWmbDzi6d8uywS2opDe1UwpVM
81	payment	69	69	69	80	1000000000	250000000	\N	E4YM2vTHhWEg66xpj52JErHUBU4pZ1yageL4TVDDpTTSsv8mK6YaH	5Jtwj221ebkFxatBMp6Q9yV2WKNm8qhu4hDp2pWERXUqC4jzDpcp
82	payment	69	69	69	81	1000000000	250000000	\N	E4YM2vTHhWEg66xpj52JErHUBU4pZ1yageL4TVDDpTTSsv8mK6YaH	5Juv1tVxw2cYobvpZLUxzKi6de1JyUXzPy1fa6qm1JNiyCdRAEjo
83	payment	69	69	69	82	1000000000	250000000	\N	E4YM2vTHhWEg66xpj52JErHUBU4pZ1yageL4TVDDpTTSsv8mK6YaH	5JuwDmL9343J4HfBYSQrfQ1kYN4mmEnxotoK4hfjQ2pn6wxoHgun
84	payment	69	69	69	83	1000000000	250000000	\N	E4YM2vTHhWEg66xpj52JErHUBU4pZ1yageL4TVDDpTTSsv8mK6YaH	5Juis51XqcZvgpBK95sVBWdyuL2bGBCZnfD6Xzu1WpfAfE1E9wbb
85	payment	69	69	69	84	1000000000	250000000	\N	E4YM2vTHhWEg66xpj52JErHUBU4pZ1yageL4TVDDpTTSsv8mK6YaH	5JtbwwqCgtTYcUdX98HZzUNT1mHd3JxupxrorLSiRfmUCUUMucjW
86	payment	69	69	69	85	1000000000	250000000	\N	E4YM2vTHhWEg66xpj52JErHUBU4pZ1yageL4TVDDpTTSsv8mK6YaH	5JuSJ6prgkmkdn5hCYZr7eGrYhoHgWKSQr4AVs2orN66Jd2cGcBc
87	payment	69	69	69	86	1000000000	250000000	\N	E4YM2vTHhWEg66xpj52JErHUBU4pZ1yageL4TVDDpTTSsv8mK6YaH	5Jtw8oYg9YFa6x9rGkP9fnung1bEgDBVLczGtceDz3yaStsJoX6a
88	payment	69	69	69	87	1000000000	250000000	\N	E4YM2vTHhWEg66xpj52JErHUBU4pZ1yageL4TVDDpTTSsv8mK6YaH	5JupHs5h41upFbJEWhibdChSPybYvUbvyr7rA89ZhHqLeUTZcRUw
89	payment	69	69	69	88	1000000000	250000000	\N	E4YM2vTHhWEg66xpj52JErHUBU4pZ1yageL4TVDDpTTSsv8mK6YaH	5JttuSowfsT6A3EQdXqSLZepV4np4CRtvvUJBSHKa6hcYGQwLkpQ
90	payment	69	69	69	89	1000000000	250000000	\N	E4YM2vTHhWEg66xpj52JErHUBU4pZ1yageL4TVDDpTTSsv8mK6YaH	5Juw6TEAWko2JWQNphfiVtrinE3ghoLVyRBNBzkkFzMN9c8vRrsT
91	payment	69	69	69	90	1000000000	250000000	\N	E4YM2vTHhWEg66xpj52JErHUBU4pZ1yageL4TVDDpTTSsv8mK6YaH	5Jv4YchANLQi8JfWiM9M8LqciWnnRNNEEMNLKmj5YdCDpQZub6rS
92	payment	69	69	69	91	1000000000	250000000	\N	E4YM2vTHhWEg66xpj52JErHUBU4pZ1yageL4TVDDpTTSsv8mK6YaH	5JudusfsfuwermK8wEHZb8WGaVZRPaLM5bcPK7bxMkCQWNu85MtL
93	payment	69	69	69	92	1000000000	250000000	\N	E4YM2vTHhWEg66xpj52JErHUBU4pZ1yageL4TVDDpTTSsv8mK6YaH	5Ju3GHZDvjukbU9WCWf48S6N1JaKdPyNu6612xJHYUzDAoRjV9uZ
94	payment	69	69	69	93	1000000000	250000000	\N	E4YM2vTHhWEg66xpj52JErHUBU4pZ1yageL4TVDDpTTSsv8mK6YaH	5JuFE3vHYgjfHhcY6xJ7LXyFcSrg29rUHET7XsZYfh5cefakLpee
98	payment	69	69	69	97	1000000000	250000000	\N	E4YM2vTHhWEg66xpj52JErHUBU4pZ1yageL4TVDDpTTSsv8mK6YaH	5JtZkCMNVszquyo5sqJ9UejfpU74SZp8PuaXRrimRGQjf9SKfNoa
99	payment	69	69	69	98	1000000000	250000000	\N	E4YM2vTHhWEg66xpj52JErHUBU4pZ1yageL4TVDDpTTSsv8mK6YaH	5Junxo5x5d4a68JSCZwS4GQeMyB4qfKvh5GwXGH9LG9TimPmeu5T
100	payment	69	69	69	99	1000000000	250000000	\N	E4YM2vTHhWEg66xpj52JErHUBU4pZ1yageL4TVDDpTTSsv8mK6YaH	5JthnEL9FALx5YytbioRZ8fhVtBouKidcbZBRT8yXdj3B7enVF8a
107	payment	69	69	69	106	1000000000	250000000	\N	E4YM2vTHhWEg66xpj52JErHUBU4pZ1yageL4TVDDpTTSsv8mK6YaH	5JtvC4Xd1aYAZcKYjWZkWmS6zV7biSFdaKuziJGo3pVuBeJMvXeN
108	payment	69	69	69	107	1000000000	250000000	\N	E4YM2vTHhWEg66xpj52JErHUBU4pZ1yageL4TVDDpTTSsv8mK6YaH	5JtaRzD6xsio3sh5LQ3N4XJUFMwTwAY9AoKvrRUdGgrLLmDiUyc1
109	payment	69	69	69	108	1000000000	250000000	\N	E4YM2vTHhWEg66xpj52JErHUBU4pZ1yageL4TVDDpTTSsv8mK6YaH	5Jv6EZTMEwwRbubvNNi4ZqPJWe5Q3RxtoA4eRBAjNLqK4D8mRdde
110	payment	69	69	69	109	1000000000	250000000	\N	E4YM2vTHhWEg66xpj52JErHUBU4pZ1yageL4TVDDpTTSsv8mK6YaH	5JtZJroEfy8ekx2JixxBbtQWHs8zMRzR6hYusBwdgvpLizcrEAMt
111	payment	69	69	69	110	1000000000	250000000	\N	E4YM2vTHhWEg66xpj52JErHUBU4pZ1yageL4TVDDpTTSsv8mK6YaH	5Jtx8DyKgw2rzf78StbjC6AF3MNCCoqiXAF9UBk5EahtwM5Ef1D2
112	payment	69	69	69	111	1000000000	250000000	\N	E4YM2vTHhWEg66xpj52JErHUBU4pZ1yageL4TVDDpTTSsv8mK6YaH	5JuG6UffgM86HYGMWLzusYM3tGp4PbKPMKv9vUw5Qt5gypBWk5Cc
113	payment	69	69	69	112	1000000000	250000000	\N	E4YM2vTHhWEg66xpj52JErHUBU4pZ1yageL4TVDDpTTSsv8mK6YaH	5JtqC2SNZBba2YvoBHJixUv8baPsqDkKNEZXnN1DBtH5S7KJRG8o
95	payment	69	69	69	94	1000000000	250000000	\N	E4YM2vTHhWEg66xpj52JErHUBU4pZ1yageL4TVDDpTTSsv8mK6YaH	5Ju6MPkJMn6wwQVrbYmsZq2DetENgPqrvc5bPYrvtmuhMS86EMJ1
96	payment	69	69	69	95	1000000000	250000000	\N	E4YM2vTHhWEg66xpj52JErHUBU4pZ1yageL4TVDDpTTSsv8mK6YaH	5JtqoEEKv3guXSM8ruAVM6uBoqcjStiDUq74UpSY916dVWgKBWHj
97	payment	69	69	69	96	1000000000	250000000	\N	E4YM2vTHhWEg66xpj52JErHUBU4pZ1yageL4TVDDpTTSsv8mK6YaH	5JufSvQpN4gHU4V4p8TYkhduydfBfviLWDauqd81cgrVBwSZcPYS
101	payment	69	69	69	100	1000000000	250000000	\N	E4YM2vTHhWEg66xpj52JErHUBU4pZ1yageL4TVDDpTTSsv8mK6YaH	5JvHvP3ATWWAMUHYoMkPm3JjqQhXAYncfPh1HqoTNdwncnyup4bf
102	payment	69	69	69	101	1000000000	250000000	\N	E4YM2vTHhWEg66xpj52JErHUBU4pZ1yageL4TVDDpTTSsv8mK6YaH	5JuZBRXfq7cAU3bEuYGGC234HpboVvb7BMGXzgBK1cCYxaMm91Z9
103	payment	69	69	69	102	1000000000	250000000	\N	E4YM2vTHhWEg66xpj52JErHUBU4pZ1yageL4TVDDpTTSsv8mK6YaH	5JuqMbPkZPgmESCv8cr5qpuA5Yw8MPs9s5ivHvPQKJ1SYfRPGSFb
104	payment	69	69	69	103	1000000000	250000000	\N	E4YM2vTHhWEg66xpj52JErHUBU4pZ1yageL4TVDDpTTSsv8mK6YaH	5JvGTDLQ5ddDnYRM9ek1tS1ND4miAzfautw8KmHaGSqekTG9BRtN
105	payment	69	69	69	104	1000000000	250000000	\N	E4YM2vTHhWEg66xpj52JErHUBU4pZ1yageL4TVDDpTTSsv8mK6YaH	5Juxscqn8cRn5quL99DKtQNvMuYy7FGaakZzrn9iqxMVJMT6xyft
106	payment	69	69	69	105	1000000000	250000000	\N	E4YM2vTHhWEg66xpj52JErHUBU4pZ1yageL4TVDDpTTSsv8mK6YaH	5JuUS1kV3cV6EGrjUodFBzFe3tWsLMx6JmNzZfhkAk7uFRXMHaMw
114	payment	69	69	69	113	1000000000	250000000	\N	E4YM2vTHhWEg66xpj52JErHUBU4pZ1yageL4TVDDpTTSsv8mK6YaH	5JvPwHcLc1DNXKw2ARq4JYwEXwz3WDCMABhKr8e39HGUXpD2nU1A
115	payment	69	69	69	114	1000000000	250000000	\N	E4YM2vTHhWEg66xpj52JErHUBU4pZ1yageL4TVDDpTTSsv8mK6YaH	5Jv7Qm6sBNdNMu3cX9ahNq54nyuWMLFpQy91wKDKncRyfuMkYEjM
116	payment	69	69	69	115	1000000000	250000000	\N	E4YM2vTHhWEg66xpj52JErHUBU4pZ1yageL4TVDDpTTSsv8mK6YaH	5Jv5AvPZtu7LJzMhBFVW81vHbNWgkbzxh891Ys9wgTp9HitDSuwy
117	payment	69	69	69	116	1000000000	250000000	\N	E4YM2vTHhWEg66xpj52JErHUBU4pZ1yageL4TVDDpTTSsv8mK6YaH	5Jti22Moc1HbCB9g3U6APuv6M7xXktP7Znqjx6vVA5akv8cwdFYX
118	payment	69	69	69	117	1000000000	250000000	\N	E4YM2vTHhWEg66xpj52JErHUBU4pZ1yageL4TVDDpTTSsv8mK6YaH	5JtueCrb9CuoiwvVrqWZgYFpk2ECya9veioLjyRZW2uLbzjTW3L5
119	payment	69	69	69	118	1000000000	250000000	\N	E4YM2vTHhWEg66xpj52JErHUBU4pZ1yageL4TVDDpTTSsv8mK6YaH	5Jv8YQ8CK8M2CFwp2d9YEEYEmFaZQnQ2HzLr7L6UVBfT1s9AjQV3
120	payment	69	69	69	119	1000000000	250000000	\N	E4YM2vTHhWEg66xpj52JErHUBU4pZ1yageL4TVDDpTTSsv8mK6YaH	5JtqVJQz2iuyrxYiSJpuuUuALkF3XEnvRbrNgLuiVxJ6U7ia3hwb
121	payment	69	69	69	120	1000000000	250000000	\N	E4YM2vTHhWEg66xpj52JErHUBU4pZ1yageL4TVDDpTTSsv8mK6YaH	5JtyxAUXcSwMmL2zPcgm39mrizn6sEpyF8zfu26vd1wawZP4h7jD
122	payment	69	69	69	121	1000000000	250000000	\N	E4YM2vTHhWEg66xpj52JErHUBU4pZ1yageL4TVDDpTTSsv8mK6YaH	5JtWn4uBXfXJHRGZdWtiy2bP3H2ehwECvNZcY5EARvzA1siaB2om
123	payment	69	69	69	122	1000000000	250000000	\N	E4YM2vTHhWEg66xpj52JErHUBU4pZ1yageL4TVDDpTTSsv8mK6YaH	5Ju5QP7meEHDrRhutExjT2maRG2tjfjM4cPBVg1c4LzkPL3LEwjd
\.


--
-- Data for Name: voting_for; Type: TABLE DATA; Schema: public; Owner: postgres
--

COPY public.voting_for (id, value) FROM stdin;
1	3NK2tkzqqK5spR2sZ7tujjqPksL45M3UUrcA4WhCkeiPtnugyE2x
\.


--
-- Data for Name: zkapp_account_precondition; Type: TABLE DATA; Schema: public; Owner: postgres
--

COPY public.zkapp_account_precondition (id, balance_id, nonce_id, receipt_chain_hash, delegate_id, state_id, action_state_id, proved_state, is_new) FROM stdin;
1	\N	1	\N	\N	1	\N	\N	\N
2	\N	\N	\N	\N	1	\N	\N	\N
3	\N	2	\N	\N	1	\N	\N	\N
4	\N	3	\N	\N	1	\N	\N	\N
5	\N	4	\N	\N	1	\N	\N	\N
6	\N	5	\N	\N	1	\N	\N	\N
7	\N	6	\N	\N	1	\N	\N	\N
8	\N	7	\N	\N	1	\N	\N	\N
9	\N	8	\N	\N	1	\N	\N	\N
10	\N	9	\N	\N	1	\N	\N	\N
11	\N	10	\N	\N	1	\N	\N	\N
12	\N	11	\N	\N	1	\N	\N	\N
13	\N	12	\N	\N	1	\N	\N	\N
14	\N	13	\N	\N	1	\N	\N	\N
15	\N	14	\N	\N	1	\N	\N	\N
16	\N	15	\N	\N	1	\N	\N	\N
17	\N	16	\N	\N	1	\N	\N	\N
18	\N	17	\N	\N	1	\N	\N	\N
19	\N	18	\N	\N	1	\N	\N	\N
20	\N	19	\N	\N	1	\N	\N	\N
21	\N	20	\N	\N	1	\N	\N	\N
22	\N	21	\N	\N	1	\N	\N	\N
23	\N	22	\N	\N	1	\N	\N	\N
24	\N	23	\N	\N	1	\N	\N	\N
25	\N	24	\N	\N	1	\N	\N	\N
26	\N	25	\N	\N	1	\N	\N	\N
27	\N	26	\N	\N	1	\N	\N	\N
28	\N	27	\N	\N	1	\N	\N	\N
29	\N	28	\N	\N	1	\N	\N	\N
30	\N	29	\N	\N	1	\N	\N	\N
31	\N	30	\N	\N	1	\N	\N	\N
32	\N	31	\N	\N	1	\N	\N	\N
33	\N	32	\N	\N	1	\N	\N	\N
34	\N	33	\N	\N	1	\N	\N	\N
35	\N	34	\N	\N	1	\N	\N	\N
36	\N	35	\N	\N	1	\N	\N	\N
37	\N	36	\N	\N	1	\N	\N	\N
38	\N	37	\N	\N	1	\N	\N	\N
39	\N	38	\N	\N	1	\N	\N	\N
40	\N	39	\N	\N	1	\N	\N	\N
41	\N	40	\N	\N	1	\N	\N	\N
42	\N	41	\N	\N	1	\N	\N	\N
43	\N	42	\N	\N	1	\N	\N	\N
44	\N	43	\N	\N	1	\N	\N	\N
45	\N	44	\N	\N	1	\N	\N	\N
46	\N	45	\N	\N	1	\N	\N	\N
47	\N	46	\N	\N	1	\N	\N	\N
48	\N	47	\N	\N	1	\N	\N	\N
49	\N	48	\N	\N	1	\N	\N	\N
50	\N	49	\N	\N	1	\N	\N	\N
51	\N	50	\N	\N	1	\N	\N	\N
52	\N	51	\N	\N	1	\N	\N	\N
53	\N	52	\N	\N	1	\N	\N	\N
54	\N	53	\N	\N	1	\N	\N	\N
55	\N	54	\N	\N	1	\N	\N	\N
56	\N	55	\N	\N	1	\N	\N	\N
57	\N	56	\N	\N	1	\N	\N	\N
58	\N	57	\N	\N	1	\N	\N	\N
59	\N	58	\N	\N	1	\N	\N	\N
60	\N	59	\N	\N	1	\N	\N	\N
61	\N	60	\N	\N	1	\N	\N	\N
62	\N	61	\N	\N	1	\N	\N	\N
63	\N	62	\N	\N	1	\N	\N	\N
64	\N	63	\N	\N	1	\N	\N	\N
65	\N	64	\N	\N	1	\N	\N	\N
66	\N	65	\N	\N	1	\N	\N	\N
67	\N	66	\N	\N	1	\N	\N	\N
68	\N	67	\N	\N	1	\N	\N	\N
69	\N	68	\N	\N	1	\N	\N	\N
70	\N	69	\N	\N	1	\N	\N	\N
71	\N	70	\N	\N	1	\N	\N	\N
72	\N	71	\N	\N	1	\N	\N	\N
73	\N	72	\N	\N	1	\N	\N	\N
74	\N	73	\N	\N	1	\N	\N	\N
75	\N	74	\N	\N	1	\N	\N	\N
76	\N	75	\N	\N	1	\N	\N	\N
77	\N	76	\N	\N	1	\N	\N	\N
78	\N	77	\N	\N	1	\N	\N	\N
79	\N	78	\N	\N	1	\N	\N	\N
80	\N	79	\N	\N	1	\N	\N	\N
81	\N	80	\N	\N	1	\N	\N	\N
82	\N	81	\N	\N	1	\N	\N	\N
83	\N	82	\N	\N	1	\N	\N	\N
84	\N	83	\N	\N	1	\N	\N	\N
85	\N	84	\N	\N	1	\N	\N	\N
86	\N	85	\N	\N	1	\N	\N	\N
87	\N	86	\N	\N	1	\N	\N	\N
88	\N	87	\N	\N	1	\N	\N	\N
89	\N	88	\N	\N	1	\N	\N	\N
90	\N	89	\N	\N	1	\N	\N	\N
91	\N	90	\N	\N	1	\N	\N	\N
92	\N	91	\N	\N	1	\N	\N	\N
93	\N	92	\N	\N	1	\N	\N	\N
94	\N	93	\N	\N	1	\N	\N	\N
95	\N	94	\N	\N	1	\N	\N	\N
96	\N	95	\N	\N	1	\N	\N	\N
97	\N	96	\N	\N	1	\N	\N	\N
98	\N	97	\N	\N	1	\N	\N	\N
99	\N	98	\N	\N	1	\N	\N	\N
100	\N	99	\N	\N	1	\N	\N	\N
101	\N	100	\N	\N	1	\N	\N	\N
102	\N	101	\N	\N	1	\N	\N	\N
103	\N	102	\N	\N	1	\N	\N	\N
104	\N	103	\N	\N	1	\N	\N	\N
105	\N	104	\N	\N	1	\N	\N	\N
106	\N	105	\N	\N	1	\N	\N	\N
107	\N	106	\N	\N	1	\N	\N	\N
108	\N	107	\N	\N	1	\N	\N	\N
109	\N	108	\N	\N	1	\N	\N	\N
110	\N	109	\N	\N	1	\N	\N	\N
111	\N	110	\N	\N	1	\N	\N	\N
112	\N	111	\N	\N	1	\N	\N	\N
113	\N	112	\N	\N	1	\N	\N	\N
114	\N	113	\N	\N	1	\N	\N	\N
115	\N	114	\N	\N	1	\N	\N	\N
116	\N	115	\N	\N	1	\N	\N	\N
117	\N	116	\N	\N	1	\N	\N	\N
118	\N	117	\N	\N	1	\N	\N	\N
119	\N	118	\N	\N	1	\N	\N	\N
120	\N	119	\N	\N	1	\N	\N	\N
121	\N	120	\N	\N	1	\N	\N	\N
122	\N	121	\N	\N	1	\N	\N	\N
123	\N	122	\N	\N	1	\N	\N	\N
\.


--
-- Data for Name: zkapp_account_update; Type: TABLE DATA; Schema: public; Owner: postgres
--

COPY public.zkapp_account_update (id, body_id) FROM stdin;
1	1
2	2
3	3
4	4
5	5
6	6
7	7
8	8
9	9
10	10
11	11
12	12
13	13
14	14
15	15
16	16
17	17
18	18
19	19
20	20
21	21
22	22
23	23
24	24
25	25
26	26
27	27
28	28
29	29
30	30
31	31
32	32
33	33
34	34
35	35
36	36
37	37
38	38
39	39
40	40
41	41
42	42
43	43
44	44
45	45
46	46
47	47
48	48
49	49
50	50
51	51
52	52
53	53
54	54
55	55
56	56
57	57
58	58
59	59
60	60
61	61
62	62
63	63
64	64
65	65
66	66
67	67
68	68
69	69
70	70
71	71
72	72
73	73
74	74
75	75
76	76
77	77
78	78
79	79
80	80
81	81
82	82
83	83
84	84
85	85
86	86
87	87
88	88
89	89
90	90
91	91
92	92
93	93
94	94
95	95
96	96
97	97
98	98
99	99
100	100
101	101
102	102
103	103
104	104
105	105
106	106
107	107
108	108
109	109
110	110
111	111
112	112
113	113
114	114
115	115
116	116
117	117
118	118
119	119
120	120
121	121
122	122
123	123
124	124
125	125
126	126
127	127
128	128
129	129
130	130
131	131
132	132
133	133
134	134
135	135
136	136
137	137
138	138
139	139
140	140
141	141
142	142
143	143
144	144
145	145
146	146
147	147
148	148
149	149
150	150
151	151
152	152
153	153
154	154
155	155
156	156
157	157
158	158
159	159
160	160
161	161
162	162
163	163
164	164
165	165
166	166
167	167
168	168
169	169
170	170
171	171
172	172
173	173
174	174
175	175
176	176
177	177
178	178
179	179
180	180
181	181
182	182
183	183
184	184
185	185
186	186
187	187
188	188
189	189
190	190
191	191
192	192
193	193
194	194
195	195
196	196
197	197
198	198
199	199
200	200
201	201
202	202
203	203
204	204
205	205
206	206
207	207
208	208
209	209
210	210
211	211
212	212
213	213
214	214
215	215
216	216
217	217
218	218
219	219
220	220
221	221
222	222
223	223
224	224
225	225
226	226
227	227
228	228
229	229
230	230
231	231
232	232
233	233
234	234
235	235
236	236
237	237
238	238
239	239
240	240
241	241
242	242
243	243
244	244
245	245
\.


--
-- Data for Name: zkapp_account_update_body; Type: TABLE DATA; Schema: public; Owner: postgres
--

COPY public.zkapp_account_update_body (id, account_identifier_id, update_id, balance_change, increment_nonce, events_id, actions_id, call_data_id, call_depth, zkapp_network_precondition_id, zkapp_account_precondition_id, zkapp_valid_while_precondition_id, use_full_commitment, implicit_account_creation_fee, may_use_token, authorization_kind, verification_key_hash_id) FROM stdin;
1	17	1	-1000000000000	t	1	1	1	0	1	1	\N	f	f	No	Signature	\N
2	243	2	999000000000	f	1	1	1	0	1	2	\N	t	f	No	Signature	\N
3	17	1	-1000000000	t	1	1	1	0	1	3	\N	f	f	No	Signature	\N
4	243	1	1000000000	f	1	1	1	0	1	2	\N	f	f	No	None_given	\N
5	243	3	0	f	1	1	1	0	1	2	\N	t	f	No	Signature	\N
6	17	1	-1000000000	t	1	1	1	0	1	4	\N	f	f	No	Signature	\N
7	243	4	0	f	1	1	1	0	1	2	\N	t	f	No	Signature	\N
8	17	1	-1000000000	t	1	1	1	0	1	5	\N	f	f	No	Signature	\N
9	243	5	0	f	1	1	1	0	1	2	\N	t	f	No	Signature	\N
10	17	1	-1000000000	t	1	1	1	0	1	6	\N	f	f	No	Signature	\N
11	243	6	0	f	1	1	1	0	1	2	\N	t	f	No	Signature	\N
12	17	1	-1000000000	t	1	1	1	0	1	7	\N	f	f	No	Signature	\N
13	243	7	0	f	1	1	1	0	1	2	\N	t	f	No	Signature	\N
14	17	1	-1000000000	t	1	1	1	0	1	8	\N	f	f	No	Signature	\N
15	243	8	0	f	1	1	1	0	1	2	\N	t	f	No	Signature	\N
16	17	1	-1000000000	t	1	1	1	0	1	9	\N	f	f	No	Signature	\N
17	243	9	0	f	1	1	1	0	1	2	\N	t	f	No	Signature	\N
18	17	1	-1000000000	t	1	1	1	0	1	10	\N	f	f	No	Signature	\N
19	243	10	0	f	1	1	1	0	1	2	\N	t	f	No	Signature	\N
20	17	1	-1000000000	t	1	1	1	0	1	11	\N	f	f	No	Signature	\N
21	243	11	0	f	1	1	1	0	1	2	\N	t	f	No	Signature	\N
22	17	1	-1000000000	t	1	1	1	0	1	12	\N	f	f	No	Signature	\N
23	243	12	0	f	1	1	1	0	1	2	\N	t	f	No	Signature	\N
24	17	1	-1000000000	t	1	1	1	0	1	13	\N	f	f	No	Signature	\N
25	243	13	0	f	1	1	1	0	1	2	\N	t	f	No	Signature	\N
26	17	1	-1000000000	t	1	1	1	0	1	14	\N	f	f	No	Signature	\N
27	243	14	0	f	1	1	1	0	1	2	\N	t	f	No	Signature	\N
28	17	1	-1000000000	t	1	1	1	0	1	15	\N	f	f	No	Signature	\N
29	243	15	0	f	1	1	1	0	1	2	\N	t	f	No	Signature	\N
30	17	1	-1000000000	t	1	1	1	0	1	16	\N	f	f	No	Signature	\N
31	243	16	0	f	1	1	1	0	1	2	\N	t	f	No	Signature	\N
32	17	1	-1000000000	t	1	1	1	0	1	17	\N	f	f	No	Signature	\N
33	243	17	0	f	1	1	1	0	1	2	\N	t	f	No	Signature	\N
34	17	1	-1000000000	t	1	1	1	0	1	18	\N	f	f	No	Signature	\N
35	243	18	0	f	1	1	1	0	1	2	\N	t	f	No	Signature	\N
36	17	1	-1000000000	t	1	1	1	0	1	19	\N	f	f	No	Signature	\N
37	243	19	0	f	1	1	1	0	1	2	\N	t	f	No	Signature	\N
38	17	1	-1000000000	t	1	1	1	0	1	20	\N	f	f	No	Signature	\N
39	243	20	0	f	1	1	1	0	1	2	\N	t	f	No	Signature	\N
40	17	1	-1000000000	t	1	1	1	0	1	21	\N	f	f	No	Signature	\N
41	243	21	0	f	1	1	1	0	1	2	\N	t	f	No	Signature	\N
42	17	1	-1000000000	t	1	1	1	0	1	22	\N	f	f	No	Signature	\N
43	243	22	0	f	1	1	1	0	1	2	\N	t	f	No	Signature	\N
44	17	1	-1000000000	t	1	1	1	0	1	23	\N	f	f	No	Signature	\N
45	243	23	0	f	1	1	1	0	1	2	\N	t	f	No	Signature	\N
46	17	1	-1000000000	t	1	1	1	0	1	24	\N	f	f	No	Signature	\N
47	243	24	0	f	1	1	1	0	1	2	\N	t	f	No	Signature	\N
48	17	1	-1000000000	t	1	1	1	0	1	25	\N	f	f	No	Signature	\N
49	243	25	0	f	1	1	1	0	1	2	\N	t	f	No	Signature	\N
50	17	1	-1000000000	t	1	1	1	0	1	26	\N	f	f	No	Signature	\N
51	243	26	0	f	1	1	1	0	1	2	\N	t	f	No	Signature	\N
52	17	1	-1000000000	t	1	1	1	0	1	27	\N	f	f	No	Signature	\N
53	243	27	0	f	1	1	1	0	1	2	\N	t	f	No	Signature	\N
54	17	1	-1000000000	t	1	1	1	0	1	28	\N	f	f	No	Signature	\N
55	243	28	0	f	1	1	1	0	1	2	\N	t	f	No	Signature	\N
56	17	1	-1000000000	t	1	1	1	0	1	29	\N	f	f	No	Signature	\N
57	243	29	0	f	1	1	1	0	1	2	\N	t	f	No	Signature	\N
58	17	1	-1000000000	t	1	1	1	0	1	30	\N	f	f	No	Signature	\N
59	243	30	0	f	1	1	1	0	1	2	\N	t	f	No	Signature	\N
60	17	1	-1000000000	t	1	1	1	0	1	31	\N	f	f	No	Signature	\N
61	243	31	0	f	1	1	1	0	1	2	\N	t	f	No	Signature	\N
62	17	1	-1000000000	t	1	1	1	0	1	32	\N	f	f	No	Signature	\N
63	243	32	0	f	1	1	1	0	1	2	\N	t	f	No	Signature	\N
64	17	1	-1000000000	t	1	1	1	0	1	33	\N	f	f	No	Signature	\N
65	243	33	0	f	1	1	1	0	1	2	\N	t	f	No	Signature	\N
66	17	1	-1000000000	t	1	1	1	0	1	34	\N	f	f	No	Signature	\N
67	243	34	0	f	1	1	1	0	1	2	\N	t	f	No	Signature	\N
68	17	1	-1000000000	t	1	1	1	0	1	35	\N	f	f	No	Signature	\N
69	243	35	0	f	1	1	1	0	1	2	\N	t	f	No	Signature	\N
70	17	1	-1000000000	t	1	1	1	0	1	36	\N	f	f	No	Signature	\N
71	243	36	0	f	1	1	1	0	1	2	\N	t	f	No	Signature	\N
72	17	1	-1000000000	t	1	1	1	0	1	37	\N	f	f	No	Signature	\N
73	243	37	0	f	1	1	1	0	1	2	\N	t	f	No	Signature	\N
74	17	1	-1000000000	t	1	1	1	0	1	38	\N	f	f	No	Signature	\N
75	243	38	0	f	1	1	1	0	1	2	\N	t	f	No	Signature	\N
76	17	1	-1000000000	t	1	1	1	0	1	39	\N	f	f	No	Signature	\N
77	243	39	0	f	1	1	1	0	1	2	\N	t	f	No	Signature	\N
78	17	1	-1000000000	t	1	1	1	0	1	40	\N	f	f	No	Signature	\N
79	243	40	0	f	1	1	1	0	1	2	\N	t	f	No	Signature	\N
80	17	1	-1000000000	t	1	1	1	0	1	41	\N	f	f	No	Signature	\N
81	243	41	0	f	1	1	1	0	1	2	\N	t	f	No	Signature	\N
82	17	1	-1000000000	t	1	1	1	0	1	42	\N	f	f	No	Signature	\N
83	243	42	0	f	1	1	1	0	1	2	\N	t	f	No	Signature	\N
84	17	1	-1000000000	t	1	1	1	0	1	43	\N	f	f	No	Signature	\N
85	243	43	0	f	1	1	1	0	1	2	\N	t	f	No	Signature	\N
86	17	1	-1000000000	t	1	1	1	0	1	44	\N	f	f	No	Signature	\N
87	243	44	0	f	1	1	1	0	1	2	\N	t	f	No	Signature	\N
88	17	1	-1000000000	t	1	1	1	0	1	45	\N	f	f	No	Signature	\N
89	243	45	0	f	1	1	1	0	1	2	\N	t	f	No	Signature	\N
90	17	1	-1000000000	t	1	1	1	0	1	46	\N	f	f	No	Signature	\N
91	243	46	0	f	1	1	1	0	1	2	\N	t	f	No	Signature	\N
92	17	1	-1000000000	t	1	1	1	0	1	47	\N	f	f	No	Signature	\N
93	243	47	0	f	1	1	1	0	1	2	\N	t	f	No	Signature	\N
94	17	1	-1000000000	t	1	1	1	0	1	48	\N	f	f	No	Signature	\N
95	243	48	0	f	1	1	1	0	1	2	\N	t	f	No	Signature	\N
96	17	1	-1000000000	t	1	1	1	0	1	49	\N	f	f	No	Signature	\N
97	243	49	0	f	1	1	1	0	1	2	\N	t	f	No	Signature	\N
98	17	1	-1000000000	t	1	1	1	0	1	50	\N	f	f	No	Signature	\N
99	243	50	0	f	1	1	1	0	1	2	\N	t	f	No	Signature	\N
100	17	1	-1000000000	t	1	1	1	0	1	51	\N	f	f	No	Signature	\N
101	243	51	0	f	1	1	1	0	1	2	\N	t	f	No	Signature	\N
102	17	1	-1000000000	t	1	1	1	0	1	52	\N	f	f	No	Signature	\N
103	243	52	0	f	1	1	1	0	1	2	\N	t	f	No	Signature	\N
104	17	1	-1000000000	t	1	1	1	0	1	53	\N	f	f	No	Signature	\N
105	243	53	0	f	1	1	1	0	1	2	\N	t	f	No	Signature	\N
106	17	1	-1000000000	t	1	1	1	0	1	54	\N	f	f	No	Signature	\N
107	243	54	0	f	1	1	1	0	1	2	\N	t	f	No	Signature	\N
108	17	1	-1000000000	t	1	1	1	0	1	55	\N	f	f	No	Signature	\N
109	243	55	0	f	1	1	1	0	1	2	\N	t	f	No	Signature	\N
110	17	1	-1000000000	t	1	1	1	0	1	56	\N	f	f	No	Signature	\N
111	243	56	0	f	1	1	1	0	1	2	\N	t	f	No	Signature	\N
112	17	1	-1000000000	t	1	1	1	0	1	57	\N	f	f	No	Signature	\N
113	243	57	0	f	1	1	1	0	1	2	\N	t	f	No	Signature	\N
114	17	1	-1000000000	t	1	1	1	0	1	58	\N	f	f	No	Signature	\N
115	243	58	0	f	1	1	1	0	1	2	\N	t	f	No	Signature	\N
116	17	1	-1000000000	t	1	1	1	0	1	59	\N	f	f	No	Signature	\N
117	243	59	0	f	1	1	1	0	1	2	\N	t	f	No	Signature	\N
118	17	1	-1000000000	t	1	1	1	0	1	60	\N	f	f	No	Signature	\N
119	243	60	0	f	1	1	1	0	1	2	\N	t	f	No	Signature	\N
120	17	1	-1000000000	t	1	1	1	0	1	61	\N	f	f	No	Signature	\N
121	243	61	0	f	1	1	1	0	1	2	\N	t	f	No	Signature	\N
122	17	1	-1000000000	t	1	1	1	0	1	62	\N	f	f	No	Signature	\N
123	243	62	0	f	1	1	1	0	1	2	\N	t	f	No	Signature	\N
124	17	1	-1000000000	t	1	1	1	0	1	63	\N	f	f	No	Signature	\N
125	243	63	0	f	1	1	1	0	1	2	\N	t	f	No	Signature	\N
126	17	1	-1000000000	t	1	1	1	0	1	64	\N	f	f	No	Signature	\N
127	243	64	0	f	1	1	1	0	1	2	\N	t	f	No	Signature	\N
128	17	1	-1000000000	t	1	1	1	0	1	65	\N	f	f	No	Signature	\N
129	243	65	0	f	1	1	1	0	1	2	\N	t	f	No	Signature	\N
130	17	1	-1000000000	t	1	1	1	0	1	66	\N	f	f	No	Signature	\N
131	243	66	0	f	1	1	1	0	1	2	\N	t	f	No	Signature	\N
132	17	1	-1000000000	t	1	1	1	0	1	67	\N	f	f	No	Signature	\N
133	243	67	0	f	1	1	1	0	1	2	\N	t	f	No	Signature	\N
134	17	1	-1000000000	t	1	1	1	0	1	68	\N	f	f	No	Signature	\N
135	243	68	0	f	1	1	1	0	1	2	\N	t	f	No	Signature	\N
136	17	1	-1000000000	t	1	1	1	0	1	69	\N	f	f	No	Signature	\N
137	243	69	0	f	1	1	1	0	1	2	\N	t	f	No	Signature	\N
138	17	1	-1000000000	t	1	1	1	0	1	70	\N	f	f	No	Signature	\N
139	243	70	0	f	1	1	1	0	1	2	\N	t	f	No	Signature	\N
140	17	1	-1000000000	t	1	1	1	0	1	71	\N	f	f	No	Signature	\N
141	243	71	0	f	1	1	1	0	1	2	\N	t	f	No	Signature	\N
142	17	1	-1000000000	t	1	1	1	0	1	72	\N	f	f	No	Signature	\N
143	243	72	0	f	1	1	1	0	1	2	\N	t	f	No	Signature	\N
144	17	1	-1000000000	t	1	1	1	0	1	73	\N	f	f	No	Signature	\N
145	243	73	0	f	1	1	1	0	1	2	\N	t	f	No	Signature	\N
146	17	1	-1000000000	t	1	1	1	0	1	74	\N	f	f	No	Signature	\N
147	243	74	0	f	1	1	1	0	1	2	\N	t	f	No	Signature	\N
148	17	1	-1000000000	t	1	1	1	0	1	75	\N	f	f	No	Signature	\N
149	243	75	0	f	1	1	1	0	1	2	\N	t	f	No	Signature	\N
150	17	1	-1000000000	t	1	1	1	0	1	76	\N	f	f	No	Signature	\N
151	243	76	0	f	1	1	1	0	1	2	\N	t	f	No	Signature	\N
152	17	1	-1000000000	t	1	1	1	0	1	77	\N	f	f	No	Signature	\N
153	243	77	0	f	1	1	1	0	1	2	\N	t	f	No	Signature	\N
154	17	1	-1000000000	t	1	1	1	0	1	78	\N	f	f	No	Signature	\N
155	243	78	0	f	1	1	1	0	1	2	\N	t	f	No	Signature	\N
156	17	1	-1000000000	t	1	1	1	0	1	79	\N	f	f	No	Signature	\N
157	243	79	0	f	1	1	1	0	1	2	\N	t	f	No	Signature	\N
158	17	1	-1000000000	t	1	1	1	0	1	80	\N	f	f	No	Signature	\N
159	243	80	0	f	1	1	1	0	1	2	\N	t	f	No	Signature	\N
160	17	1	-1000000000	t	1	1	1	0	1	81	\N	f	f	No	Signature	\N
161	243	81	0	f	1	1	1	0	1	2	\N	t	f	No	Signature	\N
162	17	1	-1000000000	t	1	1	1	0	1	82	\N	f	f	No	Signature	\N
163	243	82	0	f	1	1	1	0	1	2	\N	t	f	No	Signature	\N
164	17	1	-1000000000	t	1	1	1	0	1	83	\N	f	f	No	Signature	\N
165	243	83	0	f	1	1	1	0	1	2	\N	t	f	No	Signature	\N
166	17	1	-1000000000	t	1	1	1	0	1	84	\N	f	f	No	Signature	\N
167	243	84	0	f	1	1	1	0	1	2	\N	t	f	No	Signature	\N
168	17	1	-1000000000	t	1	1	1	0	1	85	\N	f	f	No	Signature	\N
169	243	85	0	f	1	1	1	0	1	2	\N	t	f	No	Signature	\N
170	17	1	-1000000000	t	1	1	1	0	1	86	\N	f	f	No	Signature	\N
171	243	86	0	f	1	1	1	0	1	2	\N	t	f	No	Signature	\N
172	17	1	-1000000000	t	1	1	1	0	1	87	\N	f	f	No	Signature	\N
173	243	87	0	f	1	1	1	0	1	2	\N	t	f	No	Signature	\N
174	17	1	-1000000000	t	1	1	1	0	1	88	\N	f	f	No	Signature	\N
188	17	1	-1000000000	t	1	1	1	0	1	95	\N	f	f	No	Signature	\N
189	243	95	0	f	1	1	1	0	1	2	\N	t	f	No	Signature	\N
190	17	1	-1000000000	t	1	1	1	0	1	96	\N	f	f	No	Signature	\N
191	243	96	0	f	1	1	1	0	1	2	\N	t	f	No	Signature	\N
192	17	1	-1000000000	t	1	1	1	0	1	97	\N	f	f	No	Signature	\N
193	243	97	0	f	1	1	1	0	1	2	\N	t	f	No	Signature	\N
194	17	1	-1000000000	t	1	1	1	0	1	98	\N	f	f	No	Signature	\N
175	243	88	0	f	1	1	1	0	1	2	\N	t	f	No	Signature	\N
176	17	1	-1000000000	t	1	1	1	0	1	89	\N	f	f	No	Signature	\N
177	243	89	0	f	1	1	1	0	1	2	\N	t	f	No	Signature	\N
178	17	1	-1000000000	t	1	1	1	0	1	90	\N	f	f	No	Signature	\N
179	243	90	0	f	1	1	1	0	1	2	\N	t	f	No	Signature	\N
180	17	1	-1000000000	t	1	1	1	0	1	91	\N	f	f	No	Signature	\N
181	243	91	0	f	1	1	1	0	1	2	\N	t	f	No	Signature	\N
182	17	1	-1000000000	t	1	1	1	0	1	92	\N	f	f	No	Signature	\N
183	243	92	0	f	1	1	1	0	1	2	\N	t	f	No	Signature	\N
184	17	1	-1000000000	t	1	1	1	0	1	93	\N	f	f	No	Signature	\N
185	243	93	0	f	1	1	1	0	1	2	\N	t	f	No	Signature	\N
186	17	1	-1000000000	t	1	1	1	0	1	94	\N	f	f	No	Signature	\N
187	243	94	0	f	1	1	1	0	1	2	\N	t	f	No	Signature	\N
195	243	98	0	f	1	1	1	0	1	2	\N	t	f	No	Signature	\N
196	17	1	-1000000000	t	1	1	1	0	1	99	\N	f	f	No	Signature	\N
197	243	99	0	f	1	1	1	0	1	2	\N	t	f	No	Signature	\N
198	17	1	-1000000000	t	1	1	1	0	1	100	\N	f	f	No	Signature	\N
199	243	100	0	f	1	1	1	0	1	2	\N	t	f	No	Signature	\N
200	17	1	-1000000000	t	1	1	1	0	1	101	\N	f	f	No	Signature	\N
201	243	101	0	f	1	1	1	0	1	2	\N	t	f	No	Signature	\N
202	17	1	-1000000000	t	1	1	1	0	1	102	\N	f	f	No	Signature	\N
203	243	102	0	f	1	1	1	0	1	2	\N	t	f	No	Signature	\N
204	17	1	-1000000000	t	1	1	1	0	1	103	\N	f	f	No	Signature	\N
205	243	103	0	f	1	1	1	0	1	2	\N	t	f	No	Signature	\N
206	17	1	-1000000000	t	1	1	1	0	1	104	\N	f	f	No	Signature	\N
207	243	104	0	f	1	1	1	0	1	2	\N	t	f	No	Signature	\N
208	17	1	-1000000000	t	1	1	1	0	1	105	\N	f	f	No	Signature	\N
209	243	105	0	f	1	1	1	0	1	2	\N	t	f	No	Signature	\N
210	17	1	-1000000000	t	1	1	1	0	1	106	\N	f	f	No	Signature	\N
211	243	106	0	f	1	1	1	0	1	2	\N	t	f	No	Signature	\N
212	17	1	-1000000000	t	1	1	1	0	1	107	\N	f	f	No	Signature	\N
213	243	107	0	f	1	1	1	0	1	2	\N	t	f	No	Signature	\N
214	17	1	-1000000000	t	1	1	1	0	1	108	\N	f	f	No	Signature	\N
215	243	108	0	f	1	1	1	0	1	2	\N	t	f	No	Signature	\N
216	17	1	-1000000000	t	1	1	1	0	1	109	\N	f	f	No	Signature	\N
217	243	109	0	f	1	1	1	0	1	2	\N	t	f	No	Signature	\N
218	17	1	-1000000000	t	1	1	1	0	1	110	\N	f	f	No	Signature	\N
219	243	110	0	f	1	1	1	0	1	2	\N	t	f	No	Signature	\N
220	17	1	-1000000000	t	1	1	1	0	1	111	\N	f	f	No	Signature	\N
221	243	111	0	f	1	1	1	0	1	2	\N	t	f	No	Signature	\N
222	17	1	-1000000000	t	1	1	1	0	1	112	\N	f	f	No	Signature	\N
223	243	112	0	f	1	1	1	0	1	2	\N	t	f	No	Signature	\N
224	17	1	-1000000000	t	1	1	1	0	1	113	\N	f	f	No	Signature	\N
225	243	113	0	f	1	1	1	0	1	2	\N	t	f	No	Signature	\N
226	17	1	-1000000000	t	1	1	1	0	1	114	\N	f	f	No	Signature	\N
227	243	114	0	f	1	1	1	0	1	2	\N	t	f	No	Signature	\N
228	17	1	-1000000000	t	1	1	1	0	1	115	\N	f	f	No	Signature	\N
229	243	115	0	f	1	1	1	0	1	2	\N	t	f	No	Signature	\N
230	17	1	-1000000000	t	1	1	1	0	1	116	\N	f	f	No	Signature	\N
231	243	116	0	f	1	1	1	0	1	2	\N	t	f	No	Signature	\N
232	17	1	-1000000000	t	1	1	1	0	1	117	\N	f	f	No	Signature	\N
233	243	117	0	f	1	1	1	0	1	2	\N	t	f	No	Signature	\N
234	17	1	-1000000000	t	1	1	1	0	1	118	\N	f	f	No	Signature	\N
235	243	118	0	f	1	1	1	0	1	2	\N	t	f	No	Signature	\N
236	17	1	-1000000000	t	1	1	1	0	1	119	\N	f	f	No	Signature	\N
237	243	119	0	f	1	1	1	0	1	2	\N	t	f	No	Signature	\N
238	17	1	-1000000000	t	1	1	1	0	1	120	\N	f	f	No	Signature	\N
239	243	120	0	f	1	1	1	0	1	2	\N	t	f	No	Signature	\N
240	17	1	-1000000000	t	1	1	1	0	1	121	\N	f	f	No	Signature	\N
241	243	121	0	f	1	1	1	0	1	2	\N	t	f	No	Signature	\N
242	17	1	-1000000000	t	1	1	1	0	1	122	\N	f	f	No	Signature	\N
243	243	122	0	f	1	1	1	0	1	2	\N	t	f	No	Signature	\N
244	17	1	-1000000000	t	1	1	1	0	1	123	\N	f	f	No	Signature	\N
245	243	123	0	f	1	1	1	0	1	2	\N	t	f	No	Signature	\N
\.


--
-- Data for Name: zkapp_account_update_failures; Type: TABLE DATA; Schema: public; Owner: postgres
--

COPY public.zkapp_account_update_failures (id, index, failures) FROM stdin;
1	2	{Cancelled}
2	1	{Account_nonce_precondition_unsatisfied}
3	2	{Invalid_fee_excess}
4	1	{Invalid_fee_excess}
\.


--
-- Data for Name: zkapp_accounts; Type: TABLE DATA; Schema: public; Owner: postgres
--

COPY public.zkapp_accounts (id, app_state_id, verification_key_id, zkapp_version, action_state_id, last_action_slot, proved_state, zkapp_uri_id) FROM stdin;
\.


--
-- Data for Name: zkapp_action_states; Type: TABLE DATA; Schema: public; Owner: postgres
--

COPY public.zkapp_action_states (id, element0, element1, element2, element3, element4) FROM stdin;
\.


--
-- Data for Name: zkapp_amount_bounds; Type: TABLE DATA; Schema: public; Owner: postgres
--

COPY public.zkapp_amount_bounds (id, amount_lower_bound, amount_upper_bound) FROM stdin;
\.


--
-- Data for Name: zkapp_balance_bounds; Type: TABLE DATA; Schema: public; Owner: postgres
--

COPY public.zkapp_balance_bounds (id, balance_lower_bound, balance_upper_bound) FROM stdin;
\.


--
-- Data for Name: zkapp_commands; Type: TABLE DATA; Schema: public; Owner: postgres
--

COPY public.zkapp_commands (id, zkapp_fee_payer_body_id, zkapp_account_updates_ids, memo, hash) FROM stdin;
1	1	{1,2}	E4YM2vTHhWEg66xpj52JErHUBU4pZ1yageL4TVDDpTTSsv8mK6YaH	5Jti6xy2pxa26yAxuEjLw8xx3mYFrqnR1XniYPRnnvdqBpsXGSkD
2	2	{3,4}	E4YM2vTHhWEg66xpj52JErHUBU4pZ1yageL4TVDDpTTSsv8mK6YaH	5Ju8Uxv5DuU8a2gWpvqM6WgRfWbLEQEcXDGqxAPwHEJ6xFhPtJKx
3	3	{5}	E4YM2vTHhWEg66xpj52JErHUBU4pZ1yageL4TVDDpTTSsv8mK6YaH	5JtzAxsNmETPJuwPjrJKgZ8i2xUxi8r4gY6bHLWMPbYXShFyPfJz
4	4	{6,4}	E4YM2vTHhWEg66xpj52JErHUBU4pZ1yageL4TVDDpTTSsv8mK6YaH	5JuksEnQf6CN6nKXvw7HRA5yHNTC4mp2DSXGdx9Shu3wD1pcqUHC
5	5	{7}	E4YM2vTHhWEg66xpj52JErHUBU4pZ1yageL4TVDDpTTSsv8mK6YaH	5Ju24JbwQ9Q5npi5PVjKLFNhLTTrqUhUQGjteJiKYspXhfY4iCjs
6	6	{8,4}	E4YM2vTHhWEg66xpj52JErHUBU4pZ1yageL4TVDDpTTSsv8mK6YaH	5JtiM3aZ2TFgmY4QhvQdqste6dXKqgdWBSzJVudgyiYqjZ5dtDci
7	7	{9}	E4YM2vTHhWEg66xpj52JErHUBU4pZ1yageL4TVDDpTTSsv8mK6YaH	5JvBB2Thyt8x4tRxAWF9D3uDtoZSHsxX3p9eerzWWTtZmn3KU5UY
8	8	{10,4}	E4YM2vTHhWEg66xpj52JErHUBU4pZ1yageL4TVDDpTTSsv8mK6YaH	5JvPUSqhyjo258vanHUdmp2KZSQ5XCx58NxZzcUQaUQWPwB26YzF
9	9	{11}	E4YM2vTHhWEg66xpj52JErHUBU4pZ1yageL4TVDDpTTSsv8mK6YaH	5JuENF395BwoBKXCar1yy88kgsYFRAF1vN65GBQXbicUXb4E6vqx
10	10	{12,4}	E4YM2vTHhWEg66xpj52JErHUBU4pZ1yageL4TVDDpTTSsv8mK6YaH	5JvHp34FU2Z8riRL2NQWL5JJi6MYswy6uuDcmnCTJzJ6rmjorgvF
11	11	{13}	E4YM2vTHhWEg66xpj52JErHUBU4pZ1yageL4TVDDpTTSsv8mK6YaH	5JuK61wecbJpG6ubdiBYgXf7fxSkoFCz5zimZQ4nqHjeavh1oNxM
12	12	{14,4}	E4YM2vTHhWEg66xpj52JErHUBU4pZ1yageL4TVDDpTTSsv8mK6YaH	5JugGSCnPhUWuiqkj8vtwXNKhwLSJXwptzPyfg8gpZPGqXa1LDMd
13	13	{15}	E4YM2vTHhWEg66xpj52JErHUBU4pZ1yageL4TVDDpTTSsv8mK6YaH	5JuRumreu8yaxjN4uAKu4C1wqFdK4RtFbQP4Fhw5cz3qPWSnjGZB
14	14	{16,4}	E4YM2vTHhWEg66xpj52JErHUBU4pZ1yageL4TVDDpTTSsv8mK6YaH	5Jumna6zUaoqmuPGEhJBWC7PxFJkTnKVJB4LWyAHs78FJAYnSjLZ
15	15	{17}	E4YM2vTHhWEg66xpj52JErHUBU4pZ1yageL4TVDDpTTSsv8mK6YaH	5Ju36ivNsnXnndsh7PbsB3u5UgWz6H9o2wuw4fn3WKUgTJXiukCs
16	16	{18,4}	E4YM2vTHhWEg66xpj52JErHUBU4pZ1yageL4TVDDpTTSsv8mK6YaH	5JticM6i97bFV6hCERvrjby7kQHmFrqoN6sHybJ7UGdcrLRcsgNu
17	17	{19}	E4YM2vTHhWEg66xpj52JErHUBU4pZ1yageL4TVDDpTTSsv8mK6YaH	5JuSHgrWMhM5xHqVXmkoEqDRvJpfU9jwYcHCnBP8RhJvWhFz2q7Z
18	18	{20,4}	E4YM2vTHhWEg66xpj52JErHUBU4pZ1yageL4TVDDpTTSsv8mK6YaH	5JtZNkLsT2z8ZBnuCBNcA2tgMTFu3XmHB27QmbaZ1qUmByGSpF8y
19	19	{21}	E4YM2vTHhWEg66xpj52JErHUBU4pZ1yageL4TVDDpTTSsv8mK6YaH	5Jv2ywgVBXdhq5Y5e7X82jyd7ttgC52dV8BFpkT4rVQ8CBF4ymSp
20	20	{22,4}	E4YM2vTHhWEg66xpj52JErHUBU4pZ1yageL4TVDDpTTSsv8mK6YaH	5JvFsa8nYPsNHfG4XTQMsV2QQndTgyrWD572bFg1pWkFLjiwNYF5
21	21	{23}	E4YM2vTHhWEg66xpj52JErHUBU4pZ1yageL4TVDDpTTSsv8mK6YaH	5Juf3mEx46RQ6Le8LVaaK2JauYVAS3UqjXytia4B2dnyCimtukmN
22	22	{24,4}	E4YM2vTHhWEg66xpj52JErHUBU4pZ1yageL4TVDDpTTSsv8mK6YaH	5JvGX3DsfDhqnSH5LE6drcVCXmwmvr3aSZr88AfdgjPnF6v27wuK
23	23	{25}	E4YM2vTHhWEg66xpj52JErHUBU4pZ1yageL4TVDDpTTSsv8mK6YaH	5JukVvA5Zz3qMQSEK7jMzp3pyM7wV2j5aTJzaJ79oBbdo9N7qwVg
24	24	{26,4}	E4YM2vTHhWEg66xpj52JErHUBU4pZ1yageL4TVDDpTTSsv8mK6YaH	5JtVtiTGut41kqK235f4eqXbhcTLNTVZUUh4ZJLPSVaLbypQHBfR
25	25	{27}	E4YM2vTHhWEg66xpj52JErHUBU4pZ1yageL4TVDDpTTSsv8mK6YaH	5JuAAVsbPLUtsUeXxDNTJeSXiqNLMxzPMkfWv8zLnhsK62tPaB9C
26	26	{28,4}	E4YM2vTHhWEg66xpj52JErHUBU4pZ1yageL4TVDDpTTSsv8mK6YaH	5JuVbsgSm39Loo6E9o6tLSALp9JmDu3YJneV4oTbnWGC2sJaY7GB
27	27	{29}	E4YM2vTHhWEg66xpj52JErHUBU4pZ1yageL4TVDDpTTSsv8mK6YaH	5JuvEJ3Wr1aiYobosVrzvWUCZtPfaGXjS6JeG7UGxQ97WHbpbM49
28	28	{30,4}	E4YM2vTHhWEg66xpj52JErHUBU4pZ1yageL4TVDDpTTSsv8mK6YaH	5JttwVxgDdtM8h7ocfGUFJ6ZHjUw5tn5zA7Q9gqfWJXZo3MbYYAi
29	29	{31}	E4YM2vTHhWEg66xpj52JErHUBU4pZ1yageL4TVDDpTTSsv8mK6YaH	5JtsQ3nAaxc53EW2JLSMUEGwVYL34NuVUjtaVi1Feftps1arAFkP
30	30	{32,4}	E4YM2vTHhWEg66xpj52JErHUBU4pZ1yageL4TVDDpTTSsv8mK6YaH	5JtoRXyrJbXs7QTLntGHZp3pNDCkDAUik9qh6txmHx2FtpWC3XP9
31	31	{33}	E4YM2vTHhWEg66xpj52JErHUBU4pZ1yageL4TVDDpTTSsv8mK6YaH	5JvQv5qrkcayT1JFJhy4ZrvtGJrK4xPzEZ47V7TtAEHm6wg8mjtx
32	32	{34,4}	E4YM2vTHhWEg66xpj52JErHUBU4pZ1yageL4TVDDpTTSsv8mK6YaH	5JtWL13PS3txvKLTAVfkENkoqWsxNHPbzV7dQKzfHy87RLEGB64f
33	33	{35}	E4YM2vTHhWEg66xpj52JErHUBU4pZ1yageL4TVDDpTTSsv8mK6YaH	5JuEkn4wK1BnEGRUQGCEDrMtem7t5Ratqbr1KMaJd9nyUYbGh7c6
34	34	{36,4}	E4YM2vTHhWEg66xpj52JErHUBU4pZ1yageL4TVDDpTTSsv8mK6YaH	5JtdBFY2J5EHzPQaRkQgLQMG4V2acrqHvSWhzkRZFwvmcZQVZpwX
35	35	{37}	E4YM2vTHhWEg66xpj52JErHUBU4pZ1yageL4TVDDpTTSsv8mK6YaH	5JucRJq1fY6yTwtvrWxouXZRBp6PzMkdyKKwP4HqcB8aTZe37CmU
36	36	{38,4}	E4YM2vTHhWEg66xpj52JErHUBU4pZ1yageL4TVDDpTTSsv8mK6YaH	5JvJvnRcdVsL5rgj2zfvPtX94fgiwb7NPpZiQEuRTZnEdrQbesnt
37	37	{39}	E4YM2vTHhWEg66xpj52JErHUBU4pZ1yageL4TVDDpTTSsv8mK6YaH	5JtVUSXC2JWscAZqmbRaHzKksQQ33ke1FaijP1Mfj3P7wA1ud4xc
38	38	{40,4}	E4YM2vTHhWEg66xpj52JErHUBU4pZ1yageL4TVDDpTTSsv8mK6YaH	5JutF4a68ojTzFzGBw9hN3K3ygiH1rWyaRbbEiMy43KL2gmrYuE1
39	39	{41}	E4YM2vTHhWEg66xpj52JErHUBU4pZ1yageL4TVDDpTTSsv8mK6YaH	5Juzwki1RatQm4rbPXsfDtNT4kQfrewgeFjfdJJLkfHuSP87zNVV
40	40	{42,4}	E4YM2vTHhWEg66xpj52JErHUBU4pZ1yageL4TVDDpTTSsv8mK6YaH	5Ju53w1qXUADhPtF9TRxbVEJ51GTKReSJKuj7Qp2T8T5eBzPi1GT
41	41	{43}	E4YM2vTHhWEg66xpj52JErHUBU4pZ1yageL4TVDDpTTSsv8mK6YaH	5JuQYxboZqqji79xmKkq5MosppYaU2Ci2kzza3rR1p9X9aatnck9
42	42	{44,4}	E4YM2vTHhWEg66xpj52JErHUBU4pZ1yageL4TVDDpTTSsv8mK6YaH	5JvQja5C4g9i24sCcXNEBpoDN2owyG5sR7Y4NkdvPcgZh3cSSPHP
43	43	{45}	E4YM2vTHhWEg66xpj52JErHUBU4pZ1yageL4TVDDpTTSsv8mK6YaH	5JuWgbyYh7R5CsZH3TZoRJxznvEQS4LSqeAYV8DvQpPqbgtYngue
44	44	{46,4}	E4YM2vTHhWEg66xpj52JErHUBU4pZ1yageL4TVDDpTTSsv8mK6YaH	5JtdbpTzchoZVABkmQUtRSUb5DtJCip6L6CEiqECXePMsXhgEXSj
45	45	{47}	E4YM2vTHhWEg66xpj52JErHUBU4pZ1yageL4TVDDpTTSsv8mK6YaH	5JuAMjZENTEHjV2RffGPix6MpXD8kJPv88PMQ6Y2E1m8MpQhKrYA
46	46	{48,4}	E4YM2vTHhWEg66xpj52JErHUBU4pZ1yageL4TVDDpTTSsv8mK6YaH	5JvNnBK1vcgzwtkJV3pKGHC7dgGu1vSYuxcdSvrHUTPtWwMajNQi
47	47	{49}	E4YM2vTHhWEg66xpj52JErHUBU4pZ1yageL4TVDDpTTSsv8mK6YaH	5JtZ11ECEwwLWtFYo2pesrMtixixix91xfvGLYGuo6wsgod7jxzg
48	48	{50,4}	E4YM2vTHhWEg66xpj52JErHUBU4pZ1yageL4TVDDpTTSsv8mK6YaH	5JuWoWtmuzA6Ydja6D67S7PQoygRgsAKnEJVBCaTuJWiLCs2k98F
49	49	{51}	E4YM2vTHhWEg66xpj52JErHUBU4pZ1yageL4TVDDpTTSsv8mK6YaH	5Ju7RR2pG4NPMUzjprEHrSc6kDEBLUSdZtDFATTfyimigbcq23DT
50	50	{52,4}	E4YM2vTHhWEg66xpj52JErHUBU4pZ1yageL4TVDDpTTSsv8mK6YaH	5Juc8Zxjrs2zYEFtvcPtthedcrvuENsVATSWSou4eSFvwLZEvvsN
51	51	{53}	E4YM2vTHhWEg66xpj52JErHUBU4pZ1yageL4TVDDpTTSsv8mK6YaH	5JurVskwc1x771WSJTj3tzK4GYHxZs85B1vHkYWU3bLmQMuVRy3i
52	52	{54,4}	E4YM2vTHhWEg66xpj52JErHUBU4pZ1yageL4TVDDpTTSsv8mK6YaH	5JubqmVBhPbj81WXVx8QLSCj8J1gsQvA7CWGbSjfbmWjaFwWHwZN
53	53	{55}	E4YM2vTHhWEg66xpj52JErHUBU4pZ1yageL4TVDDpTTSsv8mK6YaH	5JvBt2HpvcyDo1ngQhdVNmVWReNcyrjDyZoeontjWTXAYd3BvmAz
54	54	{56,4}	E4YM2vTHhWEg66xpj52JErHUBU4pZ1yageL4TVDDpTTSsv8mK6YaH	5JurcdKUdRx6ArWjPPUVsGhDU3c1kTborHzUwPoPJmeFhcyKsv4n
55	55	{57}	E4YM2vTHhWEg66xpj52JErHUBU4pZ1yageL4TVDDpTTSsv8mK6YaH	5JusJbsS6NWo5JJ5drfUbzhCv7ucnGrXyMKS6v9S3WMKmnSbPZXP
56	56	{58,4}	E4YM2vTHhWEg66xpj52JErHUBU4pZ1yageL4TVDDpTTSsv8mK6YaH	5JtxtWgKDaVQueSY3gqE5wzebam8brdYzLZaSxmcihd8msKThNtb
57	57	{59}	E4YM2vTHhWEg66xpj52JErHUBU4pZ1yageL4TVDDpTTSsv8mK6YaH	5JvFPsLGhRtYnw6LZDPdHG2ZWpZ5DCcXx3J1a9baca9mbSVihRSB
58	58	{60,4}	E4YM2vTHhWEg66xpj52JErHUBU4pZ1yageL4TVDDpTTSsv8mK6YaH	5JtvjS3WLZ2T7JJcptpeSPp1DdeQZR419mh6E42Dd8jVeoNB4H8p
59	59	{61}	E4YM2vTHhWEg66xpj52JErHUBU4pZ1yageL4TVDDpTTSsv8mK6YaH	5Juj4j4AtFBHU1iJamLsDdGiatFuiztax4TTXsFXtEzBPUAsVheY
60	60	{62,4}	E4YM2vTHhWEg66xpj52JErHUBU4pZ1yageL4TVDDpTTSsv8mK6YaH	5JueSQpF2eCtCemyXLEe91BLMDS1xkdrf7vyv8uY2EdGxyKpJ57x
61	61	{63}	E4YM2vTHhWEg66xpj52JErHUBU4pZ1yageL4TVDDpTTSsv8mK6YaH	5JuChgbsnCYPSpzPBFBZ4xJ3WEcUdDf4CV7tbitBn18s15Lcv2NH
62	62	{64,4}	E4YM2vTHhWEg66xpj52JErHUBU4pZ1yageL4TVDDpTTSsv8mK6YaH	5JubZ4beS33WhyPLr2W7WZCzwiJhF8AibCYi4nS8RRMGqEEfWSAo
63	63	{65}	E4YM2vTHhWEg66xpj52JErHUBU4pZ1yageL4TVDDpTTSsv8mK6YaH	5JuXQNDUq3tc3haYRS1FacBKGySnwj1B8bJRYQkGoFcru5Jj8vZe
64	64	{66,4}	E4YM2vTHhWEg66xpj52JErHUBU4pZ1yageL4TVDDpTTSsv8mK6YaH	5JvGtanh9ktS4VnNQh31WLNKUgDk4DJPjTxMTNKVFV57Nc57HShA
65	65	{67}	E4YM2vTHhWEg66xpj52JErHUBU4pZ1yageL4TVDDpTTSsv8mK6YaH	5JteDf2qUczjM48AB4bp8pefRMF6qwBFqbuTUD6j5uNkTqWV8t2N
66	66	{68,4}	E4YM2vTHhWEg66xpj52JErHUBU4pZ1yageL4TVDDpTTSsv8mK6YaH	5JteReNiz5KpNarEDGj6CuZ3G5jS7PkVZDFr1xr1XS2Lm7hkfBaP
67	67	{69}	E4YM2vTHhWEg66xpj52JErHUBU4pZ1yageL4TVDDpTTSsv8mK6YaH	5Jv26VGbG5fA7dGHHmy14ZbSnQCTEFFa3nYFhNDQeLAowLbLuKNL
68	68	{70,4}	E4YM2vTHhWEg66xpj52JErHUBU4pZ1yageL4TVDDpTTSsv8mK6YaH	5JuzTqkPwSMGHyZHbfrrPHFBqdEK5erT5XNfYiGro7wFysB9w3G8
69	69	{71}	E4YM2vTHhWEg66xpj52JErHUBU4pZ1yageL4TVDDpTTSsv8mK6YaH	5JvGypdnkC82LyuRcDdMb28RTgzjzRCsdyVUU5hAHyTndpSMJ7eZ
70	70	{72,4}	E4YM2vTHhWEg66xpj52JErHUBU4pZ1yageL4TVDDpTTSsv8mK6YaH	5JuEUonk96RU8ipXwjTjrark3VehgsJUttomTFXmKrkGPeJrx3zm
71	71	{73}	E4YM2vTHhWEg66xpj52JErHUBU4pZ1yageL4TVDDpTTSsv8mK6YaH	5JueZkqG4f4nMyU9piVqZ97PmL8NPQmUBjPrkm8VgNZC8Xsmycz1
72	72	{74,4}	E4YM2vTHhWEg66xpj52JErHUBU4pZ1yageL4TVDDpTTSsv8mK6YaH	5JtxXabTw1HTgkotP5TycMACicvUgjzxmHJPwRSTKJLvupCMgpwZ
73	73	{75}	E4YM2vTHhWEg66xpj52JErHUBU4pZ1yageL4TVDDpTTSsv8mK6YaH	5Jtj5qE5wfHj5uygmUDAToJmHeKH7XeuYDzLNJT94T5bhS2GrTdj
74	74	{76,4}	E4YM2vTHhWEg66xpj52JErHUBU4pZ1yageL4TVDDpTTSsv8mK6YaH	5JvC9Wq83JXP6p4yh8gTTQ4GmR236RcZhYrp3cPvYFiHXQGyy236
75	75	{77}	E4YM2vTHhWEg66xpj52JErHUBU4pZ1yageL4TVDDpTTSsv8mK6YaH	5Jv8ifBfTQx2aThL1n8RSQa7a5KDYqSQYdn8jm3ByWmU6ZCfdbNm
76	76	{78,4}	E4YM2vTHhWEg66xpj52JErHUBU4pZ1yageL4TVDDpTTSsv8mK6YaH	5JvLnogEe8HbTdwfuP73HWFHME3EGJ5gVz8PvDBVnj6mQoaWoCKH
77	77	{79}	E4YM2vTHhWEg66xpj52JErHUBU4pZ1yageL4TVDDpTTSsv8mK6YaH	5Jup8fKLM3CZtMPeJgiRdDXo8LDUC1K8KJH4L2qQk1tRSK48hgJL
78	78	{80,4}	E4YM2vTHhWEg66xpj52JErHUBU4pZ1yageL4TVDDpTTSsv8mK6YaH	5JvQynuYPjkdFNQUjwFam3Kx49KdBngQYgqkH6ENt7ctKLBU9H1d
79	79	{81}	E4YM2vTHhWEg66xpj52JErHUBU4pZ1yageL4TVDDpTTSsv8mK6YaH	5JtY5SDUF1kyKz7krAFE4EMfmYKyBZ94FoeyN7pC4pxFqmGKSHSc
80	80	{82,4}	E4YM2vTHhWEg66xpj52JErHUBU4pZ1yageL4TVDDpTTSsv8mK6YaH	5JuSjL96TbuN4uk6wpj2GLDmVTzhxzQG34nRG9aoU2St5W7csjB5
81	81	{83}	E4YM2vTHhWEg66xpj52JErHUBU4pZ1yageL4TVDDpTTSsv8mK6YaH	5JuhZCn6ypvzPsmCo9eK794myxkRVAvTf4otom95hDMaNU1Bn3sB
82	82	{84,4}	E4YM2vTHhWEg66xpj52JErHUBU4pZ1yageL4TVDDpTTSsv8mK6YaH	5JuCHQFu2hS8Ld3mKuZGhtt2d6msaERHp8A26Bj899YKNBNMLBkQ
83	83	{85}	E4YM2vTHhWEg66xpj52JErHUBU4pZ1yageL4TVDDpTTSsv8mK6YaH	5JuSSGUQugAkFYgUHRq4CczmePPxsGWGdTaLE62tDTovcVtunYYF
84	84	{86,4}	E4YM2vTHhWEg66xpj52JErHUBU4pZ1yageL4TVDDpTTSsv8mK6YaH	5Juery2jdf5UDwL7T5F54iGKeXBctT9UiTXwRnn3B5aKfxXWjEgX
85	85	{87}	E4YM2vTHhWEg66xpj52JErHUBU4pZ1yageL4TVDDpTTSsv8mK6YaH	5JtxYLVNeBx8nmMkpaQxV2BpAumG2oDkANozJpQumqabYRP9RdoL
86	86	{88,4}	E4YM2vTHhWEg66xpj52JErHUBU4pZ1yageL4TVDDpTTSsv8mK6YaH	5JuYZycnPyT5xMGmufDJueKS6exmpioh718MEZMFPZeJ3pd2LH1d
87	87	{89}	E4YM2vTHhWEg66xpj52JErHUBU4pZ1yageL4TVDDpTTSsv8mK6YaH	5JuZJ7mhTQTj9X9NSDC52nsDYn3F8RfYzhQmPVWi8Js4mZ6KYhgE
88	88	{90,4}	E4YM2vTHhWEg66xpj52JErHUBU4pZ1yageL4TVDDpTTSsv8mK6YaH	5Ju6V6jWxodDevwg8nmX43XcHskamhhw1UZaRqzi5d8wYYf4tPcT
89	89	{91}	E4YM2vTHhWEg66xpj52JErHUBU4pZ1yageL4TVDDpTTSsv8mK6YaH	5Jtravc2fkCiYbGHE34n3uVPa1PRTdEEvvqZY6WfoakSaCNWAv4N
90	90	{92,4}	E4YM2vTHhWEg66xpj52JErHUBU4pZ1yageL4TVDDpTTSsv8mK6YaH	5JvRnw7RhVBaCo8gTUA5PpUT1pUwn5mKvGFvPmpeu14QkAshAPwm
91	91	{93}	E4YM2vTHhWEg66xpj52JErHUBU4pZ1yageL4TVDDpTTSsv8mK6YaH	5JtiSWRvx9EaRbGwN6D4TJ2aayi13FNWUdU6CMkmTwwLhHCDNQ7Y
92	92	{94,4}	E4YM2vTHhWEg66xpj52JErHUBU4pZ1yageL4TVDDpTTSsv8mK6YaH	5Jus6WDeWxaQPqxmdKQgip9ZPjtoreCvhAXGe2irPk2Vx5epDFeK
93	93	{95}	E4YM2vTHhWEg66xpj52JErHUBU4pZ1yageL4TVDDpTTSsv8mK6YaH	5JuANuYC5sGnJNw1Dn7JCkxo5QBtRofHynanQbGrweLX41mw2doA
94	94	{96,4}	E4YM2vTHhWEg66xpj52JErHUBU4pZ1yageL4TVDDpTTSsv8mK6YaH	5JvGbwYiDATcz3sy9c8ACF9PeH1cawozBWkKHSKdofGvcTSzDv55
95	95	{97}	E4YM2vTHhWEg66xpj52JErHUBU4pZ1yageL4TVDDpTTSsv8mK6YaH	5JuXJEPuJkMZfgVaoEMT8nB3PfFWwPFajuJ5SE5sNVCu8ySBRzWJ
96	96	{98,4}	E4YM2vTHhWEg66xpj52JErHUBU4pZ1yageL4TVDDpTTSsv8mK6YaH	5JuBZ7ShhVeERVtRgwiyNR48yALXnMwkHgwWW2H6E36YixJtwZP1
97	97	{99}	E4YM2vTHhWEg66xpj52JErHUBU4pZ1yageL4TVDDpTTSsv8mK6YaH	5Ju8nEWstWWxjm8a6uQfQnTRMzvENsV3pwETNXLYyfYkVmcYYmv3
98	98	{100,4}	E4YM2vTHhWEg66xpj52JErHUBU4pZ1yageL4TVDDpTTSsv8mK6YaH	5Jv2XfFLrr1dusTYiCH9PkvLWKyJVTwVhdRP96bpCMEbvoWdswSL
99	99	{101}	E4YM2vTHhWEg66xpj52JErHUBU4pZ1yageL4TVDDpTTSsv8mK6YaH	5JuuKTTABg3XHxzezzMTFggP4o6HJDgVXJ3xar71AGLWuDo9v1sS
100	100	{102,4}	E4YM2vTHhWEg66xpj52JErHUBU4pZ1yageL4TVDDpTTSsv8mK6YaH	5JuFgXwFaY1CAtjWN4bGajXAYYwwaXWMSTQmXggmdB7hEWksXvvt
101	101	{103}	E4YM2vTHhWEg66xpj52JErHUBU4pZ1yageL4TVDDpTTSsv8mK6YaH	5JvFCQDHyyQKXshY1aUCGCF42u6hMdRVpbZe48ZJ9UJGzjmgyeMj
102	102	{104,4}	E4YM2vTHhWEg66xpj52JErHUBU4pZ1yageL4TVDDpTTSsv8mK6YaH	5JvPdpqekitPHbD97YrUEbgxuL1G5GG24s8mbvmA1nzmkQWyytr4
103	103	{105}	E4YM2vTHhWEg66xpj52JErHUBU4pZ1yageL4TVDDpTTSsv8mK6YaH	5JtXndXcmWqFt7eEiF99yDx9rPLkSTgmHtZKShjEziPWNFnRNX3y
104	104	{106,4}	E4YM2vTHhWEg66xpj52JErHUBU4pZ1yageL4TVDDpTTSsv8mK6YaH	5JuMgkiJzc2fPTwc1okP1CANkpcyUiN6HT2i2czZTQWrB5AtHKbU
105	105	{107}	E4YM2vTHhWEg66xpj52JErHUBU4pZ1yageL4TVDDpTTSsv8mK6YaH	5JuXRya8u7Hi3sUe7bx42YRnwGVX3fV1twX6bd42tpGEBLeSrRSv
106	106	{108,4}	E4YM2vTHhWEg66xpj52JErHUBU4pZ1yageL4TVDDpTTSsv8mK6YaH	5JtnXx3xQQoqEZJhrfWotwAm7FQFMaDazJ4RJbNN2KdZgbSFDxqJ
107	107	{109}	E4YM2vTHhWEg66xpj52JErHUBU4pZ1yageL4TVDDpTTSsv8mK6YaH	5Jtt7hWxaD38RgEt7QePRes8ygzHsF8Y382FfPAPrhaa13zrzqD1
108	108	{110,4}	E4YM2vTHhWEg66xpj52JErHUBU4pZ1yageL4TVDDpTTSsv8mK6YaH	5JueahvodHfaKEs249EMcD8kXVad6aKfDVwwmgVo79BMSpHPyziB
109	109	{111}	E4YM2vTHhWEg66xpj52JErHUBU4pZ1yageL4TVDDpTTSsv8mK6YaH	5JtayZsDhiHwf4WEpHpLugDcoBSKoTgPLxXwTAooRwh71z3Zif8t
110	110	{112,4}	E4YM2vTHhWEg66xpj52JErHUBU4pZ1yageL4TVDDpTTSsv8mK6YaH	5JuiisQdqrv6q17PVQyXuk8sbsgYG2whB2eTzbkUHvXHTA5T4yQu
111	111	{113}	E4YM2vTHhWEg66xpj52JErHUBU4pZ1yageL4TVDDpTTSsv8mK6YaH	5JuwY1u3WTWuDhfZ37CbUdRTdrrskQ2EpZmmJSLuavcw9SrAVJR8
112	112	{114,4}	E4YM2vTHhWEg66xpj52JErHUBU4pZ1yageL4TVDDpTTSsv8mK6YaH	5JvAaSYTggKrC7dkTpmrEDSVY3J9Tbnd5Yeq3veCaVrJCH3U3aYz
113	113	{115}	E4YM2vTHhWEg66xpj52JErHUBU4pZ1yageL4TVDDpTTSsv8mK6YaH	5Ju8JYFznwS8L6TJAqm2SpR7376gh8rfxxZ7egEfRFm4xXpb4ZJc
114	114	{116,4}	E4YM2vTHhWEg66xpj52JErHUBU4pZ1yageL4TVDDpTTSsv8mK6YaH	5JurdQXTZdRHmjTmpYGry1pGp4QLNtFYC67MW9a7cYSqDh1ABNLv
115	115	{117}	E4YM2vTHhWEg66xpj52JErHUBU4pZ1yageL4TVDDpTTSsv8mK6YaH	5JtXFfLarnPLbEY3hJh9isn51cgEX7TLM7ZEvHVCEYKELh64od8z
116	116	{118,4}	E4YM2vTHhWEg66xpj52JErHUBU4pZ1yageL4TVDDpTTSsv8mK6YaH	5JugQsSv5MgTMghmeitQqSEjnH3wo9LkQ7STx5Cdhh3FwEgstJHy
117	117	{119}	E4YM2vTHhWEg66xpj52JErHUBU4pZ1yageL4TVDDpTTSsv8mK6YaH	5JtspUJxDRKDgVPstyQatpTGPhMjnfCsNJQAJfTVLRzoFcTBAr2z
118	118	{120,4}	E4YM2vTHhWEg66xpj52JErHUBU4pZ1yageL4TVDDpTTSsv8mK6YaH	5JuCViGS9VaMmNE7uLbEMwTzdcCgUpbfmsWwHri5FnpPq9xDym2C
119	119	{121}	E4YM2vTHhWEg66xpj52JErHUBU4pZ1yageL4TVDDpTTSsv8mK6YaH	5JuqhoTXCshavg3DXWqd13CMWuD3X9mgEobm8ncwQmsYJp9NLZbj
120	120	{122,4}	E4YM2vTHhWEg66xpj52JErHUBU4pZ1yageL4TVDDpTTSsv8mK6YaH	5JuoGVW98kUgnqaZgYuCGRvjr5pGuAwWvDQWRQ9X7sPiHtgtTXda
121	121	{123}	E4YM2vTHhWEg66xpj52JErHUBU4pZ1yageL4TVDDpTTSsv8mK6YaH	5JuWHVEWy55Qr5PPVJ3FaFdkmgVNiRTxaXyPg4KCXrf2CmVoVumA
122	122	{124,4}	E4YM2vTHhWEg66xpj52JErHUBU4pZ1yageL4TVDDpTTSsv8mK6YaH	5JtrgAw3VipgcbAfsQQVZ8U3Lm1xd14RzkR9xAoCPVACFTZDZTSe
123	123	{125}	E4YM2vTHhWEg66xpj52JErHUBU4pZ1yageL4TVDDpTTSsv8mK6YaH	5JuwT73bn9S7S4E9LVpfmntAia997BTehawGwhgtXuuqDvd332TX
124	124	{126,4}	E4YM2vTHhWEg66xpj52JErHUBU4pZ1yageL4TVDDpTTSsv8mK6YaH	5JuUDAJf3qtUZAFpZgzxdmRzLXJbApmZqwmtW2Cp3fvm8T1EvbbR
125	125	{127}	E4YM2vTHhWEg66xpj52JErHUBU4pZ1yageL4TVDDpTTSsv8mK6YaH	5Ju2gufHzv2tUxEXG4VE7pzQ1YMu3EeVbBSS7sUgr9eimumEDhLi
126	126	{128,4}	E4YM2vTHhWEg66xpj52JErHUBU4pZ1yageL4TVDDpTTSsv8mK6YaH	5JuV9NtKfqE1oGwtyzLKKM1JkU2jzAFG6QqP75iHHKEucjqEjqq3
127	127	{129}	E4YM2vTHhWEg66xpj52JErHUBU4pZ1yageL4TVDDpTTSsv8mK6YaH	5JvBtdrJ8pHVQv4JfQiRfZpR9URAFvwhGJx4fnCGDeLnS9YLuhr3
128	128	{130,4}	E4YM2vTHhWEg66xpj52JErHUBU4pZ1yageL4TVDDpTTSsv8mK6YaH	5JuxmSnYzM5cVch6nUqohSyQu3XeVEGJbsZFuLHVVy6KC1Fjfb2A
129	129	{131}	E4YM2vTHhWEg66xpj52JErHUBU4pZ1yageL4TVDDpTTSsv8mK6YaH	5JuQUUaVbcPbx6QEcgjpbHxXfEPqKFRoCngyjzJBDpSUe7jEcpVs
130	130	{132,4}	E4YM2vTHhWEg66xpj52JErHUBU4pZ1yageL4TVDDpTTSsv8mK6YaH	5JuUNXvL9GcfrShX7Hi3dLtBpMpAJWbLDjLvhBJWfS4PeqVTBZF4
131	131	{133}	E4YM2vTHhWEg66xpj52JErHUBU4pZ1yageL4TVDDpTTSsv8mK6YaH	5JuTYKWr3i5gVKA3gmbYtRZTVfj6wpqCw13uaTApaozLJpvqdCtx
132	132	{134,4}	E4YM2vTHhWEg66xpj52JErHUBU4pZ1yageL4TVDDpTTSsv8mK6YaH	5JvCVMr6zEC1cPpwh1C8EMXFFL7zSWptJXyCg7L7ous3PagGckKA
133	133	{135}	E4YM2vTHhWEg66xpj52JErHUBU4pZ1yageL4TVDDpTTSsv8mK6YaH	5JuA5jrohqfhXLQLJvQRBE2WckRg8kiguBa79d9xv9CCajbPjkin
134	134	{136,4}	E4YM2vTHhWEg66xpj52JErHUBU4pZ1yageL4TVDDpTTSsv8mK6YaH	5JuTiGz3cHzERenmZXx9QRGDasXkPzQahzg4op3Kunr5veCCFPLX
135	135	{137}	E4YM2vTHhWEg66xpj52JErHUBU4pZ1yageL4TVDDpTTSsv8mK6YaH	5JtfbfxJRsfJLuLUsjxH7ZBEj9LcoYSijAqpYrkYu5c133CXvfir
136	136	{138,4}	E4YM2vTHhWEg66xpj52JErHUBU4pZ1yageL4TVDDpTTSsv8mK6YaH	5JvNtE2kBwVgnmrqPxvN8JLzGR8YmSHimsESZdrKqc2titFdD6vP
137	137	{139}	E4YM2vTHhWEg66xpj52JErHUBU4pZ1yageL4TVDDpTTSsv8mK6YaH	5Ju7JKgXVVwk2Dihci1eMkny5YX3UoYN4NREb4WggtAweVVxMEB4
138	138	{140,4}	E4YM2vTHhWEg66xpj52JErHUBU4pZ1yageL4TVDDpTTSsv8mK6YaH	5JuX56cqKDQSa73EAtMjrPmCr6Xi4QBgq69K4EFMAUsd33cwxFox
139	139	{141}	E4YM2vTHhWEg66xpj52JErHUBU4pZ1yageL4TVDDpTTSsv8mK6YaH	5Jthqb8DBcCxRCnzd43KPVBm9qyKcpQ7qwpwWv62LjRrFLQeS7d7
140	140	{142,4}	E4YM2vTHhWEg66xpj52JErHUBU4pZ1yageL4TVDDpTTSsv8mK6YaH	5JtmtPSr4XhMxXzUmwiuX7SyrJXzzxWmUrLr5khts9S1ci5hbwhp
141	141	{143}	E4YM2vTHhWEg66xpj52JErHUBU4pZ1yageL4TVDDpTTSsv8mK6YaH	5JvCUzrgksVpJtP3oSd5bEK33RzqAtbXhnzkjSAMArnR8JsfmSiQ
142	142	{144,4}	E4YM2vTHhWEg66xpj52JErHUBU4pZ1yageL4TVDDpTTSsv8mK6YaH	5Ju2iFTGa61HSkjLepH7tzhhM5ppCBhawcL6cJwGsaUJsmWGgemY
143	143	{145}	E4YM2vTHhWEg66xpj52JErHUBU4pZ1yageL4TVDDpTTSsv8mK6YaH	5Juvuy1G6HW7VG94emDQeskqK1c8GZHh592mYdMofyFCzcsRixhe
144	144	{146,4}	E4YM2vTHhWEg66xpj52JErHUBU4pZ1yageL4TVDDpTTSsv8mK6YaH	5JtftsHSSh6jnyq32XdQLpYrj4Ge4pdE6sE3mNMnT1nL71zb9pTA
145	145	{147}	E4YM2vTHhWEg66xpj52JErHUBU4pZ1yageL4TVDDpTTSsv8mK6YaH	5Ju7WirCrff4NfpRyunpJSUgkRRLTM7V1vmD3sBt1pA5pioXJrf7
146	146	{148,4}	E4YM2vTHhWEg66xpj52JErHUBU4pZ1yageL4TVDDpTTSsv8mK6YaH	5JuyqT8poHPxqU69qj2R74cnbPbXkKGGDkqZNshqpdC4K9vb7kWA
147	147	{149}	E4YM2vTHhWEg66xpj52JErHUBU4pZ1yageL4TVDDpTTSsv8mK6YaH	5JvApKV4wmmAXENrYymLy6DRCWe1BkLH51YyNpSRTDb6cV6xopyk
148	148	{150,4}	E4YM2vTHhWEg66xpj52JErHUBU4pZ1yageL4TVDDpTTSsv8mK6YaH	5Jty9qFEadeBoZpySCTKpq4Po7M45xXjTjNVzsLpgBTrD8xWYp8L
149	149	{151}	E4YM2vTHhWEg66xpj52JErHUBU4pZ1yageL4TVDDpTTSsv8mK6YaH	5Ju6UCAmJmEQ8HbkjzrxvuiQj1TWMnE8DCc5gtPFAQSxG5BLgsBM
150	150	{152,4}	E4YM2vTHhWEg66xpj52JErHUBU4pZ1yageL4TVDDpTTSsv8mK6YaH	5JtjTMnwU8jV6oameia1BL1nk9UXboZu76ARFh175cDtA2qaKbxT
151	151	{153}	E4YM2vTHhWEg66xpj52JErHUBU4pZ1yageL4TVDDpTTSsv8mK6YaH	5JttYq4cJG8tdgBgV1kBLBomjcrKXfxBHm7YpUSgZLjDMAN8rmtV
152	152	{154,4}	E4YM2vTHhWEg66xpj52JErHUBU4pZ1yageL4TVDDpTTSsv8mK6YaH	5JtrzrfGA1u2R2W4tuoFk41nuNDS6t7FukmXD1Md6LtMhNngCFQs
153	153	{155}	E4YM2vTHhWEg66xpj52JErHUBU4pZ1yageL4TVDDpTTSsv8mK6YaH	5Juk8NTzDHwyWoSQMRuYU5M4RobLGjr3goCp6ZaLVnmkv49zrfdU
154	154	{156,4}	E4YM2vTHhWEg66xpj52JErHUBU4pZ1yageL4TVDDpTTSsv8mK6YaH	5Jv1waRSy3AzNXLvnqgEnwFNe2WSSU5JC2AvBfCKqi8P8x25m989
155	155	{157}	E4YM2vTHhWEg66xpj52JErHUBU4pZ1yageL4TVDDpTTSsv8mK6YaH	5JupXSWEaESauBDAuRnubt8je1RCRKBPrACJ2XiSdZfn5WNnacEq
156	156	{158,4}	E4YM2vTHhWEg66xpj52JErHUBU4pZ1yageL4TVDDpTTSsv8mK6YaH	5Ju72LFsqzKKdsQwzvzs8C78AoTWe6r1KVBiDTwsuuY37xEJuJ22
157	157	{159}	E4YM2vTHhWEg66xpj52JErHUBU4pZ1yageL4TVDDpTTSsv8mK6YaH	5JuYm6beJDcqZ1DmbNQd6H2R6YPgFnmc1m5mvS4CVH6K4279HFCH
158	158	{160,4}	E4YM2vTHhWEg66xpj52JErHUBU4pZ1yageL4TVDDpTTSsv8mK6YaH	5Ju53YQGWaAvvxdYyEmTvRmBGF75uztMMYNXYnTxTzgcTZ9He1gD
159	159	{161}	E4YM2vTHhWEg66xpj52JErHUBU4pZ1yageL4TVDDpTTSsv8mK6YaH	5JuD87SfPoqtHrg9isCnd1XNT2tZMjFnsDJDfVzwzDaAzBTymWmo
160	160	{162,4}	E4YM2vTHhWEg66xpj52JErHUBU4pZ1yageL4TVDDpTTSsv8mK6YaH	5Jufd1S5YZ9Z2AbgyJ1dQ8wveEcDZnLMs1BtFkG7pYiNwsdqf865
161	161	{163}	E4YM2vTHhWEg66xpj52JErHUBU4pZ1yageL4TVDDpTTSsv8mK6YaH	5JvJARBkdMgxxvqQXtb2LDBEeKjSvHZ3j6wbSzAQ3T82RgX2TriM
162	162	{164,4}	E4YM2vTHhWEg66xpj52JErHUBU4pZ1yageL4TVDDpTTSsv8mK6YaH	5JuQgTd8JNyEkLuBgva34kP5SBpQV7eFudPw6vQRfCT1EoLAmvdi
163	163	{165}	E4YM2vTHhWEg66xpj52JErHUBU4pZ1yageL4TVDDpTTSsv8mK6YaH	5JubeWXMJDMuyazkQD2GRKHnp9rMpvD11JTuins68ijzU1hpgUJF
164	164	{166,4}	E4YM2vTHhWEg66xpj52JErHUBU4pZ1yageL4TVDDpTTSsv8mK6YaH	5JuLuhoME2kMc8FuyzfrnkCJDoQ3KALh7ZfGTCRXoHpKeuw1iB2c
165	165	{167}	E4YM2vTHhWEg66xpj52JErHUBU4pZ1yageL4TVDDpTTSsv8mK6YaH	5Ju1JUeYDsDTFUMTskCrbR1adVu7ApJB4DU9MyqsvSBMYqecW1RC
166	166	{168,4}	E4YM2vTHhWEg66xpj52JErHUBU4pZ1yageL4TVDDpTTSsv8mK6YaH	5JvKJLx9bK5wYhkkfEtGhrN9nboJWuYjt3DyLSCsH3CqNe9PLcpv
167	167	{169}	E4YM2vTHhWEg66xpj52JErHUBU4pZ1yageL4TVDDpTTSsv8mK6YaH	5Ju7AnGum3CmVF9nPKmeHkE41JF8T6Q4R2xfF7RgH2PQnD9LebdG
168	168	{170,4}	E4YM2vTHhWEg66xpj52JErHUBU4pZ1yageL4TVDDpTTSsv8mK6YaH	5JvN3i2HxuoSQPsUPq4gDFMJ87yahtCugr2ppwtTK9Tnrd4FoGm5
169	169	{171}	E4YM2vTHhWEg66xpj52JErHUBU4pZ1yageL4TVDDpTTSsv8mK6YaH	5JtuqDiP6mbwV5e7jeXKgypSXiiWj9rLKMtN5G7dzEPGRd3SX1fP
170	170	{172,4}	E4YM2vTHhWEg66xpj52JErHUBU4pZ1yageL4TVDDpTTSsv8mK6YaH	5JthWLENEFZ5TMAuiH4eraCkEhcgERGRPPCG8aerutznzHDCiQYW
171	171	{173}	E4YM2vTHhWEg66xpj52JErHUBU4pZ1yageL4TVDDpTTSsv8mK6YaH	5JtdeKi9BdYuDTYg7R14JSHjfJe65fBpSC25QtHfiztbMSsEQVon
172	172	{174,4}	E4YM2vTHhWEg66xpj52JErHUBU4pZ1yageL4TVDDpTTSsv8mK6YaH	5Ju55wfo5uiMeBAUCddANCdu5Ud3Csuc4aSsuXMeRhf1fScouVs8
173	173	{175}	E4YM2vTHhWEg66xpj52JErHUBU4pZ1yageL4TVDDpTTSsv8mK6YaH	5JthaXe53DnD46PrwwDo5J5Tjms6xZFv6ad2odRULvcmqbP7ZKce
174	174	{176,4}	E4YM2vTHhWEg66xpj52JErHUBU4pZ1yageL4TVDDpTTSsv8mK6YaH	5Jty43QJk5fTDyspUaeGwE7uhMHnVwKCmup3m4rbo1K9TaMtvDR9
175	175	{177}	E4YM2vTHhWEg66xpj52JErHUBU4pZ1yageL4TVDDpTTSsv8mK6YaH	5JuZUL7tpMrNEQXzXCD4agbtXsuMdA9eN3DK9vStVudiBPwVaVkj
176	176	{178,4}	E4YM2vTHhWEg66xpj52JErHUBU4pZ1yageL4TVDDpTTSsv8mK6YaH	5JvRf8xqYqSVB99BxGnMEuCyrF8WpfWdDRuKFwbx5kZTNyXNHHXn
177	177	{179}	E4YM2vTHhWEg66xpj52JErHUBU4pZ1yageL4TVDDpTTSsv8mK6YaH	5JuUV8qHZGGTYwYgDMALpVXVN3pwF9jYbDaj23xzCgKRYdcUUF21
178	178	{180,4}	E4YM2vTHhWEg66xpj52JErHUBU4pZ1yageL4TVDDpTTSsv8mK6YaH	5JuDVWkAwxcQVhhbN74JsMkDCfHtrdhDkojbk6XEnrvVyySnczJM
179	179	{181}	E4YM2vTHhWEg66xpj52JErHUBU4pZ1yageL4TVDDpTTSsv8mK6YaH	5JuZhVWV2pwdvGEtyTaNasLytu2dpaYYtRCNAWY3vuj4bhG4RtFd
180	180	{182,4}	E4YM2vTHhWEg66xpj52JErHUBU4pZ1yageL4TVDDpTTSsv8mK6YaH	5Ju5YYRe9Hmi3QpGLaqwzzM3Yw5P2mez5BrTv5dXqk6EgzDsgTaU
181	181	{183}	E4YM2vTHhWEg66xpj52JErHUBU4pZ1yageL4TVDDpTTSsv8mK6YaH	5JvDMMGhWfWS6LWjeuSSjifR11nTyt1drjwRTg6sm7GXvsrAKGtV
182	182	{184,4}	E4YM2vTHhWEg66xpj52JErHUBU4pZ1yageL4TVDDpTTSsv8mK6YaH	5Jttg1Xj1biTQCEvvnk6hehXjQvurYZwMfsHts6dsEskhQ4M5CqJ
183	183	{185}	E4YM2vTHhWEg66xpj52JErHUBU4pZ1yageL4TVDDpTTSsv8mK6YaH	5Ju5q2Pa3BP8emNddkf72h2wMXXwE12hUDDsndSxMaxopZySPyWC
184	184	{186,4}	E4YM2vTHhWEg66xpj52JErHUBU4pZ1yageL4TVDDpTTSsv8mK6YaH	5JudRxoM6t36igrzVriXRbvzgmisbkiw7BxgQ1Q7SguHLTr6E1bS
185	185	{187}	E4YM2vTHhWEg66xpj52JErHUBU4pZ1yageL4TVDDpTTSsv8mK6YaH	5JujhgJkcodpoMXELNeyY7kzNY17FDbhLz2jcRijHzR3YC7ujnjV
186	186	{188,4}	E4YM2vTHhWEg66xpj52JErHUBU4pZ1yageL4TVDDpTTSsv8mK6YaH	5JuNschFNMWMG9wmKVr7W4CWci7cfFjAqypXjStruEE9ACcRtoxL
187	187	{189}	E4YM2vTHhWEg66xpj52JErHUBU4pZ1yageL4TVDDpTTSsv8mK6YaH	5JumpSrdVKR7opowEbRsaTAWaSJcAZVTTaREsr7qYSgNK8WYZwAd
188	188	{190,4}	E4YM2vTHhWEg66xpj52JErHUBU4pZ1yageL4TVDDpTTSsv8mK6YaH	5JuBHTb2BT5bjZTTUWySrZ8zrnJi6UMKhK5Mbc2LoiMRX1Ws9TAZ
189	189	{191}	E4YM2vTHhWEg66xpj52JErHUBU4pZ1yageL4TVDDpTTSsv8mK6YaH	5JvEPfEjx2SguWkgjL5gE62SDhRU99rtqbP3PFdL1vDPPbRNuny9
190	190	{192,4}	E4YM2vTHhWEg66xpj52JErHUBU4pZ1yageL4TVDDpTTSsv8mK6YaH	5JusYzTCSyhAL7rwWDsPJTTcDRwhGKej2SruyFaz8mLTWkbawN6r
191	191	{193}	E4YM2vTHhWEg66xpj52JErHUBU4pZ1yageL4TVDDpTTSsv8mK6YaH	5JtwofXDUu6BqsBkf8Gp8MDZi84CbfT57FB98BchxM1MtX1oeUHn
192	192	{194,4}	E4YM2vTHhWEg66xpj52JErHUBU4pZ1yageL4TVDDpTTSsv8mK6YaH	5JthJa5GfHdwxp8q6yPcfqZ9KeKzrZRPy7Sy5LvGNnjAmqhz7WMr
193	193	{195}	E4YM2vTHhWEg66xpj52JErHUBU4pZ1yageL4TVDDpTTSsv8mK6YaH	5Jv5KTVeijBagmLKkjX9RRkNFzwnh2TasNe1yqEWHkJHw6tN9w17
194	194	{196,4}	E4YM2vTHhWEg66xpj52JErHUBU4pZ1yageL4TVDDpTTSsv8mK6YaH	5JupJHHHDmo9ZGZDJh3HR6CHgeK2YSA1Y8BDX8eGnpzjdcnJC5GY
195	195	{197}	E4YM2vTHhWEg66xpj52JErHUBU4pZ1yageL4TVDDpTTSsv8mK6YaH	5JuVKgr7Wkx9hfwmUZAPpRX6DJ2VT53xREjQYurV9EbhqP2wnfTz
196	196	{198,4}	E4YM2vTHhWEg66xpj52JErHUBU4pZ1yageL4TVDDpTTSsv8mK6YaH	5JvEXPQGoNT6QrqngPbifX3AYspwgPmrJCkmocJQabZxSe1aAqno
197	197	{199}	E4YM2vTHhWEg66xpj52JErHUBU4pZ1yageL4TVDDpTTSsv8mK6YaH	5JudTQSjqE2icw2YCUtYjSTFxKSUSVgW5RXAQg5zxhW6b5UYWpZR
198	198	{200,4}	E4YM2vTHhWEg66xpj52JErHUBU4pZ1yageL4TVDDpTTSsv8mK6YaH	5JuTeMNBgPxkjE6rD4X1gPCcFVzF9kaHhRQjhLiDw3GPuMFpqGZ6
199	199	{201}	E4YM2vTHhWEg66xpj52JErHUBU4pZ1yageL4TVDDpTTSsv8mK6YaH	5JtdAP2iPMQ8r3j95LCNr2Wao8nbwq1EhiDaMjj3ZQU2uy5sG3tk
200	200	{202,4}	E4YM2vTHhWEg66xpj52JErHUBU4pZ1yageL4TVDDpTTSsv8mK6YaH	5JuVNdvKa3t6WUuToHCXEwUnkNW5cfXrpqR2NXM8RRzZaQCrD77n
201	201	{203}	E4YM2vTHhWEg66xpj52JErHUBU4pZ1yageL4TVDDpTTSsv8mK6YaH	5JthhTwMU2g7pdSotnEKiP2PkLSuSKkmv5egihD1Yxhp9jYYh1k1
202	202	{204,4}	E4YM2vTHhWEg66xpj52JErHUBU4pZ1yageL4TVDDpTTSsv8mK6YaH	5Juun98mrkDrCn1rTaBqfzc8sT4aHo6yanLVLTuzEcmKFUQvY3Zn
203	203	{205}	E4YM2vTHhWEg66xpj52JErHUBU4pZ1yageL4TVDDpTTSsv8mK6YaH	5JutrngeskmYh1TnFyBBqGWu3GxfAjR9W9P34e1vhzuG8DHhhzmZ
204	204	{206,4}	E4YM2vTHhWEg66xpj52JErHUBU4pZ1yageL4TVDDpTTSsv8mK6YaH	5JtX9wrsZ964Zd1bjQaHKPDeUxmnTXpt6TP8UsCSGYHxmMDrhYqM
205	205	{207}	E4YM2vTHhWEg66xpj52JErHUBU4pZ1yageL4TVDDpTTSsv8mK6YaH	5JuEsAUp78kGcCBY1AQghjrk6KCPbeVGswfNfGrLRum4odx5eowU
206	206	{208,4}	E4YM2vTHhWEg66xpj52JErHUBU4pZ1yageL4TVDDpTTSsv8mK6YaH	5Jv4zLxBryQfmn86TDMR6CCcQka3RXyJV53j6CHfwde4F5yNz6SA
207	207	{209}	E4YM2vTHhWEg66xpj52JErHUBU4pZ1yageL4TVDDpTTSsv8mK6YaH	5JuMNZ2qaXfMdNeLP7AWca7MewapDqad1UaMhHyrWNetukD9kcya
208	208	{210,4}	E4YM2vTHhWEg66xpj52JErHUBU4pZ1yageL4TVDDpTTSsv8mK6YaH	5JtoGT6My8dH78DqXaah9YDBbvv4DCtibc3Xb8AJMjHnGtkErYPH
209	209	{211}	E4YM2vTHhWEg66xpj52JErHUBU4pZ1yageL4TVDDpTTSsv8mK6YaH	5Ju9W8hT5dugHEZb8P6voK3F23BCBd1rwMYrdnoUdVcirxtkYxUS
210	210	{212,4}	E4YM2vTHhWEg66xpj52JErHUBU4pZ1yageL4TVDDpTTSsv8mK6YaH	5JufWZ7QAEDgvJ1NT9E1LjkUiLEYoT72xXPjHyLY7mn4a4VHwwSb
211	211	{213}	E4YM2vTHhWEg66xpj52JErHUBU4pZ1yageL4TVDDpTTSsv8mK6YaH	5JuksLPcTxJNsgRNVXkbaqaQweBVXRaszGAtkSCp9WaRe8CuaaNL
212	212	{214,4}	E4YM2vTHhWEg66xpj52JErHUBU4pZ1yageL4TVDDpTTSsv8mK6YaH	5JvGVbrsRDo988XfaaFkpUiqjSzXr2NYCBxmBoGY57CiQBeoVZyi
213	213	{215}	E4YM2vTHhWEg66xpj52JErHUBU4pZ1yageL4TVDDpTTSsv8mK6YaH	5JuYVznHssNYfFocbDYhoraEQKroa813TaPk6qqDBKr3DDF6A5WE
214	214	{216,4}	E4YM2vTHhWEg66xpj52JErHUBU4pZ1yageL4TVDDpTTSsv8mK6YaH	5JtyLgA1vkCCTX7ZB4HqLm1fxm2dCTjB1yXD9HhbpY3QTFSuPN9Y
215	215	{217}	E4YM2vTHhWEg66xpj52JErHUBU4pZ1yageL4TVDDpTTSsv8mK6YaH	5JvKByPHBiXsUF3xzkYSzrfjkBbpJ4ficJvuX5Kj33Vb1ZrnAYai
216	216	{218,4}	E4YM2vTHhWEg66xpj52JErHUBU4pZ1yageL4TVDDpTTSsv8mK6YaH	5JuwzZdNZJ5rAUHoEFgUjUPozrvpuBF5QSTwCekdXLHFHSHKjkgV
217	217	{219}	E4YM2vTHhWEg66xpj52JErHUBU4pZ1yageL4TVDDpTTSsv8mK6YaH	5JuCqEVR5pT5HBspNMmF9N37cG3RwQUk1vN5seE1GnFskfFQirL1
218	218	{220,4}	E4YM2vTHhWEg66xpj52JErHUBU4pZ1yageL4TVDDpTTSsv8mK6YaH	5JtsFiY5ipmYnuoQY9nbtPB1sEtw3gdX5AfA6DQLvHntqJKm59xt
219	219	{221}	E4YM2vTHhWEg66xpj52JErHUBU4pZ1yageL4TVDDpTTSsv8mK6YaH	5JuEcHJuGph6iwCixPCee2hhPKuXZE6srdgy6LixNy732cQtvT4o
220	220	{222,4}	E4YM2vTHhWEg66xpj52JErHUBU4pZ1yageL4TVDDpTTSsv8mK6YaH	5JuwwsVCi1W4tNDfyzRmcQmERkCx9xSrhwnsM9LSyGUpUitDVLY1
221	221	{223}	E4YM2vTHhWEg66xpj52JErHUBU4pZ1yageL4TVDDpTTSsv8mK6YaH	5JunLSfSrArQYtZZ2bCNgiLzMaFRAq7yqS25Jfw5WC1ivCQi1JMm
222	222	{224,4}	E4YM2vTHhWEg66xpj52JErHUBU4pZ1yageL4TVDDpTTSsv8mK6YaH	5JuNKiKJE8xvE1rC45cNgY6iC3FDdokrDHrVFZWbyawdkC6KnMNC
223	223	{225}	E4YM2vTHhWEg66xpj52JErHUBU4pZ1yageL4TVDDpTTSsv8mK6YaH	5JuxwYD6xAYKAQXheGkW73tBVsRyffuBgnRVRdkaHznRENXHAN9m
224	224	{226,4}	E4YM2vTHhWEg66xpj52JErHUBU4pZ1yageL4TVDDpTTSsv8mK6YaH	5JuzQVvT9ymJjfdGA9mhTFZuDmGk5bhHCv2RVYd1k5J8EfeRnNb2
225	225	{227}	E4YM2vTHhWEg66xpj52JErHUBU4pZ1yageL4TVDDpTTSsv8mK6YaH	5JvLoXw7hUAomzSfSNPNeL9vBnn6JrMac58mkUpq1Lx5nDUG8HgM
226	226	{228,4}	E4YM2vTHhWEg66xpj52JErHUBU4pZ1yageL4TVDDpTTSsv8mK6YaH	5JuWMKV6HofwpLuSxvB9krGTtRdgTBgvorDz15mRRUJNaaz7bwGD
227	227	{229}	E4YM2vTHhWEg66xpj52JErHUBU4pZ1yageL4TVDDpTTSsv8mK6YaH	5JtXEhKxxJwRQB7rP8gaKJBsfexuxGkQdycHathdNkc6w1meq9mL
228	228	{230,4}	E4YM2vTHhWEg66xpj52JErHUBU4pZ1yageL4TVDDpTTSsv8mK6YaH	5JurpV5btPX4GAFECxVE5p2fzifKvaXtfNywXuU3Fxmedz2nsxqw
229	229	{231}	E4YM2vTHhWEg66xpj52JErHUBU4pZ1yageL4TVDDpTTSsv8mK6YaH	5JvMsPcfhj8NYNJBVzg95FchUSZwCuBh6hiEsLtDLPv28FG9TUE5
230	230	{232,4}	E4YM2vTHhWEg66xpj52JErHUBU4pZ1yageL4TVDDpTTSsv8mK6YaH	5Jv22KCAsT42roH26QEf4SYkRbBrQVd1eJcrkYEAv7pKGpJSDQHN
231	231	{233}	E4YM2vTHhWEg66xpj52JErHUBU4pZ1yageL4TVDDpTTSsv8mK6YaH	5JvFZ44vz8B5UK1RoQSq6WYErAjCASrwmJQCv7jdZGBsuoqxfkxe
232	232	{234,4}	E4YM2vTHhWEg66xpj52JErHUBU4pZ1yageL4TVDDpTTSsv8mK6YaH	5JtZWfLFSdPvzGZBV8yAcwCwBKJ5H1iDG2p2sCxtdiXDYwecLnUF
233	233	{235}	E4YM2vTHhWEg66xpj52JErHUBU4pZ1yageL4TVDDpTTSsv8mK6YaH	5Jv7AovrG3KtzeEVbPVsgJbow8vLJkX7XL8HvxReexSFX5q9PagY
234	234	{236,4}	E4YM2vTHhWEg66xpj52JErHUBU4pZ1yageL4TVDDpTTSsv8mK6YaH	5JuFA8iPEgiNkXP5cS2DPLkfXNT9kwMbZKQJomSqEkr9ygdwmaPr
235	235	{237}	E4YM2vTHhWEg66xpj52JErHUBU4pZ1yageL4TVDDpTTSsv8mK6YaH	5JuM9nomkRUqdeeiyc6pc6poyXGuFo5Vj9A4HczggphRVELetjsT
236	236	{238,4}	E4YM2vTHhWEg66xpj52JErHUBU4pZ1yageL4TVDDpTTSsv8mK6YaH	5JukRR5tQKdzacnxAbAr746qUgvhz8xthSvEwTC8FWLTjMcdCrdV
237	237	{239}	E4YM2vTHhWEg66xpj52JErHUBU4pZ1yageL4TVDDpTTSsv8mK6YaH	5Ju8qXcfQ6DsLF6i9n3DYScHBNV2YwdzXVYdK8aTzL41bQ1Wpptg
238	238	{240,4}	E4YM2vTHhWEg66xpj52JErHUBU4pZ1yageL4TVDDpTTSsv8mK6YaH	5Ju7huD3YySj1aCNBcnR8iL2KePHccodsjHZQHh32miDWBr1qy8N
239	239	{241}	E4YM2vTHhWEg66xpj52JErHUBU4pZ1yageL4TVDDpTTSsv8mK6YaH	5JuDXE7rPdbmLTg1h7Rd4sS5S6DHgDEZpFxdQvPUzBRSpaBPoyZd
240	240	{242,4}	E4YM2vTHhWEg66xpj52JErHUBU4pZ1yageL4TVDDpTTSsv8mK6YaH	5JuZ63LpdfLsZcBgQpkroUTNethBsGqYNg8Vj2FgY7BHyGrtzxfT
241	241	{243}	E4YM2vTHhWEg66xpj52JErHUBU4pZ1yageL4TVDDpTTSsv8mK6YaH	5JudhEFG39Pj6jr84aFf4mq7Q52Y7jV4vB2qKLTUyCSVCvA7VjZd
242	242	{244,4}	E4YM2vTHhWEg66xpj52JErHUBU4pZ1yageL4TVDDpTTSsv8mK6YaH	5JtdXPkRjxNXFx3fi92bZzM6YGM6dSU5w8NL1vZiL6XBUonmjgdn
243	243	{245}	E4YM2vTHhWEg66xpj52JErHUBU4pZ1yageL4TVDDpTTSsv8mK6YaH	5JuR3AqCDJq2RHE72pKMWQSYT63wePaV8g66AUdLvaxh3MvKcRvm
\.


--
-- Data for Name: zkapp_epoch_data; Type: TABLE DATA; Schema: public; Owner: postgres
--

COPY public.zkapp_epoch_data (id, epoch_ledger_id, epoch_seed, start_checkpoint, lock_checkpoint, epoch_length_id) FROM stdin;
1	1	\N	\N	\N	\N
\.


--
-- Data for Name: zkapp_epoch_ledger; Type: TABLE DATA; Schema: public; Owner: postgres
--

COPY public.zkapp_epoch_ledger (id, hash_id, total_currency_id) FROM stdin;
1	\N	\N
\.


--
-- Data for Name: zkapp_events; Type: TABLE DATA; Schema: public; Owner: postgres
--

COPY public.zkapp_events (id, element_ids) FROM stdin;
1	{}
\.


--
-- Data for Name: zkapp_fee_payer_body; Type: TABLE DATA; Schema: public; Owner: postgres
--

COPY public.zkapp_fee_payer_body (id, public_key_id, fee, valid_until, nonce) FROM stdin;
1	141	5000000000	\N	0
2	141	5000000000	\N	1
3	141	5000000000	\N	2
4	141	5000000000	\N	3
5	141	5000000000	\N	4
6	141	5000000000	\N	5
7	141	5000000000	\N	6
8	141	5000000000	\N	7
9	141	5000000000	\N	8
10	141	5000000000	\N	9
11	141	5000000000	\N	10
12	141	5000000000	\N	11
13	141	5000000000	\N	12
14	141	5000000000	\N	13
15	141	5000000000	\N	14
16	141	5000000000	\N	15
17	141	5000000000	\N	16
18	141	5000000000	\N	17
19	141	5000000000	\N	18
20	141	5000000000	\N	19
21	141	5000000000	\N	20
22	141	5000000000	\N	21
23	141	5000000000	\N	22
24	141	5000000000	\N	23
25	141	5000000000	\N	24
26	141	5000000000	\N	25
27	141	5000000000	\N	26
28	141	5000000000	\N	27
29	141	5000000000	\N	28
30	141	5000000000	\N	29
31	141	5000000000	\N	30
32	141	5000000000	\N	31
33	141	5000000000	\N	32
34	141	5000000000	\N	33
35	141	5000000000	\N	34
36	141	5000000000	\N	35
37	141	5000000000	\N	36
38	141	5000000000	\N	37
39	141	5000000000	\N	38
40	141	5000000000	\N	39
41	141	5000000000	\N	40
42	141	5000000000	\N	41
43	141	5000000000	\N	42
44	141	5000000000	\N	43
45	141	5000000000	\N	44
46	141	5000000000	\N	45
47	141	5000000000	\N	46
48	141	5000000000	\N	47
49	141	5000000000	\N	48
50	141	5000000000	\N	49
51	141	5000000000	\N	50
52	141	5000000000	\N	51
53	141	5000000000	\N	52
54	141	5000000000	\N	53
55	141	5000000000	\N	54
56	141	5000000000	\N	55
57	141	5000000000	\N	56
58	141	5000000000	\N	57
59	141	5000000000	\N	58
60	141	5000000000	\N	59
61	141	5000000000	\N	60
62	141	5000000000	\N	61
63	141	5000000000	\N	62
64	141	5000000000	\N	63
65	141	5000000000	\N	64
66	141	5000000000	\N	65
67	141	5000000000	\N	66
68	141	5000000000	\N	67
69	141	5000000000	\N	68
70	141	5000000000	\N	69
71	141	5000000000	\N	70
72	141	5000000000	\N	71
73	141	5000000000	\N	72
74	141	5000000000	\N	73
75	141	5000000000	\N	74
76	141	5000000000	\N	75
77	141	5000000000	\N	76
78	141	5000000000	\N	77
79	141	5000000000	\N	78
80	141	5000000000	\N	79
81	141	5000000000	\N	80
82	141	5000000000	\N	81
83	141	5000000000	\N	82
84	141	5000000000	\N	83
85	141	5000000000	\N	84
86	141	5000000000	\N	85
87	141	5000000000	\N	86
88	141	5000000000	\N	87
89	141	5000000000	\N	88
90	141	5000000000	\N	89
91	141	5000000000	\N	90
92	141	5000000000	\N	91
93	141	5000000000	\N	92
94	141	5000000000	\N	93
95	141	5000000000	\N	94
96	141	5000000000	\N	95
97	141	5000000000	\N	96
98	141	5000000000	\N	97
99	141	5000000000	\N	98
100	141	5000000000	\N	99
101	141	5000000000	\N	100
102	141	5000000000	\N	101
103	141	5000000000	\N	102
104	141	5000000000	\N	103
105	141	5000000000	\N	104
106	141	5000000000	\N	105
107	141	5000000000	\N	106
108	141	5000000000	\N	107
109	141	5000000000	\N	108
110	141	5000000000	\N	109
111	141	5000000000	\N	110
112	141	5000000000	\N	111
113	141	5000000000	\N	112
114	141	5000000000	\N	113
115	141	5000000000	\N	114
116	141	5000000000	\N	115
117	141	5000000000	\N	116
118	141	5000000000	\N	117
119	141	5000000000	\N	118
120	141	5000000000	\N	119
121	141	5000000000	\N	120
122	141	5000000000	\N	121
123	141	5000000000	\N	122
124	141	5000000000	\N	123
125	141	5000000000	\N	124
126	141	5000000000	\N	125
127	141	5000000000	\N	126
128	141	5000000000	\N	127
129	141	5000000000	\N	128
130	141	5000000000	\N	129
131	141	5000000000	\N	130
132	141	5000000000	\N	131
133	141	5000000000	\N	132
134	141	5000000000	\N	133
135	141	5000000000	\N	134
136	141	5000000000	\N	135
137	141	5000000000	\N	136
138	141	5000000000	\N	137
139	141	5000000000	\N	138
140	141	5000000000	\N	139
141	141	5000000000	\N	140
142	141	5000000000	\N	141
143	141	5000000000	\N	142
144	141	5000000000	\N	143
145	141	5000000000	\N	144
146	141	5000000000	\N	145
147	141	5000000000	\N	146
148	141	5000000000	\N	147
149	141	5000000000	\N	148
150	141	5000000000	\N	149
151	141	5000000000	\N	150
152	141	5000000000	\N	151
153	141	5000000000	\N	152
154	141	5000000000	\N	153
155	141	5000000000	\N	154
156	141	5000000000	\N	155
157	141	5000000000	\N	156
158	141	5000000000	\N	157
159	141	5000000000	\N	158
160	141	5000000000	\N	159
161	141	5000000000	\N	160
162	141	5000000000	\N	161
163	141	5000000000	\N	162
164	141	5000000000	\N	163
165	141	5000000000	\N	164
166	141	5000000000	\N	165
167	141	5000000000	\N	166
168	141	5000000000	\N	167
169	141	5000000000	\N	168
170	141	5000000000	\N	169
171	141	5000000000	\N	170
172	141	5000000000	\N	171
173	141	5000000000	\N	172
174	141	5000000000	\N	173
175	141	5000000000	\N	174
176	141	5000000000	\N	175
177	141	5000000000	\N	176
178	141	5000000000	\N	177
179	141	5000000000	\N	178
180	141	5000000000	\N	179
181	141	5000000000	\N	180
182	141	5000000000	\N	181
183	141	5000000000	\N	182
184	141	5000000000	\N	183
185	141	5000000000	\N	184
186	141	5000000000	\N	185
187	141	5000000000	\N	186
188	141	5000000000	\N	187
189	141	5000000000	\N	188
190	141	5000000000	\N	189
191	141	5000000000	\N	190
192	141	5000000000	\N	191
193	141	5000000000	\N	192
194	141	5000000000	\N	193
195	141	5000000000	\N	194
196	141	5000000000	\N	195
197	141	5000000000	\N	196
198	141	5000000000	\N	197
199	141	5000000000	\N	198
200	141	5000000000	\N	199
201	141	5000000000	\N	200
202	141	5000000000	\N	201
203	141	5000000000	\N	202
204	141	5000000000	\N	203
205	141	5000000000	\N	204
206	141	5000000000	\N	205
207	141	5000000000	\N	206
208	141	5000000000	\N	207
209	141	5000000000	\N	208
210	141	5000000000	\N	209
211	141	5000000000	\N	210
212	141	5000000000	\N	211
213	141	5000000000	\N	212
214	141	5000000000	\N	213
215	141	5000000000	\N	214
216	141	5000000000	\N	215
217	141	5000000000	\N	216
218	141	5000000000	\N	217
219	141	5000000000	\N	218
220	141	5000000000	\N	219
221	141	5000000000	\N	220
222	141	5000000000	\N	221
223	141	5000000000	\N	222
224	141	5000000000	\N	223
225	141	5000000000	\N	224
226	141	5000000000	\N	225
227	141	5000000000	\N	226
228	141	5000000000	\N	227
229	141	5000000000	\N	228
230	141	5000000000	\N	229
231	141	5000000000	\N	230
232	141	5000000000	\N	231
233	141	5000000000	\N	232
234	141	5000000000	\N	233
235	141	5000000000	\N	234
236	141	5000000000	\N	235
237	141	5000000000	\N	236
238	141	5000000000	\N	237
239	141	5000000000	\N	238
240	141	5000000000	\N	239
241	141	5000000000	\N	240
242	141	5000000000	\N	241
243	141	5000000000	\N	242
\.


--
-- Data for Name: zkapp_field; Type: TABLE DATA; Schema: public; Owner: postgres
--

COPY public.zkapp_field (id, field) FROM stdin;
1	0
2	1
3	2
4	3
5	4
6	5
7	6
8	7
9	8
10	9
11	10
12	11
13	12
14	13
15	14
16	15
17	16
18	17
19	18
20	19
21	20
22	21
23	22
24	23
25	24
26	25
27	26
28	27
29	28
30	29
31	30
32	31
33	32
34	33
35	34
36	35
37	36
38	37
39	38
40	39
41	40
42	41
43	42
44	43
45	44
46	45
47	46
48	47
49	48
50	49
51	50
52	51
53	52
54	53
55	54
56	55
57	56
58	57
59	58
60	59
61	60
62	61
63	62
64	63
65	64
66	65
67	66
68	67
69	68
70	69
71	70
72	71
73	72
74	73
75	74
76	75
77	76
78	77
79	78
80	79
81	80
82	81
83	82
84	83
85	84
86	85
87	86
88	87
89	88
90	89
91	90
92	91
93	92
94	93
95	94
96	95
97	96
98	97
99	98
100	99
101	100
102	101
103	102
104	103
105	104
106	105
107	106
108	107
109	108
110	109
111	110
112	111
113	112
114	113
115	114
116	115
117	116
118	117
119	118
120	119
121	120
\.


--
-- Data for Name: zkapp_field_array; Type: TABLE DATA; Schema: public; Owner: postgres
--

COPY public.zkapp_field_array (id, element_ids) FROM stdin;
\.


--
-- Data for Name: zkapp_global_slot_bounds; Type: TABLE DATA; Schema: public; Owner: postgres
--

COPY public.zkapp_global_slot_bounds (id, global_slot_lower_bound, global_slot_upper_bound) FROM stdin;
\.


--
-- Data for Name: zkapp_length_bounds; Type: TABLE DATA; Schema: public; Owner: postgres
--

COPY public.zkapp_length_bounds (id, length_lower_bound, length_upper_bound) FROM stdin;
\.


--
-- Data for Name: zkapp_network_precondition; Type: TABLE DATA; Schema: public; Owner: postgres
--

COPY public.zkapp_network_precondition (id, snarked_ledger_hash_id, blockchain_length_id, min_window_density_id, total_currency_id, global_slot_since_genesis, staking_epoch_data_id, next_epoch_data_id) FROM stdin;
1	\N	\N	\N	\N	\N	1	1
\.


--
-- Data for Name: zkapp_nonce_bounds; Type: TABLE DATA; Schema: public; Owner: postgres
--

COPY public.zkapp_nonce_bounds (id, nonce_lower_bound, nonce_upper_bound) FROM stdin;
1	1	1
2	2	2
3	3	3
4	4	4
5	5	5
6	6	6
7	7	7
8	8	8
9	9	9
10	10	10
11	11	11
12	12	12
13	13	13
14	14	14
15	15	15
16	16	16
17	17	17
18	18	18
19	19	19
20	20	20
21	21	21
22	22	22
23	23	23
24	24	24
25	25	25
26	26	26
27	27	27
28	28	28
29	29	29
30	30	30
31	31	31
32	32	32
33	33	33
34	34	34
35	35	35
36	36	36
37	37	37
38	38	38
39	39	39
40	40	40
41	41	41
42	42	42
43	43	43
44	44	44
45	45	45
46	46	46
47	47	47
48	48	48
49	49	49
50	50	50
51	51	51
52	52	52
53	53	53
54	54	54
55	55	55
56	56	56
57	57	57
58	58	58
59	59	59
60	60	60
61	61	61
62	62	62
63	63	63
64	64	64
65	65	65
66	66	66
67	67	67
68	68	68
69	69	69
70	70	70
71	71	71
72	72	72
73	73	73
74	74	74
75	75	75
76	76	76
77	77	77
78	78	78
79	79	79
80	80	80
81	81	81
82	82	82
83	83	83
84	84	84
85	85	85
86	86	86
87	87	87
88	88	88
89	89	89
90	90	90
91	91	91
92	92	92
93	93	93
94	94	94
95	95	95
96	96	96
97	97	97
98	98	98
99	99	99
100	100	100
101	101	101
102	102	102
103	103	103
104	104	104
105	105	105
106	106	106
107	107	107
108	108	108
109	109	109
110	110	110
111	111	111
112	112	112
113	113	113
114	114	114
115	115	115
116	116	116
117	117	117
118	118	118
119	119	119
120	120	120
121	121	121
122	122	122
\.


--
-- Data for Name: zkapp_permissions; Type: TABLE DATA; Schema: public; Owner: postgres
--

COPY public.zkapp_permissions (id, edit_state, send, receive, access, set_delegate, set_permissions, set_verification_key_auth, set_verification_key_txn_version, set_zkapp_uri, edit_action_state, set_token_symbol, increment_nonce, set_voting_for, set_timing) FROM stdin;
1	signature	signature	none	none	signature	signature	signature	3	signature	signature	signature	signature	signature	signature
\.


--
-- Data for Name: zkapp_states; Type: TABLE DATA; Schema: public; Owner: postgres
--

COPY public.zkapp_states (id, element0, element1, element2, element3, element4, element5, element6, element7, element8, element9, element10, element11, element12, element13, element14, element15, element16, element17, element18, element19, element20, element21, element22, element23, element24, element25, element26, element27, element28, element29, element30, element31) FROM stdin;
\.


--
-- Data for Name: zkapp_states_nullable; Type: TABLE DATA; Schema: public; Owner: postgres
--

COPY public.zkapp_states_nullable (id, element0, element1, element2, element3, element4, element5, element6, element7, element8, element9, element10, element11, element12, element13, element14, element15, element16, element17, element18, element19, element20, element21, element22, element23, element24, element25, element26, element27, element28, element29, element30, element31) FROM stdin;
1	\N	\N	\N	\N	\N	\N	\N	\N	\N	\N	\N	\N	\N	\N	\N	\N	\N	\N	\N	\N	\N	\N	\N	\N	\N	\N	\N	\N	\N	\N	\N	\N
2	1	\N	\N	\N	\N	\N	\N	\N	\N	\N	\N	\N	\N	\N	\N	\N	\N	\N	\N	\N	\N	\N	\N	\N	\N	\N	\N	\N	\N	\N	\N	\N
3	2	\N	\N	\N	\N	\N	\N	\N	\N	\N	\N	\N	\N	\N	\N	\N	\N	\N	\N	\N	\N	\N	\N	\N	\N	\N	\N	\N	\N	\N	\N	\N
4	3	\N	\N	\N	\N	\N	\N	\N	\N	\N	\N	\N	\N	\N	\N	\N	\N	\N	\N	\N	\N	\N	\N	\N	\N	\N	\N	\N	\N	\N	\N	\N
5	4	\N	\N	\N	\N	\N	\N	\N	\N	\N	\N	\N	\N	\N	\N	\N	\N	\N	\N	\N	\N	\N	\N	\N	\N	\N	\N	\N	\N	\N	\N	\N
6	5	\N	\N	\N	\N	\N	\N	\N	\N	\N	\N	\N	\N	\N	\N	\N	\N	\N	\N	\N	\N	\N	\N	\N	\N	\N	\N	\N	\N	\N	\N	\N
7	6	\N	\N	\N	\N	\N	\N	\N	\N	\N	\N	\N	\N	\N	\N	\N	\N	\N	\N	\N	\N	\N	\N	\N	\N	\N	\N	\N	\N	\N	\N	\N
8	7	\N	\N	\N	\N	\N	\N	\N	\N	\N	\N	\N	\N	\N	\N	\N	\N	\N	\N	\N	\N	\N	\N	\N	\N	\N	\N	\N	\N	\N	\N	\N
9	8	\N	\N	\N	\N	\N	\N	\N	\N	\N	\N	\N	\N	\N	\N	\N	\N	\N	\N	\N	\N	\N	\N	\N	\N	\N	\N	\N	\N	\N	\N	\N
10	9	\N	\N	\N	\N	\N	\N	\N	\N	\N	\N	\N	\N	\N	\N	\N	\N	\N	\N	\N	\N	\N	\N	\N	\N	\N	\N	\N	\N	\N	\N	\N
11	10	\N	\N	\N	\N	\N	\N	\N	\N	\N	\N	\N	\N	\N	\N	\N	\N	\N	\N	\N	\N	\N	\N	\N	\N	\N	\N	\N	\N	\N	\N	\N
12	11	\N	\N	\N	\N	\N	\N	\N	\N	\N	\N	\N	\N	\N	\N	\N	\N	\N	\N	\N	\N	\N	\N	\N	\N	\N	\N	\N	\N	\N	\N	\N
13	12	\N	\N	\N	\N	\N	\N	\N	\N	\N	\N	\N	\N	\N	\N	\N	\N	\N	\N	\N	\N	\N	\N	\N	\N	\N	\N	\N	\N	\N	\N	\N
14	13	\N	\N	\N	\N	\N	\N	\N	\N	\N	\N	\N	\N	\N	\N	\N	\N	\N	\N	\N	\N	\N	\N	\N	\N	\N	\N	\N	\N	\N	\N	\N
15	14	\N	\N	\N	\N	\N	\N	\N	\N	\N	\N	\N	\N	\N	\N	\N	\N	\N	\N	\N	\N	\N	\N	\N	\N	\N	\N	\N	\N	\N	\N	\N
16	15	\N	\N	\N	\N	\N	\N	\N	\N	\N	\N	\N	\N	\N	\N	\N	\N	\N	\N	\N	\N	\N	\N	\N	\N	\N	\N	\N	\N	\N	\N	\N
17	16	\N	\N	\N	\N	\N	\N	\N	\N	\N	\N	\N	\N	\N	\N	\N	\N	\N	\N	\N	\N	\N	\N	\N	\N	\N	\N	\N	\N	\N	\N	\N
18	17	\N	\N	\N	\N	\N	\N	\N	\N	\N	\N	\N	\N	\N	\N	\N	\N	\N	\N	\N	\N	\N	\N	\N	\N	\N	\N	\N	\N	\N	\N	\N
19	18	\N	\N	\N	\N	\N	\N	\N	\N	\N	\N	\N	\N	\N	\N	\N	\N	\N	\N	\N	\N	\N	\N	\N	\N	\N	\N	\N	\N	\N	\N	\N
20	19	\N	\N	\N	\N	\N	\N	\N	\N	\N	\N	\N	\N	\N	\N	\N	\N	\N	\N	\N	\N	\N	\N	\N	\N	\N	\N	\N	\N	\N	\N	\N
21	20	\N	\N	\N	\N	\N	\N	\N	\N	\N	\N	\N	\N	\N	\N	\N	\N	\N	\N	\N	\N	\N	\N	\N	\N	\N	\N	\N	\N	\N	\N	\N
22	21	\N	\N	\N	\N	\N	\N	\N	\N	\N	\N	\N	\N	\N	\N	\N	\N	\N	\N	\N	\N	\N	\N	\N	\N	\N	\N	\N	\N	\N	\N	\N
23	22	\N	\N	\N	\N	\N	\N	\N	\N	\N	\N	\N	\N	\N	\N	\N	\N	\N	\N	\N	\N	\N	\N	\N	\N	\N	\N	\N	\N	\N	\N	\N
24	23	\N	\N	\N	\N	\N	\N	\N	\N	\N	\N	\N	\N	\N	\N	\N	\N	\N	\N	\N	\N	\N	\N	\N	\N	\N	\N	\N	\N	\N	\N	\N
25	24	\N	\N	\N	\N	\N	\N	\N	\N	\N	\N	\N	\N	\N	\N	\N	\N	\N	\N	\N	\N	\N	\N	\N	\N	\N	\N	\N	\N	\N	\N	\N
26	25	\N	\N	\N	\N	\N	\N	\N	\N	\N	\N	\N	\N	\N	\N	\N	\N	\N	\N	\N	\N	\N	\N	\N	\N	\N	\N	\N	\N	\N	\N	\N
27	26	\N	\N	\N	\N	\N	\N	\N	\N	\N	\N	\N	\N	\N	\N	\N	\N	\N	\N	\N	\N	\N	\N	\N	\N	\N	\N	\N	\N	\N	\N	\N
28	27	\N	\N	\N	\N	\N	\N	\N	\N	\N	\N	\N	\N	\N	\N	\N	\N	\N	\N	\N	\N	\N	\N	\N	\N	\N	\N	\N	\N	\N	\N	\N
29	28	\N	\N	\N	\N	\N	\N	\N	\N	\N	\N	\N	\N	\N	\N	\N	\N	\N	\N	\N	\N	\N	\N	\N	\N	\N	\N	\N	\N	\N	\N	\N
30	29	\N	\N	\N	\N	\N	\N	\N	\N	\N	\N	\N	\N	\N	\N	\N	\N	\N	\N	\N	\N	\N	\N	\N	\N	\N	\N	\N	\N	\N	\N	\N
31	30	\N	\N	\N	\N	\N	\N	\N	\N	\N	\N	\N	\N	\N	\N	\N	\N	\N	\N	\N	\N	\N	\N	\N	\N	\N	\N	\N	\N	\N	\N	\N
32	31	\N	\N	\N	\N	\N	\N	\N	\N	\N	\N	\N	\N	\N	\N	\N	\N	\N	\N	\N	\N	\N	\N	\N	\N	\N	\N	\N	\N	\N	\N	\N
33	32	\N	\N	\N	\N	\N	\N	\N	\N	\N	\N	\N	\N	\N	\N	\N	\N	\N	\N	\N	\N	\N	\N	\N	\N	\N	\N	\N	\N	\N	\N	\N
34	33	\N	\N	\N	\N	\N	\N	\N	\N	\N	\N	\N	\N	\N	\N	\N	\N	\N	\N	\N	\N	\N	\N	\N	\N	\N	\N	\N	\N	\N	\N	\N
35	34	\N	\N	\N	\N	\N	\N	\N	\N	\N	\N	\N	\N	\N	\N	\N	\N	\N	\N	\N	\N	\N	\N	\N	\N	\N	\N	\N	\N	\N	\N	\N
36	35	\N	\N	\N	\N	\N	\N	\N	\N	\N	\N	\N	\N	\N	\N	\N	\N	\N	\N	\N	\N	\N	\N	\N	\N	\N	\N	\N	\N	\N	\N	\N
37	36	\N	\N	\N	\N	\N	\N	\N	\N	\N	\N	\N	\N	\N	\N	\N	\N	\N	\N	\N	\N	\N	\N	\N	\N	\N	\N	\N	\N	\N	\N	\N
38	37	\N	\N	\N	\N	\N	\N	\N	\N	\N	\N	\N	\N	\N	\N	\N	\N	\N	\N	\N	\N	\N	\N	\N	\N	\N	\N	\N	\N	\N	\N	\N
39	38	\N	\N	\N	\N	\N	\N	\N	\N	\N	\N	\N	\N	\N	\N	\N	\N	\N	\N	\N	\N	\N	\N	\N	\N	\N	\N	\N	\N	\N	\N	\N
40	39	\N	\N	\N	\N	\N	\N	\N	\N	\N	\N	\N	\N	\N	\N	\N	\N	\N	\N	\N	\N	\N	\N	\N	\N	\N	\N	\N	\N	\N	\N	\N
41	40	\N	\N	\N	\N	\N	\N	\N	\N	\N	\N	\N	\N	\N	\N	\N	\N	\N	\N	\N	\N	\N	\N	\N	\N	\N	\N	\N	\N	\N	\N	\N
42	41	\N	\N	\N	\N	\N	\N	\N	\N	\N	\N	\N	\N	\N	\N	\N	\N	\N	\N	\N	\N	\N	\N	\N	\N	\N	\N	\N	\N	\N	\N	\N
43	42	\N	\N	\N	\N	\N	\N	\N	\N	\N	\N	\N	\N	\N	\N	\N	\N	\N	\N	\N	\N	\N	\N	\N	\N	\N	\N	\N	\N	\N	\N	\N
44	43	\N	\N	\N	\N	\N	\N	\N	\N	\N	\N	\N	\N	\N	\N	\N	\N	\N	\N	\N	\N	\N	\N	\N	\N	\N	\N	\N	\N	\N	\N	\N
45	44	\N	\N	\N	\N	\N	\N	\N	\N	\N	\N	\N	\N	\N	\N	\N	\N	\N	\N	\N	\N	\N	\N	\N	\N	\N	\N	\N	\N	\N	\N	\N
46	45	\N	\N	\N	\N	\N	\N	\N	\N	\N	\N	\N	\N	\N	\N	\N	\N	\N	\N	\N	\N	\N	\N	\N	\N	\N	\N	\N	\N	\N	\N	\N
47	46	\N	\N	\N	\N	\N	\N	\N	\N	\N	\N	\N	\N	\N	\N	\N	\N	\N	\N	\N	\N	\N	\N	\N	\N	\N	\N	\N	\N	\N	\N	\N
48	47	\N	\N	\N	\N	\N	\N	\N	\N	\N	\N	\N	\N	\N	\N	\N	\N	\N	\N	\N	\N	\N	\N	\N	\N	\N	\N	\N	\N	\N	\N	\N
49	48	\N	\N	\N	\N	\N	\N	\N	\N	\N	\N	\N	\N	\N	\N	\N	\N	\N	\N	\N	\N	\N	\N	\N	\N	\N	\N	\N	\N	\N	\N	\N
50	49	\N	\N	\N	\N	\N	\N	\N	\N	\N	\N	\N	\N	\N	\N	\N	\N	\N	\N	\N	\N	\N	\N	\N	\N	\N	\N	\N	\N	\N	\N	\N
51	50	\N	\N	\N	\N	\N	\N	\N	\N	\N	\N	\N	\N	\N	\N	\N	\N	\N	\N	\N	\N	\N	\N	\N	\N	\N	\N	\N	\N	\N	\N	\N
52	51	\N	\N	\N	\N	\N	\N	\N	\N	\N	\N	\N	\N	\N	\N	\N	\N	\N	\N	\N	\N	\N	\N	\N	\N	\N	\N	\N	\N	\N	\N	\N
53	52	\N	\N	\N	\N	\N	\N	\N	\N	\N	\N	\N	\N	\N	\N	\N	\N	\N	\N	\N	\N	\N	\N	\N	\N	\N	\N	\N	\N	\N	\N	\N
54	53	\N	\N	\N	\N	\N	\N	\N	\N	\N	\N	\N	\N	\N	\N	\N	\N	\N	\N	\N	\N	\N	\N	\N	\N	\N	\N	\N	\N	\N	\N	\N
55	54	\N	\N	\N	\N	\N	\N	\N	\N	\N	\N	\N	\N	\N	\N	\N	\N	\N	\N	\N	\N	\N	\N	\N	\N	\N	\N	\N	\N	\N	\N	\N
56	55	\N	\N	\N	\N	\N	\N	\N	\N	\N	\N	\N	\N	\N	\N	\N	\N	\N	\N	\N	\N	\N	\N	\N	\N	\N	\N	\N	\N	\N	\N	\N
57	56	\N	\N	\N	\N	\N	\N	\N	\N	\N	\N	\N	\N	\N	\N	\N	\N	\N	\N	\N	\N	\N	\N	\N	\N	\N	\N	\N	\N	\N	\N	\N
58	57	\N	\N	\N	\N	\N	\N	\N	\N	\N	\N	\N	\N	\N	\N	\N	\N	\N	\N	\N	\N	\N	\N	\N	\N	\N	\N	\N	\N	\N	\N	\N
59	58	\N	\N	\N	\N	\N	\N	\N	\N	\N	\N	\N	\N	\N	\N	\N	\N	\N	\N	\N	\N	\N	\N	\N	\N	\N	\N	\N	\N	\N	\N	\N
60	59	\N	\N	\N	\N	\N	\N	\N	\N	\N	\N	\N	\N	\N	\N	\N	\N	\N	\N	\N	\N	\N	\N	\N	\N	\N	\N	\N	\N	\N	\N	\N
61	60	\N	\N	\N	\N	\N	\N	\N	\N	\N	\N	\N	\N	\N	\N	\N	\N	\N	\N	\N	\N	\N	\N	\N	\N	\N	\N	\N	\N	\N	\N	\N
62	61	\N	\N	\N	\N	\N	\N	\N	\N	\N	\N	\N	\N	\N	\N	\N	\N	\N	\N	\N	\N	\N	\N	\N	\N	\N	\N	\N	\N	\N	\N	\N
63	62	\N	\N	\N	\N	\N	\N	\N	\N	\N	\N	\N	\N	\N	\N	\N	\N	\N	\N	\N	\N	\N	\N	\N	\N	\N	\N	\N	\N	\N	\N	\N
64	63	\N	\N	\N	\N	\N	\N	\N	\N	\N	\N	\N	\N	\N	\N	\N	\N	\N	\N	\N	\N	\N	\N	\N	\N	\N	\N	\N	\N	\N	\N	\N
65	64	\N	\N	\N	\N	\N	\N	\N	\N	\N	\N	\N	\N	\N	\N	\N	\N	\N	\N	\N	\N	\N	\N	\N	\N	\N	\N	\N	\N	\N	\N	\N
66	65	\N	\N	\N	\N	\N	\N	\N	\N	\N	\N	\N	\N	\N	\N	\N	\N	\N	\N	\N	\N	\N	\N	\N	\N	\N	\N	\N	\N	\N	\N	\N
67	66	\N	\N	\N	\N	\N	\N	\N	\N	\N	\N	\N	\N	\N	\N	\N	\N	\N	\N	\N	\N	\N	\N	\N	\N	\N	\N	\N	\N	\N	\N	\N
68	67	\N	\N	\N	\N	\N	\N	\N	\N	\N	\N	\N	\N	\N	\N	\N	\N	\N	\N	\N	\N	\N	\N	\N	\N	\N	\N	\N	\N	\N	\N	\N
69	68	\N	\N	\N	\N	\N	\N	\N	\N	\N	\N	\N	\N	\N	\N	\N	\N	\N	\N	\N	\N	\N	\N	\N	\N	\N	\N	\N	\N	\N	\N	\N
70	69	\N	\N	\N	\N	\N	\N	\N	\N	\N	\N	\N	\N	\N	\N	\N	\N	\N	\N	\N	\N	\N	\N	\N	\N	\N	\N	\N	\N	\N	\N	\N
71	70	\N	\N	\N	\N	\N	\N	\N	\N	\N	\N	\N	\N	\N	\N	\N	\N	\N	\N	\N	\N	\N	\N	\N	\N	\N	\N	\N	\N	\N	\N	\N
72	71	\N	\N	\N	\N	\N	\N	\N	\N	\N	\N	\N	\N	\N	\N	\N	\N	\N	\N	\N	\N	\N	\N	\N	\N	\N	\N	\N	\N	\N	\N	\N
73	72	\N	\N	\N	\N	\N	\N	\N	\N	\N	\N	\N	\N	\N	\N	\N	\N	\N	\N	\N	\N	\N	\N	\N	\N	\N	\N	\N	\N	\N	\N	\N
74	73	\N	\N	\N	\N	\N	\N	\N	\N	\N	\N	\N	\N	\N	\N	\N	\N	\N	\N	\N	\N	\N	\N	\N	\N	\N	\N	\N	\N	\N	\N	\N
75	74	\N	\N	\N	\N	\N	\N	\N	\N	\N	\N	\N	\N	\N	\N	\N	\N	\N	\N	\N	\N	\N	\N	\N	\N	\N	\N	\N	\N	\N	\N	\N
76	75	\N	\N	\N	\N	\N	\N	\N	\N	\N	\N	\N	\N	\N	\N	\N	\N	\N	\N	\N	\N	\N	\N	\N	\N	\N	\N	\N	\N	\N	\N	\N
77	76	\N	\N	\N	\N	\N	\N	\N	\N	\N	\N	\N	\N	\N	\N	\N	\N	\N	\N	\N	\N	\N	\N	\N	\N	\N	\N	\N	\N	\N	\N	\N
78	77	\N	\N	\N	\N	\N	\N	\N	\N	\N	\N	\N	\N	\N	\N	\N	\N	\N	\N	\N	\N	\N	\N	\N	\N	\N	\N	\N	\N	\N	\N	\N
79	78	\N	\N	\N	\N	\N	\N	\N	\N	\N	\N	\N	\N	\N	\N	\N	\N	\N	\N	\N	\N	\N	\N	\N	\N	\N	\N	\N	\N	\N	\N	\N
80	79	\N	\N	\N	\N	\N	\N	\N	\N	\N	\N	\N	\N	\N	\N	\N	\N	\N	\N	\N	\N	\N	\N	\N	\N	\N	\N	\N	\N	\N	\N	\N
81	80	\N	\N	\N	\N	\N	\N	\N	\N	\N	\N	\N	\N	\N	\N	\N	\N	\N	\N	\N	\N	\N	\N	\N	\N	\N	\N	\N	\N	\N	\N	\N
82	81	\N	\N	\N	\N	\N	\N	\N	\N	\N	\N	\N	\N	\N	\N	\N	\N	\N	\N	\N	\N	\N	\N	\N	\N	\N	\N	\N	\N	\N	\N	\N
83	82	\N	\N	\N	\N	\N	\N	\N	\N	\N	\N	\N	\N	\N	\N	\N	\N	\N	\N	\N	\N	\N	\N	\N	\N	\N	\N	\N	\N	\N	\N	\N
84	83	\N	\N	\N	\N	\N	\N	\N	\N	\N	\N	\N	\N	\N	\N	\N	\N	\N	\N	\N	\N	\N	\N	\N	\N	\N	\N	\N	\N	\N	\N	\N
85	84	\N	\N	\N	\N	\N	\N	\N	\N	\N	\N	\N	\N	\N	\N	\N	\N	\N	\N	\N	\N	\N	\N	\N	\N	\N	\N	\N	\N	\N	\N	\N
86	85	\N	\N	\N	\N	\N	\N	\N	\N	\N	\N	\N	\N	\N	\N	\N	\N	\N	\N	\N	\N	\N	\N	\N	\N	\N	\N	\N	\N	\N	\N	\N
87	86	\N	\N	\N	\N	\N	\N	\N	\N	\N	\N	\N	\N	\N	\N	\N	\N	\N	\N	\N	\N	\N	\N	\N	\N	\N	\N	\N	\N	\N	\N	\N
88	87	\N	\N	\N	\N	\N	\N	\N	\N	\N	\N	\N	\N	\N	\N	\N	\N	\N	\N	\N	\N	\N	\N	\N	\N	\N	\N	\N	\N	\N	\N	\N
89	88	\N	\N	\N	\N	\N	\N	\N	\N	\N	\N	\N	\N	\N	\N	\N	\N	\N	\N	\N	\N	\N	\N	\N	\N	\N	\N	\N	\N	\N	\N	\N
90	89	\N	\N	\N	\N	\N	\N	\N	\N	\N	\N	\N	\N	\N	\N	\N	\N	\N	\N	\N	\N	\N	\N	\N	\N	\N	\N	\N	\N	\N	\N	\N
91	90	\N	\N	\N	\N	\N	\N	\N	\N	\N	\N	\N	\N	\N	\N	\N	\N	\N	\N	\N	\N	\N	\N	\N	\N	\N	\N	\N	\N	\N	\N	\N
92	91	\N	\N	\N	\N	\N	\N	\N	\N	\N	\N	\N	\N	\N	\N	\N	\N	\N	\N	\N	\N	\N	\N	\N	\N	\N	\N	\N	\N	\N	\N	\N
93	92	\N	\N	\N	\N	\N	\N	\N	\N	\N	\N	\N	\N	\N	\N	\N	\N	\N	\N	\N	\N	\N	\N	\N	\N	\N	\N	\N	\N	\N	\N	\N
94	93	\N	\N	\N	\N	\N	\N	\N	\N	\N	\N	\N	\N	\N	\N	\N	\N	\N	\N	\N	\N	\N	\N	\N	\N	\N	\N	\N	\N	\N	\N	\N
95	94	\N	\N	\N	\N	\N	\N	\N	\N	\N	\N	\N	\N	\N	\N	\N	\N	\N	\N	\N	\N	\N	\N	\N	\N	\N	\N	\N	\N	\N	\N	\N
96	95	\N	\N	\N	\N	\N	\N	\N	\N	\N	\N	\N	\N	\N	\N	\N	\N	\N	\N	\N	\N	\N	\N	\N	\N	\N	\N	\N	\N	\N	\N	\N
97	96	\N	\N	\N	\N	\N	\N	\N	\N	\N	\N	\N	\N	\N	\N	\N	\N	\N	\N	\N	\N	\N	\N	\N	\N	\N	\N	\N	\N	\N	\N	\N
98	97	\N	\N	\N	\N	\N	\N	\N	\N	\N	\N	\N	\N	\N	\N	\N	\N	\N	\N	\N	\N	\N	\N	\N	\N	\N	\N	\N	\N	\N	\N	\N
99	98	\N	\N	\N	\N	\N	\N	\N	\N	\N	\N	\N	\N	\N	\N	\N	\N	\N	\N	\N	\N	\N	\N	\N	\N	\N	\N	\N	\N	\N	\N	\N
100	99	\N	\N	\N	\N	\N	\N	\N	\N	\N	\N	\N	\N	\N	\N	\N	\N	\N	\N	\N	\N	\N	\N	\N	\N	\N	\N	\N	\N	\N	\N	\N
101	100	\N	\N	\N	\N	\N	\N	\N	\N	\N	\N	\N	\N	\N	\N	\N	\N	\N	\N	\N	\N	\N	\N	\N	\N	\N	\N	\N	\N	\N	\N	\N
102	101	\N	\N	\N	\N	\N	\N	\N	\N	\N	\N	\N	\N	\N	\N	\N	\N	\N	\N	\N	\N	\N	\N	\N	\N	\N	\N	\N	\N	\N	\N	\N
103	102	\N	\N	\N	\N	\N	\N	\N	\N	\N	\N	\N	\N	\N	\N	\N	\N	\N	\N	\N	\N	\N	\N	\N	\N	\N	\N	\N	\N	\N	\N	\N
104	103	\N	\N	\N	\N	\N	\N	\N	\N	\N	\N	\N	\N	\N	\N	\N	\N	\N	\N	\N	\N	\N	\N	\N	\N	\N	\N	\N	\N	\N	\N	\N
105	104	\N	\N	\N	\N	\N	\N	\N	\N	\N	\N	\N	\N	\N	\N	\N	\N	\N	\N	\N	\N	\N	\N	\N	\N	\N	\N	\N	\N	\N	\N	\N
106	105	\N	\N	\N	\N	\N	\N	\N	\N	\N	\N	\N	\N	\N	\N	\N	\N	\N	\N	\N	\N	\N	\N	\N	\N	\N	\N	\N	\N	\N	\N	\N
107	106	\N	\N	\N	\N	\N	\N	\N	\N	\N	\N	\N	\N	\N	\N	\N	\N	\N	\N	\N	\N	\N	\N	\N	\N	\N	\N	\N	\N	\N	\N	\N
108	107	\N	\N	\N	\N	\N	\N	\N	\N	\N	\N	\N	\N	\N	\N	\N	\N	\N	\N	\N	\N	\N	\N	\N	\N	\N	\N	\N	\N	\N	\N	\N
109	108	\N	\N	\N	\N	\N	\N	\N	\N	\N	\N	\N	\N	\N	\N	\N	\N	\N	\N	\N	\N	\N	\N	\N	\N	\N	\N	\N	\N	\N	\N	\N
110	109	\N	\N	\N	\N	\N	\N	\N	\N	\N	\N	\N	\N	\N	\N	\N	\N	\N	\N	\N	\N	\N	\N	\N	\N	\N	\N	\N	\N	\N	\N	\N
111	110	\N	\N	\N	\N	\N	\N	\N	\N	\N	\N	\N	\N	\N	\N	\N	\N	\N	\N	\N	\N	\N	\N	\N	\N	\N	\N	\N	\N	\N	\N	\N
112	111	\N	\N	\N	\N	\N	\N	\N	\N	\N	\N	\N	\N	\N	\N	\N	\N	\N	\N	\N	\N	\N	\N	\N	\N	\N	\N	\N	\N	\N	\N	\N
113	112	\N	\N	\N	\N	\N	\N	\N	\N	\N	\N	\N	\N	\N	\N	\N	\N	\N	\N	\N	\N	\N	\N	\N	\N	\N	\N	\N	\N	\N	\N	\N
114	113	\N	\N	\N	\N	\N	\N	\N	\N	\N	\N	\N	\N	\N	\N	\N	\N	\N	\N	\N	\N	\N	\N	\N	\N	\N	\N	\N	\N	\N	\N	\N
115	114	\N	\N	\N	\N	\N	\N	\N	\N	\N	\N	\N	\N	\N	\N	\N	\N	\N	\N	\N	\N	\N	\N	\N	\N	\N	\N	\N	\N	\N	\N	\N
116	115	\N	\N	\N	\N	\N	\N	\N	\N	\N	\N	\N	\N	\N	\N	\N	\N	\N	\N	\N	\N	\N	\N	\N	\N	\N	\N	\N	\N	\N	\N	\N
117	116	\N	\N	\N	\N	\N	\N	\N	\N	\N	\N	\N	\N	\N	\N	\N	\N	\N	\N	\N	\N	\N	\N	\N	\N	\N	\N	\N	\N	\N	\N	\N
118	117	\N	\N	\N	\N	\N	\N	\N	\N	\N	\N	\N	\N	\N	\N	\N	\N	\N	\N	\N	\N	\N	\N	\N	\N	\N	\N	\N	\N	\N	\N	\N
119	118	\N	\N	\N	\N	\N	\N	\N	\N	\N	\N	\N	\N	\N	\N	\N	\N	\N	\N	\N	\N	\N	\N	\N	\N	\N	\N	\N	\N	\N	\N	\N
120	119	\N	\N	\N	\N	\N	\N	\N	\N	\N	\N	\N	\N	\N	\N	\N	\N	\N	\N	\N	\N	\N	\N	\N	\N	\N	\N	\N	\N	\N	\N	\N
121	120	\N	\N	\N	\N	\N	\N	\N	\N	\N	\N	\N	\N	\N	\N	\N	\N	\N	\N	\N	\N	\N	\N	\N	\N	\N	\N	\N	\N	\N	\N	\N
122	121	\N	\N	\N	\N	\N	\N	\N	\N	\N	\N	\N	\N	\N	\N	\N	\N	\N	\N	\N	\N	\N	\N	\N	\N	\N	\N	\N	\N	\N	\N	\N
\.


--
-- Data for Name: zkapp_timing_info; Type: TABLE DATA; Schema: public; Owner: postgres
--

COPY public.zkapp_timing_info (id, initial_minimum_balance, cliff_time, cliff_amount, vesting_period, vesting_increment) FROM stdin;
\.


--
-- Data for Name: zkapp_token_id_bounds; Type: TABLE DATA; Schema: public; Owner: postgres
--

COPY public.zkapp_token_id_bounds (id, token_id_lower_bound, token_id_upper_bound) FROM stdin;
\.


--
-- Data for Name: zkapp_updates; Type: TABLE DATA; Schema: public; Owner: postgres
--

COPY public.zkapp_updates (id, app_state_id, delegate_id, verification_key_id, permissions_id, zkapp_uri_id, token_symbol_id, timing_id, voting_for_id) FROM stdin;
1	1	\N	\N	\N	\N	\N	\N	\N
2	1	\N	1	1	\N	\N	\N	\N
3	2	\N	\N	\N	\N	\N	\N	\N
4	3	\N	\N	\N	\N	\N	\N	\N
5	4	\N	\N	\N	\N	\N	\N	\N
6	5	\N	\N	\N	\N	\N	\N	\N
7	6	\N	\N	\N	\N	\N	\N	\N
8	7	\N	\N	\N	\N	\N	\N	\N
9	8	\N	\N	\N	\N	\N	\N	\N
10	9	\N	\N	\N	\N	\N	\N	\N
11	10	\N	\N	\N	\N	\N	\N	\N
12	11	\N	\N	\N	\N	\N	\N	\N
13	12	\N	\N	\N	\N	\N	\N	\N
14	13	\N	\N	\N	\N	\N	\N	\N
15	14	\N	\N	\N	\N	\N	\N	\N
16	15	\N	\N	\N	\N	\N	\N	\N
17	16	\N	\N	\N	\N	\N	\N	\N
18	17	\N	\N	\N	\N	\N	\N	\N
19	18	\N	\N	\N	\N	\N	\N	\N
20	19	\N	\N	\N	\N	\N	\N	\N
21	20	\N	\N	\N	\N	\N	\N	\N
22	21	\N	\N	\N	\N	\N	\N	\N
23	22	\N	\N	\N	\N	\N	\N	\N
24	23	\N	\N	\N	\N	\N	\N	\N
25	24	\N	\N	\N	\N	\N	\N	\N
26	25	\N	\N	\N	\N	\N	\N	\N
27	26	\N	\N	\N	\N	\N	\N	\N
28	27	\N	\N	\N	\N	\N	\N	\N
29	28	\N	\N	\N	\N	\N	\N	\N
30	29	\N	\N	\N	\N	\N	\N	\N
31	30	\N	\N	\N	\N	\N	\N	\N
32	31	\N	\N	\N	\N	\N	\N	\N
33	32	\N	\N	\N	\N	\N	\N	\N
34	33	\N	\N	\N	\N	\N	\N	\N
35	34	\N	\N	\N	\N	\N	\N	\N
36	35	\N	\N	\N	\N	\N	\N	\N
37	36	\N	\N	\N	\N	\N	\N	\N
38	37	\N	\N	\N	\N	\N	\N	\N
39	38	\N	\N	\N	\N	\N	\N	\N
40	39	\N	\N	\N	\N	\N	\N	\N
41	40	\N	\N	\N	\N	\N	\N	\N
42	41	\N	\N	\N	\N	\N	\N	\N
43	42	\N	\N	\N	\N	\N	\N	\N
44	43	\N	\N	\N	\N	\N	\N	\N
45	44	\N	\N	\N	\N	\N	\N	\N
46	45	\N	\N	\N	\N	\N	\N	\N
47	46	\N	\N	\N	\N	\N	\N	\N
48	47	\N	\N	\N	\N	\N	\N	\N
49	48	\N	\N	\N	\N	\N	\N	\N
50	49	\N	\N	\N	\N	\N	\N	\N
51	50	\N	\N	\N	\N	\N	\N	\N
52	51	\N	\N	\N	\N	\N	\N	\N
53	52	\N	\N	\N	\N	\N	\N	\N
54	53	\N	\N	\N	\N	\N	\N	\N
55	54	\N	\N	\N	\N	\N	\N	\N
56	55	\N	\N	\N	\N	\N	\N	\N
57	56	\N	\N	\N	\N	\N	\N	\N
58	57	\N	\N	\N	\N	\N	\N	\N
59	58	\N	\N	\N	\N	\N	\N	\N
60	59	\N	\N	\N	\N	\N	\N	\N
61	60	\N	\N	\N	\N	\N	\N	\N
62	61	\N	\N	\N	\N	\N	\N	\N
63	62	\N	\N	\N	\N	\N	\N	\N
64	63	\N	\N	\N	\N	\N	\N	\N
65	64	\N	\N	\N	\N	\N	\N	\N
66	65	\N	\N	\N	\N	\N	\N	\N
67	66	\N	\N	\N	\N	\N	\N	\N
68	67	\N	\N	\N	\N	\N	\N	\N
69	68	\N	\N	\N	\N	\N	\N	\N
70	69	\N	\N	\N	\N	\N	\N	\N
71	70	\N	\N	\N	\N	\N	\N	\N
72	71	\N	\N	\N	\N	\N	\N	\N
73	72	\N	\N	\N	\N	\N	\N	\N
74	73	\N	\N	\N	\N	\N	\N	\N
75	74	\N	\N	\N	\N	\N	\N	\N
76	75	\N	\N	\N	\N	\N	\N	\N
77	76	\N	\N	\N	\N	\N	\N	\N
78	77	\N	\N	\N	\N	\N	\N	\N
79	78	\N	\N	\N	\N	\N	\N	\N
80	79	\N	\N	\N	\N	\N	\N	\N
81	80	\N	\N	\N	\N	\N	\N	\N
82	81	\N	\N	\N	\N	\N	\N	\N
83	82	\N	\N	\N	\N	\N	\N	\N
84	83	\N	\N	\N	\N	\N	\N	\N
85	84	\N	\N	\N	\N	\N	\N	\N
86	85	\N	\N	\N	\N	\N	\N	\N
87	86	\N	\N	\N	\N	\N	\N	\N
88	87	\N	\N	\N	\N	\N	\N	\N
89	88	\N	\N	\N	\N	\N	\N	\N
90	89	\N	\N	\N	\N	\N	\N	\N
91	90	\N	\N	\N	\N	\N	\N	\N
92	91	\N	\N	\N	\N	\N	\N	\N
93	92	\N	\N	\N	\N	\N	\N	\N
94	93	\N	\N	\N	\N	\N	\N	\N
95	94	\N	\N	\N	\N	\N	\N	\N
96	95	\N	\N	\N	\N	\N	\N	\N
97	96	\N	\N	\N	\N	\N	\N	\N
98	97	\N	\N	\N	\N	\N	\N	\N
99	98	\N	\N	\N	\N	\N	\N	\N
100	99	\N	\N	\N	\N	\N	\N	\N
101	100	\N	\N	\N	\N	\N	\N	\N
102	101	\N	\N	\N	\N	\N	\N	\N
103	102	\N	\N	\N	\N	\N	\N	\N
104	103	\N	\N	\N	\N	\N	\N	\N
105	104	\N	\N	\N	\N	\N	\N	\N
106	105	\N	\N	\N	\N	\N	\N	\N
107	106	\N	\N	\N	\N	\N	\N	\N
108	107	\N	\N	\N	\N	\N	\N	\N
109	108	\N	\N	\N	\N	\N	\N	\N
110	109	\N	\N	\N	\N	\N	\N	\N
111	110	\N	\N	\N	\N	\N	\N	\N
112	111	\N	\N	\N	\N	\N	\N	\N
113	112	\N	\N	\N	\N	\N	\N	\N
114	113	\N	\N	\N	\N	\N	\N	\N
115	114	\N	\N	\N	\N	\N	\N	\N
116	115	\N	\N	\N	\N	\N	\N	\N
117	116	\N	\N	\N	\N	\N	\N	\N
118	117	\N	\N	\N	\N	\N	\N	\N
119	118	\N	\N	\N	\N	\N	\N	\N
120	119	\N	\N	\N	\N	\N	\N	\N
121	120	\N	\N	\N	\N	\N	\N	\N
122	121	\N	\N	\N	\N	\N	\N	\N
123	122	\N	\N	\N	\N	\N	\N	\N
\.


--
-- Data for Name: zkapp_uris; Type: TABLE DATA; Schema: public; Owner: postgres
--

COPY public.zkapp_uris (id, value) FROM stdin;
\.


--
-- Data for Name: zkapp_verification_key_hashes; Type: TABLE DATA; Schema: public; Owner: postgres
--

COPY public.zkapp_verification_key_hashes (id, value) FROM stdin;
1	330109536550383627416201330124291596191867681867265169258470531313815097966
\.


--
-- Data for Name: zkapp_verification_keys; Type: TABLE DATA; Schema: public; Owner: postgres
--

COPY public.zkapp_verification_keys (id, verification_key, hash_id) FROM stdin;
1	AACcenc1yLdGBm4xtUN1dpModROI0zovuy5rz2a94vfdBgG1C75BqviU4vw6JUYqODF8n9ivtfeU5s9PcpEGIP0htil2mfx8v2DB5RuNQ7VxJWkha0TSnJJsOl0FxhjldBbOY3tUZzZxHpPhHOKHz/ZAXRYFIsf2x+7boXC0iPurEX9VcnaJIq+YxxmnSfeYYxHkjxO9lrDBqjXzd5AHMnYyjTPC69B+5In7AOGS6R+A/g3/aR/MKDa4eDVrnsF9Oy/Ay8ahic2sSAZvtn08MdRyk/jm2cLlJbeAAad6Xyz/H9l7JrkbVwDMMPxvHVHs27tNoJCzIlrRzB7pg3ju9aQOu4h3thDr+WSgFQWKvcRPeL7f3TFjIr8WZ2457RgMcTwXwORKbqJCcyKVNOE+FlNwVkOKER+WIpC0OlgGuayPFwQQkbb91jaRlJvahfwkbF2+AJmDnavmNpop9T+/Xak1adXIrsRPeOjC+qIKxIbGimoMOoYzYlevKA80LnJ7HC0IxR+yNLvoSYxDDPNRD+OCCxk5lM2h8IDUiCNWH4FZNJ+doiigKjyZlu/xZ7jHcX7qibu/32KFTX85DPSkQM8dABl309Ne9XzDAjA7rvef7vicw7KNgt56kWcEUki0o3M1yfbB8UxOSuOP07pw5+vrNHINMmJAuEKtNPwa5HvXBA4KR89XcqLS/NP7lwCEej/L8q8R7sKGMCXmgFYluWH4JBSPDgvMxScfjFS33oBNb7po8cLnAORzohXoYTSgztklD0mKn6EegLbkLtwwr9ObsLz3m7fp/3wkNWFRkY5xzSZN1VybbQbmpyQNCpxd/kdDsvlszqlowkyC8HnKbhnvE0Mrz3ZIk4vSs/UGBSXAoESFCFCPcTq11TCOhE5rumMJErv5LusDHJgrBtQUMibLU9A1YbF7SPDAR2QZd0yx3wZoHstfG3lbbtZcnaUabgu8tRdZiwRfX+rV+EBDCClOIpZn5V2SIpPpehhCpEBgDKUT0y2dgMO53Wc7OBDUFfkNX+JGhhD4fuA7IGFdIdthrwcbckBm0CBsRcVLlp+qlQ7a7ryGkxT8Bm3kEjVuRCYk6CbAfdT5lbKbQ7xYK4E2PfzQ2lMDwwuxRP+K2iQgP8UoGIBiUYI0lRvphhDkbCweEg0Owjz1pTUF/uiiMyVPsAyeoyh5fvmUgaNBkf5Hjh0xOGUbSHzawovjubcH7qWjIZoghZJ16QB1c0ryiAfHB48OHhs2p/JZWz8Dp7kfcPkeg2Of2NbupJlNVMLIH4IGWaPAscBRkZ+F4oLqOhJ5as7fAzzU8PQdeZi0YgssGDJVmNEHP61I16KZNcxQqR0EUVwhyMmYmpVjvtfhHi/6IxY/aPPEtcmsYEuy/JUaIuM0ZvnPNyB2E2Ckec+wJmooYjWXxYrXimjXWgv3IUGOiLDuQ0uGmrG5Bk+gyhZ5bhlVmlVsP8zA+xuHylyiww/Lercce7cq0YA5PtYS3ge9IDYwXckBUXb5ikD3alrrv5mvMu6itB7ix2f8lbiF9Fkmc4Bk2ycIWXJDCuBN+2sTFqzUeoT6xY8XWaOcnDvqOgSm/CCSv38umiOE2jEpsKYxhRc6W70UJkrzd3hr2DiSF1I2B+krpUVK1GeOdCLC5sl7YPzk+pF8183uI9wse6UTlqIiroKqsggzLBy/IjAfxS0BxFy5zywXqp+NogFkoTEJmR5MaqOkPfap+OsD1lGScY6+X4WW/HqCWrmA3ZTqDGngQMTGXLCtl6IS/cQpihS1NRbNqOtKTaCB9COQu0oz6RivBlywuaj3MKUdmbQ2gVDj+SGQItCNaXawyPSBjB9VT+68SoJVySQsYPCuEZCb0V/40n/a7RAbyrnNjP+2HwD7p27Pl1RSzqq35xiPdnycD1UeEPLpx/ON65mYCkn+KLQZmkqPio+vA2KmJngWTx+ol4rVFimGm76VT0xCFDsu2K0YX0yoLNH4u2XfmT9NR8gGfkVRCnnNjlbgHQmEwC75+GmEJ5DjD3d+s6IXTQ60MHvxbTHHlnfmPbgKn2SAI0uVoewKC9GyK6dSaboLw3C48jl0E2kyc+7umhCk3kEeWmt//GSjRNhoq+B+mynXiOtgFs/Am2v1TBjSb+6tcijsf5tFJmeGxlCjJnTdNWBkSHpMoo6OFkkpA6/FBAUHLSM7Yv8oYyd0GtwF5cCwQ6aRTbl9oG/mUn5Q92OnDMQcUjpgEho0Dcp2OqZyyxqQSPrbIIZZQrS2HkxBgjcfcSTuSHo7ONqlRjLUpO5yS95VLGXBLLHuCiIMGT+DW6DoJRtRIS+JieVWBoX0YsWgYInXrVlWUv6gDng5AyVFkUIFwZk7/3mVAgvXO83ArVKA4S747jT60w5bgV4Jy55slDM=	1
\.


--
-- Name: account_identifiers_id_seq; Type: SEQUENCE SET; Schema: public; Owner: postgres
--

SELECT pg_catalog.setval('public.account_identifiers_id_seq', 243, true);


--
-- Name: blocks_id_seq; Type: SEQUENCE SET; Schema: public; Owner: postgres
--

SELECT pg_catalog.setval('public.blocks_id_seq', 33, true);


--
-- Name: epoch_data_id_seq; Type: SEQUENCE SET; Schema: public; Owner: postgres
--

SELECT pg_catalog.setval('public.epoch_data_id_seq', 34, true);


--
-- Name: internal_commands_id_seq; Type: SEQUENCE SET; Schema: public; Owner: postgres
--

SELECT pg_catalog.setval('public.internal_commands_id_seq', 24, true);


--
-- Name: protocol_versions_id_seq; Type: SEQUENCE SET; Schema: public; Owner: postgres
--

SELECT pg_catalog.setval('public.protocol_versions_id_seq', 1, true);


--
-- Name: public_keys_id_seq; Type: SEQUENCE SET; Schema: public; Owner: postgres
--

SELECT pg_catalog.setval('public.public_keys_id_seq', 243, true);


--
-- Name: snarked_ledger_hashes_id_seq; Type: SEQUENCE SET; Schema: public; Owner: postgres
--

SELECT pg_catalog.setval('public.snarked_ledger_hashes_id_seq', 1, true);


--
-- Name: timing_info_id_seq; Type: SEQUENCE SET; Schema: public; Owner: postgres
--

SELECT pg_catalog.setval('public.timing_info_id_seq', 242, true);


--
-- Name: token_symbols_id_seq; Type: SEQUENCE SET; Schema: public; Owner: postgres
--

SELECT pg_catalog.setval('public.token_symbols_id_seq', 1, true);


--
-- Name: tokens_id_seq; Type: SEQUENCE SET; Schema: public; Owner: postgres
--

SELECT pg_catalog.setval('public.tokens_id_seq', 1, true);


--
-- Name: user_commands_id_seq; Type: SEQUENCE SET; Schema: public; Owner: postgres
--

SELECT pg_catalog.setval('public.user_commands_id_seq', 123, true);


--
-- Name: voting_for_id_seq; Type: SEQUENCE SET; Schema: public; Owner: postgres
--

SELECT pg_catalog.setval('public.voting_for_id_seq', 1, true);


--
-- Name: zkapp_account_precondition_id_seq; Type: SEQUENCE SET; Schema: public; Owner: postgres
--

SELECT pg_catalog.setval('public.zkapp_account_precondition_id_seq', 123, true);


--
-- Name: zkapp_account_update_body_id_seq; Type: SEQUENCE SET; Schema: public; Owner: postgres
--

SELECT pg_catalog.setval('public.zkapp_account_update_body_id_seq', 245, true);


--
-- Name: zkapp_account_update_failures_id_seq; Type: SEQUENCE SET; Schema: public; Owner: postgres
--

SELECT pg_catalog.setval('public.zkapp_account_update_failures_id_seq', 4, true);


--
-- Name: zkapp_account_update_id_seq; Type: SEQUENCE SET; Schema: public; Owner: postgres
--

SELECT pg_catalog.setval('public.zkapp_account_update_id_seq', 245, true);


--
-- Name: zkapp_accounts_id_seq; Type: SEQUENCE SET; Schema: public; Owner: postgres
--

SELECT pg_catalog.setval('public.zkapp_accounts_id_seq', 1, false);


--
-- Name: zkapp_action_states_id_seq; Type: SEQUENCE SET; Schema: public; Owner: postgres
--

SELECT pg_catalog.setval('public.zkapp_action_states_id_seq', 1, false);


--
-- Name: zkapp_amount_bounds_id_seq; Type: SEQUENCE SET; Schema: public; Owner: postgres
--

SELECT pg_catalog.setval('public.zkapp_amount_bounds_id_seq', 1, false);


--
-- Name: zkapp_balance_bounds_id_seq; Type: SEQUENCE SET; Schema: public; Owner: postgres
--

SELECT pg_catalog.setval('public.zkapp_balance_bounds_id_seq', 1, false);


--
-- Name: zkapp_commands_id_seq; Type: SEQUENCE SET; Schema: public; Owner: postgres
--

SELECT pg_catalog.setval('public.zkapp_commands_id_seq', 243, true);


--
-- Name: zkapp_epoch_data_id_seq; Type: SEQUENCE SET; Schema: public; Owner: postgres
--

SELECT pg_catalog.setval('public.zkapp_epoch_data_id_seq', 1, true);


--
-- Name: zkapp_epoch_ledger_id_seq; Type: SEQUENCE SET; Schema: public; Owner: postgres
--

SELECT pg_catalog.setval('public.zkapp_epoch_ledger_id_seq', 1, true);


--
-- Name: zkapp_events_id_seq; Type: SEQUENCE SET; Schema: public; Owner: postgres
--

SELECT pg_catalog.setval('public.zkapp_events_id_seq', 1, true);


--
-- Name: zkapp_fee_payer_body_id_seq; Type: SEQUENCE SET; Schema: public; Owner: postgres
--

SELECT pg_catalog.setval('public.zkapp_fee_payer_body_id_seq', 243, true);


--
-- Name: zkapp_field_array_id_seq; Type: SEQUENCE SET; Schema: public; Owner: postgres
--

SELECT pg_catalog.setval('public.zkapp_field_array_id_seq', 1, false);


--
-- Name: zkapp_field_id_seq; Type: SEQUENCE SET; Schema: public; Owner: postgres
--

SELECT pg_catalog.setval('public.zkapp_field_id_seq', 121, true);


--
-- Name: zkapp_global_slot_bounds_id_seq; Type: SEQUENCE SET; Schema: public; Owner: postgres
--

SELECT pg_catalog.setval('public.zkapp_global_slot_bounds_id_seq', 1, false);


--
-- Name: zkapp_length_bounds_id_seq; Type: SEQUENCE SET; Schema: public; Owner: postgres
--

SELECT pg_catalog.setval('public.zkapp_length_bounds_id_seq', 1, false);


--
-- Name: zkapp_network_precondition_id_seq; Type: SEQUENCE SET; Schema: public; Owner: postgres
--

SELECT pg_catalog.setval('public.zkapp_network_precondition_id_seq', 1, true);


--
-- Name: zkapp_nonce_bounds_id_seq; Type: SEQUENCE SET; Schema: public; Owner: postgres
--

SELECT pg_catalog.setval('public.zkapp_nonce_bounds_id_seq', 122, true);


--
-- Name: zkapp_permissions_id_seq; Type: SEQUENCE SET; Schema: public; Owner: postgres
--

SELECT pg_catalog.setval('public.zkapp_permissions_id_seq', 1, true);


--
-- Name: zkapp_states_id_seq; Type: SEQUENCE SET; Schema: public; Owner: postgres
--

SELECT pg_catalog.setval('public.zkapp_states_id_seq', 1, false);


--
-- Name: zkapp_states_nullable_id_seq; Type: SEQUENCE SET; Schema: public; Owner: postgres
--

SELECT pg_catalog.setval('public.zkapp_states_nullable_id_seq', 122, true);


--
-- Name: zkapp_timing_info_id_seq; Type: SEQUENCE SET; Schema: public; Owner: postgres
--

SELECT pg_catalog.setval('public.zkapp_timing_info_id_seq', 1, false);


--
-- Name: zkapp_token_id_bounds_id_seq; Type: SEQUENCE SET; Schema: public; Owner: postgres
--

SELECT pg_catalog.setval('public.zkapp_token_id_bounds_id_seq', 1, false);


--
-- Name: zkapp_updates_id_seq; Type: SEQUENCE SET; Schema: public; Owner: postgres
--

SELECT pg_catalog.setval('public.zkapp_updates_id_seq', 123, true);


--
-- Name: zkapp_uris_id_seq; Type: SEQUENCE SET; Schema: public; Owner: postgres
--

SELECT pg_catalog.setval('public.zkapp_uris_id_seq', 1, false);


--
-- Name: zkapp_verification_key_hashes_id_seq; Type: SEQUENCE SET; Schema: public; Owner: postgres
--

SELECT pg_catalog.setval('public.zkapp_verification_key_hashes_id_seq', 1, true);


--
-- Name: zkapp_verification_keys_id_seq; Type: SEQUENCE SET; Schema: public; Owner: postgres
--

SELECT pg_catalog.setval('public.zkapp_verification_keys_id_seq', 1, true);


--
-- Name: account_identifiers account_identifiers_pkey; Type: CONSTRAINT; Schema: public; Owner: postgres
--

ALTER TABLE ONLY public.account_identifiers
    ADD CONSTRAINT account_identifiers_pkey PRIMARY KEY (id);


--
-- Name: account_identifiers account_identifiers_public_key_id_token_id_key; Type: CONSTRAINT; Schema: public; Owner: postgres
--

ALTER TABLE ONLY public.account_identifiers
    ADD CONSTRAINT account_identifiers_public_key_id_token_id_key UNIQUE (public_key_id, token_id);


--
-- Name: accounts_accessed accounts_accessed_pkey; Type: CONSTRAINT; Schema: public; Owner: postgres
--

ALTER TABLE ONLY public.accounts_accessed
    ADD CONSTRAINT accounts_accessed_pkey PRIMARY KEY (block_id, account_identifier_id);


--
-- Name: accounts_created accounts_created_pkey; Type: CONSTRAINT; Schema: public; Owner: postgres
--

ALTER TABLE ONLY public.accounts_created
    ADD CONSTRAINT accounts_created_pkey PRIMARY KEY (block_id, account_identifier_id);


--
-- Name: blocks_internal_commands blocks_internal_commands_pkey; Type: CONSTRAINT; Schema: public; Owner: postgres
--

ALTER TABLE ONLY public.blocks_internal_commands
    ADD CONSTRAINT blocks_internal_commands_pkey PRIMARY KEY (block_id, internal_command_id, sequence_no, secondary_sequence_no);


--
-- Name: blocks blocks_pkey; Type: CONSTRAINT; Schema: public; Owner: postgres
--

ALTER TABLE ONLY public.blocks
    ADD CONSTRAINT blocks_pkey PRIMARY KEY (id);


--
-- Name: blocks blocks_state_hash_key; Type: CONSTRAINT; Schema: public; Owner: postgres
--

ALTER TABLE ONLY public.blocks
    ADD CONSTRAINT blocks_state_hash_key UNIQUE (state_hash);


--
-- Name: blocks_user_commands blocks_user_commands_pkey; Type: CONSTRAINT; Schema: public; Owner: postgres
--

ALTER TABLE ONLY public.blocks_user_commands
    ADD CONSTRAINT blocks_user_commands_pkey PRIMARY KEY (block_id, user_command_id, sequence_no);


--
-- Name: blocks_zkapp_commands blocks_zkapp_commands_pkey; Type: CONSTRAINT; Schema: public; Owner: postgres
--

ALTER TABLE ONLY public.blocks_zkapp_commands
    ADD CONSTRAINT blocks_zkapp_commands_pkey PRIMARY KEY (block_id, zkapp_command_id, sequence_no);


--
-- Name: epoch_data epoch_data_pkey; Type: CONSTRAINT; Schema: public; Owner: postgres
--

ALTER TABLE ONLY public.epoch_data
    ADD CONSTRAINT epoch_data_pkey PRIMARY KEY (id);


--
-- Name: epoch_data epoch_data_seed_ledger_hash_id_total_currency_start_checkpo_key; Type: CONSTRAINT; Schema: public; Owner: postgres
--

ALTER TABLE ONLY public.epoch_data
    ADD CONSTRAINT epoch_data_seed_ledger_hash_id_total_currency_start_checkpo_key UNIQUE (seed, ledger_hash_id, total_currency, start_checkpoint, lock_checkpoint, epoch_length);


--
-- Name: internal_commands internal_commands_hash_command_type_key; Type: CONSTRAINT; Schema: public; Owner: postgres
--

ALTER TABLE ONLY public.internal_commands
    ADD CONSTRAINT internal_commands_hash_command_type_key UNIQUE (hash, command_type);


--
-- Name: internal_commands internal_commands_pkey; Type: CONSTRAINT; Schema: public; Owner: postgres
--

ALTER TABLE ONLY public.internal_commands
    ADD CONSTRAINT internal_commands_pkey PRIMARY KEY (id);


--
-- Name: protocol_versions protocol_versions_pkey; Type: CONSTRAINT; Schema: public; Owner: postgres
--

ALTER TABLE ONLY public.protocol_versions
    ADD CONSTRAINT protocol_versions_pkey PRIMARY KEY (id);


--
-- Name: protocol_versions protocol_versions_transaction_network_patch_key; Type: CONSTRAINT; Schema: public; Owner: postgres
--

ALTER TABLE ONLY public.protocol_versions
    ADD CONSTRAINT protocol_versions_transaction_network_patch_key UNIQUE (transaction, network, patch);


--
-- Name: public_keys public_keys_pkey; Type: CONSTRAINT; Schema: public; Owner: postgres
--

ALTER TABLE ONLY public.public_keys
    ADD CONSTRAINT public_keys_pkey PRIMARY KEY (id);


--
-- Name: public_keys public_keys_value_key; Type: CONSTRAINT; Schema: public; Owner: postgres
--

ALTER TABLE ONLY public.public_keys
    ADD CONSTRAINT public_keys_value_key UNIQUE (value);


--
-- Name: snarked_ledger_hashes snarked_ledger_hashes_pkey; Type: CONSTRAINT; Schema: public; Owner: postgres
--

ALTER TABLE ONLY public.snarked_ledger_hashes
    ADD CONSTRAINT snarked_ledger_hashes_pkey PRIMARY KEY (id);


--
-- Name: snarked_ledger_hashes snarked_ledger_hashes_value_key; Type: CONSTRAINT; Schema: public; Owner: postgres
--

ALTER TABLE ONLY public.snarked_ledger_hashes
    ADD CONSTRAINT snarked_ledger_hashes_value_key UNIQUE (value);


--
-- Name: timing_info timing_info_pkey; Type: CONSTRAINT; Schema: public; Owner: postgres
--

ALTER TABLE ONLY public.timing_info
    ADD CONSTRAINT timing_info_pkey PRIMARY KEY (id);


--
-- Name: token_symbols token_symbols_pkey; Type: CONSTRAINT; Schema: public; Owner: postgres
--

ALTER TABLE ONLY public.token_symbols
    ADD CONSTRAINT token_symbols_pkey PRIMARY KEY (id);


--
-- Name: tokens tokens_pkey; Type: CONSTRAINT; Schema: public; Owner: postgres
--

ALTER TABLE ONLY public.tokens
    ADD CONSTRAINT tokens_pkey PRIMARY KEY (id);


--
-- Name: tokens tokens_value_key; Type: CONSTRAINT; Schema: public; Owner: postgres
--

ALTER TABLE ONLY public.tokens
    ADD CONSTRAINT tokens_value_key UNIQUE (value);


--
-- Name: user_commands user_commands_hash_key; Type: CONSTRAINT; Schema: public; Owner: postgres
--

ALTER TABLE ONLY public.user_commands
    ADD CONSTRAINT user_commands_hash_key UNIQUE (hash);


--
-- Name: user_commands user_commands_pkey; Type: CONSTRAINT; Schema: public; Owner: postgres
--

ALTER TABLE ONLY public.user_commands
    ADD CONSTRAINT user_commands_pkey PRIMARY KEY (id);


--
-- Name: voting_for voting_for_pkey; Type: CONSTRAINT; Schema: public; Owner: postgres
--

ALTER TABLE ONLY public.voting_for
    ADD CONSTRAINT voting_for_pkey PRIMARY KEY (id);


--
-- Name: zkapp_account_precondition zkapp_account_precondition_balance_id_receipt_chain_hash_de_key; Type: CONSTRAINT; Schema: public; Owner: postgres
--

ALTER TABLE ONLY public.zkapp_account_precondition
    ADD CONSTRAINT zkapp_account_precondition_balance_id_receipt_chain_hash_de_key UNIQUE (balance_id, receipt_chain_hash, delegate_id, state_id, action_state_id, proved_state, is_new, nonce_id);


--
-- Name: zkapp_account_precondition zkapp_account_precondition_pkey; Type: CONSTRAINT; Schema: public; Owner: postgres
--

ALTER TABLE ONLY public.zkapp_account_precondition
    ADD CONSTRAINT zkapp_account_precondition_pkey PRIMARY KEY (id);


--
-- Name: zkapp_account_update_body zkapp_account_update_body_pkey; Type: CONSTRAINT; Schema: public; Owner: postgres
--

ALTER TABLE ONLY public.zkapp_account_update_body
    ADD CONSTRAINT zkapp_account_update_body_pkey PRIMARY KEY (id);


--
-- Name: zkapp_account_update_failures zkapp_account_update_failures_pkey; Type: CONSTRAINT; Schema: public; Owner: postgres
--

ALTER TABLE ONLY public.zkapp_account_update_failures
    ADD CONSTRAINT zkapp_account_update_failures_pkey PRIMARY KEY (id);


--
-- Name: zkapp_account_update zkapp_account_update_pkey; Type: CONSTRAINT; Schema: public; Owner: postgres
--

ALTER TABLE ONLY public.zkapp_account_update
    ADD CONSTRAINT zkapp_account_update_pkey PRIMARY KEY (id);


--
-- Name: zkapp_accounts zkapp_accounts_pkey; Type: CONSTRAINT; Schema: public; Owner: postgres
--

ALTER TABLE ONLY public.zkapp_accounts
    ADD CONSTRAINT zkapp_accounts_pkey PRIMARY KEY (id);


--
-- Name: zkapp_action_states zkapp_action_states_pkey; Type: CONSTRAINT; Schema: public; Owner: postgres
--

ALTER TABLE ONLY public.zkapp_action_states
    ADD CONSTRAINT zkapp_action_states_pkey PRIMARY KEY (id);


--
-- Name: zkapp_amount_bounds zkapp_amount_bounds_pkey; Type: CONSTRAINT; Schema: public; Owner: postgres
--

ALTER TABLE ONLY public.zkapp_amount_bounds
    ADD CONSTRAINT zkapp_amount_bounds_pkey PRIMARY KEY (id);


--
-- Name: zkapp_balance_bounds zkapp_balance_bounds_pkey; Type: CONSTRAINT; Schema: public; Owner: postgres
--

ALTER TABLE ONLY public.zkapp_balance_bounds
    ADD CONSTRAINT zkapp_balance_bounds_pkey PRIMARY KEY (id);


--
-- Name: zkapp_commands zkapp_commands_hash_key; Type: CONSTRAINT; Schema: public; Owner: postgres
--

ALTER TABLE ONLY public.zkapp_commands
    ADD CONSTRAINT zkapp_commands_hash_key UNIQUE (hash);


--
-- Name: zkapp_commands zkapp_commands_pkey; Type: CONSTRAINT; Schema: public; Owner: postgres
--

ALTER TABLE ONLY public.zkapp_commands
    ADD CONSTRAINT zkapp_commands_pkey PRIMARY KEY (id);


--
-- Name: zkapp_epoch_data zkapp_epoch_data_pkey; Type: CONSTRAINT; Schema: public; Owner: postgres
--

ALTER TABLE ONLY public.zkapp_epoch_data
    ADD CONSTRAINT zkapp_epoch_data_pkey PRIMARY KEY (id);


--
-- Name: zkapp_epoch_ledger zkapp_epoch_ledger_pkey; Type: CONSTRAINT; Schema: public; Owner: postgres
--

ALTER TABLE ONLY public.zkapp_epoch_ledger
    ADD CONSTRAINT zkapp_epoch_ledger_pkey PRIMARY KEY (id);


--
-- Name: zkapp_events zkapp_events_element_ids_key; Type: CONSTRAINT; Schema: public; Owner: postgres
--

ALTER TABLE ONLY public.zkapp_events
    ADD CONSTRAINT zkapp_events_element_ids_key UNIQUE (element_ids);


--
-- Name: zkapp_events zkapp_events_pkey; Type: CONSTRAINT; Schema: public; Owner: postgres
--

ALTER TABLE ONLY public.zkapp_events
    ADD CONSTRAINT zkapp_events_pkey PRIMARY KEY (id);


--
-- Name: zkapp_fee_payer_body zkapp_fee_payer_body_pkey; Type: CONSTRAINT; Schema: public; Owner: postgres
--

ALTER TABLE ONLY public.zkapp_fee_payer_body
    ADD CONSTRAINT zkapp_fee_payer_body_pkey PRIMARY KEY (id);


--
-- Name: zkapp_field_array zkapp_field_array_element_ids_key; Type: CONSTRAINT; Schema: public; Owner: postgres
--

ALTER TABLE ONLY public.zkapp_field_array
    ADD CONSTRAINT zkapp_field_array_element_ids_key UNIQUE (element_ids);


--
-- Name: zkapp_field_array zkapp_field_array_pkey; Type: CONSTRAINT; Schema: public; Owner: postgres
--

ALTER TABLE ONLY public.zkapp_field_array
    ADD CONSTRAINT zkapp_field_array_pkey PRIMARY KEY (id);


--
-- Name: zkapp_field zkapp_field_field_key; Type: CONSTRAINT; Schema: public; Owner: postgres
--

ALTER TABLE ONLY public.zkapp_field
    ADD CONSTRAINT zkapp_field_field_key UNIQUE (field);


--
-- Name: zkapp_field zkapp_field_pkey; Type: CONSTRAINT; Schema: public; Owner: postgres
--

ALTER TABLE ONLY public.zkapp_field
    ADD CONSTRAINT zkapp_field_pkey PRIMARY KEY (id);


--
-- Name: zkapp_global_slot_bounds zkapp_global_slot_bounds_pkey; Type: CONSTRAINT; Schema: public; Owner: postgres
--

ALTER TABLE ONLY public.zkapp_global_slot_bounds
    ADD CONSTRAINT zkapp_global_slot_bounds_pkey PRIMARY KEY (id);


--
-- Name: zkapp_length_bounds zkapp_length_bounds_pkey; Type: CONSTRAINT; Schema: public; Owner: postgres
--

ALTER TABLE ONLY public.zkapp_length_bounds
    ADD CONSTRAINT zkapp_length_bounds_pkey PRIMARY KEY (id);


--
-- Name: zkapp_network_precondition zkapp_network_precondition_pkey; Type: CONSTRAINT; Schema: public; Owner: postgres
--

ALTER TABLE ONLY public.zkapp_network_precondition
    ADD CONSTRAINT zkapp_network_precondition_pkey PRIMARY KEY (id);


--
-- Name: zkapp_nonce_bounds zkapp_nonce_bounds_pkey; Type: CONSTRAINT; Schema: public; Owner: postgres
--

ALTER TABLE ONLY public.zkapp_nonce_bounds
    ADD CONSTRAINT zkapp_nonce_bounds_pkey PRIMARY KEY (id);


--
-- Name: zkapp_permissions zkapp_permissions_pkey; Type: CONSTRAINT; Schema: public; Owner: postgres
--

ALTER TABLE ONLY public.zkapp_permissions
    ADD CONSTRAINT zkapp_permissions_pkey PRIMARY KEY (id);


--
-- Name: zkapp_states_nullable zkapp_states_nullable_pkey; Type: CONSTRAINT; Schema: public; Owner: postgres
--

ALTER TABLE ONLY public.zkapp_states_nullable
    ADD CONSTRAINT zkapp_states_nullable_pkey PRIMARY KEY (id);


--
-- Name: zkapp_states zkapp_states_pkey; Type: CONSTRAINT; Schema: public; Owner: postgres
--

ALTER TABLE ONLY public.zkapp_states
    ADD CONSTRAINT zkapp_states_pkey PRIMARY KEY (id);


--
-- Name: zkapp_timing_info zkapp_timing_info_pkey; Type: CONSTRAINT; Schema: public; Owner: postgres
--

ALTER TABLE ONLY public.zkapp_timing_info
    ADD CONSTRAINT zkapp_timing_info_pkey PRIMARY KEY (id);


--
-- Name: zkapp_token_id_bounds zkapp_token_id_bounds_pkey; Type: CONSTRAINT; Schema: public; Owner: postgres
--

ALTER TABLE ONLY public.zkapp_token_id_bounds
    ADD CONSTRAINT zkapp_token_id_bounds_pkey PRIMARY KEY (id);


--
-- Name: zkapp_updates zkapp_updates_pkey; Type: CONSTRAINT; Schema: public; Owner: postgres
--

ALTER TABLE ONLY public.zkapp_updates
    ADD CONSTRAINT zkapp_updates_pkey PRIMARY KEY (id);


--
-- Name: zkapp_uris zkapp_uris_pkey; Type: CONSTRAINT; Schema: public; Owner: postgres
--

ALTER TABLE ONLY public.zkapp_uris
    ADD CONSTRAINT zkapp_uris_pkey PRIMARY KEY (id);


--
-- Name: zkapp_uris zkapp_uris_value_key; Type: CONSTRAINT; Schema: public; Owner: postgres
--

ALTER TABLE ONLY public.zkapp_uris
    ADD CONSTRAINT zkapp_uris_value_key UNIQUE (value);


--
-- Name: zkapp_verification_key_hashes zkapp_verification_key_hashes_pkey; Type: CONSTRAINT; Schema: public; Owner: postgres
--

ALTER TABLE ONLY public.zkapp_verification_key_hashes
    ADD CONSTRAINT zkapp_verification_key_hashes_pkey PRIMARY KEY (id);


--
-- Name: zkapp_verification_key_hashes zkapp_verification_key_hashes_value_key; Type: CONSTRAINT; Schema: public; Owner: postgres
--

ALTER TABLE ONLY public.zkapp_verification_key_hashes
    ADD CONSTRAINT zkapp_verification_key_hashes_value_key UNIQUE (value);


--
-- Name: zkapp_verification_keys zkapp_verification_keys_hash_id_key; Type: CONSTRAINT; Schema: public; Owner: postgres
--

ALTER TABLE ONLY public.zkapp_verification_keys
    ADD CONSTRAINT zkapp_verification_keys_hash_id_key UNIQUE (hash_id);


--
-- Name: zkapp_verification_keys zkapp_verification_keys_pkey; Type: CONSTRAINT; Schema: public; Owner: postgres
--

ALTER TABLE ONLY public.zkapp_verification_keys
    ADD CONSTRAINT zkapp_verification_keys_pkey PRIMARY KEY (id);


--
-- Name: zkapp_verification_keys zkapp_verification_keys_verification_key_key; Type: CONSTRAINT; Schema: public; Owner: postgres
--

ALTER TABLE ONLY public.zkapp_verification_keys
    ADD CONSTRAINT zkapp_verification_keys_verification_key_key UNIQUE (verification_key);


--
-- Name: idx_accounts_accessed_block_account_identifier_id; Type: INDEX; Schema: public; Owner: postgres
--

CREATE INDEX idx_accounts_accessed_block_account_identifier_id ON public.accounts_accessed USING btree (account_identifier_id);


--
-- Name: idx_accounts_accessed_block_id; Type: INDEX; Schema: public; Owner: postgres
--

CREATE INDEX idx_accounts_accessed_block_id ON public.accounts_accessed USING btree (block_id);


--
-- Name: idx_accounts_created_block_account_identifier_id; Type: INDEX; Schema: public; Owner: postgres
--

CREATE INDEX idx_accounts_created_block_account_identifier_id ON public.accounts_created USING btree (account_identifier_id);


--
-- Name: idx_accounts_created_block_id; Type: INDEX; Schema: public; Owner: postgres
--

CREATE INDEX idx_accounts_created_block_id ON public.accounts_created USING btree (block_id);


--
-- Name: idx_blocks_creator_id; Type: INDEX; Schema: public; Owner: postgres
--

CREATE INDEX idx_blocks_creator_id ON public.blocks USING btree (creator_id);


--
-- Name: idx_blocks_height; Type: INDEX; Schema: public; Owner: postgres
--

CREATE INDEX idx_blocks_height ON public.blocks USING btree (height);


--
-- Name: idx_blocks_internal_commands_block_id; Type: INDEX; Schema: public; Owner: postgres
--

CREATE INDEX idx_blocks_internal_commands_block_id ON public.blocks_internal_commands USING btree (block_id);


--
-- Name: idx_blocks_internal_commands_internal_command_id; Type: INDEX; Schema: public; Owner: postgres
--

CREATE INDEX idx_blocks_internal_commands_internal_command_id ON public.blocks_internal_commands USING btree (internal_command_id);


--
-- Name: idx_blocks_internal_commands_secondary_sequence_no; Type: INDEX; Schema: public; Owner: postgres
--

CREATE INDEX idx_blocks_internal_commands_secondary_sequence_no ON public.blocks_internal_commands USING btree (secondary_sequence_no);


--
-- Name: idx_blocks_internal_commands_sequence_no; Type: INDEX; Schema: public; Owner: postgres
--

CREATE INDEX idx_blocks_internal_commands_sequence_no ON public.blocks_internal_commands USING btree (sequence_no);


--
-- Name: idx_blocks_parent_id; Type: INDEX; Schema: public; Owner: postgres
--

CREATE INDEX idx_blocks_parent_id ON public.blocks USING btree (parent_id);


--
-- Name: idx_blocks_user_commands_block_id; Type: INDEX; Schema: public; Owner: postgres
--

CREATE INDEX idx_blocks_user_commands_block_id ON public.blocks_user_commands USING btree (block_id);


--
-- Name: idx_blocks_user_commands_sequence_no; Type: INDEX; Schema: public; Owner: postgres
--

CREATE INDEX idx_blocks_user_commands_sequence_no ON public.blocks_user_commands USING btree (sequence_no);


--
-- Name: idx_blocks_user_commands_user_command_id; Type: INDEX; Schema: public; Owner: postgres
--

CREATE INDEX idx_blocks_user_commands_user_command_id ON public.blocks_user_commands USING btree (user_command_id);


--
-- Name: idx_blocks_zkapp_commands_block_id; Type: INDEX; Schema: public; Owner: postgres
--

CREATE INDEX idx_blocks_zkapp_commands_block_id ON public.blocks_zkapp_commands USING btree (block_id);


--
-- Name: idx_blocks_zkapp_commands_sequence_no; Type: INDEX; Schema: public; Owner: postgres
--

CREATE INDEX idx_blocks_zkapp_commands_sequence_no ON public.blocks_zkapp_commands USING btree (sequence_no);


--
-- Name: idx_blocks_zkapp_commands_zkapp_command_id; Type: INDEX; Schema: public; Owner: postgres
--

CREATE INDEX idx_blocks_zkapp_commands_zkapp_command_id ON public.blocks_zkapp_commands USING btree (zkapp_command_id);


--
-- Name: idx_chain_status; Type: INDEX; Schema: public; Owner: postgres
--

CREATE INDEX idx_chain_status ON public.blocks USING btree (chain_status);


--
-- Name: idx_token_symbols_value; Type: INDEX; Schema: public; Owner: postgres
--

CREATE INDEX idx_token_symbols_value ON public.token_symbols USING btree (value);


--
-- Name: idx_voting_for_value; Type: INDEX; Schema: public; Owner: postgres
--

CREATE INDEX idx_voting_for_value ON public.voting_for USING btree (value);


--
-- Name: idx_zkapp_events_element_ids; Type: INDEX; Schema: public; Owner: postgres
--

CREATE INDEX idx_zkapp_events_element_ids ON public.zkapp_events USING btree (element_ids);


--
-- Name: idx_zkapp_field_array_element_ids; Type: INDEX; Schema: public; Owner: postgres
--

CREATE INDEX idx_zkapp_field_array_element_ids ON public.zkapp_field_array USING btree (element_ids);


--
-- Name: account_identifiers account_identifiers_public_key_id_fkey; Type: FK CONSTRAINT; Schema: public; Owner: postgres
--

ALTER TABLE ONLY public.account_identifiers
    ADD CONSTRAINT account_identifiers_public_key_id_fkey FOREIGN KEY (public_key_id) REFERENCES public.public_keys(id) ON DELETE CASCADE;


--
-- Name: account_identifiers account_identifiers_token_id_fkey; Type: FK CONSTRAINT; Schema: public; Owner: postgres
--

ALTER TABLE ONLY public.account_identifiers
    ADD CONSTRAINT account_identifiers_token_id_fkey FOREIGN KEY (token_id) REFERENCES public.tokens(id) ON DELETE CASCADE;


--
-- Name: accounts_accessed accounts_accessed_account_identifier_id_fkey; Type: FK CONSTRAINT; Schema: public; Owner: postgres
--

ALTER TABLE ONLY public.accounts_accessed
    ADD CONSTRAINT accounts_accessed_account_identifier_id_fkey FOREIGN KEY (account_identifier_id) REFERENCES public.account_identifiers(id);


--
-- Name: accounts_accessed accounts_accessed_block_id_fkey; Type: FK CONSTRAINT; Schema: public; Owner: postgres
--

ALTER TABLE ONLY public.accounts_accessed
    ADD CONSTRAINT accounts_accessed_block_id_fkey FOREIGN KEY (block_id) REFERENCES public.blocks(id);


--
-- Name: accounts_accessed accounts_accessed_delegate_id_fkey; Type: FK CONSTRAINT; Schema: public; Owner: postgres
--

ALTER TABLE ONLY public.accounts_accessed
    ADD CONSTRAINT accounts_accessed_delegate_id_fkey FOREIGN KEY (delegate_id) REFERENCES public.public_keys(id);


--
-- Name: accounts_accessed accounts_accessed_permissions_id_fkey; Type: FK CONSTRAINT; Schema: public; Owner: postgres
--

ALTER TABLE ONLY public.accounts_accessed
    ADD CONSTRAINT accounts_accessed_permissions_id_fkey FOREIGN KEY (permissions_id) REFERENCES public.zkapp_permissions(id);


--
-- Name: accounts_accessed accounts_accessed_timing_id_fkey; Type: FK CONSTRAINT; Schema: public; Owner: postgres
--

ALTER TABLE ONLY public.accounts_accessed
    ADD CONSTRAINT accounts_accessed_timing_id_fkey FOREIGN KEY (timing_id) REFERENCES public.timing_info(id);


--
-- Name: accounts_accessed accounts_accessed_token_symbol_id_fkey; Type: FK CONSTRAINT; Schema: public; Owner: postgres
--

ALTER TABLE ONLY public.accounts_accessed
    ADD CONSTRAINT accounts_accessed_token_symbol_id_fkey FOREIGN KEY (token_symbol_id) REFERENCES public.token_symbols(id);


--
-- Name: accounts_accessed accounts_accessed_voting_for_id_fkey; Type: FK CONSTRAINT; Schema: public; Owner: postgres
--

ALTER TABLE ONLY public.accounts_accessed
    ADD CONSTRAINT accounts_accessed_voting_for_id_fkey FOREIGN KEY (voting_for_id) REFERENCES public.voting_for(id);


--
-- Name: accounts_accessed accounts_accessed_zkapp_id_fkey; Type: FK CONSTRAINT; Schema: public; Owner: postgres
--

ALTER TABLE ONLY public.accounts_accessed
    ADD CONSTRAINT accounts_accessed_zkapp_id_fkey FOREIGN KEY (zkapp_id) REFERENCES public.zkapp_accounts(id);


--
-- Name: accounts_created accounts_created_account_identifier_id_fkey; Type: FK CONSTRAINT; Schema: public; Owner: postgres
--

ALTER TABLE ONLY public.accounts_created
    ADD CONSTRAINT accounts_created_account_identifier_id_fkey FOREIGN KEY (account_identifier_id) REFERENCES public.account_identifiers(id);


--
-- Name: accounts_created accounts_created_block_id_fkey; Type: FK CONSTRAINT; Schema: public; Owner: postgres
--

ALTER TABLE ONLY public.accounts_created
    ADD CONSTRAINT accounts_created_block_id_fkey FOREIGN KEY (block_id) REFERENCES public.blocks(id);


--
-- Name: blocks blocks_block_winner_id_fkey; Type: FK CONSTRAINT; Schema: public; Owner: postgres
--

ALTER TABLE ONLY public.blocks
    ADD CONSTRAINT blocks_block_winner_id_fkey FOREIGN KEY (block_winner_id) REFERENCES public.public_keys(id);


--
-- Name: blocks blocks_creator_id_fkey; Type: FK CONSTRAINT; Schema: public; Owner: postgres
--

ALTER TABLE ONLY public.blocks
    ADD CONSTRAINT blocks_creator_id_fkey FOREIGN KEY (creator_id) REFERENCES public.public_keys(id);


--
-- Name: blocks_internal_commands blocks_internal_commands_block_id_fkey; Type: FK CONSTRAINT; Schema: public; Owner: postgres
--

ALTER TABLE ONLY public.blocks_internal_commands
    ADD CONSTRAINT blocks_internal_commands_block_id_fkey FOREIGN KEY (block_id) REFERENCES public.blocks(id) ON DELETE CASCADE;


--
-- Name: blocks_internal_commands blocks_internal_commands_internal_command_id_fkey; Type: FK CONSTRAINT; Schema: public; Owner: postgres
--

ALTER TABLE ONLY public.blocks_internal_commands
    ADD CONSTRAINT blocks_internal_commands_internal_command_id_fkey FOREIGN KEY (internal_command_id) REFERENCES public.internal_commands(id) ON DELETE CASCADE;


--
-- Name: blocks blocks_next_epoch_data_id_fkey; Type: FK CONSTRAINT; Schema: public; Owner: postgres
--

ALTER TABLE ONLY public.blocks
    ADD CONSTRAINT blocks_next_epoch_data_id_fkey FOREIGN KEY (next_epoch_data_id) REFERENCES public.epoch_data(id);


--
-- Name: blocks blocks_parent_id_fkey; Type: FK CONSTRAINT; Schema: public; Owner: postgres
--

ALTER TABLE ONLY public.blocks
    ADD CONSTRAINT blocks_parent_id_fkey FOREIGN KEY (parent_id) REFERENCES public.blocks(id);


--
-- Name: blocks blocks_proposed_protocol_version_id_fkey; Type: FK CONSTRAINT; Schema: public; Owner: postgres
--

ALTER TABLE ONLY public.blocks
    ADD CONSTRAINT blocks_proposed_protocol_version_id_fkey FOREIGN KEY (proposed_protocol_version_id) REFERENCES public.protocol_versions(id);


--
-- Name: blocks blocks_protocol_version_id_fkey; Type: FK CONSTRAINT; Schema: public; Owner: postgres
--

ALTER TABLE ONLY public.blocks
    ADD CONSTRAINT blocks_protocol_version_id_fkey FOREIGN KEY (protocol_version_id) REFERENCES public.protocol_versions(id);


--
-- Name: blocks blocks_snarked_ledger_hash_id_fkey; Type: FK CONSTRAINT; Schema: public; Owner: postgres
--

ALTER TABLE ONLY public.blocks
    ADD CONSTRAINT blocks_snarked_ledger_hash_id_fkey FOREIGN KEY (snarked_ledger_hash_id) REFERENCES public.snarked_ledger_hashes(id);


--
-- Name: blocks blocks_staking_epoch_data_id_fkey; Type: FK CONSTRAINT; Schema: public; Owner: postgres
--

ALTER TABLE ONLY public.blocks
    ADD CONSTRAINT blocks_staking_epoch_data_id_fkey FOREIGN KEY (staking_epoch_data_id) REFERENCES public.epoch_data(id);


--
-- Name: blocks_user_commands blocks_user_commands_block_id_fkey; Type: FK CONSTRAINT; Schema: public; Owner: postgres
--

ALTER TABLE ONLY public.blocks_user_commands
    ADD CONSTRAINT blocks_user_commands_block_id_fkey FOREIGN KEY (block_id) REFERENCES public.blocks(id) ON DELETE CASCADE;


--
-- Name: blocks_user_commands blocks_user_commands_user_command_id_fkey; Type: FK CONSTRAINT; Schema: public; Owner: postgres
--

ALTER TABLE ONLY public.blocks_user_commands
    ADD CONSTRAINT blocks_user_commands_user_command_id_fkey FOREIGN KEY (user_command_id) REFERENCES public.user_commands(id) ON DELETE CASCADE;


--
-- Name: blocks_zkapp_commands blocks_zkapp_commands_block_id_fkey; Type: FK CONSTRAINT; Schema: public; Owner: postgres
--

ALTER TABLE ONLY public.blocks_zkapp_commands
    ADD CONSTRAINT blocks_zkapp_commands_block_id_fkey FOREIGN KEY (block_id) REFERENCES public.blocks(id) ON DELETE CASCADE;


--
-- Name: blocks_zkapp_commands blocks_zkapp_commands_zkapp_command_id_fkey; Type: FK CONSTRAINT; Schema: public; Owner: postgres
--

ALTER TABLE ONLY public.blocks_zkapp_commands
    ADD CONSTRAINT blocks_zkapp_commands_zkapp_command_id_fkey FOREIGN KEY (zkapp_command_id) REFERENCES public.zkapp_commands(id) ON DELETE CASCADE;


--
-- Name: epoch_data epoch_data_ledger_hash_id_fkey; Type: FK CONSTRAINT; Schema: public; Owner: postgres
--

ALTER TABLE ONLY public.epoch_data
    ADD CONSTRAINT epoch_data_ledger_hash_id_fkey FOREIGN KEY (ledger_hash_id) REFERENCES public.snarked_ledger_hashes(id);


--
-- Name: internal_commands internal_commands_receiver_id_fkey; Type: FK CONSTRAINT; Schema: public; Owner: postgres
--

ALTER TABLE ONLY public.internal_commands
    ADD CONSTRAINT internal_commands_receiver_id_fkey FOREIGN KEY (receiver_id) REFERENCES public.public_keys(id);


--
-- Name: timing_info timing_info_account_identifier_id_fkey; Type: FK CONSTRAINT; Schema: public; Owner: postgres
--

ALTER TABLE ONLY public.timing_info
    ADD CONSTRAINT timing_info_account_identifier_id_fkey FOREIGN KEY (account_identifier_id) REFERENCES public.account_identifiers(id);


--
-- Name: tokens tokens_owner_public_key_id_fkey; Type: FK CONSTRAINT; Schema: public; Owner: postgres
--

ALTER TABLE ONLY public.tokens
    ADD CONSTRAINT tokens_owner_public_key_id_fkey FOREIGN KEY (owner_public_key_id) REFERENCES public.public_keys(id) ON DELETE CASCADE;


--
-- Name: tokens tokens_owner_token_id_fkey; Type: FK CONSTRAINT; Schema: public; Owner: postgres
--

ALTER TABLE ONLY public.tokens
    ADD CONSTRAINT tokens_owner_token_id_fkey FOREIGN KEY (owner_token_id) REFERENCES public.tokens(id);


--
-- Name: user_commands user_commands_fee_payer_id_fkey; Type: FK CONSTRAINT; Schema: public; Owner: postgres
--

ALTER TABLE ONLY public.user_commands
    ADD CONSTRAINT user_commands_fee_payer_id_fkey FOREIGN KEY (fee_payer_id) REFERENCES public.public_keys(id);


--
-- Name: user_commands user_commands_receiver_id_fkey; Type: FK CONSTRAINT; Schema: public; Owner: postgres
--

ALTER TABLE ONLY public.user_commands
    ADD CONSTRAINT user_commands_receiver_id_fkey FOREIGN KEY (receiver_id) REFERENCES public.public_keys(id);


--
-- Name: user_commands user_commands_source_id_fkey; Type: FK CONSTRAINT; Schema: public; Owner: postgres
--

ALTER TABLE ONLY public.user_commands
    ADD CONSTRAINT user_commands_source_id_fkey FOREIGN KEY (source_id) REFERENCES public.public_keys(id);


--
-- Name: zkapp_account_precondition zkapp_account_precondition_action_state_id_fkey; Type: FK CONSTRAINT; Schema: public; Owner: postgres
--

ALTER TABLE ONLY public.zkapp_account_precondition
    ADD CONSTRAINT zkapp_account_precondition_action_state_id_fkey FOREIGN KEY (action_state_id) REFERENCES public.zkapp_field(id);


--
-- Name: zkapp_account_precondition zkapp_account_precondition_balance_id_fkey; Type: FK CONSTRAINT; Schema: public; Owner: postgres
--

ALTER TABLE ONLY public.zkapp_account_precondition
    ADD CONSTRAINT zkapp_account_precondition_balance_id_fkey FOREIGN KEY (balance_id) REFERENCES public.zkapp_balance_bounds(id);


--
-- Name: zkapp_account_precondition zkapp_account_precondition_delegate_id_fkey; Type: FK CONSTRAINT; Schema: public; Owner: postgres
--

ALTER TABLE ONLY public.zkapp_account_precondition
    ADD CONSTRAINT zkapp_account_precondition_delegate_id_fkey FOREIGN KEY (delegate_id) REFERENCES public.public_keys(id);


--
-- Name: zkapp_account_precondition zkapp_account_precondition_nonce_id_fkey; Type: FK CONSTRAINT; Schema: public; Owner: postgres
--

ALTER TABLE ONLY public.zkapp_account_precondition
    ADD CONSTRAINT zkapp_account_precondition_nonce_id_fkey FOREIGN KEY (nonce_id) REFERENCES public.zkapp_nonce_bounds(id);


--
-- Name: zkapp_account_precondition zkapp_account_precondition_state_id_fkey; Type: FK CONSTRAINT; Schema: public; Owner: postgres
--

ALTER TABLE ONLY public.zkapp_account_precondition
    ADD CONSTRAINT zkapp_account_precondition_state_id_fkey FOREIGN KEY (state_id) REFERENCES public.zkapp_states_nullable(id);


--
-- Name: zkapp_account_update_body zkapp_account_update_body_account_identifier_id_fkey; Type: FK CONSTRAINT; Schema: public; Owner: postgres
--

ALTER TABLE ONLY public.zkapp_account_update_body
    ADD CONSTRAINT zkapp_account_update_body_account_identifier_id_fkey FOREIGN KEY (account_identifier_id) REFERENCES public.account_identifiers(id);


--
-- Name: zkapp_account_update_body zkapp_account_update_body_actions_id_fkey; Type: FK CONSTRAINT; Schema: public; Owner: postgres
--

ALTER TABLE ONLY public.zkapp_account_update_body
    ADD CONSTRAINT zkapp_account_update_body_actions_id_fkey FOREIGN KEY (actions_id) REFERENCES public.zkapp_events(id);


--
-- Name: zkapp_account_update_body zkapp_account_update_body_call_data_id_fkey; Type: FK CONSTRAINT; Schema: public; Owner: postgres
--

ALTER TABLE ONLY public.zkapp_account_update_body
    ADD CONSTRAINT zkapp_account_update_body_call_data_id_fkey FOREIGN KEY (call_data_id) REFERENCES public.zkapp_field(id);


--
-- Name: zkapp_account_update_body zkapp_account_update_body_events_id_fkey; Type: FK CONSTRAINT; Schema: public; Owner: postgres
--

ALTER TABLE ONLY public.zkapp_account_update_body
    ADD CONSTRAINT zkapp_account_update_body_events_id_fkey FOREIGN KEY (events_id) REFERENCES public.zkapp_events(id);


--
-- Name: zkapp_account_update zkapp_account_update_body_id_fkey; Type: FK CONSTRAINT; Schema: public; Owner: postgres
--

ALTER TABLE ONLY public.zkapp_account_update
    ADD CONSTRAINT zkapp_account_update_body_id_fkey FOREIGN KEY (body_id) REFERENCES public.zkapp_account_update_body(id);


--
-- Name: zkapp_account_update_body zkapp_account_update_body_update_id_fkey; Type: FK CONSTRAINT; Schema: public; Owner: postgres
--

ALTER TABLE ONLY public.zkapp_account_update_body
    ADD CONSTRAINT zkapp_account_update_body_update_id_fkey FOREIGN KEY (update_id) REFERENCES public.zkapp_updates(id);


--
-- Name: zkapp_account_update_body zkapp_account_update_body_verification_key_hash_id_fkey; Type: FK CONSTRAINT; Schema: public; Owner: postgres
--

ALTER TABLE ONLY public.zkapp_account_update_body
    ADD CONSTRAINT zkapp_account_update_body_verification_key_hash_id_fkey FOREIGN KEY (verification_key_hash_id) REFERENCES public.zkapp_verification_key_hashes(id);


--
-- Name: zkapp_account_update_body zkapp_account_update_body_zkapp_account_precondition_id_fkey; Type: FK CONSTRAINT; Schema: public; Owner: postgres
--

ALTER TABLE ONLY public.zkapp_account_update_body
    ADD CONSTRAINT zkapp_account_update_body_zkapp_account_precondition_id_fkey FOREIGN KEY (zkapp_account_precondition_id) REFERENCES public.zkapp_account_precondition(id);


--
-- Name: zkapp_account_update_body zkapp_account_update_body_zkapp_network_precondition_id_fkey; Type: FK CONSTRAINT; Schema: public; Owner: postgres
--

ALTER TABLE ONLY public.zkapp_account_update_body
    ADD CONSTRAINT zkapp_account_update_body_zkapp_network_precondition_id_fkey FOREIGN KEY (zkapp_network_precondition_id) REFERENCES public.zkapp_network_precondition(id);


--
-- Name: zkapp_account_update_body zkapp_account_update_body_zkapp_valid_while_precondition_i_fkey; Type: FK CONSTRAINT; Schema: public; Owner: postgres
--

ALTER TABLE ONLY public.zkapp_account_update_body
    ADD CONSTRAINT zkapp_account_update_body_zkapp_valid_while_precondition_i_fkey FOREIGN KEY (zkapp_valid_while_precondition_id) REFERENCES public.zkapp_global_slot_bounds(id);


--
-- Name: zkapp_accounts zkapp_accounts_action_state_id_fkey; Type: FK CONSTRAINT; Schema: public; Owner: postgres
--

ALTER TABLE ONLY public.zkapp_accounts
    ADD CONSTRAINT zkapp_accounts_action_state_id_fkey FOREIGN KEY (action_state_id) REFERENCES public.zkapp_action_states(id);


--
-- Name: zkapp_accounts zkapp_accounts_app_state_id_fkey; Type: FK CONSTRAINT; Schema: public; Owner: postgres
--

ALTER TABLE ONLY public.zkapp_accounts
    ADD CONSTRAINT zkapp_accounts_app_state_id_fkey FOREIGN KEY (app_state_id) REFERENCES public.zkapp_states(id);


--
-- Name: zkapp_accounts zkapp_accounts_verification_key_id_fkey; Type: FK CONSTRAINT; Schema: public; Owner: postgres
--

ALTER TABLE ONLY public.zkapp_accounts
    ADD CONSTRAINT zkapp_accounts_verification_key_id_fkey FOREIGN KEY (verification_key_id) REFERENCES public.zkapp_verification_keys(id);


--
-- Name: zkapp_accounts zkapp_accounts_zkapp_uri_id_fkey; Type: FK CONSTRAINT; Schema: public; Owner: postgres
--

ALTER TABLE ONLY public.zkapp_accounts
    ADD CONSTRAINT zkapp_accounts_zkapp_uri_id_fkey FOREIGN KEY (zkapp_uri_id) REFERENCES public.zkapp_uris(id);


--
-- Name: zkapp_action_states zkapp_action_states_element0_fkey; Type: FK CONSTRAINT; Schema: public; Owner: postgres
--

ALTER TABLE ONLY public.zkapp_action_states
    ADD CONSTRAINT zkapp_action_states_element0_fkey FOREIGN KEY (element0) REFERENCES public.zkapp_field(id);


--
-- Name: zkapp_action_states zkapp_action_states_element1_fkey; Type: FK CONSTRAINT; Schema: public; Owner: postgres
--

ALTER TABLE ONLY public.zkapp_action_states
    ADD CONSTRAINT zkapp_action_states_element1_fkey FOREIGN KEY (element1) REFERENCES public.zkapp_field(id);


--
-- Name: zkapp_action_states zkapp_action_states_element2_fkey; Type: FK CONSTRAINT; Schema: public; Owner: postgres
--

ALTER TABLE ONLY public.zkapp_action_states
    ADD CONSTRAINT zkapp_action_states_element2_fkey FOREIGN KEY (element2) REFERENCES public.zkapp_field(id);


--
-- Name: zkapp_action_states zkapp_action_states_element3_fkey; Type: FK CONSTRAINT; Schema: public; Owner: postgres
--

ALTER TABLE ONLY public.zkapp_action_states
    ADD CONSTRAINT zkapp_action_states_element3_fkey FOREIGN KEY (element3) REFERENCES public.zkapp_field(id);


--
-- Name: zkapp_action_states zkapp_action_states_element4_fkey; Type: FK CONSTRAINT; Schema: public; Owner: postgres
--

ALTER TABLE ONLY public.zkapp_action_states
    ADD CONSTRAINT zkapp_action_states_element4_fkey FOREIGN KEY (element4) REFERENCES public.zkapp_field(id);


--
-- Name: zkapp_commands zkapp_commands_zkapp_fee_payer_body_id_fkey; Type: FK CONSTRAINT; Schema: public; Owner: postgres
--

ALTER TABLE ONLY public.zkapp_commands
    ADD CONSTRAINT zkapp_commands_zkapp_fee_payer_body_id_fkey FOREIGN KEY (zkapp_fee_payer_body_id) REFERENCES public.zkapp_fee_payer_body(id);


--
-- Name: zkapp_epoch_data zkapp_epoch_data_epoch_ledger_id_fkey; Type: FK CONSTRAINT; Schema: public; Owner: postgres
--

ALTER TABLE ONLY public.zkapp_epoch_data
    ADD CONSTRAINT zkapp_epoch_data_epoch_ledger_id_fkey FOREIGN KEY (epoch_ledger_id) REFERENCES public.zkapp_epoch_ledger(id);


--
-- Name: zkapp_epoch_data zkapp_epoch_data_epoch_length_id_fkey; Type: FK CONSTRAINT; Schema: public; Owner: postgres
--

ALTER TABLE ONLY public.zkapp_epoch_data
    ADD CONSTRAINT zkapp_epoch_data_epoch_length_id_fkey FOREIGN KEY (epoch_length_id) REFERENCES public.zkapp_length_bounds(id);


--
-- Name: zkapp_epoch_ledger zkapp_epoch_ledger_hash_id_fkey; Type: FK CONSTRAINT; Schema: public; Owner: postgres
--

ALTER TABLE ONLY public.zkapp_epoch_ledger
    ADD CONSTRAINT zkapp_epoch_ledger_hash_id_fkey FOREIGN KEY (hash_id) REFERENCES public.snarked_ledger_hashes(id);


--
-- Name: zkapp_epoch_ledger zkapp_epoch_ledger_total_currency_id_fkey; Type: FK CONSTRAINT; Schema: public; Owner: postgres
--

ALTER TABLE ONLY public.zkapp_epoch_ledger
    ADD CONSTRAINT zkapp_epoch_ledger_total_currency_id_fkey FOREIGN KEY (total_currency_id) REFERENCES public.zkapp_amount_bounds(id);


--
-- Name: zkapp_fee_payer_body zkapp_fee_payer_body_public_key_id_fkey; Type: FK CONSTRAINT; Schema: public; Owner: postgres
--

ALTER TABLE ONLY public.zkapp_fee_payer_body
    ADD CONSTRAINT zkapp_fee_payer_body_public_key_id_fkey FOREIGN KEY (public_key_id) REFERENCES public.public_keys(id);


--
-- Name: zkapp_network_precondition zkapp_network_precondition_blockchain_length_id_fkey; Type: FK CONSTRAINT; Schema: public; Owner: postgres
--

ALTER TABLE ONLY public.zkapp_network_precondition
    ADD CONSTRAINT zkapp_network_precondition_blockchain_length_id_fkey FOREIGN KEY (blockchain_length_id) REFERENCES public.zkapp_length_bounds(id);


--
-- Name: zkapp_network_precondition zkapp_network_precondition_global_slot_since_genesis_fkey; Type: FK CONSTRAINT; Schema: public; Owner: postgres
--

ALTER TABLE ONLY public.zkapp_network_precondition
    ADD CONSTRAINT zkapp_network_precondition_global_slot_since_genesis_fkey FOREIGN KEY (global_slot_since_genesis) REFERENCES public.zkapp_global_slot_bounds(id);


--
-- Name: zkapp_network_precondition zkapp_network_precondition_min_window_density_id_fkey; Type: FK CONSTRAINT; Schema: public; Owner: postgres
--

ALTER TABLE ONLY public.zkapp_network_precondition
    ADD CONSTRAINT zkapp_network_precondition_min_window_density_id_fkey FOREIGN KEY (min_window_density_id) REFERENCES public.zkapp_length_bounds(id);


--
-- Name: zkapp_network_precondition zkapp_network_precondition_next_epoch_data_id_fkey; Type: FK CONSTRAINT; Schema: public; Owner: postgres
--

ALTER TABLE ONLY public.zkapp_network_precondition
    ADD CONSTRAINT zkapp_network_precondition_next_epoch_data_id_fkey FOREIGN KEY (next_epoch_data_id) REFERENCES public.zkapp_epoch_data(id);


--
-- Name: zkapp_network_precondition zkapp_network_precondition_snarked_ledger_hash_id_fkey; Type: FK CONSTRAINT; Schema: public; Owner: postgres
--

ALTER TABLE ONLY public.zkapp_network_precondition
    ADD CONSTRAINT zkapp_network_precondition_snarked_ledger_hash_id_fkey FOREIGN KEY (snarked_ledger_hash_id) REFERENCES public.snarked_ledger_hashes(id);


--
-- Name: zkapp_network_precondition zkapp_network_precondition_staking_epoch_data_id_fkey; Type: FK CONSTRAINT; Schema: public; Owner: postgres
--

ALTER TABLE ONLY public.zkapp_network_precondition
    ADD CONSTRAINT zkapp_network_precondition_staking_epoch_data_id_fkey FOREIGN KEY (staking_epoch_data_id) REFERENCES public.zkapp_epoch_data(id);


--
-- Name: zkapp_network_precondition zkapp_network_precondition_total_currency_id_fkey; Type: FK CONSTRAINT; Schema: public; Owner: postgres
--

ALTER TABLE ONLY public.zkapp_network_precondition
    ADD CONSTRAINT zkapp_network_precondition_total_currency_id_fkey FOREIGN KEY (total_currency_id) REFERENCES public.zkapp_amount_bounds(id);


--
-- Name: zkapp_states zkapp_states_element0_fkey; Type: FK CONSTRAINT; Schema: public; Owner: postgres
--

ALTER TABLE ONLY public.zkapp_states
    ADD CONSTRAINT zkapp_states_element0_fkey FOREIGN KEY (element0) REFERENCES public.zkapp_field(id);


--
-- Name: zkapp_states zkapp_states_element10_fkey; Type: FK CONSTRAINT; Schema: public; Owner: postgres
--

ALTER TABLE ONLY public.zkapp_states
    ADD CONSTRAINT zkapp_states_element10_fkey FOREIGN KEY (element10) REFERENCES public.zkapp_field(id);


--
-- Name: zkapp_states zkapp_states_element11_fkey; Type: FK CONSTRAINT; Schema: public; Owner: postgres
--

ALTER TABLE ONLY public.zkapp_states
    ADD CONSTRAINT zkapp_states_element11_fkey FOREIGN KEY (element11) REFERENCES public.zkapp_field(id);


--
-- Name: zkapp_states zkapp_states_element12_fkey; Type: FK CONSTRAINT; Schema: public; Owner: postgres
--

ALTER TABLE ONLY public.zkapp_states
    ADD CONSTRAINT zkapp_states_element12_fkey FOREIGN KEY (element12) REFERENCES public.zkapp_field(id);


--
-- Name: zkapp_states zkapp_states_element13_fkey; Type: FK CONSTRAINT; Schema: public; Owner: postgres
--

ALTER TABLE ONLY public.zkapp_states
    ADD CONSTRAINT zkapp_states_element13_fkey FOREIGN KEY (element13) REFERENCES public.zkapp_field(id);


--
-- Name: zkapp_states zkapp_states_element14_fkey; Type: FK CONSTRAINT; Schema: public; Owner: postgres
--

ALTER TABLE ONLY public.zkapp_states
    ADD CONSTRAINT zkapp_states_element14_fkey FOREIGN KEY (element14) REFERENCES public.zkapp_field(id);


--
-- Name: zkapp_states zkapp_states_element15_fkey; Type: FK CONSTRAINT; Schema: public; Owner: postgres
--

ALTER TABLE ONLY public.zkapp_states
    ADD CONSTRAINT zkapp_states_element15_fkey FOREIGN KEY (element15) REFERENCES public.zkapp_field(id);


--
-- Name: zkapp_states zkapp_states_element16_fkey; Type: FK CONSTRAINT; Schema: public; Owner: postgres
--

ALTER TABLE ONLY public.zkapp_states
    ADD CONSTRAINT zkapp_states_element16_fkey FOREIGN KEY (element16) REFERENCES public.zkapp_field(id);


--
-- Name: zkapp_states zkapp_states_element17_fkey; Type: FK CONSTRAINT; Schema: public; Owner: postgres
--

ALTER TABLE ONLY public.zkapp_states
    ADD CONSTRAINT zkapp_states_element17_fkey FOREIGN KEY (element17) REFERENCES public.zkapp_field(id);


--
-- Name: zkapp_states zkapp_states_element18_fkey; Type: FK CONSTRAINT; Schema: public; Owner: postgres
--

ALTER TABLE ONLY public.zkapp_states
    ADD CONSTRAINT zkapp_states_element18_fkey FOREIGN KEY (element18) REFERENCES public.zkapp_field(id);


--
-- Name: zkapp_states zkapp_states_element19_fkey; Type: FK CONSTRAINT; Schema: public; Owner: postgres
--

ALTER TABLE ONLY public.zkapp_states
    ADD CONSTRAINT zkapp_states_element19_fkey FOREIGN KEY (element19) REFERENCES public.zkapp_field(id);


--
-- Name: zkapp_states zkapp_states_element1_fkey; Type: FK CONSTRAINT; Schema: public; Owner: postgres
--

ALTER TABLE ONLY public.zkapp_states
    ADD CONSTRAINT zkapp_states_element1_fkey FOREIGN KEY (element1) REFERENCES public.zkapp_field(id);


--
-- Name: zkapp_states zkapp_states_element20_fkey; Type: FK CONSTRAINT; Schema: public; Owner: postgres
--

ALTER TABLE ONLY public.zkapp_states
    ADD CONSTRAINT zkapp_states_element20_fkey FOREIGN KEY (element20) REFERENCES public.zkapp_field(id);


--
-- Name: zkapp_states zkapp_states_element21_fkey; Type: FK CONSTRAINT; Schema: public; Owner: postgres
--

ALTER TABLE ONLY public.zkapp_states
    ADD CONSTRAINT zkapp_states_element21_fkey FOREIGN KEY (element21) REFERENCES public.zkapp_field(id);


--
-- Name: zkapp_states zkapp_states_element22_fkey; Type: FK CONSTRAINT; Schema: public; Owner: postgres
--

ALTER TABLE ONLY public.zkapp_states
    ADD CONSTRAINT zkapp_states_element22_fkey FOREIGN KEY (element22) REFERENCES public.zkapp_field(id);


--
-- Name: zkapp_states zkapp_states_element23_fkey; Type: FK CONSTRAINT; Schema: public; Owner: postgres
--

ALTER TABLE ONLY public.zkapp_states
    ADD CONSTRAINT zkapp_states_element23_fkey FOREIGN KEY (element23) REFERENCES public.zkapp_field(id);


--
-- Name: zkapp_states zkapp_states_element24_fkey; Type: FK CONSTRAINT; Schema: public; Owner: postgres
--

ALTER TABLE ONLY public.zkapp_states
    ADD CONSTRAINT zkapp_states_element24_fkey FOREIGN KEY (element24) REFERENCES public.zkapp_field(id);


--
-- Name: zkapp_states zkapp_states_element25_fkey; Type: FK CONSTRAINT; Schema: public; Owner: postgres
--

ALTER TABLE ONLY public.zkapp_states
    ADD CONSTRAINT zkapp_states_element25_fkey FOREIGN KEY (element25) REFERENCES public.zkapp_field(id);


--
-- Name: zkapp_states zkapp_states_element26_fkey; Type: FK CONSTRAINT; Schema: public; Owner: postgres
--

ALTER TABLE ONLY public.zkapp_states
    ADD CONSTRAINT zkapp_states_element26_fkey FOREIGN KEY (element26) REFERENCES public.zkapp_field(id);


--
-- Name: zkapp_states zkapp_states_element27_fkey; Type: FK CONSTRAINT; Schema: public; Owner: postgres
--

ALTER TABLE ONLY public.zkapp_states
    ADD CONSTRAINT zkapp_states_element27_fkey FOREIGN KEY (element27) REFERENCES public.zkapp_field(id);


--
-- Name: zkapp_states zkapp_states_element28_fkey; Type: FK CONSTRAINT; Schema: public; Owner: postgres
--

ALTER TABLE ONLY public.zkapp_states
    ADD CONSTRAINT zkapp_states_element28_fkey FOREIGN KEY (element28) REFERENCES public.zkapp_field(id);


--
-- Name: zkapp_states zkapp_states_element29_fkey; Type: FK CONSTRAINT; Schema: public; Owner: postgres
--

ALTER TABLE ONLY public.zkapp_states
    ADD CONSTRAINT zkapp_states_element29_fkey FOREIGN KEY (element29) REFERENCES public.zkapp_field(id);


--
-- Name: zkapp_states zkapp_states_element2_fkey; Type: FK CONSTRAINT; Schema: public; Owner: postgres
--

ALTER TABLE ONLY public.zkapp_states
    ADD CONSTRAINT zkapp_states_element2_fkey FOREIGN KEY (element2) REFERENCES public.zkapp_field(id);


--
-- Name: zkapp_states zkapp_states_element30_fkey; Type: FK CONSTRAINT; Schema: public; Owner: postgres
--

ALTER TABLE ONLY public.zkapp_states
    ADD CONSTRAINT zkapp_states_element30_fkey FOREIGN KEY (element30) REFERENCES public.zkapp_field(id);


--
-- Name: zkapp_states zkapp_states_element31_fkey; Type: FK CONSTRAINT; Schema: public; Owner: postgres
--

ALTER TABLE ONLY public.zkapp_states
    ADD CONSTRAINT zkapp_states_element31_fkey FOREIGN KEY (element31) REFERENCES public.zkapp_field(id);


--
-- Name: zkapp_states zkapp_states_element3_fkey; Type: FK CONSTRAINT; Schema: public; Owner: postgres
--

ALTER TABLE ONLY public.zkapp_states
    ADD CONSTRAINT zkapp_states_element3_fkey FOREIGN KEY (element3) REFERENCES public.zkapp_field(id);


--
-- Name: zkapp_states zkapp_states_element4_fkey; Type: FK CONSTRAINT; Schema: public; Owner: postgres
--

ALTER TABLE ONLY public.zkapp_states
    ADD CONSTRAINT zkapp_states_element4_fkey FOREIGN KEY (element4) REFERENCES public.zkapp_field(id);


--
-- Name: zkapp_states zkapp_states_element5_fkey; Type: FK CONSTRAINT; Schema: public; Owner: postgres
--

ALTER TABLE ONLY public.zkapp_states
    ADD CONSTRAINT zkapp_states_element5_fkey FOREIGN KEY (element5) REFERENCES public.zkapp_field(id);


--
-- Name: zkapp_states zkapp_states_element6_fkey; Type: FK CONSTRAINT; Schema: public; Owner: postgres
--

ALTER TABLE ONLY public.zkapp_states
    ADD CONSTRAINT zkapp_states_element6_fkey FOREIGN KEY (element6) REFERENCES public.zkapp_field(id);


--
-- Name: zkapp_states zkapp_states_element7_fkey; Type: FK CONSTRAINT; Schema: public; Owner: postgres
--

ALTER TABLE ONLY public.zkapp_states
    ADD CONSTRAINT zkapp_states_element7_fkey FOREIGN KEY (element7) REFERENCES public.zkapp_field(id);


--
-- Name: zkapp_states zkapp_states_element8_fkey; Type: FK CONSTRAINT; Schema: public; Owner: postgres
--

ALTER TABLE ONLY public.zkapp_states
    ADD CONSTRAINT zkapp_states_element8_fkey FOREIGN KEY (element8) REFERENCES public.zkapp_field(id);


--
-- Name: zkapp_states zkapp_states_element9_fkey; Type: FK CONSTRAINT; Schema: public; Owner: postgres
--

ALTER TABLE ONLY public.zkapp_states
    ADD CONSTRAINT zkapp_states_element9_fkey FOREIGN KEY (element9) REFERENCES public.zkapp_field(id);


--
-- Name: zkapp_states_nullable zkapp_states_nullable_element0_fkey; Type: FK CONSTRAINT; Schema: public; Owner: postgres
--

ALTER TABLE ONLY public.zkapp_states_nullable
    ADD CONSTRAINT zkapp_states_nullable_element0_fkey FOREIGN KEY (element0) REFERENCES public.zkapp_field(id);


--
-- Name: zkapp_states_nullable zkapp_states_nullable_element10_fkey; Type: FK CONSTRAINT; Schema: public; Owner: postgres
--

ALTER TABLE ONLY public.zkapp_states_nullable
    ADD CONSTRAINT zkapp_states_nullable_element10_fkey FOREIGN KEY (element10) REFERENCES public.zkapp_field(id);


--
-- Name: zkapp_states_nullable zkapp_states_nullable_element11_fkey; Type: FK CONSTRAINT; Schema: public; Owner: postgres
--

ALTER TABLE ONLY public.zkapp_states_nullable
    ADD CONSTRAINT zkapp_states_nullable_element11_fkey FOREIGN KEY (element11) REFERENCES public.zkapp_field(id);


--
-- Name: zkapp_states_nullable zkapp_states_nullable_element12_fkey; Type: FK CONSTRAINT; Schema: public; Owner: postgres
--

ALTER TABLE ONLY public.zkapp_states_nullable
    ADD CONSTRAINT zkapp_states_nullable_element12_fkey FOREIGN KEY (element12) REFERENCES public.zkapp_field(id);


--
-- Name: zkapp_states_nullable zkapp_states_nullable_element13_fkey; Type: FK CONSTRAINT; Schema: public; Owner: postgres
--

ALTER TABLE ONLY public.zkapp_states_nullable
    ADD CONSTRAINT zkapp_states_nullable_element13_fkey FOREIGN KEY (element13) REFERENCES public.zkapp_field(id);


--
-- Name: zkapp_states_nullable zkapp_states_nullable_element14_fkey; Type: FK CONSTRAINT; Schema: public; Owner: postgres
--

ALTER TABLE ONLY public.zkapp_states_nullable
    ADD CONSTRAINT zkapp_states_nullable_element14_fkey FOREIGN KEY (element14) REFERENCES public.zkapp_field(id);


--
-- Name: zkapp_states_nullable zkapp_states_nullable_element15_fkey; Type: FK CONSTRAINT; Schema: public; Owner: postgres
--

ALTER TABLE ONLY public.zkapp_states_nullable
    ADD CONSTRAINT zkapp_states_nullable_element15_fkey FOREIGN KEY (element15) REFERENCES public.zkapp_field(id);


--
-- Name: zkapp_states_nullable zkapp_states_nullable_element16_fkey; Type: FK CONSTRAINT; Schema: public; Owner: postgres
--

ALTER TABLE ONLY public.zkapp_states_nullable
    ADD CONSTRAINT zkapp_states_nullable_element16_fkey FOREIGN KEY (element16) REFERENCES public.zkapp_field(id);


--
-- Name: zkapp_states_nullable zkapp_states_nullable_element17_fkey; Type: FK CONSTRAINT; Schema: public; Owner: postgres
--

ALTER TABLE ONLY public.zkapp_states_nullable
    ADD CONSTRAINT zkapp_states_nullable_element17_fkey FOREIGN KEY (element17) REFERENCES public.zkapp_field(id);


--
-- Name: zkapp_states_nullable zkapp_states_nullable_element18_fkey; Type: FK CONSTRAINT; Schema: public; Owner: postgres
--

ALTER TABLE ONLY public.zkapp_states_nullable
    ADD CONSTRAINT zkapp_states_nullable_element18_fkey FOREIGN KEY (element18) REFERENCES public.zkapp_field(id);


--
-- Name: zkapp_states_nullable zkapp_states_nullable_element19_fkey; Type: FK CONSTRAINT; Schema: public; Owner: postgres
--

ALTER TABLE ONLY public.zkapp_states_nullable
    ADD CONSTRAINT zkapp_states_nullable_element19_fkey FOREIGN KEY (element19) REFERENCES public.zkapp_field(id);


--
-- Name: zkapp_states_nullable zkapp_states_nullable_element1_fkey; Type: FK CONSTRAINT; Schema: public; Owner: postgres
--

ALTER TABLE ONLY public.zkapp_states_nullable
    ADD CONSTRAINT zkapp_states_nullable_element1_fkey FOREIGN KEY (element1) REFERENCES public.zkapp_field(id);


--
-- Name: zkapp_states_nullable zkapp_states_nullable_element20_fkey; Type: FK CONSTRAINT; Schema: public; Owner: postgres
--

ALTER TABLE ONLY public.zkapp_states_nullable
    ADD CONSTRAINT zkapp_states_nullable_element20_fkey FOREIGN KEY (element20) REFERENCES public.zkapp_field(id);


--
-- Name: zkapp_states_nullable zkapp_states_nullable_element21_fkey; Type: FK CONSTRAINT; Schema: public; Owner: postgres
--

ALTER TABLE ONLY public.zkapp_states_nullable
    ADD CONSTRAINT zkapp_states_nullable_element21_fkey FOREIGN KEY (element21) REFERENCES public.zkapp_field(id);


--
-- Name: zkapp_states_nullable zkapp_states_nullable_element22_fkey; Type: FK CONSTRAINT; Schema: public; Owner: postgres
--

ALTER TABLE ONLY public.zkapp_states_nullable
    ADD CONSTRAINT zkapp_states_nullable_element22_fkey FOREIGN KEY (element22) REFERENCES public.zkapp_field(id);


--
-- Name: zkapp_states_nullable zkapp_states_nullable_element23_fkey; Type: FK CONSTRAINT; Schema: public; Owner: postgres
--

ALTER TABLE ONLY public.zkapp_states_nullable
    ADD CONSTRAINT zkapp_states_nullable_element23_fkey FOREIGN KEY (element23) REFERENCES public.zkapp_field(id);


--
-- Name: zkapp_states_nullable zkapp_states_nullable_element24_fkey; Type: FK CONSTRAINT; Schema: public; Owner: postgres
--

ALTER TABLE ONLY public.zkapp_states_nullable
    ADD CONSTRAINT zkapp_states_nullable_element24_fkey FOREIGN KEY (element24) REFERENCES public.zkapp_field(id);


--
-- Name: zkapp_states_nullable zkapp_states_nullable_element25_fkey; Type: FK CONSTRAINT; Schema: public; Owner: postgres
--

ALTER TABLE ONLY public.zkapp_states_nullable
    ADD CONSTRAINT zkapp_states_nullable_element25_fkey FOREIGN KEY (element25) REFERENCES public.zkapp_field(id);


--
-- Name: zkapp_states_nullable zkapp_states_nullable_element26_fkey; Type: FK CONSTRAINT; Schema: public; Owner: postgres
--

ALTER TABLE ONLY public.zkapp_states_nullable
    ADD CONSTRAINT zkapp_states_nullable_element26_fkey FOREIGN KEY (element26) REFERENCES public.zkapp_field(id);


--
-- Name: zkapp_states_nullable zkapp_states_nullable_element27_fkey; Type: FK CONSTRAINT; Schema: public; Owner: postgres
--

ALTER TABLE ONLY public.zkapp_states_nullable
    ADD CONSTRAINT zkapp_states_nullable_element27_fkey FOREIGN KEY (element27) REFERENCES public.zkapp_field(id);


--
-- Name: zkapp_states_nullable zkapp_states_nullable_element28_fkey; Type: FK CONSTRAINT; Schema: public; Owner: postgres
--

ALTER TABLE ONLY public.zkapp_states_nullable
    ADD CONSTRAINT zkapp_states_nullable_element28_fkey FOREIGN KEY (element28) REFERENCES public.zkapp_field(id);


--
-- Name: zkapp_states_nullable zkapp_states_nullable_element29_fkey; Type: FK CONSTRAINT; Schema: public; Owner: postgres
--

ALTER TABLE ONLY public.zkapp_states_nullable
    ADD CONSTRAINT zkapp_states_nullable_element29_fkey FOREIGN KEY (element29) REFERENCES public.zkapp_field(id);


--
-- Name: zkapp_states_nullable zkapp_states_nullable_element2_fkey; Type: FK CONSTRAINT; Schema: public; Owner: postgres
--

ALTER TABLE ONLY public.zkapp_states_nullable
    ADD CONSTRAINT zkapp_states_nullable_element2_fkey FOREIGN KEY (element2) REFERENCES public.zkapp_field(id);


--
-- Name: zkapp_states_nullable zkapp_states_nullable_element30_fkey; Type: FK CONSTRAINT; Schema: public; Owner: postgres
--

ALTER TABLE ONLY public.zkapp_states_nullable
    ADD CONSTRAINT zkapp_states_nullable_element30_fkey FOREIGN KEY (element30) REFERENCES public.zkapp_field(id);


--
-- Name: zkapp_states_nullable zkapp_states_nullable_element31_fkey; Type: FK CONSTRAINT; Schema: public; Owner: postgres
--

ALTER TABLE ONLY public.zkapp_states_nullable
    ADD CONSTRAINT zkapp_states_nullable_element31_fkey FOREIGN KEY (element31) REFERENCES public.zkapp_field(id);


--
-- Name: zkapp_states_nullable zkapp_states_nullable_element3_fkey; Type: FK CONSTRAINT; Schema: public; Owner: postgres
--

ALTER TABLE ONLY public.zkapp_states_nullable
    ADD CONSTRAINT zkapp_states_nullable_element3_fkey FOREIGN KEY (element3) REFERENCES public.zkapp_field(id);


--
-- Name: zkapp_states_nullable zkapp_states_nullable_element4_fkey; Type: FK CONSTRAINT; Schema: public; Owner: postgres
--

ALTER TABLE ONLY public.zkapp_states_nullable
    ADD CONSTRAINT zkapp_states_nullable_element4_fkey FOREIGN KEY (element4) REFERENCES public.zkapp_field(id);


--
-- Name: zkapp_states_nullable zkapp_states_nullable_element5_fkey; Type: FK CONSTRAINT; Schema: public; Owner: postgres
--

ALTER TABLE ONLY public.zkapp_states_nullable
    ADD CONSTRAINT zkapp_states_nullable_element5_fkey FOREIGN KEY (element5) REFERENCES public.zkapp_field(id);


--
-- Name: zkapp_states_nullable zkapp_states_nullable_element6_fkey; Type: FK CONSTRAINT; Schema: public; Owner: postgres
--

ALTER TABLE ONLY public.zkapp_states_nullable
    ADD CONSTRAINT zkapp_states_nullable_element6_fkey FOREIGN KEY (element6) REFERENCES public.zkapp_field(id);


--
-- Name: zkapp_states_nullable zkapp_states_nullable_element7_fkey; Type: FK CONSTRAINT; Schema: public; Owner: postgres
--

ALTER TABLE ONLY public.zkapp_states_nullable
    ADD CONSTRAINT zkapp_states_nullable_element7_fkey FOREIGN KEY (element7) REFERENCES public.zkapp_field(id);


--
-- Name: zkapp_states_nullable zkapp_states_nullable_element8_fkey; Type: FK CONSTRAINT; Schema: public; Owner: postgres
--

ALTER TABLE ONLY public.zkapp_states_nullable
    ADD CONSTRAINT zkapp_states_nullable_element8_fkey FOREIGN KEY (element8) REFERENCES public.zkapp_field(id);


--
-- Name: zkapp_states_nullable zkapp_states_nullable_element9_fkey; Type: FK CONSTRAINT; Schema: public; Owner: postgres
--

ALTER TABLE ONLY public.zkapp_states_nullable
    ADD CONSTRAINT zkapp_states_nullable_element9_fkey FOREIGN KEY (element9) REFERENCES public.zkapp_field(id);


--
-- Name: zkapp_updates zkapp_updates_app_state_id_fkey; Type: FK CONSTRAINT; Schema: public; Owner: postgres
--

ALTER TABLE ONLY public.zkapp_updates
    ADD CONSTRAINT zkapp_updates_app_state_id_fkey FOREIGN KEY (app_state_id) REFERENCES public.zkapp_states_nullable(id);


--
-- Name: zkapp_updates zkapp_updates_delegate_id_fkey; Type: FK CONSTRAINT; Schema: public; Owner: postgres
--

ALTER TABLE ONLY public.zkapp_updates
    ADD CONSTRAINT zkapp_updates_delegate_id_fkey FOREIGN KEY (delegate_id) REFERENCES public.public_keys(id);


--
-- Name: zkapp_updates zkapp_updates_permissions_id_fkey; Type: FK CONSTRAINT; Schema: public; Owner: postgres
--

ALTER TABLE ONLY public.zkapp_updates
    ADD CONSTRAINT zkapp_updates_permissions_id_fkey FOREIGN KEY (permissions_id) REFERENCES public.zkapp_permissions(id);


--
-- Name: zkapp_updates zkapp_updates_timing_id_fkey; Type: FK CONSTRAINT; Schema: public; Owner: postgres
--

ALTER TABLE ONLY public.zkapp_updates
    ADD CONSTRAINT zkapp_updates_timing_id_fkey FOREIGN KEY (timing_id) REFERENCES public.zkapp_timing_info(id);


--
-- Name: zkapp_updates zkapp_updates_token_symbol_id_fkey; Type: FK CONSTRAINT; Schema: public; Owner: postgres
--

ALTER TABLE ONLY public.zkapp_updates
    ADD CONSTRAINT zkapp_updates_token_symbol_id_fkey FOREIGN KEY (token_symbol_id) REFERENCES public.token_symbols(id);


--
-- Name: zkapp_updates zkapp_updates_verification_key_id_fkey; Type: FK CONSTRAINT; Schema: public; Owner: postgres
--

ALTER TABLE ONLY public.zkapp_updates
    ADD CONSTRAINT zkapp_updates_verification_key_id_fkey FOREIGN KEY (verification_key_id) REFERENCES public.zkapp_verification_keys(id);


--
-- Name: zkapp_updates zkapp_updates_voting_for_id_fkey; Type: FK CONSTRAINT; Schema: public; Owner: postgres
--

ALTER TABLE ONLY public.zkapp_updates
    ADD CONSTRAINT zkapp_updates_voting_for_id_fkey FOREIGN KEY (voting_for_id) REFERENCES public.voting_for(id);


--
-- Name: zkapp_updates zkapp_updates_zkapp_uri_id_fkey; Type: FK CONSTRAINT; Schema: public; Owner: postgres
--

ALTER TABLE ONLY public.zkapp_updates
    ADD CONSTRAINT zkapp_updates_zkapp_uri_id_fkey FOREIGN KEY (zkapp_uri_id) REFERENCES public.zkapp_uris(id);


--
-- Name: zkapp_verification_keys zkapp_verification_keys_hash_id_fkey; Type: FK CONSTRAINT; Schema: public; Owner: postgres
--

ALTER TABLE ONLY public.zkapp_verification_keys
    ADD CONSTRAINT zkapp_verification_keys_hash_id_fkey FOREIGN KEY (hash_id) REFERENCES public.zkapp_verification_key_hashes(id);


--
-- Name: SCHEMA public; Type: ACL; Schema: -; Owner: postgres
--

REVOKE USAGE ON SCHEMA public FROM PUBLIC;
GRANT ALL ON SCHEMA public TO PUBLIC;


--
-- PostgreSQL database dump complete
--

