--
-- PostgreSQL database dump
--

-- Dumped from database version 12.17 (Ubuntu 12.17-0ubuntu0.20.04.1)
-- Dumped by pg_dump version 14.5

SET statement_timeout = 0;
SET lock_timeout = 0;
SET idle_in_transaction_session_timeout = 0;
SET client_encoding = 'UTF8';
SET standard_conforming_strings = on;
SELECT pg_catalog.set_config('search_path', '', false);
SET check_function_bodies = false;
SET xmloption = content;
SET client_min_messages = warning;
SET row_security = off;

--
-- Name: chain_status_type; Type: TYPE; Schema: public; Owner: postgres
--

CREATE TYPE public.chain_status_type AS ENUM (
    'canonical',
    'orphaned',
    'pending'
);


ALTER TYPE public.chain_status_type OWNER TO postgres;

--
-- Name: internal_command_type; Type: TYPE; Schema: public; Owner: postgres
--

CREATE TYPE public.internal_command_type AS ENUM (
    'fee_transfer_via_coinbase',
    'fee_transfer',
    'coinbase'
);


ALTER TYPE public.internal_command_type OWNER TO postgres;

--
-- Name: user_command_status; Type: TYPE; Schema: public; Owner: postgres
--

CREATE TYPE public.user_command_status AS ENUM (
    'applied',
    'failed'
);


ALTER TYPE public.user_command_status OWNER TO postgres;

--
-- Name: user_command_type; Type: TYPE; Schema: public; Owner: postgres
--

CREATE TYPE public.user_command_type AS ENUM (
    'payment',
    'delegation',
    'create_token',
    'create_account',
    'mint_tokens'
);


ALTER TYPE public.user_command_type OWNER TO postgres;

SET default_tablespace = '';

SET default_table_access_method = heap;

--
-- Name: balances; Type: TABLE; Schema: public; Owner: postgres
--

CREATE TABLE public.balances (
    id integer NOT NULL,
    public_key_id integer NOT NULL,
    balance bigint NOT NULL,
    block_id integer NOT NULL,
    block_height integer NOT NULL,
    block_sequence_no integer NOT NULL,
    block_secondary_sequence_no integer NOT NULL,
    nonce bigint
);


ALTER TABLE public.balances OWNER TO postgres;

--
-- Name: balances_id_seq; Type: SEQUENCE; Schema: public; Owner: postgres
--

CREATE SEQUENCE public.balances_id_seq
    AS integer
    START WITH 1
    INCREMENT BY 1
    NO MINVALUE
    NO MAXVALUE
    CACHE 1;


ALTER TABLE public.balances_id_seq OWNER TO postgres;

--
-- Name: balances_id_seq; Type: SEQUENCE OWNED BY; Schema: public; Owner: postgres
--

ALTER SEQUENCE public.balances_id_seq OWNED BY public.balances.id;


--
-- Name: blocks; Type: TABLE; Schema: public; Owner: postgres
--

CREATE TABLE public.blocks (
    id integer NOT NULL,
    state_hash text NOT NULL,
    parent_id integer,
    parent_hash text NOT NULL,
    creator_id integer NOT NULL,
    block_winner_id integer NOT NULL,
    snarked_ledger_hash_id integer NOT NULL,
    staking_epoch_data_id integer NOT NULL,
    next_epoch_data_id integer NOT NULL,
    ledger_hash text NOT NULL,
    height bigint NOT NULL,
    global_slot bigint NOT NULL,
    global_slot_since_genesis bigint NOT NULL,
    "timestamp" bigint NOT NULL,
    chain_status public.chain_status_type NOT NULL
);


ALTER TABLE public.blocks OWNER TO postgres;

--
-- Name: blocks_id_seq; Type: SEQUENCE; Schema: public; Owner: postgres
--

CREATE SEQUENCE public.blocks_id_seq
    AS integer
    START WITH 1
    INCREMENT BY 1
    NO MINVALUE
    NO MAXVALUE
    CACHE 1;


ALTER TABLE public.blocks_id_seq OWNER TO postgres;

--
-- Name: blocks_id_seq; Type: SEQUENCE OWNED BY; Schema: public; Owner: postgres
--

ALTER SEQUENCE public.blocks_id_seq OWNED BY public.blocks.id;


--
-- Name: blocks_internal_commands; Type: TABLE; Schema: public; Owner: postgres
--

CREATE TABLE public.blocks_internal_commands (
    block_id integer NOT NULL,
    internal_command_id integer NOT NULL,
    sequence_no integer NOT NULL,
    secondary_sequence_no integer NOT NULL,
    receiver_account_creation_fee_paid bigint,
    receiver_balance integer NOT NULL
);


ALTER TABLE public.blocks_internal_commands OWNER TO postgres;

--
-- Name: blocks_user_commands; Type: TABLE; Schema: public; Owner: postgres
--

CREATE TABLE public.blocks_user_commands (
    block_id integer NOT NULL,
    user_command_id integer NOT NULL,
    sequence_no integer NOT NULL,
    status public.user_command_status NOT NULL,
    failure_reason text,
    fee_payer_account_creation_fee_paid bigint,
    receiver_account_creation_fee_paid bigint,
    created_token bigint,
    fee_payer_balance integer NOT NULL,
    source_balance integer,
    receiver_balance integer
);


ALTER TABLE public.blocks_user_commands OWNER TO postgres;

--
-- Name: epoch_data; Type: TABLE; Schema: public; Owner: postgres
--

CREATE TABLE public.epoch_data (
    id integer NOT NULL,
    seed text NOT NULL,
    ledger_hash_id integer NOT NULL
);


ALTER TABLE public.epoch_data OWNER TO postgres;

--
-- Name: epoch_data_id_seq; Type: SEQUENCE; Schema: public; Owner: postgres
--

CREATE SEQUENCE public.epoch_data_id_seq
    AS integer
    START WITH 1
    INCREMENT BY 1
    NO MINVALUE
    NO MAXVALUE
    CACHE 1;


ALTER TABLE public.epoch_data_id_seq OWNER TO postgres;

--
-- Name: epoch_data_id_seq; Type: SEQUENCE OWNED BY; Schema: public; Owner: postgres
--

ALTER SEQUENCE public.epoch_data_id_seq OWNED BY public.epoch_data.id;


--
-- Name: internal_commands; Type: TABLE; Schema: public; Owner: postgres
--

CREATE TABLE public.internal_commands (
    id integer NOT NULL,
    type public.internal_command_type NOT NULL,
    receiver_id integer NOT NULL,
    fee bigint NOT NULL,
    token bigint NOT NULL,
    hash text NOT NULL
);


ALTER TABLE public.internal_commands OWNER TO postgres;

--
-- Name: internal_commands_id_seq; Type: SEQUENCE; Schema: public; Owner: postgres
--

CREATE SEQUENCE public.internal_commands_id_seq
    AS integer
    START WITH 1
    INCREMENT BY 1
    NO MINVALUE
    NO MAXVALUE
    CACHE 1;


ALTER TABLE public.internal_commands_id_seq OWNER TO postgres;

--
-- Name: internal_commands_id_seq; Type: SEQUENCE OWNED BY; Schema: public; Owner: postgres
--

ALTER SEQUENCE public.internal_commands_id_seq OWNED BY public.internal_commands.id;


--
-- Name: public_keys; Type: TABLE; Schema: public; Owner: postgres
--

CREATE TABLE public.public_keys (
    id integer NOT NULL,
    value text NOT NULL
);


ALTER TABLE public.public_keys OWNER TO postgres;

--
-- Name: public_keys_id_seq; Type: SEQUENCE; Schema: public; Owner: postgres
--

CREATE SEQUENCE public.public_keys_id_seq
    AS integer
    START WITH 1
    INCREMENT BY 1
    NO MINVALUE
    NO MAXVALUE
    CACHE 1;


ALTER TABLE public.public_keys_id_seq OWNER TO postgres;

--
-- Name: public_keys_id_seq; Type: SEQUENCE OWNED BY; Schema: public; Owner: postgres
--

ALTER SEQUENCE public.public_keys_id_seq OWNED BY public.public_keys.id;


--
-- Name: snarked_ledger_hashes; Type: TABLE; Schema: public; Owner: postgres
--

CREATE TABLE public.snarked_ledger_hashes (
    id integer NOT NULL,
    value text NOT NULL
);


ALTER TABLE public.snarked_ledger_hashes OWNER TO postgres;

--
-- Name: snarked_ledger_hashes_id_seq; Type: SEQUENCE; Schema: public; Owner: postgres
--

CREATE SEQUENCE public.snarked_ledger_hashes_id_seq
    AS integer
    START WITH 1
    INCREMENT BY 1
    NO MINVALUE
    NO MAXVALUE
    CACHE 1;


ALTER TABLE public.snarked_ledger_hashes_id_seq OWNER TO postgres;

--
-- Name: snarked_ledger_hashes_id_seq; Type: SEQUENCE OWNED BY; Schema: public; Owner: postgres
--

ALTER SEQUENCE public.snarked_ledger_hashes_id_seq OWNED BY public.snarked_ledger_hashes.id;


--
-- Name: timing_info; Type: TABLE; Schema: public; Owner: postgres
--

CREATE TABLE public.timing_info (
    id integer NOT NULL,
    public_key_id integer NOT NULL,
    token bigint NOT NULL,
    initial_balance bigint NOT NULL,
    initial_minimum_balance bigint NOT NULL,
    cliff_time bigint NOT NULL,
    cliff_amount bigint NOT NULL,
    vesting_period bigint NOT NULL,
    vesting_increment bigint NOT NULL
);


ALTER TABLE public.timing_info OWNER TO postgres;

--
-- Name: timing_info_id_seq; Type: SEQUENCE; Schema: public; Owner: postgres
--

CREATE SEQUENCE public.timing_info_id_seq
    AS integer
    START WITH 1
    INCREMENT BY 1
    NO MINVALUE
    NO MAXVALUE
    CACHE 1;


ALTER TABLE public.timing_info_id_seq OWNER TO postgres;

--
-- Name: timing_info_id_seq; Type: SEQUENCE OWNED BY; Schema: public; Owner: postgres
--

ALTER SEQUENCE public.timing_info_id_seq OWNED BY public.timing_info.id;


--
-- Name: user_commands; Type: TABLE; Schema: public; Owner: postgres
--

CREATE TABLE public.user_commands (
    id integer NOT NULL,
    type public.user_command_type NOT NULL,
    fee_payer_id integer NOT NULL,
    source_id integer NOT NULL,
    receiver_id integer NOT NULL,
    fee_token bigint NOT NULL,
    token bigint NOT NULL,
    nonce bigint NOT NULL,
    amount bigint,
    fee bigint NOT NULL,
    valid_until bigint,
    memo text NOT NULL,
    hash text NOT NULL
);


ALTER TABLE public.user_commands OWNER TO postgres;

--
-- Name: user_commands_id_seq; Type: SEQUENCE; Schema: public; Owner: postgres
--

CREATE SEQUENCE public.user_commands_id_seq
    AS integer
    START WITH 1
    INCREMENT BY 1
    NO MINVALUE
    NO MAXVALUE
    CACHE 1;


ALTER TABLE public.user_commands_id_seq OWNER TO postgres;

--
-- Name: user_commands_id_seq; Type: SEQUENCE OWNED BY; Schema: public; Owner: postgres
--

ALTER SEQUENCE public.user_commands_id_seq OWNED BY public.user_commands.id;


--
-- Name: balances id; Type: DEFAULT; Schema: public; Owner: postgres
--

ALTER TABLE ONLY public.balances ALTER COLUMN id SET DEFAULT nextval('public.balances_id_seq'::regclass);


--
-- Name: blocks id; Type: DEFAULT; Schema: public; Owner: postgres
--

ALTER TABLE ONLY public.blocks ALTER COLUMN id SET DEFAULT nextval('public.blocks_id_seq'::regclass);


--
-- Name: epoch_data id; Type: DEFAULT; Schema: public; Owner: postgres
--

ALTER TABLE ONLY public.epoch_data ALTER COLUMN id SET DEFAULT nextval('public.epoch_data_id_seq'::regclass);


--
-- Name: internal_commands id; Type: DEFAULT; Schema: public; Owner: postgres
--

ALTER TABLE ONLY public.internal_commands ALTER COLUMN id SET DEFAULT nextval('public.internal_commands_id_seq'::regclass);


--
-- Name: public_keys id; Type: DEFAULT; Schema: public; Owner: postgres
--

ALTER TABLE ONLY public.public_keys ALTER COLUMN id SET DEFAULT nextval('public.public_keys_id_seq'::regclass);


--
-- Name: snarked_ledger_hashes id; Type: DEFAULT; Schema: public; Owner: postgres
--

ALTER TABLE ONLY public.snarked_ledger_hashes ALTER COLUMN id SET DEFAULT nextval('public.snarked_ledger_hashes_id_seq'::regclass);


--
-- Name: timing_info id; Type: DEFAULT; Schema: public; Owner: postgres
--

ALTER TABLE ONLY public.timing_info ALTER COLUMN id SET DEFAULT nextval('public.timing_info_id_seq'::regclass);


--
-- Name: user_commands id; Type: DEFAULT; Schema: public; Owner: postgres
--

ALTER TABLE ONLY public.user_commands ALTER COLUMN id SET DEFAULT nextval('public.user_commands_id_seq'::regclass);


--
-- Data for Name: balances; Type: TABLE DATA; Schema: public; Owner: postgres
--

COPY public.balances (id, public_key_id, balance, block_id, block_height, block_sequence_no, block_secondary_sequence_no, nonce) FROM stdin;
1	3	499750000000	2	2	0	0	1
2	7	1440000000000	2	2	1	0	0
3	7	1440250000000	2	2	2	0	0
4	3	499750000000	3	2	0	0	1
5	3	499500000000	3	2	1	0	2
6	3	499250000000	3	2	2	0	3
7	3	499000000000	3	2	3	0	4
8	3	498750000000	3	2	4	0	5
9	3	498500000000	3	2	5	0	6
10	3	498250000000	3	2	6	0	7
11	3	498000000000	3	2	7	0	8
12	3	497750000000	3	2	8	0	9
13	3	497500000000	3	2	9	0	10
14	3	497250000000	3	2	10	0	11
15	3	497000000000	3	2	11	0	12
16	3	496750000000	3	2	12	0	13
17	3	496500000000	3	2	13	0	14
18	3	496250000000	3	2	14	0	15
19	3	496000000000	3	2	15	0	16
20	3	495750000000	3	2	16	0	17
21	3	495500000000	3	2	17	0	18
22	3	495250000000	3	2	18	0	19
23	3	495000000000	3	2	19	0	20
24	3	494750000000	3	2	20	0	21
25	3	494500000000	3	2	21	0	22
26	3	494250000000	3	2	22	0	23
27	3	494000000000	3	2	23	0	24
28	3	493750000000	3	2	24	0	25
29	3	493500000000	3	2	25	0	26
30	3	493250000000	3	2	26	0	27
31	3	493000000000	3	2	27	0	28
32	3	492750000000	3	2	28	0	29
33	3	492500000000	3	2	29	0	30
34	3	492250000000	3	2	30	0	31
35	3	492000000000	3	2	31	0	32
36	3	491750000000	3	2	32	0	33
37	3	491500000000	3	2	33	0	34
38	3	491250000000	3	2	34	0	35
39	3	491000000000	3	2	35	0	36
40	3	490750000000	3	2	36	0	37
41	3	490500000000	3	2	37	0	38
42	3	490250000000	3	2	38	0	39
43	3	490000000000	3	2	39	0	40
44	3	489750000000	3	2	40	0	41
45	3	489500000000	3	2	41	0	42
46	3	489250000000	3	2	42	0	43
47	3	489000000000	3	2	43	0	44
48	3	488750000000	3	2	44	0	45
49	3	488500000000	3	2	45	0	46
50	3	488250000000	3	2	46	0	47
51	3	488000000000	3	2	47	0	48
52	3	487750000000	3	2	48	0	49
53	3	487500000000	3	2	49	0	50
54	3	487250000000	3	2	50	0	51
55	3	487000000000	3	2	51	0	52
56	3	486750000000	3	2	52	0	53
57	3	486500000000	3	2	53	0	54
58	3	486250000000	3	2	54	0	55
59	3	486000000000	3	2	55	0	56
60	3	485750000000	3	2	56	0	57
61	3	485500000000	3	2	57	0	58
62	3	485250000000	3	2	58	0	59
63	3	485000000000	3	2	59	0	60
64	3	484750000000	3	2	60	0	61
65	3	484500000000	3	2	61	0	62
66	3	484250000000	3	2	62	0	63
67	3	484000000000	3	2	63	0	64
68	3	483750000000	3	2	64	0	65
69	3	483500000000	3	2	65	0	66
70	3	483250000000	3	2	66	0	67
71	3	483000000000	3	2	67	0	68
72	3	482750000000	3	2	68	0	69
73	5	1440000000000	3	2	69	0	0
74	5	1457250000000	3	2	70	0	0
75	3	482500000000	4	3	0	0	70
76	3	482250000000	4	3	1	0	71
77	3	482000000000	4	3	2	0	72
78	3	481750000000	4	3	3	0	73
79	3	481500000000	4	3	4	0	74
80	3	481250000000	4	3	5	0	75
81	3	481000000000	4	3	6	0	76
82	3	480750000000	4	3	7	0	77
83	3	480500000000	4	3	8	0	78
84	3	480250000000	4	3	9	0	79
85	3	480000000000	4	3	10	0	80
86	3	479750000000	4	3	11	0	81
87	3	479500000000	4	3	12	0	82
88	3	479250000000	4	3	13	0	83
89	3	479000000000	4	3	14	0	84
90	3	478750000000	4	3	15	0	85
91	3	478500000000	4	3	16	0	86
92	7	1440000000000	4	3	17	0	0
93	7	1444250000000	4	3	18	0	0
94	3	478250000000	5	4	0	0	87
95	3	478000000000	5	4	1	0	88
96	3	477750000000	5	4	2	0	89
97	3	477500000000	5	4	3	0	90
98	3	477250000000	5	4	4	0	91
99	3	477000000000	5	4	5	0	92
100	3	476750000000	5	4	6	0	93
101	3	476500000000	5	4	7	0	94
102	3	476250000000	5	4	8	0	95
103	3	476000000000	5	4	9	0	96
104	3	475750000000	5	4	10	0	97
105	3	475500000000	5	4	11	0	98
106	3	475250000000	5	4	12	0	99
107	3	475000000000	5	4	13	0	100
108	3	474750000000	5	4	14	0	101
109	3	474500000000	5	4	15	0	102
110	3	474250000000	5	4	16	0	103
111	3	474000000000	5	4	17	0	104
112	3	473750000000	5	4	18	0	105
113	3	473500000000	5	4	19	0	106
114	3	473250000000	5	4	20	0	107
115	3	473000000000	5	4	21	0	108
116	3	472750000000	5	4	22	0	109
117	3	472500000000	5	4	23	0	110
118	3	472250000000	5	4	24	0	111
119	3	472000000000	5	4	25	0	112
120	3	471750000000	5	4	26	0	113
121	3	471500000000	5	4	27	0	114
122	3	471250000000	5	4	28	0	115
123	3	471000000000	5	4	29	0	116
124	3	470750000000	5	4	30	0	117
125	3	470500000000	5	4	31	0	118
126	3	470250000000	5	4	32	0	119
127	3	470000000000	5	4	33	0	120
128	3	469750000000	5	4	34	0	121
129	3	469500000000	5	4	35	0	122
130	5	2897250000000	5	4	36	0	0
131	5	2906250000000	5	4	37	0	0
132	3	469250000000	6	5	0	0	123
133	3	469000000000	6	5	1	0	124
134	3	468750000000	6	5	2	0	125
135	3	468500000000	6	5	3	0	126
136	3	468250000000	6	5	4	0	127
137	3	468000000000	6	5	5	0	128
138	3	467750000000	6	5	6	0	129
139	3	467500000000	6	5	7	0	130
140	3	467250000000	6	5	8	0	131
141	3	467000000000	6	5	9	0	132
142	3	466750000000	6	5	10	0	133
143	3	466500000000	6	5	11	0	134
144	3	466250000000	6	5	12	0	135
145	3	466000000000	6	5	13	0	136
146	3	465750000000	6	5	14	0	137
147	3	465500000000	6	5	15	0	138
148	3	465250000000	6	5	16	0	139
149	3	465000000000	6	5	17	0	140
150	7	2884250000000	6	5	18	0	0
151	7	2888750000000	6	5	19	0	0
152	3	469250000000	7	5	0	0	123
153	3	469000000000	7	5	1	0	124
154	3	468750000000	7	5	2	0	125
155	3	468500000000	7	5	3	0	126
156	3	468250000000	7	5	4	0	127
157	3	468000000000	7	5	5	0	128
158	3	467750000000	7	5	6	0	129
159	3	467500000000	7	5	7	0	130
160	3	467250000000	7	5	8	0	131
161	3	467000000000	7	5	9	0	132
162	3	466750000000	7	5	10	0	133
163	3	466500000000	7	5	11	0	134
164	3	466250000000	7	5	12	0	135
165	3	466000000000	7	5	13	0	136
166	3	465750000000	7	5	14	0	137
167	3	465500000000	7	5	15	0	138
168	3	465250000000	7	5	16	0	139
169	3	465000000000	7	5	17	0	140
170	5	4346250000000	7	5	18	0	0
171	5	4350750000000	7	5	19	0	0
172	3	464750000000	8	6	0	0	141
173	3	464500000000	8	6	1	0	142
174	3	464250000000	8	6	2	0	143
175	3	464000000000	8	6	3	0	144
176	3	463750000000	8	6	4	0	145
177	3	463500000000	8	6	5	0	146
178	3	463250000000	8	6	6	0	147
179	3	463000000000	8	6	7	0	148
180	3	462750000000	8	6	8	0	149
181	3	462500000000	8	6	9	0	150
182	3	462250000000	8	6	10	0	151
183	3	462000000000	8	6	11	0	152
184	3	461750000000	8	6	12	0	153
185	3	461500000000	8	6	13	0	154
186	3	461250000000	8	6	14	0	155
187	3	461000000000	8	6	15	0	156
188	3	460750000000	8	6	16	0	157
189	7	2884250000000	8	6	17	0	0
190	7	2888500000000	8	6	18	0	0
191	3	464750000000	9	6	0	0	141
192	3	464500000000	9	6	1	0	142
193	3	464250000000	9	6	2	0	143
194	3	464000000000	9	6	3	0	144
195	3	463750000000	9	6	4	0	145
196	3	463500000000	9	6	5	0	146
197	3	463250000000	9	6	6	0	147
198	3	463000000000	9	6	7	0	148
199	3	462750000000	9	6	8	0	149
200	3	462500000000	9	6	9	0	150
201	3	462250000000	9	6	10	0	151
202	3	462000000000	9	6	11	0	152
203	3	461750000000	9	6	12	0	153
204	3	461500000000	9	6	13	0	154
205	3	461250000000	9	6	14	0	155
206	3	461000000000	9	6	15	0	156
207	3	460750000000	9	6	16	0	157
208	5	5790750000000	9	6	17	0	0
209	5	5795000000000	9	6	18	0	0
210	3	460500000000	10	7	0	0	158
211	3	460250000000	10	7	1	0	159
212	3	460000000000	10	7	2	0	160
213	3	459750000000	10	7	3	0	161
214	3	459500000000	10	7	4	0	162
215	3	459250000000	10	7	5	0	163
216	3	459000000000	10	7	6	0	164
217	3	458750000000	10	7	7	0	165
218	3	458500000000	10	7	8	0	166
219	3	458250000000	10	7	9	0	167
220	3	458000000000	10	7	10	0	168
221	3	457750000000	10	7	11	0	169
222	3	457500000000	10	7	12	0	170
223	3	457250000000	10	7	13	0	171
224	3	457000000000	10	7	14	0	172
225	3	456750000000	10	7	15	0	173
226	3	456500000000	10	7	16	0	174
227	3	456250000000	10	7	17	0	175
228	7	2884250000000	10	7	18	0	0
229	7	2888750000000	10	7	19	0	0
230	3	456000000000	11	8	0	0	176
231	3	455750000000	11	8	1	0	177
232	3	455500000000	11	8	2	0	178
233	3	455250000000	11	8	3	0	179
234	3	455000000000	11	8	4	0	180
235	3	454750000000	11	8	5	0	181
236	3	454500000000	11	8	6	0	182
237	3	454250000000	11	8	7	0	183
238	3	454000000000	11	8	8	0	184
239	3	453750000000	11	8	9	0	185
240	3	453500000000	11	8	10	0	186
241	3	453250000000	11	8	11	0	187
242	3	453000000000	11	8	12	0	188
243	3	452750000000	11	8	13	0	189
244	3	452500000000	11	8	14	0	190
245	3	452250000000	11	8	15	0	191
246	3	452000000000	11	8	16	0	192
247	3	451750000000	11	8	17	0	193
248	7	4328750000000	11	8	18	0	0
249	7	4333250000000	11	8	19	0	0
250	3	451500000000	12	9	0	0	194
251	3	451250000000	12	9	1	0	195
252	3	451000000000	12	9	2	0	196
253	3	450750000000	12	9	3	0	197
254	3	450500000000	12	9	4	0	198
255	3	450250000000	12	9	5	0	199
256	3	450000000000	12	9	6	0	200
257	3	449750000000	12	9	7	0	201
258	3	449500000000	12	9	8	0	202
259	3	449250000000	12	9	9	0	203
260	3	449000000000	12	9	10	0	204
261	3	448750000000	12	9	11	0	205
262	3	448500000000	12	9	12	0	206
263	3	448250000000	12	9	13	0	207
264	3	448000000000	12	9	14	0	208
265	3	447750000000	12	9	15	0	209
266	3	447500000000	12	9	16	0	210
267	7	5773250000000	12	9	17	0	0
268	7	5777500000000	12	9	18	0	0
269	3	447250000000	13	10	0	0	211
270	3	447000000000	13	10	1	0	212
271	3	446750000000	13	10	2	0	213
272	3	446500000000	13	10	3	0	214
273	3	446250000000	13	10	4	0	215
274	3	446000000000	13	10	5	0	216
275	3	445750000000	13	10	6	0	217
276	3	445500000000	13	10	7	0	218
277	3	445250000000	13	10	8	0	219
278	3	445000000000	13	10	9	0	220
279	3	444750000000	13	10	10	0	221
280	3	444500000000	13	10	11	0	222
281	3	444250000000	13	10	12	0	223
282	3	444000000000	13	10	13	0	224
283	3	443750000000	13	10	14	0	225
284	3	443500000000	13	10	15	0	226
285	3	443250000000	13	10	16	0	227
286	3	443000000000	13	10	17	0	228
287	7	7217500000000	13	10	18	0	0
288	7	7222000000000	13	10	19	0	0
289	3	442750000000	14	11	0	0	229
290	3	442500000000	14	11	1	0	230
291	3	442250000000	14	11	2	0	231
292	3	442000000000	14	11	3	0	232
293	3	441750000000	14	11	4	0	233
294	3	441500000000	14	11	5	0	234
295	3	441250000000	14	11	6	0	235
296	3	441000000000	14	11	7	0	236
297	3	440750000000	14	11	8	0	237
298	5	5797250000000	14	11	9	0	0
299	3	440500000000	14	11	10	0	238
300	3	440250000000	14	11	11	0	239
301	3	440000000000	14	11	12	0	240
302	3	439750000000	14	11	13	0	241
303	3	439500000000	14	11	14	0	242
304	3	439250000000	14	11	15	0	243
305	3	439000000000	14	11	16	0	244
306	3	438750000000	14	11	17	0	245
307	3	438500000000	14	11	18	0	246
308	5	7237250000000	14	11	19	0	0
309	5	7239500000000	14	11	20	0	0
310	3	438250000000	15	12	0	0	247
311	3	438000000000	15	12	1	0	248
312	3	437750000000	15	12	2	0	249
313	3	437500000000	15	12	3	0	250
314	3	437250000000	15	12	4	0	251
315	3	437000000000	15	12	5	0	252
316	3	436750000000	15	12	6	0	253
317	3	436500000000	15	12	7	0	254
318	3	436250000000	15	12	8	0	255
319	3	436000000000	15	12	9	0	256
320	3	435750000000	15	12	10	0	257
321	3	435500000000	15	12	11	0	258
322	3	435250000000	15	12	12	0	259
323	3	435000000000	15	12	13	0	260
324	3	434750000000	15	12	14	0	261
325	3	434500000000	15	12	15	0	262
326	3	434250000000	15	12	16	0	263
327	3	434000000000	15	12	17	0	264
328	3	433750000000	15	12	18	0	265
329	3	433500000000	15	12	19	0	266
330	3	433250000000	15	12	20	0	267
331	3	433000000000	15	12	21	0	268
332	3	432750000000	15	12	22	0	269
333	3	432500000000	15	12	23	0	270
334	3	432250000000	15	12	24	0	271
335	3	432000000000	15	12	25	0	272
336	3	431750000000	15	12	26	0	273
337	3	431500000000	15	12	27	0	274
338	3	431250000000	15	12	28	0	275
339	3	431000000000	15	12	29	0	276
340	3	430750000000	15	12	30	0	277
341	3	430500000000	15	12	31	0	278
342	3	430250000000	15	12	32	0	279
343	3	430000000000	15	12	33	0	280
344	3	429750000000	15	12	34	0	281
345	3	429500000000	15	12	35	0	282
346	3	429250000000	15	12	36	0	283
347	3	429000000000	15	12	37	0	284
348	3	428750000000	15	12	38	0	285
349	3	428500000000	15	12	39	0	286
350	3	428250000000	15	12	40	0	287
351	3	428000000000	15	12	41	0	288
352	3	427750000000	15	12	42	0	289
353	3	427500000000	15	12	43	0	290
354	3	427250000000	15	12	44	0	291
355	3	427000000000	15	12	45	0	292
356	3	426750000000	15	12	46	0	293
357	3	426500000000	15	12	47	0	294
358	3	426250000000	15	12	48	0	295
359	3	426000000000	15	12	49	0	296
360	3	425750000000	15	12	50	0	297
361	3	425500000000	15	12	51	0	298
362	3	425250000000	15	12	52	0	299
363	5	8679500000000	15	12	53	0	0
364	5	8692750000000	15	12	54	0	0
365	3	438250000000	16	12	0	0	247
366	3	438000000000	16	12	1	0	248
367	3	437750000000	16	12	2	0	249
368	3	437500000000	16	12	3	0	250
369	3	437250000000	16	12	4	0	251
370	3	437000000000	16	12	5	0	252
371	3	436750000000	16	12	6	0	253
372	3	436500000000	16	12	7	0	254
373	3	436250000000	16	12	8	0	255
374	3	436000000000	16	12	9	0	256
375	3	435750000000	16	12	10	0	257
376	3	435500000000	16	12	11	0	258
377	3	435250000000	16	12	12	0	259
378	3	435000000000	16	12	13	0	260
379	3	434750000000	16	12	14	0	261
380	3	434500000000	16	12	15	0	262
381	3	434250000000	16	12	16	0	263
382	3	434000000000	16	12	17	0	264
383	3	433750000000	16	12	18	0	265
384	3	433500000000	16	12	19	0	266
385	3	433250000000	16	12	20	0	267
386	3	433000000000	16	12	21	0	268
387	3	432750000000	16	12	22	0	269
388	3	432500000000	16	12	23	0	270
389	3	432250000000	16	12	24	0	271
390	3	432000000000	16	12	25	0	272
391	3	431750000000	16	12	26	0	273
392	3	431500000000	16	12	27	0	274
393	3	431250000000	16	12	28	0	275
394	3	431000000000	16	12	29	0	276
395	3	430750000000	16	12	30	0	277
396	3	430500000000	16	12	31	0	278
397	3	430250000000	16	12	32	0	279
398	3	430000000000	16	12	33	0	280
399	3	429750000000	16	12	34	0	281
400	3	429500000000	16	12	35	0	282
401	3	429250000000	16	12	36	0	283
402	3	429000000000	16	12	37	0	284
403	3	428750000000	16	12	38	0	285
404	3	428500000000	16	12	39	0	286
405	3	428250000000	16	12	40	0	287
406	3	428000000000	16	12	41	0	288
407	3	427750000000	16	12	42	0	289
408	3	427500000000	16	12	43	0	290
409	3	427250000000	16	12	44	0	291
410	3	427000000000	16	12	45	0	292
411	3	426750000000	16	12	46	0	293
412	3	426500000000	16	12	47	0	294
413	3	426250000000	16	12	48	0	295
414	3	426000000000	16	12	49	0	296
415	3	425750000000	16	12	50	0	297
416	3	425500000000	16	12	51	0	298
417	3	425250000000	16	12	52	0	299
418	7	8662000000000	16	12	53	0	0
419	7	8675250000000	16	12	54	0	0
420	3	425000000000	17	13	0	0	300
421	3	424750000000	17	13	1	0	301
422	3	424500000000	17	13	2	0	302
423	3	424250000000	17	13	3	0	303
424	3	424000000000	17	13	4	0	304
425	3	423750000000	17	13	5	0	305
426	3	423500000000	17	13	6	0	306
427	3	423250000000	17	13	7	0	307
428	3	423000000000	17	13	8	0	308
429	3	422750000000	17	13	9	0	309
430	3	422500000000	17	13	10	0	310
431	3	422250000000	17	13	11	0	311
432	3	422000000000	17	13	12	0	312
433	3	421750000000	17	13	13	0	313
434	3	421500000000	17	13	14	0	314
435	3	421250000000	17	13	15	0	315
436	3	421000000000	17	13	16	0	316
437	3	420750000000	17	13	17	0	317
438	5	8679500000000	17	13	18	0	0
439	5	8684000000000	17	13	19	0	0
440	3	425000000000	18	13	0	0	300
441	3	424750000000	18	13	1	0	301
442	3	424500000000	18	13	2	0	302
443	3	424250000000	18	13	3	0	303
444	3	424000000000	18	13	4	0	304
445	3	423750000000	18	13	5	0	305
446	3	423500000000	18	13	6	0	306
447	3	423250000000	18	13	7	0	307
448	3	423000000000	18	13	8	0	308
449	3	422750000000	18	13	9	0	309
450	3	422500000000	18	13	10	0	310
451	3	422250000000	18	13	11	0	311
452	3	422000000000	18	13	12	0	312
453	3	421750000000	18	13	13	0	313
454	3	421500000000	18	13	14	0	314
455	3	421250000000	18	13	15	0	315
456	3	421000000000	18	13	16	0	316
457	3	420750000000	18	13	17	0	317
458	7	10115250000000	18	13	18	0	0
459	7	10119750000000	18	13	19	0	0
460	3	420500000000	19	14	0	0	318
461	3	420250000000	19	14	1	0	319
462	3	420000000000	19	14	2	0	320
463	3	419750000000	19	14	3	0	321
464	3	419500000000	19	14	4	0	322
465	3	419250000000	19	14	5	0	323
466	3	419000000000	19	14	6	0	324
467	3	418750000000	19	14	7	0	325
468	3	418500000000	19	14	8	0	326
469	3	418250000000	19	14	9	0	327
470	3	418000000000	19	14	10	0	328
471	3	417750000000	19	14	11	0	329
472	3	417500000000	19	14	12	0	330
473	3	417250000000	19	14	13	0	331
474	3	417000000000	19	14	14	0	332
475	3	416750000000	19	14	15	0	333
476	3	416500000000	19	14	16	0	334
477	7	11559750000000	19	14	17	0	0
478	7	11564000000000	19	14	18	0	0
479	3	416250000000	20	15	0	0	335
480	3	416000000000	20	15	1	0	336
481	3	415750000000	20	15	2	0	337
482	3	415500000000	20	15	3	0	338
483	3	415250000000	20	15	4	0	339
484	3	415000000000	20	15	5	0	340
485	3	414750000000	20	15	6	0	341
486	3	414500000000	20	15	7	0	342
487	3	414250000000	20	15	8	0	343
488	3	414000000000	20	15	9	0	344
489	3	413750000000	20	15	10	0	345
490	3	413500000000	20	15	11	0	346
491	3	413250000000	20	15	12	0	347
492	3	413000000000	20	15	13	0	348
493	3	412750000000	20	15	14	0	349
494	3	412500000000	20	15	15	0	350
495	3	412250000000	20	15	16	0	351
496	3	412000000000	20	15	17	0	352
497	7	13004000000000	20	15	18	0	0
498	7	13008500000000	20	15	19	0	0
499	3	411750000000	21	16	0	0	353
500	3	411500000000	21	16	1	0	354
501	7	13009000000000	21	16	2	0	0
502	3	411250000000	21	16	3	0	355
503	3	411000000000	21	16	4	0	356
504	3	410750000000	21	16	5	0	357
505	3	410500000000	21	16	6	0	358
506	3	410250000000	21	16	7	0	359
507	3	410000000000	21	16	8	0	360
508	3	409750000000	21	16	9	0	361
509	3	409500000000	21	16	10	0	362
510	3	409250000000	21	16	11	0	363
511	3	409000000000	21	16	12	0	364
512	3	408750000000	21	16	13	0	365
513	3	408500000000	21	16	14	0	366
514	3	408250000000	21	16	15	0	367
515	3	408000000000	21	16	16	0	368
516	3	407750000000	21	16	17	0	369
517	3	407500000000	21	16	18	0	370
518	7	14449000000000	21	16	19	0	0
519	7	14453000000000	21	16	20	0	0
520	3	407250000000	22	17	0	0	371
521	3	407000000000	22	17	1	0	372
522	3	406750000000	22	17	2	0	373
523	3	406500000000	22	17	3	0	374
524	3	406250000000	22	17	4	0	375
525	3	406000000000	22	17	5	0	376
526	3	405750000000	22	17	6	0	377
527	3	405500000000	22	17	7	0	378
528	3	405250000000	22	17	8	0	379
529	3	405000000000	22	17	9	0	380
530	3	404750000000	22	17	10	0	381
531	3	404500000000	22	17	11	0	382
532	3	404250000000	22	17	12	0	383
533	3	404000000000	22	17	13	0	384
534	3	403750000000	22	17	14	0	385
535	3	403500000000	22	17	15	0	386
536	3	403250000000	22	17	16	0	387
537	3	403000000000	22	17	17	0	388
538	5	8679500000000	22	17	18	0	0
539	5	8684000000000	22	17	19	0	0
540	3	407250000000	23	17	0	0	371
541	3	407000000000	23	17	1	0	372
542	3	406750000000	23	17	2	0	373
543	3	406500000000	23	17	3	0	374
544	3	406250000000	23	17	4	0	375
545	3	406000000000	23	17	5	0	376
546	3	405750000000	23	17	6	0	377
547	3	405500000000	23	17	7	0	378
548	3	405250000000	23	17	8	0	379
549	3	405000000000	23	17	9	0	380
550	3	404750000000	23	17	10	0	381
551	3	404500000000	23	17	11	0	382
552	3	404250000000	23	17	12	0	383
553	3	404000000000	23	17	13	0	384
554	3	403750000000	23	17	14	0	385
555	3	403500000000	23	17	15	0	386
556	3	403250000000	23	17	16	0	387
557	3	403000000000	23	17	17	0	388
558	7	15893000000000	23	17	18	0	0
559	7	15897500000000	23	17	19	0	0
\.


--
-- Data for Name: blocks; Type: TABLE DATA; Schema: public; Owner: postgres
--

COPY public.blocks (id, state_hash, parent_id, parent_hash, creator_id, block_winner_id, snarked_ledger_hash_id, staking_epoch_data_id, next_epoch_data_id, ledger_hash, height, global_slot, global_slot_since_genesis, "timestamp", chain_status) FROM stdin;
1	3NLQZXsENsSyq6sL9wm6AKcbrSE8kTjyLyjwVnaHESPCFCrWT4Ts	\N	3NLPT26uhNufN2mMRUumpfm3Zo2AYEbzqoCTHbSyz3mzFyffBpjF	1	1	1	1	2	jwmeXY8LNvMh91uisGipfFLL82GBkhTRdmA1LF8Vv9unGGnzGn4	1	0	0	1705667614000	canonical
23	3NLY14585qKercF2nEJk7F4YL2qGfee4BN6xdDpe11hJQp5WDpum	21	3NLKNr31eAuPtnhr3Yw9zm9AgHUzcmVxFwTZhcythYx1eXv3ZmiV	7	6	1	1	24	jxgUh9FcE3MRUtxrNoxcuoNJjb8RtX4Phm4pY3PR5XhYD8bZTrC	17	24	24	1705671934000	canonical
21	3NLKNr31eAuPtnhr3Yw9zm9AgHUzcmVxFwTZhcythYx1eXv3ZmiV	20	3NLyANm1Y8BWQzV1B4cJzGBvb2AezkiWCnFHtS2UagcGDFKEChRU	7	6	1	1	22	jxi2z91HF5AN6DH2bLAXUPtneJ2Wg2mStbqwdLUPwFwQTJiq7Lt	16	23	23	1705671754000	canonical
20	3NLyANm1Y8BWQzV1B4cJzGBvb2AezkiWCnFHtS2UagcGDFKEChRU	19	3NLEurJC38Vnd83N395R4eMmCN2hWhezVvZrd6Ufqd8nTu6SRb9P	7	6	1	1	21	jwL9z6QdJjicxRzAPAcjTRDeXKUWjuthuqqD7vyApUnod3kXgr9	15	22	22	1705671574000	canonical
19	3NLEurJC38Vnd83N395R4eMmCN2hWhezVvZrd6Ufqd8nTu6SRb9P	18	3NL873Ri4LLcAd3wbadjQSx6VUK5rp4sSZwQWMXS2SEshuXj5vjQ	7	6	1	1	20	jxnQhT113hWqEkLqiaeTRw3sVtgLMSAcndNSoswjkYqC5WQaNVB	14	21	21	1705671394000	canonical
18	3NL873Ri4LLcAd3wbadjQSx6VUK5rp4sSZwQWMXS2SEshuXj5vjQ	16	3NKMpzmCXksStoDNXESV6Q7ByUCsrNQWtqobSd38eJHVRuDc1yK6	7	6	1	1	19	jxfEk46iwSCj233fDw7JKHE5X64qhMqJ2vcGshWkSgLuAaQ1CTk	13	20	20	1705671214000	canonical
16	3NKMpzmCXksStoDNXESV6Q7ByUCsrNQWtqobSd38eJHVRuDc1yK6	14	3NLTGp8vhPkwReCMprESMobVZve2bWhZFiU5GR4UrCJ5KrKSKWxx	7	6	1	1	17	jxgK39HsZSikAT85FNauZAPRhC1KnwftduHCnUtdREazEDkm53k	12	19	19	1705671034000	canonical
14	3NLTGp8vhPkwReCMprESMobVZve2bWhZFiU5GR4UrCJ5KrKSKWxx	13	3NKY8fpcSpXXf8tN6NjZge7wSo2tYWLJHw1dntxy3tVD5Y4RHqkA	5	4	1	1	15	jw7MMb19MpCKbfW2YLYp2nm1EtDFxQNvprQCBpNBeKdtX5npYzA	11	16	16	1705670494000	canonical
13	3NKY8fpcSpXXf8tN6NjZge7wSo2tYWLJHw1dntxy3tVD5Y4RHqkA	12	3NLEtHDHDdhUwBCbtCAj5JgoZpWScijT3eHNkzR25gENZmtF6gu5	7	6	1	1	14	jxYR9Y5r6NbmteomwMMiTHxPL8PTUSbN3kMXPX1PybWVxyv28Mm	10	15	15	1705670314000	canonical
12	3NLEtHDHDdhUwBCbtCAj5JgoZpWScijT3eHNkzR25gENZmtF6gu5	11	3NLQmnXi9DVQXLJvzPATppe3iazAyV8VrQnCw9Rwt6MW3aBcpjVu	7	6	1	1	13	jxHkcscRfP2D41fVBGGcEaHpPfoVp3rHQf3mx2J3S6aH3jRFgwK	9	14	14	1705670134000	canonical
11	3NLQmnXi9DVQXLJvzPATppe3iazAyV8VrQnCw9Rwt6MW3aBcpjVu	10	3NKSryujoc7Mcgp9HWrsz1TLbfgsbiQUqEQKpm2GWVz19e8zfpY5	7	6	1	1	12	jxThaXjktd4E4f42ek26sChbMMWu9BjqKPAA97JAEW7hvQmRVfr	8	13	13	1705669954000	canonical
10	3NKSryujoc7Mcgp9HWrsz1TLbfgsbiQUqEQKpm2GWVz19e8zfpY5	9	3NLgj2ypWa89uQwGdMoXBxAwg4ipAMj4bzN6YHiFjYUwKJ9wHraB	7	6	1	1	11	jxH3E8HkY2xLaCMgwpqauuNJtzhb7QQa6VurHo4djHsSURnZFMm	7	12	12	1705669774000	canonical
9	3NLgj2ypWa89uQwGdMoXBxAwg4ipAMj4bzN6YHiFjYUwKJ9wHraB	7	3NLc8LCZByfMhzSErU6iiz5ynzxaNGSSwt9KkLSsU5eEKavn8ijD	5	4	1	1	10	jx1aBNoQ7yZ88AYpLBuLzCY6PS3DU8VcD3ufPi3HepegnQxA5gA	6	11	11	1705669594000	canonical
7	3NLc8LCZByfMhzSErU6iiz5ynzxaNGSSwt9KkLSsU5eEKavn8ijD	5	3NLnR8r84dvWFE1P5k3ToNRNpWtbr6NiTgrun8JJZMKQ8kgMFjtf	5	4	1	1	8	jxrnjRHLbv1JRVQwwwx6LgEbC4kBhxvtK9RFrK8DYbQVUBGM3aW	5	10	10	1705669414000	canonical
5	3NLnR8r84dvWFE1P5k3ToNRNpWtbr6NiTgrun8JJZMKQ8kgMFjtf	4	3NLMwmw8xvtXyncig3GLUuaZfitaMWUq25BF8TN3S4FEufH58pm5	5	4	1	1	6	jwR5K2aJoNgcJmwNSnLeGVFFgKLa72qXYPEzigMpWMx9kPu84mJ	4	9	9	1705669234000	canonical
4	3NLMwmw8xvtXyncig3GLUuaZfitaMWUq25BF8TN3S4FEufH58pm5	3	3NKDbNbdw56ohkdUoan573kG8fwyvtmB1wSMxfk5BAkJcXZsQS4G	7	6	1	1	5	jxdPSYzCWHxLT1oWwS6jBRQ3BtmLsgjqWntdcEMhRQqac8UXswC	3	7	7	1705668874000	canonical
3	3NKDbNbdw56ohkdUoan573kG8fwyvtmB1wSMxfk5BAkJcXZsQS4G	1	3NLQZXsENsSyq6sL9wm6AKcbrSE8kTjyLyjwVnaHESPCFCrWT4Ts	5	4	1	1	4	jwakYGYErEwAJkHNUNK9Miov98JoR3RvzhZ3vXsG2FQZcpc7hMh	2	6	6	1705668694000	canonical
2	3NLLfeVV2KG7zDyoQ2NYeyfeb59o8ftmyAZrq6XySsZUbZEiNdjy	1	3NLQZXsENsSyq6sL9wm6AKcbrSE8kTjyLyjwVnaHESPCFCrWT4Ts	7	6	1	1	3	jw773fHQ4AfiQRZhs3bDKPE7txXRCk9JrhG3tGxPX5cvKW5Wcev	2	1	1	1705667934662	orphaned
6	3NKWHWsd2GaqQSUksaHRB3zyYzPRShWaF9gaxGmHoKpMwHdBV4HL	5	3NLnR8r84dvWFE1P5k3ToNRNpWtbr6NiTgrun8JJZMKQ8kgMFjtf	7	6	1	1	7	jwozrhoT5wVNPawmeJnBedGEk3sCrKLx2vYu5wMmm4K1njdfmQG	5	10	10	1705669414000	orphaned
8	3NKMCUtPP324xKuBiRS6Jvy6AkCt82snkXAkvQ9NwVKtYn8ftdgr	7	3NLc8LCZByfMhzSErU6iiz5ynzxaNGSSwt9KkLSsU5eEKavn8ijD	7	6	1	1	9	jxJWaG99LHA5AQi25ZZwba6fRnULqYbeGsd3njbdLpr6yJy8v6s	6	11	11	1705669594000	orphaned
15	3NKLZhqFyYapCo4je1kJhBRpyTtktdghoUhG3ZQwy84RdTPLiJGY	14	3NLTGp8vhPkwReCMprESMobVZve2bWhZFiU5GR4UrCJ5KrKSKWxx	5	4	1	1	16	jwmE4WmWKYYC5s2q3qaqp6AbEPjTtX1p4a1NUQmUdqWDHqfNAUX	12	19	19	1705671034000	orphaned
17	3NKF3o2MpqEU9SsZjCb5Jzo6vkLy2AmSiG7TCV9PKVEf278oDNoX	16	3NKMpzmCXksStoDNXESV6Q7ByUCsrNQWtqobSd38eJHVRuDc1yK6	5	4	1	1	18	jwcaTEhuBd9D8HHj4NMXw8xhPaZunqoTVnsPFLnXHFnC6CRrZEy	13	20	20	1705671214000	orphaned
22	3NLBnDEXFqUgwHM7kNRofAs4Tk44z8TUmbWD6xUvqZ6EKSmYDhg2	21	3NLKNr31eAuPtnhr3Yw9zm9AgHUzcmVxFwTZhcythYx1eXv3ZmiV	5	4	1	1	23	jxU51NGfrPXTxCpVAunmNnQ1k2sme8RBdzn251iqwyCeH67f2Wc	17	24	24	1705671934000	orphaned
\.


--
-- Data for Name: blocks_internal_commands; Type: TABLE DATA; Schema: public; Owner: postgres
--

COPY public.blocks_internal_commands (block_id, internal_command_id, sequence_no, secondary_sequence_no, receiver_account_creation_fee_paid, receiver_balance) FROM stdin;
2	1	1	0	\N	2
2	2	2	0	\N	3
3	3	69	0	\N	73
3	4	70	0	\N	74
4	1	17	0	\N	92
4	5	18	0	\N	93
5	3	36	0	\N	130
5	6	37	0	\N	131
6	1	18	0	\N	150
6	7	19	0	\N	151
7	3	18	0	\N	170
7	8	19	0	\N	171
8	1	17	0	\N	189
8	5	18	0	\N	190
9	3	17	0	\N	208
9	9	18	0	\N	209
10	1	18	0	\N	228
10	7	19	0	\N	229
11	1	18	0	\N	248
11	7	19	0	\N	249
12	1	17	0	\N	267
12	5	18	0	\N	268
13	1	18	0	\N	287
13	7	19	0	\N	288
14	10	9	0	\N	298
14	3	19	0	\N	308
14	10	20	0	\N	309
15	3	53	0	\N	363
15	11	54	0	\N	364
16	1	53	0	\N	418
16	12	54	0	\N	419
17	3	18	0	\N	438
17	8	19	0	\N	439
18	1	18	0	\N	458
18	7	19	0	\N	459
19	1	17	0	\N	477
19	5	18	0	\N	478
20	1	18	0	\N	497
20	7	19	0	\N	498
21	13	2	0	\N	501
21	1	19	0	\N	518
21	14	20	0	\N	519
22	3	18	0	\N	538
22	8	19	0	\N	539
23	1	18	0	\N	558
23	7	19	0	\N	559
\.


--
-- Data for Name: blocks_user_commands; Type: TABLE DATA; Schema: public; Owner: postgres
--

COPY public.blocks_user_commands (block_id, user_command_id, sequence_no, status, failure_reason, fee_payer_account_creation_fee_paid, receiver_account_creation_fee_paid, created_token, fee_payer_balance, source_balance, receiver_balance) FROM stdin;
2	1	0	applied	\N	\N	\N	\N	1	1	1
3	1	0	applied	\N	\N	\N	\N	4	4	4
3	2	1	applied	\N	\N	\N	\N	5	5	5
3	3	2	applied	\N	\N	\N	\N	6	6	6
3	4	3	applied	\N	\N	\N	\N	7	7	7
3	5	4	applied	\N	\N	\N	\N	8	8	8
3	6	5	applied	\N	\N	\N	\N	9	9	9
3	7	6	applied	\N	\N	\N	\N	10	10	10
3	8	7	applied	\N	\N	\N	\N	11	11	11
3	9	8	applied	\N	\N	\N	\N	12	12	12
3	10	9	applied	\N	\N	\N	\N	13	13	13
3	11	10	applied	\N	\N	\N	\N	14	14	14
3	12	11	applied	\N	\N	\N	\N	15	15	15
3	13	12	applied	\N	\N	\N	\N	16	16	16
3	14	13	applied	\N	\N	\N	\N	17	17	17
3	15	14	applied	\N	\N	\N	\N	18	18	18
3	16	15	applied	\N	\N	\N	\N	19	19	19
3	17	16	applied	\N	\N	\N	\N	20	20	20
3	18	17	applied	\N	\N	\N	\N	21	21	21
3	19	18	applied	\N	\N	\N	\N	22	22	22
3	20	19	applied	\N	\N	\N	\N	23	23	23
3	21	20	applied	\N	\N	\N	\N	24	24	24
3	22	21	applied	\N	\N	\N	\N	25	25	25
3	23	22	applied	\N	\N	\N	\N	26	26	26
3	24	23	applied	\N	\N	\N	\N	27	27	27
3	25	24	applied	\N	\N	\N	\N	28	28	28
3	26	25	applied	\N	\N	\N	\N	29	29	29
3	27	26	applied	\N	\N	\N	\N	30	30	30
3	28	27	applied	\N	\N	\N	\N	31	31	31
3	29	28	applied	\N	\N	\N	\N	32	32	32
3	30	29	applied	\N	\N	\N	\N	33	33	33
3	31	30	applied	\N	\N	\N	\N	34	34	34
3	32	31	applied	\N	\N	\N	\N	35	35	35
3	33	32	applied	\N	\N	\N	\N	36	36	36
3	34	33	applied	\N	\N	\N	\N	37	37	37
3	35	34	applied	\N	\N	\N	\N	38	38	38
3	36	35	applied	\N	\N	\N	\N	39	39	39
3	37	36	applied	\N	\N	\N	\N	40	40	40
3	38	37	applied	\N	\N	\N	\N	41	41	41
3	39	38	applied	\N	\N	\N	\N	42	42	42
3	40	39	applied	\N	\N	\N	\N	43	43	43
3	41	40	applied	\N	\N	\N	\N	44	44	44
3	42	41	applied	\N	\N	\N	\N	45	45	45
3	43	42	applied	\N	\N	\N	\N	46	46	46
3	44	43	applied	\N	\N	\N	\N	47	47	47
3	45	44	applied	\N	\N	\N	\N	48	48	48
3	46	45	applied	\N	\N	\N	\N	49	49	49
3	47	46	applied	\N	\N	\N	\N	50	50	50
3	48	47	applied	\N	\N	\N	\N	51	51	51
3	49	48	applied	\N	\N	\N	\N	52	52	52
3	50	49	applied	\N	\N	\N	\N	53	53	53
3	51	50	applied	\N	\N	\N	\N	54	54	54
3	52	51	applied	\N	\N	\N	\N	55	55	55
3	53	52	applied	\N	\N	\N	\N	56	56	56
3	54	53	applied	\N	\N	\N	\N	57	57	57
3	55	54	applied	\N	\N	\N	\N	58	58	58
3	56	55	applied	\N	\N	\N	\N	59	59	59
3	57	56	applied	\N	\N	\N	\N	60	60	60
3	58	57	applied	\N	\N	\N	\N	61	61	61
3	59	58	applied	\N	\N	\N	\N	62	62	62
3	60	59	applied	\N	\N	\N	\N	63	63	63
3	61	60	applied	\N	\N	\N	\N	64	64	64
3	62	61	applied	\N	\N	\N	\N	65	65	65
3	63	62	applied	\N	\N	\N	\N	66	66	66
3	64	63	applied	\N	\N	\N	\N	67	67	67
3	65	64	applied	\N	\N	\N	\N	68	68	68
3	66	65	applied	\N	\N	\N	\N	69	69	69
3	67	66	applied	\N	\N	\N	\N	70	70	70
3	68	67	applied	\N	\N	\N	\N	71	71	71
3	69	68	applied	\N	\N	\N	\N	72	72	72
4	70	0	applied	\N	\N	\N	\N	75	75	75
4	71	1	applied	\N	\N	\N	\N	76	76	76
4	72	2	applied	\N	\N	\N	\N	77	77	77
4	73	3	applied	\N	\N	\N	\N	78	78	78
4	74	4	applied	\N	\N	\N	\N	79	79	79
4	75	5	applied	\N	\N	\N	\N	80	80	80
4	76	6	applied	\N	\N	\N	\N	81	81	81
4	77	7	applied	\N	\N	\N	\N	82	82	82
4	78	8	applied	\N	\N	\N	\N	83	83	83
4	79	9	applied	\N	\N	\N	\N	84	84	84
4	80	10	applied	\N	\N	\N	\N	85	85	85
4	81	11	applied	\N	\N	\N	\N	86	86	86
4	82	12	applied	\N	\N	\N	\N	87	87	87
4	83	13	applied	\N	\N	\N	\N	88	88	88
4	84	14	applied	\N	\N	\N	\N	89	89	89
4	85	15	applied	\N	\N	\N	\N	90	90	90
4	86	16	applied	\N	\N	\N	\N	91	91	91
5	87	0	applied	\N	\N	\N	\N	94	94	94
5	88	1	applied	\N	\N	\N	\N	95	95	95
5	89	2	applied	\N	\N	\N	\N	96	96	96
5	90	3	applied	\N	\N	\N	\N	97	97	97
5	91	4	applied	\N	\N	\N	\N	98	98	98
5	92	5	applied	\N	\N	\N	\N	99	99	99
5	93	6	applied	\N	\N	\N	\N	100	100	100
5	94	7	applied	\N	\N	\N	\N	101	101	101
5	95	8	applied	\N	\N	\N	\N	102	102	102
5	96	9	applied	\N	\N	\N	\N	103	103	103
5	97	10	applied	\N	\N	\N	\N	104	104	104
5	98	11	applied	\N	\N	\N	\N	105	105	105
5	99	12	applied	\N	\N	\N	\N	106	106	106
5	100	13	applied	\N	\N	\N	\N	107	107	107
5	101	14	applied	\N	\N	\N	\N	108	108	108
5	102	15	applied	\N	\N	\N	\N	109	109	109
5	103	16	applied	\N	\N	\N	\N	110	110	110
5	104	17	applied	\N	\N	\N	\N	111	111	111
5	105	18	applied	\N	\N	\N	\N	112	112	112
5	106	19	applied	\N	\N	\N	\N	113	113	113
5	107	20	applied	\N	\N	\N	\N	114	114	114
5	108	21	applied	\N	\N	\N	\N	115	115	115
5	109	22	applied	\N	\N	\N	\N	116	116	116
5	110	23	applied	\N	\N	\N	\N	117	117	117
5	111	24	applied	\N	\N	\N	\N	118	118	118
5	112	25	applied	\N	\N	\N	\N	119	119	119
5	113	26	applied	\N	\N	\N	\N	120	120	120
5	114	27	applied	\N	\N	\N	\N	121	121	121
5	115	28	applied	\N	\N	\N	\N	122	122	122
5	116	29	applied	\N	\N	\N	\N	123	123	123
5	117	30	applied	\N	\N	\N	\N	124	124	124
5	118	31	applied	\N	\N	\N	\N	125	125	125
5	119	32	applied	\N	\N	\N	\N	126	126	126
5	120	33	applied	\N	\N	\N	\N	127	127	127
5	121	34	applied	\N	\N	\N	\N	128	128	128
5	122	35	applied	\N	\N	\N	\N	129	129	129
6	123	0	applied	\N	\N	\N	\N	132	132	132
6	124	1	applied	\N	\N	\N	\N	133	133	133
6	125	2	applied	\N	\N	\N	\N	134	134	134
6	126	3	applied	\N	\N	\N	\N	135	135	135
6	127	4	applied	\N	\N	\N	\N	136	136	136
6	128	5	applied	\N	\N	\N	\N	137	137	137
6	129	6	applied	\N	\N	\N	\N	138	138	138
6	130	7	applied	\N	\N	\N	\N	139	139	139
6	131	8	applied	\N	\N	\N	\N	140	140	140
6	132	9	applied	\N	\N	\N	\N	141	141	141
6	133	10	applied	\N	\N	\N	\N	142	142	142
6	134	11	applied	\N	\N	\N	\N	143	143	143
6	135	12	applied	\N	\N	\N	\N	144	144	144
6	136	13	applied	\N	\N	\N	\N	145	145	145
6	137	14	applied	\N	\N	\N	\N	146	146	146
6	138	15	applied	\N	\N	\N	\N	147	147	147
6	139	16	applied	\N	\N	\N	\N	148	148	148
6	140	17	applied	\N	\N	\N	\N	149	149	149
7	123	0	applied	\N	\N	\N	\N	152	152	152
7	124	1	applied	\N	\N	\N	\N	153	153	153
7	125	2	applied	\N	\N	\N	\N	154	154	154
7	126	3	applied	\N	\N	\N	\N	155	155	155
7	127	4	applied	\N	\N	\N	\N	156	156	156
7	128	5	applied	\N	\N	\N	\N	157	157	157
7	129	6	applied	\N	\N	\N	\N	158	158	158
7	130	7	applied	\N	\N	\N	\N	159	159	159
7	131	8	applied	\N	\N	\N	\N	160	160	160
7	132	9	applied	\N	\N	\N	\N	161	161	161
7	133	10	applied	\N	\N	\N	\N	162	162	162
7	134	11	applied	\N	\N	\N	\N	163	163	163
7	135	12	applied	\N	\N	\N	\N	164	164	164
7	136	13	applied	\N	\N	\N	\N	165	165	165
7	137	14	applied	\N	\N	\N	\N	166	166	166
7	138	15	applied	\N	\N	\N	\N	167	167	167
7	139	16	applied	\N	\N	\N	\N	168	168	168
7	140	17	applied	\N	\N	\N	\N	169	169	169
8	141	0	applied	\N	\N	\N	\N	172	172	172
8	142	1	applied	\N	\N	\N	\N	173	173	173
8	143	2	applied	\N	\N	\N	\N	174	174	174
8	144	3	applied	\N	\N	\N	\N	175	175	175
8	145	4	applied	\N	\N	\N	\N	176	176	176
8	146	5	applied	\N	\N	\N	\N	177	177	177
8	147	6	applied	\N	\N	\N	\N	178	178	178
8	148	7	applied	\N	\N	\N	\N	179	179	179
8	149	8	applied	\N	\N	\N	\N	180	180	180
8	150	9	applied	\N	\N	\N	\N	181	181	181
8	151	10	applied	\N	\N	\N	\N	182	182	182
8	152	11	applied	\N	\N	\N	\N	183	183	183
8	153	12	applied	\N	\N	\N	\N	184	184	184
8	154	13	applied	\N	\N	\N	\N	185	185	185
8	155	14	applied	\N	\N	\N	\N	186	186	186
8	156	15	applied	\N	\N	\N	\N	187	187	187
8	157	16	applied	\N	\N	\N	\N	188	188	188
9	141	0	applied	\N	\N	\N	\N	191	191	191
9	142	1	applied	\N	\N	\N	\N	192	192	192
9	143	2	applied	\N	\N	\N	\N	193	193	193
9	144	3	applied	\N	\N	\N	\N	194	194	194
9	145	4	applied	\N	\N	\N	\N	195	195	195
9	146	5	applied	\N	\N	\N	\N	196	196	196
9	147	6	applied	\N	\N	\N	\N	197	197	197
9	148	7	applied	\N	\N	\N	\N	198	198	198
9	149	8	applied	\N	\N	\N	\N	199	199	199
9	150	9	applied	\N	\N	\N	\N	200	200	200
9	151	10	applied	\N	\N	\N	\N	201	201	201
9	152	11	applied	\N	\N	\N	\N	202	202	202
9	153	12	applied	\N	\N	\N	\N	203	203	203
9	154	13	applied	\N	\N	\N	\N	204	204	204
9	155	14	applied	\N	\N	\N	\N	205	205	205
9	156	15	applied	\N	\N	\N	\N	206	206	206
9	157	16	applied	\N	\N	\N	\N	207	207	207
10	158	0	applied	\N	\N	\N	\N	210	210	210
10	159	1	applied	\N	\N	\N	\N	211	211	211
10	160	2	applied	\N	\N	\N	\N	212	212	212
10	161	3	applied	\N	\N	\N	\N	213	213	213
10	162	4	applied	\N	\N	\N	\N	214	214	214
10	163	5	applied	\N	\N	\N	\N	215	215	215
10	164	6	applied	\N	\N	\N	\N	216	216	216
10	165	7	applied	\N	\N	\N	\N	217	217	217
10	166	8	applied	\N	\N	\N	\N	218	218	218
10	167	9	applied	\N	\N	\N	\N	219	219	219
10	168	10	applied	\N	\N	\N	\N	220	220	220
10	169	11	applied	\N	\N	\N	\N	221	221	221
10	170	12	applied	\N	\N	\N	\N	222	222	222
10	171	13	applied	\N	\N	\N	\N	223	223	223
10	172	14	applied	\N	\N	\N	\N	224	224	224
10	173	15	applied	\N	\N	\N	\N	225	225	225
10	174	16	applied	\N	\N	\N	\N	226	226	226
10	175	17	applied	\N	\N	\N	\N	227	227	227
11	176	0	applied	\N	\N	\N	\N	230	230	230
11	177	1	applied	\N	\N	\N	\N	231	231	231
11	178	2	applied	\N	\N	\N	\N	232	232	232
11	179	3	applied	\N	\N	\N	\N	233	233	233
11	180	4	applied	\N	\N	\N	\N	234	234	234
11	181	5	applied	\N	\N	\N	\N	235	235	235
11	182	6	applied	\N	\N	\N	\N	236	236	236
11	183	7	applied	\N	\N	\N	\N	237	237	237
11	184	8	applied	\N	\N	\N	\N	238	238	238
11	185	9	applied	\N	\N	\N	\N	239	239	239
11	186	10	applied	\N	\N	\N	\N	240	240	240
11	187	11	applied	\N	\N	\N	\N	241	241	241
11	188	12	applied	\N	\N	\N	\N	242	242	242
11	189	13	applied	\N	\N	\N	\N	243	243	243
11	190	14	applied	\N	\N	\N	\N	244	244	244
11	191	15	applied	\N	\N	\N	\N	245	245	245
11	192	16	applied	\N	\N	\N	\N	246	246	246
11	193	17	applied	\N	\N	\N	\N	247	247	247
12	194	0	applied	\N	\N	\N	\N	250	250	250
12	195	1	applied	\N	\N	\N	\N	251	251	251
12	196	2	applied	\N	\N	\N	\N	252	252	252
12	197	3	applied	\N	\N	\N	\N	253	253	253
12	198	4	applied	\N	\N	\N	\N	254	254	254
12	199	5	applied	\N	\N	\N	\N	255	255	255
12	200	6	applied	\N	\N	\N	\N	256	256	256
12	201	7	applied	\N	\N	\N	\N	257	257	257
12	202	8	applied	\N	\N	\N	\N	258	258	258
12	203	9	applied	\N	\N	\N	\N	259	259	259
12	204	10	applied	\N	\N	\N	\N	260	260	260
12	205	11	applied	\N	\N	\N	\N	261	261	261
12	206	12	applied	\N	\N	\N	\N	262	262	262
12	207	13	applied	\N	\N	\N	\N	263	263	263
12	208	14	applied	\N	\N	\N	\N	264	264	264
12	209	15	applied	\N	\N	\N	\N	265	265	265
12	210	16	applied	\N	\N	\N	\N	266	266	266
13	211	0	applied	\N	\N	\N	\N	269	269	269
13	212	1	applied	\N	\N	\N	\N	270	270	270
13	213	2	applied	\N	\N	\N	\N	271	271	271
13	214	3	applied	\N	\N	\N	\N	272	272	272
13	215	4	applied	\N	\N	\N	\N	273	273	273
13	216	5	applied	\N	\N	\N	\N	274	274	274
13	217	6	applied	\N	\N	\N	\N	275	275	275
13	218	7	applied	\N	\N	\N	\N	276	276	276
13	219	8	applied	\N	\N	\N	\N	277	277	277
13	220	9	applied	\N	\N	\N	\N	278	278	278
13	221	10	applied	\N	\N	\N	\N	279	279	279
13	222	11	applied	\N	\N	\N	\N	280	280	280
13	223	12	applied	\N	\N	\N	\N	281	281	281
13	224	13	applied	\N	\N	\N	\N	282	282	282
13	225	14	applied	\N	\N	\N	\N	283	283	283
13	226	15	applied	\N	\N	\N	\N	284	284	284
13	227	16	applied	\N	\N	\N	\N	285	285	285
13	228	17	applied	\N	\N	\N	\N	286	286	286
14	229	0	applied	\N	\N	\N	\N	289	289	289
14	230	1	applied	\N	\N	\N	\N	290	290	290
14	231	2	applied	\N	\N	\N	\N	291	291	291
14	232	3	applied	\N	\N	\N	\N	292	292	292
14	233	4	applied	\N	\N	\N	\N	293	293	293
14	234	5	applied	\N	\N	\N	\N	294	294	294
14	235	6	applied	\N	\N	\N	\N	295	295	295
14	236	7	applied	\N	\N	\N	\N	296	296	296
14	237	8	applied	\N	\N	\N	\N	297	297	297
14	238	10	applied	\N	\N	\N	\N	299	299	299
14	239	11	applied	\N	\N	\N	\N	300	300	300
14	240	12	applied	\N	\N	\N	\N	301	301	301
14	241	13	applied	\N	\N	\N	\N	302	302	302
14	242	14	applied	\N	\N	\N	\N	303	303	303
14	243	15	applied	\N	\N	\N	\N	304	304	304
14	244	16	applied	\N	\N	\N	\N	305	305	305
14	245	17	applied	\N	\N	\N	\N	306	306	306
14	246	18	applied	\N	\N	\N	\N	307	307	307
15	247	0	applied	\N	\N	\N	\N	310	310	310
15	248	1	applied	\N	\N	\N	\N	311	311	311
15	249	2	applied	\N	\N	\N	\N	312	312	312
15	250	3	applied	\N	\N	\N	\N	313	313	313
15	251	4	applied	\N	\N	\N	\N	314	314	314
15	252	5	applied	\N	\N	\N	\N	315	315	315
15	253	6	applied	\N	\N	\N	\N	316	316	316
15	254	7	applied	\N	\N	\N	\N	317	317	317
15	255	8	applied	\N	\N	\N	\N	318	318	318
15	256	9	applied	\N	\N	\N	\N	319	319	319
15	257	10	applied	\N	\N	\N	\N	320	320	320
15	258	11	applied	\N	\N	\N	\N	321	321	321
15	259	12	applied	\N	\N	\N	\N	322	322	322
15	260	13	applied	\N	\N	\N	\N	323	323	323
15	261	14	applied	\N	\N	\N	\N	324	324	324
15	262	15	applied	\N	\N	\N	\N	325	325	325
15	263	16	applied	\N	\N	\N	\N	326	326	326
15	264	17	applied	\N	\N	\N	\N	327	327	327
15	265	18	applied	\N	\N	\N	\N	328	328	328
15	266	19	applied	\N	\N	\N	\N	329	329	329
15	267	20	applied	\N	\N	\N	\N	330	330	330
15	268	21	applied	\N	\N	\N	\N	331	331	331
15	269	22	applied	\N	\N	\N	\N	332	332	332
15	270	23	applied	\N	\N	\N	\N	333	333	333
15	271	24	applied	\N	\N	\N	\N	334	334	334
15	272	25	applied	\N	\N	\N	\N	335	335	335
15	273	26	applied	\N	\N	\N	\N	336	336	336
15	274	27	applied	\N	\N	\N	\N	337	337	337
15	275	28	applied	\N	\N	\N	\N	338	338	338
15	276	29	applied	\N	\N	\N	\N	339	339	339
15	277	30	applied	\N	\N	\N	\N	340	340	340
15	278	31	applied	\N	\N	\N	\N	341	341	341
15	279	32	applied	\N	\N	\N	\N	342	342	342
15	280	33	applied	\N	\N	\N	\N	343	343	343
15	281	34	applied	\N	\N	\N	\N	344	344	344
15	282	35	applied	\N	\N	\N	\N	345	345	345
15	283	36	applied	\N	\N	\N	\N	346	346	346
15	284	37	applied	\N	\N	\N	\N	347	347	347
15	285	38	applied	\N	\N	\N	\N	348	348	348
15	286	39	applied	\N	\N	\N	\N	349	349	349
15	287	40	applied	\N	\N	\N	\N	350	350	350
15	288	41	applied	\N	\N	\N	\N	351	351	351
15	289	42	applied	\N	\N	\N	\N	352	352	352
15	290	43	applied	\N	\N	\N	\N	353	353	353
15	291	44	applied	\N	\N	\N	\N	354	354	354
15	292	45	applied	\N	\N	\N	\N	355	355	355
15	293	46	applied	\N	\N	\N	\N	356	356	356
15	294	47	applied	\N	\N	\N	\N	357	357	357
15	295	48	applied	\N	\N	\N	\N	358	358	358
15	296	49	applied	\N	\N	\N	\N	359	359	359
15	297	50	applied	\N	\N	\N	\N	360	360	360
15	298	51	applied	\N	\N	\N	\N	361	361	361
15	299	52	applied	\N	\N	\N	\N	362	362	362
16	247	0	applied	\N	\N	\N	\N	365	365	365
16	248	1	applied	\N	\N	\N	\N	366	366	366
16	249	2	applied	\N	\N	\N	\N	367	367	367
16	250	3	applied	\N	\N	\N	\N	368	368	368
16	251	4	applied	\N	\N	\N	\N	369	369	369
16	252	5	applied	\N	\N	\N	\N	370	370	370
16	253	6	applied	\N	\N	\N	\N	371	371	371
16	254	7	applied	\N	\N	\N	\N	372	372	372
16	255	8	applied	\N	\N	\N	\N	373	373	373
16	256	9	applied	\N	\N	\N	\N	374	374	374
16	257	10	applied	\N	\N	\N	\N	375	375	375
16	258	11	applied	\N	\N	\N	\N	376	376	376
16	259	12	applied	\N	\N	\N	\N	377	377	377
16	260	13	applied	\N	\N	\N	\N	378	378	378
16	261	14	applied	\N	\N	\N	\N	379	379	379
16	262	15	applied	\N	\N	\N	\N	380	380	380
16	263	16	applied	\N	\N	\N	\N	381	381	381
16	264	17	applied	\N	\N	\N	\N	382	382	382
16	265	18	applied	\N	\N	\N	\N	383	383	383
16	266	19	applied	\N	\N	\N	\N	384	384	384
16	267	20	applied	\N	\N	\N	\N	385	385	385
16	268	21	applied	\N	\N	\N	\N	386	386	386
16	269	22	applied	\N	\N	\N	\N	387	387	387
16	270	23	applied	\N	\N	\N	\N	388	388	388
16	271	24	applied	\N	\N	\N	\N	389	389	389
16	272	25	applied	\N	\N	\N	\N	390	390	390
16	273	26	applied	\N	\N	\N	\N	391	391	391
16	274	27	applied	\N	\N	\N	\N	392	392	392
16	275	28	applied	\N	\N	\N	\N	393	393	393
16	276	29	applied	\N	\N	\N	\N	394	394	394
16	277	30	applied	\N	\N	\N	\N	395	395	395
16	278	31	applied	\N	\N	\N	\N	396	396	396
16	279	32	applied	\N	\N	\N	\N	397	397	397
16	280	33	applied	\N	\N	\N	\N	398	398	398
16	281	34	applied	\N	\N	\N	\N	399	399	399
16	282	35	applied	\N	\N	\N	\N	400	400	400
16	283	36	applied	\N	\N	\N	\N	401	401	401
16	284	37	applied	\N	\N	\N	\N	402	402	402
16	285	38	applied	\N	\N	\N	\N	403	403	403
16	286	39	applied	\N	\N	\N	\N	404	404	404
16	287	40	applied	\N	\N	\N	\N	405	405	405
16	288	41	applied	\N	\N	\N	\N	406	406	406
16	289	42	applied	\N	\N	\N	\N	407	407	407
16	290	43	applied	\N	\N	\N	\N	408	408	408
16	291	44	applied	\N	\N	\N	\N	409	409	409
16	292	45	applied	\N	\N	\N	\N	410	410	410
16	293	46	applied	\N	\N	\N	\N	411	411	411
16	294	47	applied	\N	\N	\N	\N	412	412	412
16	295	48	applied	\N	\N	\N	\N	413	413	413
16	296	49	applied	\N	\N	\N	\N	414	414	414
16	297	50	applied	\N	\N	\N	\N	415	415	415
16	298	51	applied	\N	\N	\N	\N	416	416	416
16	299	52	applied	\N	\N	\N	\N	417	417	417
17	300	0	applied	\N	\N	\N	\N	420	420	420
17	301	1	applied	\N	\N	\N	\N	421	421	421
17	302	2	applied	\N	\N	\N	\N	422	422	422
17	303	3	applied	\N	\N	\N	\N	423	423	423
17	304	4	applied	\N	\N	\N	\N	424	424	424
17	305	5	applied	\N	\N	\N	\N	425	425	425
17	306	6	applied	\N	\N	\N	\N	426	426	426
17	307	7	applied	\N	\N	\N	\N	427	427	427
17	308	8	applied	\N	\N	\N	\N	428	428	428
17	309	9	applied	\N	\N	\N	\N	429	429	429
17	310	10	applied	\N	\N	\N	\N	430	430	430
17	311	11	applied	\N	\N	\N	\N	431	431	431
17	312	12	applied	\N	\N	\N	\N	432	432	432
17	313	13	applied	\N	\N	\N	\N	433	433	433
17	314	14	applied	\N	\N	\N	\N	434	434	434
17	315	15	applied	\N	\N	\N	\N	435	435	435
17	316	16	applied	\N	\N	\N	\N	436	436	436
17	317	17	applied	\N	\N	\N	\N	437	437	437
18	300	0	applied	\N	\N	\N	\N	440	440	440
18	301	1	applied	\N	\N	\N	\N	441	441	441
18	302	2	applied	\N	\N	\N	\N	442	442	442
18	303	3	applied	\N	\N	\N	\N	443	443	443
18	304	4	applied	\N	\N	\N	\N	444	444	444
18	305	5	applied	\N	\N	\N	\N	445	445	445
18	306	6	applied	\N	\N	\N	\N	446	446	446
18	307	7	applied	\N	\N	\N	\N	447	447	447
18	308	8	applied	\N	\N	\N	\N	448	448	448
18	309	9	applied	\N	\N	\N	\N	449	449	449
18	310	10	applied	\N	\N	\N	\N	450	450	450
18	311	11	applied	\N	\N	\N	\N	451	451	451
18	312	12	applied	\N	\N	\N	\N	452	452	452
18	313	13	applied	\N	\N	\N	\N	453	453	453
18	314	14	applied	\N	\N	\N	\N	454	454	454
18	315	15	applied	\N	\N	\N	\N	455	455	455
18	316	16	applied	\N	\N	\N	\N	456	456	456
18	317	17	applied	\N	\N	\N	\N	457	457	457
19	318	0	applied	\N	\N	\N	\N	460	460	460
19	319	1	applied	\N	\N	\N	\N	461	461	461
19	320	2	applied	\N	\N	\N	\N	462	462	462
19	321	3	applied	\N	\N	\N	\N	463	463	463
19	322	4	applied	\N	\N	\N	\N	464	464	464
19	323	5	applied	\N	\N	\N	\N	465	465	465
19	324	6	applied	\N	\N	\N	\N	466	466	466
19	325	7	applied	\N	\N	\N	\N	467	467	467
19	326	8	applied	\N	\N	\N	\N	468	468	468
19	327	9	applied	\N	\N	\N	\N	469	469	469
19	328	10	applied	\N	\N	\N	\N	470	470	470
19	329	11	applied	\N	\N	\N	\N	471	471	471
19	330	12	applied	\N	\N	\N	\N	472	472	472
19	331	13	applied	\N	\N	\N	\N	473	473	473
19	332	14	applied	\N	\N	\N	\N	474	474	474
19	333	15	applied	\N	\N	\N	\N	475	475	475
19	334	16	applied	\N	\N	\N	\N	476	476	476
20	335	0	applied	\N	\N	\N	\N	479	479	479
20	336	1	applied	\N	\N	\N	\N	480	480	480
20	337	2	applied	\N	\N	\N	\N	481	481	481
20	338	3	applied	\N	\N	\N	\N	482	482	482
20	339	4	applied	\N	\N	\N	\N	483	483	483
20	340	5	applied	\N	\N	\N	\N	484	484	484
20	341	6	applied	\N	\N	\N	\N	485	485	485
20	342	7	applied	\N	\N	\N	\N	486	486	486
20	343	8	applied	\N	\N	\N	\N	487	487	487
20	344	9	applied	\N	\N	\N	\N	488	488	488
20	345	10	applied	\N	\N	\N	\N	489	489	489
20	346	11	applied	\N	\N	\N	\N	490	490	490
20	347	12	applied	\N	\N	\N	\N	491	491	491
20	348	13	applied	\N	\N	\N	\N	492	492	492
20	349	14	applied	\N	\N	\N	\N	493	493	493
20	350	15	applied	\N	\N	\N	\N	494	494	494
20	351	16	applied	\N	\N	\N	\N	495	495	495
20	352	17	applied	\N	\N	\N	\N	496	496	496
21	353	0	applied	\N	\N	\N	\N	499	499	499
21	354	1	applied	\N	\N	\N	\N	500	500	500
21	355	3	applied	\N	\N	\N	\N	502	502	502
21	356	4	applied	\N	\N	\N	\N	503	503	503
21	357	5	applied	\N	\N	\N	\N	504	504	504
21	358	6	applied	\N	\N	\N	\N	505	505	505
21	359	7	applied	\N	\N	\N	\N	506	506	506
21	360	8	applied	\N	\N	\N	\N	507	507	507
21	361	9	applied	\N	\N	\N	\N	508	508	508
21	362	10	applied	\N	\N	\N	\N	509	509	509
21	363	11	applied	\N	\N	\N	\N	510	510	510
21	364	12	applied	\N	\N	\N	\N	511	511	511
21	365	13	applied	\N	\N	\N	\N	512	512	512
21	366	14	applied	\N	\N	\N	\N	513	513	513
21	367	15	applied	\N	\N	\N	\N	514	514	514
21	368	16	applied	\N	\N	\N	\N	515	515	515
21	369	17	applied	\N	\N	\N	\N	516	516	516
21	370	18	applied	\N	\N	\N	\N	517	517	517
22	371	0	applied	\N	\N	\N	\N	520	520	520
22	372	1	applied	\N	\N	\N	\N	521	521	521
22	373	2	applied	\N	\N	\N	\N	522	522	522
22	374	3	applied	\N	\N	\N	\N	523	523	523
22	375	4	applied	\N	\N	\N	\N	524	524	524
22	376	5	applied	\N	\N	\N	\N	525	525	525
22	377	6	applied	\N	\N	\N	\N	526	526	526
22	378	7	applied	\N	\N	\N	\N	527	527	527
22	379	8	applied	\N	\N	\N	\N	528	528	528
22	380	9	applied	\N	\N	\N	\N	529	529	529
22	381	10	applied	\N	\N	\N	\N	530	530	530
22	382	11	applied	\N	\N	\N	\N	531	531	531
22	383	12	applied	\N	\N	\N	\N	532	532	532
22	384	13	applied	\N	\N	\N	\N	533	533	533
22	385	14	applied	\N	\N	\N	\N	534	534	534
22	386	15	applied	\N	\N	\N	\N	535	535	535
22	387	16	applied	\N	\N	\N	\N	536	536	536
22	388	17	applied	\N	\N	\N	\N	537	537	537
23	371	0	applied	\N	\N	\N	\N	540	540	540
23	372	1	applied	\N	\N	\N	\N	541	541	541
23	373	2	applied	\N	\N	\N	\N	542	542	542
23	374	3	applied	\N	\N	\N	\N	543	543	543
23	375	4	applied	\N	\N	\N	\N	544	544	544
23	376	5	applied	\N	\N	\N	\N	545	545	545
23	377	6	applied	\N	\N	\N	\N	546	546	546
23	378	7	applied	\N	\N	\N	\N	547	547	547
23	379	8	applied	\N	\N	\N	\N	548	548	548
23	380	9	applied	\N	\N	\N	\N	549	549	549
23	381	10	applied	\N	\N	\N	\N	550	550	550
23	382	11	applied	\N	\N	\N	\N	551	551	551
23	383	12	applied	\N	\N	\N	\N	552	552	552
23	384	13	applied	\N	\N	\N	\N	553	553	553
23	385	14	applied	\N	\N	\N	\N	554	554	554
23	386	15	applied	\N	\N	\N	\N	555	555	555
23	387	16	applied	\N	\N	\N	\N	556	556	556
23	388	17	applied	\N	\N	\N	\N	557	557	557
\.


--
-- Data for Name: epoch_data; Type: TABLE DATA; Schema: public; Owner: postgres
--

COPY public.epoch_data (id, seed, ledger_hash_id) FROM stdin;
1	2va9BGv9JrLTtrzZttiEMDYw1Zj6a6EHzXjmP9evHDTG3oEquURA	1
2	2vaRh7FQ5wSzmpFReF9gcRKjv48CcJvHs25aqb3SSZiPgHQBy5Dt	1
3	2vbLmNzsfZPcc12P1YisSpsfsbNhVkKvwjiT9FSG3iBZZoB4MAwo	1
4	2varSAHNn6QNhcqYVyvPHuqi41PKrmc5Xch1dy3DXEuwEcitoLZQ	1
5	2vbEEZkmSAQSQagyDSGnUeZfh8TAHxKNbvgqxqwkBH1GMpk7QUQX	1
6	2vaUwMEdutCrxMGtQKSKf5KsiCpzoM6nY6iYSHPjLaF94C6yFPFt	1
7	2vc4V3qVQ4z2TABPDHQWw4JTQrTuHPtavrAoMYLMguoE9Xgwgqvg	1
8	2vaL5djr2wahJopQ1v1DELtp5PWGq5qErVfcgCKhMJHhppvZx1Jf	1
9	2vbhKBeuMrxJCsnUSCvin9tGaLkcN58FjXHLCsrqDTwmQviF4u24	1
10	2vahrzcwmHvBisXMdaE9nGkQVW72AiHjAsoycaBcc9R6YFW6g3kP	1
11	2vad7i8DQgdn38T4DykH8PVyK85AiWkL3pEgpvAYZTPuLnfhxjxy	1
12	2vb6xNbdQNxxr2eZGrxk999kq6LbRiFJNByNP54F1axUoDwGB9oA	1
13	2vbes4rJEJaQrhcmsvYk9DVxd1KfceSKDtemgZ8zvnZ949NQou82	1
14	2vbPJoyG73HHerMEADjT5W4ocoicRRvB3BPLNa5xcDuKu3kApgwp	1
15	2vauNAK8Cx9UVKCdJPq5S8qJuhSr1DSKFgaisjQTMJ3AiR5ahN23	1
16	2vbxiKEesX1mz2dWdZzvdpytFwyD5cqxqcVDsCYrzQpDyjkMhXsG	1
17	2vbmHr3eE6ygs2n7jfFbkFEA8YSHJvhaEAwthFTcMZzypzLXPGuH	1
18	2vayD4Zd7h1anghJnv5Raq5XryXz67n19VUCjzeCBn5m4sGBLSJv	1
19	2vbDTYymRh1D1kHu5nsfhcF7EZn91Kp8epE6zJieCYvBrexYu3fA	1
20	2vaZuqhGeMKL2uoNKxhBf8ZL5LWp7cVyqdgZZveyz1u98NV15oiN	1
21	2vb95iAodixgAWpQ3Y7Y6Uiyows9k717TcUHj5RfVNAAXPD1L7yh	1
22	2vaWUGuon9YbKVDijS6Jp1bHeVrR5rzyhR4PRDGt1YEShjJregwp	1
23	2vatL2ZgmbcuxqCVhVqiF6GKVScs9pqwtabGvcbXUXNbUE1m97gi	1
24	2vb1XrZVav7Ni9YWrJjwTzrv9VPfg6jEaBdBbT1XM88iuAeJQETm	1
\.


--
-- Data for Name: internal_commands; Type: TABLE DATA; Schema: public; Owner: postgres
--

COPY public.internal_commands (id, type, receiver_id, fee, token, hash) FROM stdin;
1	coinbase	7	1440000000000	1	CkpZtMYnBWF4pqJyV7AJ7ESAduDj84kh2MydA18e6fb7LAzNYoN7x
2	fee_transfer	7	250000000	1	CkpYp4GRUpdAQWJ4EQRa6QHCJY6bxT8m76U5CWhRefVGcxDMVVFgs
3	coinbase	5	1440000000000	1	CkpYYCanV9HGVKaNwTaubpDZctQzhgzcdAdMkUhcRsGdztbN3gv5v
4	fee_transfer	5	17250000000	1	CkpZ4KRY2og8NgFAtJQ5g9oCzvWoHP2E7NeZCynCe95JQ4z8nGNwa
5	fee_transfer	7	4250000000	1	CkpZoinqc7eBdeZ7PqMX8KbEScbNrCVfwemykqDb2KKHr6AYE7ipL
6	fee_transfer	5	9000000000	1	CkpZEu6tMPbNG4sC1Uod1MVgKWvbWrpQ6RCZTdiW9hG6Y73zBCoey
7	fee_transfer	7	4500000000	1	CkpZLatGZAJpfFTX2kEdY1KUKhu8fYqb4ht1YHo1fQQpYKGVtmHii
8	fee_transfer	5	4500000000	1	CkpaCmLN1LWHuEbowyLmFYDmTkdSzxRUzCz7RLwJSSqM7aRDFYe4Z
9	fee_transfer	5	4250000000	1	CkpZAV7ZowBUvqen9vdm6875Hckxm5iGBdVKjGwXoprjWvQ8rjJnp
10	fee_transfer	5	2250000000	1	CkpZ4Psn6ykgnxKWmrcL2CKgT4viWkoZj6VXnbcQDgH2LJ2QYN8Yp
11	fee_transfer	5	13250000000	1	CkpZCqQyGcEZo9HR1r1sfMrm2dCzSzjoTZwqspWvmzmGzxfpgZf1a
12	fee_transfer	7	13250000000	1	CkpZm3LYkacutC6Hn1L4ZNPiGfie7YUYjkaUk7SHmLAwdb9YqTexm
13	fee_transfer	7	500000000	1	Ckpa6EfYfy2vvRAVYyXDq8pEbg1Uwvbpf6EPv9ATzLWjtnbnAwokM
14	fee_transfer	7	4000000000	1	CkpZBTPYpAEcW8KDRhAQDBSA8UnZe1YM96QXyYD83QZ6m4AmWsqZe
\.


--
-- Data for Name: public_keys; Type: TABLE DATA; Schema: public; Owner: postgres
--

COPY public.public_keys (id, value) FROM stdin;
1	B62qiy32p8kAKnny8ZFwoMhYpBppM1DWVCqAPBYNcXnsAHhnfAAuXgg
2	B62qjUEYDgiNinwhJrht8nGRXd8sDFYdPKpqQC5NHy4CTo6G56VvpyG
3	B62qo1jZuti4eMTgrAAkEKcdZN5GXa7CVsBS7X8ERQSm1DeaR2bFZKj
4	B62qm2perNmQGyrQi6MphLxBbsM1APdAgzNaeUQTJjmAqFvyq9vJdSo
5	B62qnqpuGCnZnhez33VDsJoFTaWcHE2a2g6jqz3iJR4Gx6ANC844kny
6	B62qqgPWAkCAdLohEnQGtNmcy5jnzDiJE9ePtFTPRr7a7FRoxB9kXVN
7	B62qqhGLvkAW7HKxa8RDWXChNX1f6hTMYs4LP2YMFoFjnJEeD9TQPaD
\.


--
-- Data for Name: snarked_ledger_hashes; Type: TABLE DATA; Schema: public; Owner: postgres
--

COPY public.snarked_ledger_hashes (id, value) FROM stdin;
1	jwmeXY8LNvMh91uisGipfFLL82GBkhTRdmA1LF8Vv9unGGnzGn4
\.


--
-- Data for Name: timing_info; Type: TABLE DATA; Schema: public; Owner: postgres
--

COPY public.timing_info (id, public_key_id, token, initial_balance, initial_minimum_balance, cliff_time, cliff_amount, vesting_period, vesting_increment) FROM stdin;
1	2	1	65500000000000	0	0	0	0	0
2	3	1	500000000000	0	0	0	0	0
3	4	1	11550000000000000	0	0	0	0	0
4	5	1	0	0	0	0	0	0
5	6	1	11550000000000000	0	0	0	0	0
6	7	1	0	0	0	0	0	0
\.


--
-- Data for Name: user_commands; Type: TABLE DATA; Schema: public; Owner: postgres
--

COPY public.user_commands (id, type, fee_payer_id, source_id, receiver_id, fee_token, token, nonce, amount, fee, valid_until, memo, hash) FROM stdin;
1	payment	3	3	3	1	1	0	1000000000	250000000	\N	E4YM2vTHhWEg66xpj52JErHUBU4pZ1yageL4TVDDpTTSsv8mK6YaH	CkpZLC9wGz9roFS8oj5S3BrsLgZKh38t4e5g9K7Nz4qW5gvpB8P9o
2	payment	3	3	3	1	1	1	1000000000	250000000	\N	E4YM2vTHhWEg66xpj52JErHUBU4pZ1yageL4TVDDpTTSsv8mK6YaH	CkpYX44zJY4BukzRw4SnAYaKEQ1B8atrBaDcsK5ciWbBNNxxLSif8
3	payment	3	3	3	1	1	2	1000000000	250000000	\N	E4YM2vTHhWEg66xpj52JErHUBU4pZ1yageL4TVDDpTTSsv8mK6YaH	CkpZgtTxpcL45DuJR7VMAZTNoabK1FyrrSj2RLbNwYNp1PzPRXeKg
4	payment	3	3	3	1	1	3	1000000000	250000000	\N	E4YM2vTHhWEg66xpj52JErHUBU4pZ1yageL4TVDDpTTSsv8mK6YaH	Ckpa9jBpg4h4mLnEwTsee1z3Qk5bZBBKPnQHDg6NYq59rq4ETqENg
5	payment	3	3	3	1	1	4	1000000000	250000000	\N	E4YM2vTHhWEg66xpj52JErHUBU4pZ1yageL4TVDDpTTSsv8mK6YaH	CkpZhYLSr5LFkCeP1LSP5oZTZnXyGRgNS58jpy72KBMsCmd7evGtz
6	payment	3	3	3	1	1	5	1000000000	250000000	\N	E4YM2vTHhWEg66xpj52JErHUBU4pZ1yageL4TVDDpTTSsv8mK6YaH	CkpYW62TvyVXJxg55kCfccYMVUgXQyBCHJQJHcnGyk7yPksui27GS
7	payment	3	3	3	1	1	6	1000000000	250000000	\N	E4YM2vTHhWEg66xpj52JErHUBU4pZ1yageL4TVDDpTTSsv8mK6YaH	CkpYujovyFs97EpvcjLUNEuNK2xHKZv7XWkxQbBW3n8azdk13tLRf
8	payment	3	3	3	1	1	7	1000000000	250000000	\N	E4YM2vTHhWEg66xpj52JErHUBU4pZ1yageL4TVDDpTTSsv8mK6YaH	CkpZ7CBTWDQYm1bMzXHuGL5ZeH6yw7mYBb5EZraxgBpaeVGevStZj
9	payment	3	3	3	1	1	8	1000000000	250000000	\N	E4YM2vTHhWEg66xpj52JErHUBU4pZ1yageL4TVDDpTTSsv8mK6YaH	CkpYQGsN9uAMdJ8BQCBoGLikxa68GmsisAjTGVKBUbrTDzVeCu64x
10	payment	3	3	3	1	1	9	1000000000	250000000	\N	E4YM2vTHhWEg66xpj52JErHUBU4pZ1yageL4TVDDpTTSsv8mK6YaH	CkpZJ9JV6WLgitH5CrByHW7z3gdxJeoqWaTBHxWAkCehoFk7hbVDk
11	payment	3	3	3	1	1	10	1000000000	250000000	\N	E4YM2vTHhWEg66xpj52JErHUBU4pZ1yageL4TVDDpTTSsv8mK6YaH	Ckpa1XewCKABWEjucrqqUAjcf8JrNC9U6HyEgKtz6SXpUdDKSdyxj
12	payment	3	3	3	1	1	11	1000000000	250000000	\N	E4YM2vTHhWEg66xpj52JErHUBU4pZ1yageL4TVDDpTTSsv8mK6YaH	CkpZafyabV6M5Jkxn3rWHQJC4SdrrcU2tZuFudJh8JD6RkxUQuzRd
13	payment	3	3	3	1	1	12	1000000000	250000000	\N	E4YM2vTHhWEg66xpj52JErHUBU4pZ1yageL4TVDDpTTSsv8mK6YaH	Ckpa5Pvc9KEyJsQsdWmyTjcTgQTv1GM8x3uY3q9zwiExE5HbVTX5M
14	payment	3	3	3	1	1	13	1000000000	250000000	\N	E4YM2vTHhWEg66xpj52JErHUBU4pZ1yageL4TVDDpTTSsv8mK6YaH	CkpZnEoWNohAAaK22W8QAs5CG3zDyxw1D7te4T6KZwXmAgSBuV8N5
15	payment	3	3	3	1	1	14	1000000000	250000000	\N	E4YM2vTHhWEg66xpj52JErHUBU4pZ1yageL4TVDDpTTSsv8mK6YaH	CkpYv78pPuRShUGZ22sdrDr2Xj7i2fniy6HWisSHUu2exm4kFD3bG
16	payment	3	3	3	1	1	15	1000000000	250000000	\N	E4YM2vTHhWEg66xpj52JErHUBU4pZ1yageL4TVDDpTTSsv8mK6YaH	CkpYT4UhohSpBHsxW4LQmLgmaXCJ2gYq5sRsnmwALkyohnRFkLUDa
17	payment	3	3	3	1	1	16	1000000000	250000000	\N	E4YM2vTHhWEg66xpj52JErHUBU4pZ1yageL4TVDDpTTSsv8mK6YaH	CkpZ5nkJ9wBu548jA2FbvzjgAqijA8E6HuoTkGMtrHDF6GYMqx3C5
18	payment	3	3	3	1	1	17	1000000000	250000000	\N	E4YM2vTHhWEg66xpj52JErHUBU4pZ1yageL4TVDDpTTSsv8mK6YaH	CkpZMhzEiR2gzxj25w3SV6gnZJRwCNT3c6rWrLVb7T4N6u8fKYmR2
19	payment	3	3	3	1	1	18	1000000000	250000000	\N	E4YM2vTHhWEg66xpj52JErHUBU4pZ1yageL4TVDDpTTSsv8mK6YaH	CkpYvkeuvWcCRXKJCTVs3UN6TGWjZDdXK1pHmGJeJHJE2t5J1vhSj
20	payment	3	3	3	1	1	19	1000000000	250000000	\N	E4YM2vTHhWEg66xpj52JErHUBU4pZ1yageL4TVDDpTTSsv8mK6YaH	CkpYuFJrzsb3k3tkdFiEcYTxMJR718cAaMNDsZjcU62BDxsUJqwo6
21	payment	3	3	3	1	1	20	1000000000	250000000	\N	E4YM2vTHhWEg66xpj52JErHUBU4pZ1yageL4TVDDpTTSsv8mK6YaH	CkpYwgswE3E8CRAZh1CgpnPE8GH1wszeJQV9ru1xtzVzKXuuZBfFE
22	payment	3	3	3	1	1	21	1000000000	250000000	\N	E4YM2vTHhWEg66xpj52JErHUBU4pZ1yageL4TVDDpTTSsv8mK6YaH	CkpaKfGmhWRPtKwn6oNaHiwmuQqmA9hTN3T4abzzFjMxQ5MzHTQDf
23	payment	3	3	3	1	1	22	1000000000	250000000	\N	E4YM2vTHhWEg66xpj52JErHUBU4pZ1yageL4TVDDpTTSsv8mK6YaH	CkpZ6y94cm9oEcV82Dmt6HZS34PJHVM9KEKCgLei5DdTPvAMafDVk
24	payment	3	3	3	1	1	23	1000000000	250000000	\N	E4YM2vTHhWEg66xpj52JErHUBU4pZ1yageL4TVDDpTTSsv8mK6YaH	CkpZdm1YfKkzGbKULHnesZ5wXTXnutMFjMKrWCPXyafcbu7ZK1Cz5
25	payment	3	3	3	1	1	24	1000000000	250000000	\N	E4YM2vTHhWEg66xpj52JErHUBU4pZ1yageL4TVDDpTTSsv8mK6YaH	CkpZffNMyieDXfGHywo1iyHCKCSrGFMD3NB4AxGKKqWiy32yDquem
26	payment	3	3	3	1	1	25	1000000000	250000000	\N	E4YM2vTHhWEg66xpj52JErHUBU4pZ1yageL4TVDDpTTSsv8mK6YaH	CkpZ8LBP18iqGDHT1gvY6oppQigQFcjQzf8qPttqVfhUcoJ4GoNBk
27	payment	3	3	3	1	1	26	1000000000	250000000	\N	E4YM2vTHhWEg66xpj52JErHUBU4pZ1yageL4TVDDpTTSsv8mK6YaH	CkpZ8Ant6Fk3hGwisiB8HjHmmBosSfT2189daQDjee516vGHUeQu9
28	payment	3	3	3	1	1	27	1000000000	250000000	\N	E4YM2vTHhWEg66xpj52JErHUBU4pZ1yageL4TVDDpTTSsv8mK6YaH	CkpYRvbmA2oTWBKQ5bXrZ6VfxLUcQkWj2WED1i9GqGrCtciysKn5Y
29	payment	3	3	3	1	1	28	1000000000	250000000	\N	E4YM2vTHhWEg66xpj52JErHUBU4pZ1yageL4TVDDpTTSsv8mK6YaH	CkpZewDU7kg1cPHx3F85Aj33DcbuVDJiy6B1TiA8rTkQ3YCQww7bG
30	payment	3	3	3	1	1	29	1000000000	250000000	\N	E4YM2vTHhWEg66xpj52JErHUBU4pZ1yageL4TVDDpTTSsv8mK6YaH	CkpZwoR1UY3mPuXERFazXtRDKTZDWonysLYG1CCcxAbj3qgDNbxpq
31	payment	3	3	3	1	1	30	1000000000	250000000	\N	E4YM2vTHhWEg66xpj52JErHUBU4pZ1yageL4TVDDpTTSsv8mK6YaH	CkpZGj7Lcc1xzmSHCw13dmvJbtLmE49xmmAQTtieSMfZwhwqpV1rM
32	payment	3	3	3	1	1	31	1000000000	250000000	\N	E4YM2vTHhWEg66xpj52JErHUBU4pZ1yageL4TVDDpTTSsv8mK6YaH	CkpZFfvEmjT3piaxd4Hd88krPxH5N4MrH1J97qUT3mJC1yPW81G9Y
33	payment	3	3	3	1	1	32	1000000000	250000000	\N	E4YM2vTHhWEg66xpj52JErHUBU4pZ1yageL4TVDDpTTSsv8mK6YaH	CkpZ3s3s8q5dEVFbcNfZaKWDS9tUTtvzztTk4ChkgtmaNHBcstewD
34	payment	3	3	3	1	1	33	1000000000	250000000	\N	E4YM2vTHhWEg66xpj52JErHUBU4pZ1yageL4TVDDpTTSsv8mK6YaH	CkpYwEUhBPyjWtcJWS5J5264QhqESffhoDUnzctXdDciYFwHKkSo6
35	payment	3	3	3	1	1	34	1000000000	250000000	\N	E4YM2vTHhWEg66xpj52JErHUBU4pZ1yageL4TVDDpTTSsv8mK6YaH	CkpZy3U27kT1q3SzaN3JnBSKjvPRcANRNYt6UQgvDaLrMa6aUWGo3
36	payment	3	3	3	1	1	35	1000000000	250000000	\N	E4YM2vTHhWEg66xpj52JErHUBU4pZ1yageL4TVDDpTTSsv8mK6YaH	CkpZ3f3xBiMwRK1tMHdLcAwXRDbcwPAhwspVGE6vPhqj4vya65HNw
37	payment	3	3	3	1	1	36	1000000000	250000000	\N	E4YM2vTHhWEg66xpj52JErHUBU4pZ1yageL4TVDDpTTSsv8mK6YaH	CkpYYA47hLw6E1boetps9AQBkQdubcHUoe8aPTn9KpWGVvnz8GaRY
38	payment	3	3	3	1	1	37	1000000000	250000000	\N	E4YM2vTHhWEg66xpj52JErHUBU4pZ1yageL4TVDDpTTSsv8mK6YaH	CkpYgKSUvdX9z6fgFNXVfSMT2pweRqLz5HESJFBtWkbiTNKvk1r9Q
39	payment	3	3	3	1	1	38	1000000000	250000000	\N	E4YM2vTHhWEg66xpj52JErHUBU4pZ1yageL4TVDDpTTSsv8mK6YaH	CkpZAVHVa7RBexC1UEEQWfKGWK6zCi9USMWu3rJoQ2Ck1ErFs5CoQ
40	payment	3	3	3	1	1	39	1000000000	250000000	\N	E4YM2vTHhWEg66xpj52JErHUBU4pZ1yageL4TVDDpTTSsv8mK6YaH	CkpZWsLcW5cttVi8Ctzab3wiWGk6eR7Cr1vCfa7YjeXEYhKmNy6Vh
41	payment	3	3	3	1	1	40	1000000000	250000000	\N	E4YM2vTHhWEg66xpj52JErHUBU4pZ1yageL4TVDDpTTSsv8mK6YaH	CkpYSRRe4Yf9D37YxJidPfeGHUgLeC6jseaZyECDALbPoBoyibEf1
42	payment	3	3	3	1	1	41	1000000000	250000000	\N	E4YM2vTHhWEg66xpj52JErHUBU4pZ1yageL4TVDDpTTSsv8mK6YaH	CkpZ7Tp9webn8rzsXPKsWzVkRMo3aA6ZBYGBswAtJwe2BhpyP6NzS
43	payment	3	3	3	1	1	42	1000000000	250000000	\N	E4YM2vTHhWEg66xpj52JErHUBU4pZ1yageL4TVDDpTTSsv8mK6YaH	CkpZYS3WTxzrRV97RHMC83rQTsk5fAZCUMp6AK1JqDCogkA1ZqR9W
44	payment	3	3	3	1	1	43	1000000000	250000000	\N	E4YM2vTHhWEg66xpj52JErHUBU4pZ1yageL4TVDDpTTSsv8mK6YaH	CkpYZRMkazJQC18x92MZhd4q9bwpPTP47S5LYaiBP8vjWNbhV3iCd
45	payment	3	3	3	1	1	44	1000000000	250000000	\N	E4YM2vTHhWEg66xpj52JErHUBU4pZ1yageL4TVDDpTTSsv8mK6YaH	CkpZz7kZUchazcq9FcguA3YwFe2H6Lg9sjT83FZWYkLNJixiYytKt
46	payment	3	3	3	1	1	45	1000000000	250000000	\N	E4YM2vTHhWEg66xpj52JErHUBU4pZ1yageL4TVDDpTTSsv8mK6YaH	CkpYVw3n93qudSVPbGhTgqrQNPW89XjU79bRYgWqptzXizdixNBNs
47	payment	3	3	3	1	1	46	1000000000	250000000	\N	E4YM2vTHhWEg66xpj52JErHUBU4pZ1yageL4TVDDpTTSsv8mK6YaH	CkpZ1XuqQkCEKUZzKse5x7nWb9Vrh7gyBcqs11NvbqdbANhT53f5j
48	payment	3	3	3	1	1	47	1000000000	250000000	\N	E4YM2vTHhWEg66xpj52JErHUBU4pZ1yageL4TVDDpTTSsv8mK6YaH	CkpZMKeVM3iDuqKuVNKhFYFT4Gnz5CxUSSMSegiZAwt2rHABsYBHR
49	payment	3	3	3	1	1	48	1000000000	250000000	\N	E4YM2vTHhWEg66xpj52JErHUBU4pZ1yageL4TVDDpTTSsv8mK6YaH	CkpZDVbvjsoqqkLW8eNcHCYgFaXnS4aSjbyiWf6a4Kh8qS8vKt4gZ
50	payment	3	3	3	1	1	49	1000000000	250000000	\N	E4YM2vTHhWEg66xpj52JErHUBU4pZ1yageL4TVDDpTTSsv8mK6YaH	CkpZbRL7iQvWAbRc1TYjrX5vz8h35Y5w6VH26m6uXVmrC6AMgH8Cn
51	payment	3	3	3	1	1	50	1000000000	250000000	\N	E4YM2vTHhWEg66xpj52JErHUBU4pZ1yageL4TVDDpTTSsv8mK6YaH	CkpYYsRzpL7AADmYwTZEwu9gkpxbc6U4zCEHEwLvKmUQc76TBbFmf
52	payment	3	3	3	1	1	51	1000000000	250000000	\N	E4YM2vTHhWEg66xpj52JErHUBU4pZ1yageL4TVDDpTTSsv8mK6YaH	CkpaBSCnnm5wCfkxri9p9x5vLUf6AgK4G8GhgKJYih5dpNjfFGBqZ
53	payment	3	3	3	1	1	52	1000000000	250000000	\N	E4YM2vTHhWEg66xpj52JErHUBU4pZ1yageL4TVDDpTTSsv8mK6YaH	CkpaDr3XWjnTvq9thwQWwZcfZ4TZk7KuFT6qnJXPndnoYhKGhKHgr
54	payment	3	3	3	1	1	53	1000000000	250000000	\N	E4YM2vTHhWEg66xpj52JErHUBU4pZ1yageL4TVDDpTTSsv8mK6YaH	CkpZdM8Um6KeHFS5VKiv4BmQ28EGupu4NWJRR6YGGk1HBnMLxFPH6
55	payment	3	3	3	1	1	54	1000000000	250000000	\N	E4YM2vTHhWEg66xpj52JErHUBU4pZ1yageL4TVDDpTTSsv8mK6YaH	CkpYe9JXj9xcX4q2bivnQLqtJBMaimfKr4eyTBifAT1F6uw9Ywt4W
56	payment	3	3	3	1	1	55	1000000000	250000000	\N	E4YM2vTHhWEg66xpj52JErHUBU4pZ1yageL4TVDDpTTSsv8mK6YaH	CkpZNUSvvtG9BheVJErC7Tm5gHtU77qcfbww1WejAXEBd2xLD5pDZ
57	payment	3	3	3	1	1	56	1000000000	250000000	\N	E4YM2vTHhWEg66xpj52JErHUBU4pZ1yageL4TVDDpTTSsv8mK6YaH	CkpZZtzWMYGd6W9a6eKeX8fm8sTquvL9WYs114BjnURw6EvbvFg9o
58	payment	3	3	3	1	1	57	1000000000	250000000	\N	E4YM2vTHhWEg66xpj52JErHUBU4pZ1yageL4TVDDpTTSsv8mK6YaH	CkpZNyWfQE9TVJp5DMyjPiLFHQogVAxFc4nDV5ume59PGt7Jk777p
59	payment	3	3	3	1	1	58	1000000000	250000000	\N	E4YM2vTHhWEg66xpj52JErHUBU4pZ1yageL4TVDDpTTSsv8mK6YaH	CkpZWqNvsXrYDs1dnyYfnMaWPTMWYiX2VrkNYZQfVzizqTz1xu81n
60	payment	3	3	3	1	1	59	1000000000	250000000	\N	E4YM2vTHhWEg66xpj52JErHUBU4pZ1yageL4TVDDpTTSsv8mK6YaH	CkpZnMMb4tRuVCdzDuxCpi1cySebmBypzKaGva6aNCp8AjcKnoQge
61	payment	3	3	3	1	1	60	1000000000	250000000	\N	E4YM2vTHhWEg66xpj52JErHUBU4pZ1yageL4TVDDpTTSsv8mK6YaH	CkpaGSWmiuWFdSz1Awj2pja8oCv96JvwBmi3wULCHfTDzmpgqRJyY
62	payment	3	3	3	1	1	61	1000000000	250000000	\N	E4YM2vTHhWEg66xpj52JErHUBU4pZ1yageL4TVDDpTTSsv8mK6YaH	CkpZPCezHTx5cav7uiiuKKA6fFEDYMW6qUtSVkfRKXXQAXtUXEkmy
63	payment	3	3	3	1	1	62	1000000000	250000000	\N	E4YM2vTHhWEg66xpj52JErHUBU4pZ1yageL4TVDDpTTSsv8mK6YaH	CkpYiLwyDSFwdsKp9p9Vs8XSoQVYUiheZLhQXonCikppdCi8Yy7v3
64	payment	3	3	3	1	1	63	1000000000	250000000	\N	E4YM2vTHhWEg66xpj52JErHUBU4pZ1yageL4TVDDpTTSsv8mK6YaH	CkpZAVo6exTdMa2CMF94y7AcSevv69G6jEmpQ7q7ZsjArwPgkYncJ
65	payment	3	3	3	1	1	64	1000000000	250000000	\N	E4YM2vTHhWEg66xpj52JErHUBU4pZ1yageL4TVDDpTTSsv8mK6YaH	CkpZJwD3hP63n4mEZtratnQJgY1VtqxiLmFQ3C58ygUcey1JpV1sA
66	payment	3	3	3	1	1	65	1000000000	250000000	\N	E4YM2vTHhWEg66xpj52JErHUBU4pZ1yageL4TVDDpTTSsv8mK6YaH	CkpaBXQBJe1MyBfDq28u78DYgUqy2koQhS6z4zTMSYQ9CsA1wyLJk
67	payment	3	3	3	1	1	66	1000000000	250000000	\N	E4YM2vTHhWEg66xpj52JErHUBU4pZ1yageL4TVDDpTTSsv8mK6YaH	CkpZMf2AoF82sQDrXrKuFJHVd7iuGvnu4orVx8ASvaBCRoCtRQEei
68	payment	3	3	3	1	1	67	1000000000	250000000	\N	E4YM2vTHhWEg66xpj52JErHUBU4pZ1yageL4TVDDpTTSsv8mK6YaH	CkpZtHh8MTEEfeKnCgmy7amWcYnJbjvpXm1TDDaHYkecZbuQnVmAi
69	payment	3	3	3	1	1	68	1000000000	250000000	\N	E4YM2vTHhWEg66xpj52JErHUBU4pZ1yageL4TVDDpTTSsv8mK6YaH	CkpZJxvrWRWeTQqhq4RfaWLQyfuWg2XTJ7ntkNfLPtUWJ3qzSrtFW
70	payment	3	3	3	1	1	69	1000000000	250000000	\N	E4YM2vTHhWEg66xpj52JErHUBU4pZ1yageL4TVDDpTTSsv8mK6YaH	CkpZGciYimn4udWaLdwgZD5ZkbpBAmq8ZBQZTKVnXAZ7eMuWv5nTA
71	payment	3	3	3	1	1	70	1000000000	250000000	\N	E4YM2vTHhWEg66xpj52JErHUBU4pZ1yageL4TVDDpTTSsv8mK6YaH	Ckpa9nEjuxt5Ynx6zH3nHS4LctkqCU6KaEk9JB7Q4g7veay3BJyW1
72	payment	3	3	3	1	1	71	1000000000	250000000	\N	E4YM2vTHhWEg66xpj52JErHUBU4pZ1yageL4TVDDpTTSsv8mK6YaH	CkpYndWD7Sv5q6MdFx3A4TZxC4ZatLJPNK8eX9deUnfgrXHzSpY1z
73	payment	3	3	3	1	1	72	1000000000	250000000	\N	E4YM2vTHhWEg66xpj52JErHUBU4pZ1yageL4TVDDpTTSsv8mK6YaH	CkpYsqw6x7oi6cMATfqpvguLvA35erz7JCXXqDYucbeoG2WzitTKy
74	payment	3	3	3	1	1	73	1000000000	250000000	\N	E4YM2vTHhWEg66xpj52JErHUBU4pZ1yageL4TVDDpTTSsv8mK6YaH	CkpaJZS1CYTR7F6JpmoAgRnoT64FWtByrFysQSdXxCquFctWsKCeE
75	payment	3	3	3	1	1	74	1000000000	250000000	\N	E4YM2vTHhWEg66xpj52JErHUBU4pZ1yageL4TVDDpTTSsv8mK6YaH	CkpZM1wqWJ99TirxVRp3PuQgnKsbt9UYzKkhFggLHbvZgQMqtcjPM
76	payment	3	3	3	1	1	75	1000000000	250000000	\N	E4YM2vTHhWEg66xpj52JErHUBU4pZ1yageL4TVDDpTTSsv8mK6YaH	CkpZyR45N9WgKKX88ewxGYXgb3BcZhMkbCUxHTix3Zv8eVCevSTjr
77	payment	3	3	3	1	1	76	1000000000	250000000	\N	E4YM2vTHhWEg66xpj52JErHUBU4pZ1yageL4TVDDpTTSsv8mK6YaH	CkpZtyB3wQHJLgU1KSwiZNFSWY6hhuvBufBJUbr2yZ9F6j1qyh6ix
78	payment	3	3	3	1	1	77	1000000000	250000000	\N	E4YM2vTHhWEg66xpj52JErHUBU4pZ1yageL4TVDDpTTSsv8mK6YaH	CkpZahRejCSGPn6jSSLYyegnX3KktwfYXLvdNr4bh2Ys94HVctvUP
79	payment	3	3	3	1	1	78	1000000000	250000000	\N	E4YM2vTHhWEg66xpj52JErHUBU4pZ1yageL4TVDDpTTSsv8mK6YaH	CkpZoXoTDjH6g2J7Go4TBProBZwXpednFVnFyeHrURiBXcTgLATqi
80	payment	3	3	3	1	1	79	1000000000	250000000	\N	E4YM2vTHhWEg66xpj52JErHUBU4pZ1yageL4TVDDpTTSsv8mK6YaH	CkpZyQKpMJCxkgLFiiYrBNYsBHpzWBWXoP68BAn9Fc3rrtfH43YNa
81	payment	3	3	3	1	1	80	1000000000	250000000	\N	E4YM2vTHhWEg66xpj52JErHUBU4pZ1yageL4TVDDpTTSsv8mK6YaH	CkpaB7GxpM47ZaXkmMk193GyP74tNF5mCruMmfDvHGhJcAZbwanJ3
82	payment	3	3	3	1	1	81	1000000000	250000000	\N	E4YM2vTHhWEg66xpj52JErHUBU4pZ1yageL4TVDDpTTSsv8mK6YaH	CkpZ9A6rNPxuK1CozVJwELqUyrs6ShwMq7K6uGS8VmdhCSFc9xhr8
83	payment	3	3	3	1	1	82	1000000000	250000000	\N	E4YM2vTHhWEg66xpj52JErHUBU4pZ1yageL4TVDDpTTSsv8mK6YaH	CkpYpk8WpH2MBM5ifT6sx5k9C8fYJqChGWp9DxAFos7hbURDiowgt
84	payment	3	3	3	1	1	83	1000000000	250000000	\N	E4YM2vTHhWEg66xpj52JErHUBU4pZ1yageL4TVDDpTTSsv8mK6YaH	CkpZQDLPaNZ89vskmE4VKwa3dBA21TAckyKHzys4FtxTjEmcLghZP
85	payment	3	3	3	1	1	84	1000000000	250000000	\N	E4YM2vTHhWEg66xpj52JErHUBU4pZ1yageL4TVDDpTTSsv8mK6YaH	CkpYutThq3V9RTVMeqobQjr4FcePUM3nqVpip3YHET1dRcTfX915Z
86	payment	3	3	3	1	1	85	1000000000	250000000	\N	E4YM2vTHhWEg66xpj52JErHUBU4pZ1yageL4TVDDpTTSsv8mK6YaH	CkpYYUMpZb1TU6AdwdVLst4b79RzTg6bf2XDbarwLvmJ4tVsAA4qc
87	payment	3	3	3	1	1	86	1000000000	250000000	\N	E4YM2vTHhWEg66xpj52JErHUBU4pZ1yageL4TVDDpTTSsv8mK6YaH	CkpYcakppwSWHZKRKzULVuPWJad15xg9NHj376f1cmsmr67dsDEoS
88	payment	3	3	3	1	1	87	1000000000	250000000	\N	E4YM2vTHhWEg66xpj52JErHUBU4pZ1yageL4TVDDpTTSsv8mK6YaH	CkpZFgFMJtzUTwjq9nZQkCx6udBVAfCSfbAr5DcP5NEP8uEZbo3Ey
89	payment	3	3	3	1	1	88	1000000000	250000000	\N	E4YM2vTHhWEg66xpj52JErHUBU4pZ1yageL4TVDDpTTSsv8mK6YaH	CkpZEUuHaoH3FL2PcCvpcf3wq2RQgWvBQCFU5xQDQGbwNZmQLbZ9M
90	payment	3	3	3	1	1	89	1000000000	250000000	\N	E4YM2vTHhWEg66xpj52JErHUBU4pZ1yageL4TVDDpTTSsv8mK6YaH	CkpYks96tY7QK2GsL3RH5G88XP2L648xhQHcWV1CHojKQmRxLBWRa
91	payment	3	3	3	1	1	90	1000000000	250000000	\N	E4YM2vTHhWEg66xpj52JErHUBU4pZ1yageL4TVDDpTTSsv8mK6YaH	CkpZQE8SKB436hHcWJ5dSpjAehMe6ejYyWuZpBdyzTyJ2Dxnn38L1
92	payment	3	3	3	1	1	91	1000000000	250000000	\N	E4YM2vTHhWEg66xpj52JErHUBU4pZ1yageL4TVDDpTTSsv8mK6YaH	CkpZPWWzBNiygaGFg49f88888UHVGZ2BPRig8QfPUU822uq48kdDF
93	payment	3	3	3	1	1	92	1000000000	250000000	\N	E4YM2vTHhWEg66xpj52JErHUBU4pZ1yageL4TVDDpTTSsv8mK6YaH	CkpYwhwPFtnaPipDABhanGSUcS9uth7KrEsa6kue384iAQxqTmuJf
94	payment	3	3	3	1	1	93	1000000000	250000000	\N	E4YM2vTHhWEg66xpj52JErHUBU4pZ1yageL4TVDDpTTSsv8mK6YaH	CkpZwek1VmXTZY8LNYaz161QPDwSBjfjnzcP7T8JaWB9s7bMj5YTu
95	payment	3	3	3	1	1	94	1000000000	250000000	\N	E4YM2vTHhWEg66xpj52JErHUBU4pZ1yageL4TVDDpTTSsv8mK6YaH	CkpZE7LYFzEsFRdAGiUTtLsgmAnnoqDX1CRXQzMnj2KBzt1fLT7kt
96	payment	3	3	3	1	1	95	1000000000	250000000	\N	E4YM2vTHhWEg66xpj52JErHUBU4pZ1yageL4TVDDpTTSsv8mK6YaH	CkpZNaNacDuob78ApibFxpQ9Hpcx7HSe9e7NFRzUxagZ8pjjjmzhR
97	payment	3	3	3	1	1	96	1000000000	250000000	\N	E4YM2vTHhWEg66xpj52JErHUBU4pZ1yageL4TVDDpTTSsv8mK6YaH	CkpYUeD8F1dvYYHcstcNazVKhWzUM2ZzoeKue5BhfnhJDuijRojeW
98	payment	3	3	3	1	1	97	1000000000	250000000	\N	E4YM2vTHhWEg66xpj52JErHUBU4pZ1yageL4TVDDpTTSsv8mK6YaH	CkpZt38K4R949K32woPMEVMABgZ5Joh4tRKHdTUj2h8uYCosbvR1E
99	payment	3	3	3	1	1	98	1000000000	250000000	\N	E4YM2vTHhWEg66xpj52JErHUBU4pZ1yageL4TVDDpTTSsv8mK6YaH	CkpZY6S7oz9iD6R799hsJ55HCEu4eGedHfT7Hf8xBN5sZkUaPQmZA
100	payment	3	3	3	1	1	99	1000000000	250000000	\N	E4YM2vTHhWEg66xpj52JErHUBU4pZ1yageL4TVDDpTTSsv8mK6YaH	CkpZPUckfKbBuYotNBdZAPBYxtHsh4K3Ry9ZSxUv6krfNKahskdyM
101	payment	3	3	3	1	1	100	1000000000	250000000	\N	E4YM2vTHhWEg66xpj52JErHUBU4pZ1yageL4TVDDpTTSsv8mK6YaH	CkpZuyfTPxJE7EL76b5Jsg91XVUDgqBLvG8MwtiKUtUdVWJcAnBRv
102	payment	3	3	3	1	1	101	1000000000	250000000	\N	E4YM2vTHhWEg66xpj52JErHUBU4pZ1yageL4TVDDpTTSsv8mK6YaH	CkpZzz9yNnp3ectfK5ZTcQnRGRjFSHvtNYo5x7UEdRxS3ATEp7xgK
103	payment	3	3	3	1	1	102	1000000000	250000000	\N	E4YM2vTHhWEg66xpj52JErHUBU4pZ1yageL4TVDDpTTSsv8mK6YaH	CkpZyXDw3JMHe4FMAfZCe9uofTzE8R7kn9vdwfXmZuiLXuKeKA3aS
104	payment	3	3	3	1	1	103	1000000000	250000000	\N	E4YM2vTHhWEg66xpj52JErHUBU4pZ1yageL4TVDDpTTSsv8mK6YaH	CkpZ6zpLWSiSA8mbWbk47UjSy38YFeehC1TES95xa5pMxxNmB2NUt
105	payment	3	3	3	1	1	104	1000000000	250000000	\N	E4YM2vTHhWEg66xpj52JErHUBU4pZ1yageL4TVDDpTTSsv8mK6YaH	CkpYSAAY2TsQxCpiTM4sJR9jQs47rxowjL74YN9CfyRPLQqEMYE8N
106	payment	3	3	3	1	1	105	1000000000	250000000	\N	E4YM2vTHhWEg66xpj52JErHUBU4pZ1yageL4TVDDpTTSsv8mK6YaH	CkpZDpfrngTyVB7LEFWS5L3ry4ZurWYGjQ51kHZSRSPRaajVZHM4V
107	payment	3	3	3	1	1	106	1000000000	250000000	\N	E4YM2vTHhWEg66xpj52JErHUBU4pZ1yageL4TVDDpTTSsv8mK6YaH	CkpZ1jDmSMndUvCqtnYBb6WK2tB2kJ4bGFtxiX6eSXt1UEgdAnZkj
108	payment	3	3	3	1	1	107	1000000000	250000000	\N	E4YM2vTHhWEg66xpj52JErHUBU4pZ1yageL4TVDDpTTSsv8mK6YaH	CkpZbvv76N32AHmjfYnZuvv5pFz6fjgV2FHoSVknmNwXGaU8sLzWa
109	payment	3	3	3	1	1	108	1000000000	250000000	\N	E4YM2vTHhWEg66xpj52JErHUBU4pZ1yageL4TVDDpTTSsv8mK6YaH	Ckpa6hELSVyBEJoBizNo6CN3e7NYx2TQvdMCp7ZHDL8guMVP4zq6J
110	payment	3	3	3	1	1	109	1000000000	250000000	\N	E4YM2vTHhWEg66xpj52JErHUBU4pZ1yageL4TVDDpTTSsv8mK6YaH	CkpYQL12PSMnBFB8nQ99t7123fj9gCfcHT4n1sHwiSrwQisTvmLpP
111	payment	3	3	3	1	1	110	1000000000	250000000	\N	E4YM2vTHhWEg66xpj52JErHUBU4pZ1yageL4TVDDpTTSsv8mK6YaH	CkpZVNCNAP6fRZCEQEmjhkiv9eGuKPBxnkDrs83odEeb3pmYw44B7
112	payment	3	3	3	1	1	111	1000000000	250000000	\N	E4YM2vTHhWEg66xpj52JErHUBU4pZ1yageL4TVDDpTTSsv8mK6YaH	CkpYjXM9Uqy5ooKgiANTin3JwdPaVTkX5vUunoz1UBpD9Q8ob4Ner
113	payment	3	3	3	1	1	112	1000000000	250000000	\N	E4YM2vTHhWEg66xpj52JErHUBU4pZ1yageL4TVDDpTTSsv8mK6YaH	CkpZJUBvGRNQrxLWccDMYyzNc2QVzixKHwRehW4NxddMw1nciiVSk
114	payment	3	3	3	1	1	113	1000000000	250000000	\N	E4YM2vTHhWEg66xpj52JErHUBU4pZ1yageL4TVDDpTTSsv8mK6YaH	CkpYkXcV6KXk431C1fQeabUQxBm54cPeaKanJJ1ouUzF7xUd1dNSE
115	payment	3	3	3	1	1	114	1000000000	250000000	\N	E4YM2vTHhWEg66xpj52JErHUBU4pZ1yageL4TVDDpTTSsv8mK6YaH	CkpZzFCNvFZUKSYJXWoZG6XzzDeyGBStDLHo2KPfbo8wrzYbTkvUF
116	payment	3	3	3	1	1	115	1000000000	250000000	\N	E4YM2vTHhWEg66xpj52JErHUBU4pZ1yageL4TVDDpTTSsv8mK6YaH	CkpZzdATDcYZJVJFdq7fzmr3Wm27Q8GXt96YmYsWskSff94a417E7
117	payment	3	3	3	1	1	116	1000000000	250000000	\N	E4YM2vTHhWEg66xpj52JErHUBU4pZ1yageL4TVDDpTTSsv8mK6YaH	CkpZegC7WqkipRuidHPSY9q6dTGXPwZySD28cLcE9D4xyGgxPQnnZ
118	payment	3	3	3	1	1	117	1000000000	250000000	\N	E4YM2vTHhWEg66xpj52JErHUBU4pZ1yageL4TVDDpTTSsv8mK6YaH	CkpYvvcnHPXRwtKyojPY6F45wCGJuPAu1ZSsfhKyXwzoPmUffxjqC
119	payment	3	3	3	1	1	118	1000000000	250000000	\N	E4YM2vTHhWEg66xpj52JErHUBU4pZ1yageL4TVDDpTTSsv8mK6YaH	CkpYm1xenVnfA5uJLpvqw9aFqSAorFA7wDV7wsggcXito5N2dSmYD
120	payment	3	3	3	1	1	119	1000000000	250000000	\N	E4YM2vTHhWEg66xpj52JErHUBU4pZ1yageL4TVDDpTTSsv8mK6YaH	CkpZw7U9omNtrM6d16VD43yji631yp4VLyrP1dbZjEtLVfjq1AdsD
121	payment	3	3	3	1	1	120	1000000000	250000000	\N	E4YM2vTHhWEg66xpj52JErHUBU4pZ1yageL4TVDDpTTSsv8mK6YaH	CkpZkuXFgwMRPZxqNPoKEU5kvhjsnu77ncvDy68TWSCrYKYJuW4UT
122	payment	3	3	3	1	1	121	1000000000	250000000	\N	E4YM2vTHhWEg66xpj52JErHUBU4pZ1yageL4TVDDpTTSsv8mK6YaH	CkpZfoaMRQYcUdm32phghQuQ9uMWEiDUvtkSY1NVLUy7ypebdgYHU
123	payment	3	3	3	1	1	122	1000000000	250000000	\N	E4YM2vTHhWEg66xpj52JErHUBU4pZ1yageL4TVDDpTTSsv8mK6YaH	CkpZnAKWJhhGoFYHwZ5wJUQByoq1JeBJex6iC95T9KiHiBtytZQB9
124	payment	3	3	3	1	1	123	1000000000	250000000	\N	E4YM2vTHhWEg66xpj52JErHUBU4pZ1yageL4TVDDpTTSsv8mK6YaH	CkpZcBvAfzWbQWzFq5nag5PVTHEmxNAdARPTd2jbCzpnpxBVQgNMg
125	payment	3	3	3	1	1	124	1000000000	250000000	\N	E4YM2vTHhWEg66xpj52JErHUBU4pZ1yageL4TVDDpTTSsv8mK6YaH	CkpYjuoGJpFWppZLi6gUnRUG1UNFYAmGSRktxmNUPt4TvXjeTTZDj
126	payment	3	3	3	1	1	125	1000000000	250000000	\N	E4YM2vTHhWEg66xpj52JErHUBU4pZ1yageL4TVDDpTTSsv8mK6YaH	CkpYeGcJAmZFCXL3AkSBebEnMHsjkJD25SKU4GBKUsXRLvwk9yidf
127	payment	3	3	3	1	1	126	1000000000	250000000	\N	E4YM2vTHhWEg66xpj52JErHUBU4pZ1yageL4TVDDpTTSsv8mK6YaH	CkpZALShfptgnKqMwUxrctLoPp5pRBDsnyGm5MszukYpMaZeehBz2
128	payment	3	3	3	1	1	127	1000000000	250000000	\N	E4YM2vTHhWEg66xpj52JErHUBU4pZ1yageL4TVDDpTTSsv8mK6YaH	CkpYu1gBfRtREmmEZaMCKncqW8c4GXSq5yZJ92h2F6jDLyt2rZEsd
129	payment	3	3	3	1	1	128	1000000000	250000000	\N	E4YM2vTHhWEg66xpj52JErHUBU4pZ1yageL4TVDDpTTSsv8mK6YaH	CkpYzB5e9XHkmtyn4Bvvtpsz8isfPVNmXPZW2EEDpSQtSo73R3aBy
130	payment	3	3	3	1	1	129	1000000000	250000000	\N	E4YM2vTHhWEg66xpj52JErHUBU4pZ1yageL4TVDDpTTSsv8mK6YaH	Ckpa2cs2HdjjKYp1PMta6YzTppRWmu4cjtTW1hbHmJRJkXh1GHF3i
131	payment	3	3	3	1	1	130	1000000000	250000000	\N	E4YM2vTHhWEg66xpj52JErHUBU4pZ1yageL4TVDDpTTSsv8mK6YaH	CkpZ6B43BEaTk26VAUY88PTPY877nWmdnjyv5tVhBt4jviL7H4FFq
132	payment	3	3	3	1	1	131	1000000000	250000000	\N	E4YM2vTHhWEg66xpj52JErHUBU4pZ1yageL4TVDDpTTSsv8mK6YaH	CkpZejR3ygAFNVFtLsXeqjn8DNzUo74eF8fPF9BL9hcUmaPJ4Wtqz
133	payment	3	3	3	1	1	132	1000000000	250000000	\N	E4YM2vTHhWEg66xpj52JErHUBU4pZ1yageL4TVDDpTTSsv8mK6YaH	CkpYTZfW37RhTXzEC42qBgTGJbDKg7hm1aJrQr5mWfUJARhibuYTw
134	payment	3	3	3	1	1	133	1000000000	250000000	\N	E4YM2vTHhWEg66xpj52JErHUBU4pZ1yageL4TVDDpTTSsv8mK6YaH	CkpYy2hKiUoz8ueRgghMNfy9RDr7bbGsx3FLNk8YTBVssRKqzZLPQ
135	payment	3	3	3	1	1	134	1000000000	250000000	\N	E4YM2vTHhWEg66xpj52JErHUBU4pZ1yageL4TVDDpTTSsv8mK6YaH	CkpZtoKHsdDC27qkB8V77sPuRu8Byzkr9sK4suTLdj5kuxu4ghkwV
136	payment	3	3	3	1	1	135	1000000000	250000000	\N	E4YM2vTHhWEg66xpj52JErHUBU4pZ1yageL4TVDDpTTSsv8mK6YaH	CkpYr7Q4gaYRYd9MrKniA7Rxxxr2Z3CJd1iqDjVqjpX7R2nBP3HTa
137	payment	3	3	3	1	1	136	1000000000	250000000	\N	E4YM2vTHhWEg66xpj52JErHUBU4pZ1yageL4TVDDpTTSsv8mK6YaH	CkpZuJbK68ptmvQXuqR9AivUXZiZvhfvnunM3CaNdJSD6gdnee1hS
138	payment	3	3	3	1	1	137	1000000000	250000000	\N	E4YM2vTHhWEg66xpj52JErHUBU4pZ1yageL4TVDDpTTSsv8mK6YaH	CkpZXP7XLkhkJ4YWEXBQjEz7vPuR4Mzz44tU96TFwQ6LC4u2225wH
139	payment	3	3	3	1	1	138	1000000000	250000000	\N	E4YM2vTHhWEg66xpj52JErHUBU4pZ1yageL4TVDDpTTSsv8mK6YaH	CkpYY3frrQBMEben7LRLTU7VCwgPd2nYQg5Xc6MHeNkTFN99Juzk5
140	payment	3	3	3	1	1	139	1000000000	250000000	\N	E4YM2vTHhWEg66xpj52JErHUBU4pZ1yageL4TVDDpTTSsv8mK6YaH	CkpYmrXpVuyWtjjodJZ4tonVPQZGzFVvfeo9iyJmTZv8adVdgVnvc
141	payment	3	3	3	1	1	140	1000000000	250000000	\N	E4YM2vTHhWEg66xpj52JErHUBU4pZ1yageL4TVDDpTTSsv8mK6YaH	CkpZuqUFbhRt2iboHUT7Qnc7RKKfQDnnBe1qEeNp6iN1WUsT7DBNC
142	payment	3	3	3	1	1	141	1000000000	250000000	\N	E4YM2vTHhWEg66xpj52JErHUBU4pZ1yageL4TVDDpTTSsv8mK6YaH	CkpZaZvaSTNDLy1E1HF1DNJoNN3AZQBatFywSWo2xVbQntfVmtMcA
143	payment	3	3	3	1	1	142	1000000000	250000000	\N	E4YM2vTHhWEg66xpj52JErHUBU4pZ1yageL4TVDDpTTSsv8mK6YaH	Ckpa4TpWpPsvex99hHt13WiAXVbXKegDBhc5GpY7WDvFy4mxKAiPP
144	payment	3	3	3	1	1	143	1000000000	250000000	\N	E4YM2vTHhWEg66xpj52JErHUBU4pZ1yageL4TVDDpTTSsv8mK6YaH	CkpYWnL3Gfq3hKahC9YCGB7mo35FjXTLEcwemhkBihpn7GM3Shi7r
145	payment	3	3	3	1	1	144	1000000000	250000000	\N	E4YM2vTHhWEg66xpj52JErHUBU4pZ1yageL4TVDDpTTSsv8mK6YaH	Ckpa6eub3x5k77HzhipowZinkDMaLmEv6JetYRp5N6L5YV47r4LmX
146	payment	3	3	3	1	1	145	1000000000	250000000	\N	E4YM2vTHhWEg66xpj52JErHUBU4pZ1yageL4TVDDpTTSsv8mK6YaH	CkpYvtaMLGBPfJPJfLSY4hzyWLFdhrjvtyt97sfE7JYEhHu5z3cS7
147	payment	3	3	3	1	1	146	1000000000	250000000	\N	E4YM2vTHhWEg66xpj52JErHUBU4pZ1yageL4TVDDpTTSsv8mK6YaH	CkpaHqaxjXFeu9QLo2QqBoquo8spxuABy2psgUewogbdxG6dAwicu
148	payment	3	3	3	1	1	147	1000000000	250000000	\N	E4YM2vTHhWEg66xpj52JErHUBU4pZ1yageL4TVDDpTTSsv8mK6YaH	CkpYrfywo7PCoXv2QqBQurCF4e6iNfLRcicf4XK3AkJhBZhzBMv6A
149	payment	3	3	3	1	1	148	1000000000	250000000	\N	E4YM2vTHhWEg66xpj52JErHUBU4pZ1yageL4TVDDpTTSsv8mK6YaH	CkpZxF9W3TxZA8jk6E7XvcdboFcaTshKGz4kQ5bhC7VScR75v3s6v
150	payment	3	3	3	1	1	149	1000000000	250000000	\N	E4YM2vTHhWEg66xpj52JErHUBU4pZ1yageL4TVDDpTTSsv8mK6YaH	CkpYquEWZrYeqYJ5VJHNEeppCzqhptzr3BknvjzbRYwkyeiC3Kf9C
151	payment	3	3	3	1	1	150	1000000000	250000000	\N	E4YM2vTHhWEg66xpj52JErHUBU4pZ1yageL4TVDDpTTSsv8mK6YaH	CkpYYyrJNqaf8LEJrrCZntJyonRK6W6raUHojiHpb8V31uCMcUNQN
152	payment	3	3	3	1	1	151	1000000000	250000000	\N	E4YM2vTHhWEg66xpj52JErHUBU4pZ1yageL4TVDDpTTSsv8mK6YaH	CkpZLsSauVgYM8op1w884zjdZZBD5hk41mVFkJHDNeCqb7TDZzgg9
153	payment	3	3	3	1	1	152	1000000000	250000000	\N	E4YM2vTHhWEg66xpj52JErHUBU4pZ1yageL4TVDDpTTSsv8mK6YaH	CkpZrQcDouYP9Zmuj8kdte5x13yFGPL35MKkJBBbRdf8T5phL87Em
154	payment	3	3	3	1	1	153	1000000000	250000000	\N	E4YM2vTHhWEg66xpj52JErHUBU4pZ1yageL4TVDDpTTSsv8mK6YaH	Ckpa5P1wGcLjQshGBm3qyo5X1vPmVBF1yXfDyL5nRexJ6ie4YxjDg
155	payment	3	3	3	1	1	154	1000000000	250000000	\N	E4YM2vTHhWEg66xpj52JErHUBU4pZ1yageL4TVDDpTTSsv8mK6YaH	Ckpa74HtmWarfZFv3ESSUEqSHz4ZHuNyAjrD7t4yZ382sS9QRCszT
156	payment	3	3	3	1	1	155	1000000000	250000000	\N	E4YM2vTHhWEg66xpj52JErHUBU4pZ1yageL4TVDDpTTSsv8mK6YaH	Ckpa2ESiWjcdqUbxriVvMScTm33YeRx4ptkgUDypwqtP2yyghU3UD
157	payment	3	3	3	1	1	156	1000000000	250000000	\N	E4YM2vTHhWEg66xpj52JErHUBU4pZ1yageL4TVDDpTTSsv8mK6YaH	CkpYXfMnznQAR9AoDs4bz7G9eAykWfVkgUyWEPyK53KhLh6izJKoK
158	payment	3	3	3	1	1	157	1000000000	250000000	\N	E4YM2vTHhWEg66xpj52JErHUBU4pZ1yageL4TVDDpTTSsv8mK6YaH	CkpZ93KHum71NQRqnEKvAuiW23d5g1AZZgR8r6SzU82UzNkm1wcTi
159	payment	3	3	3	1	1	158	1000000000	250000000	\N	E4YM2vTHhWEg66xpj52JErHUBU4pZ1yageL4TVDDpTTSsv8mK6YaH	CkpYrYNtVqR6F9By2R2bNQof3zVnERUWUgbDkh8ZmqE6VWZcbPxqg
160	payment	3	3	3	1	1	159	1000000000	250000000	\N	E4YM2vTHhWEg66xpj52JErHUBU4pZ1yageL4TVDDpTTSsv8mK6YaH	CkpYZgnXJqeChCcmRaWxXuXWWZMzyYMJ4MUzi34BTjaRGWGofZicg
161	payment	3	3	3	1	1	160	1000000000	250000000	\N	E4YM2vTHhWEg66xpj52JErHUBU4pZ1yageL4TVDDpTTSsv8mK6YaH	CkpZRB9qRs2uygjYnJxfKGa9EFjcfmmo7ScziDxsePvaVQEMvrDpp
162	payment	3	3	3	1	1	161	1000000000	250000000	\N	E4YM2vTHhWEg66xpj52JErHUBU4pZ1yageL4TVDDpTTSsv8mK6YaH	CkpZnk6epXPmoevrzyxxPnZ6QAyBcjQBYUcf2bwrkqbAXH5DVoZHQ
163	payment	3	3	3	1	1	162	1000000000	250000000	\N	E4YM2vTHhWEg66xpj52JErHUBU4pZ1yageL4TVDDpTTSsv8mK6YaH	CkpYiAuMFGgiJACgD26HUM2DFLSV3b36sQoE5MskQRVFytYgxt5Vh
164	payment	3	3	3	1	1	163	1000000000	250000000	\N	E4YM2vTHhWEg66xpj52JErHUBU4pZ1yageL4TVDDpTTSsv8mK6YaH	CkpZxhGyrMFfL2eCoSVqgu1UmBks1UfFjus453YbfRRqpM76CUyTA
165	payment	3	3	3	1	1	164	1000000000	250000000	\N	E4YM2vTHhWEg66xpj52JErHUBU4pZ1yageL4TVDDpTTSsv8mK6YaH	CkpZqmkd63rUWqV3i2Hb3po5Pd9SSXhp9bvibd9ySjfc2LUQoLtGf
166	payment	3	3	3	1	1	165	1000000000	250000000	\N	E4YM2vTHhWEg66xpj52JErHUBU4pZ1yageL4TVDDpTTSsv8mK6YaH	CkpZBXLQEU9qFQnPKk5jNH5dDYEekjTy87ud4LM4abZSYgg43DQ5m
167	payment	3	3	3	1	1	166	1000000000	250000000	\N	E4YM2vTHhWEg66xpj52JErHUBU4pZ1yageL4TVDDpTTSsv8mK6YaH	CkpYm6JrV2FPjBuvTs76Dg6kWDq636NtcHjzxpxCE59D4xzVJW6rj
168	payment	3	3	3	1	1	167	1000000000	250000000	\N	E4YM2vTHhWEg66xpj52JErHUBU4pZ1yageL4TVDDpTTSsv8mK6YaH	CkpYyczLSpW4A3LQb4B9WThP7uwNWp31g1Nm3HQZC2FaTnyLbfGVf
169	payment	3	3	3	1	1	168	1000000000	250000000	\N	E4YM2vTHhWEg66xpj52JErHUBU4pZ1yageL4TVDDpTTSsv8mK6YaH	CkpZDrJo5gy3Nux7XZjGTuVP2bB3X7fYiJSHFXoZCpUnvtRSmf6GZ
170	payment	3	3	3	1	1	169	1000000000	250000000	\N	E4YM2vTHhWEg66xpj52JErHUBU4pZ1yageL4TVDDpTTSsv8mK6YaH	CkpYrGDeWzccb8AdgFjNnf9ZtMHSQNhcmBgRewT5TFNsaQQkd1DeZ
171	payment	3	3	3	1	1	170	1000000000	250000000	\N	E4YM2vTHhWEg66xpj52JErHUBU4pZ1yageL4TVDDpTTSsv8mK6YaH	CkpYnUEzW1fbziv5ebuS5niTmxM5sdP8wtVPtp3fYNDjEZsCExUUx
172	payment	3	3	3	1	1	171	1000000000	250000000	\N	E4YM2vTHhWEg66xpj52JErHUBU4pZ1yageL4TVDDpTTSsv8mK6YaH	CkpaBRZKWXmFHS2Zfo5A2ktc2UjYSGkS5Egy9VdjeN33tkYS9wsPV
173	payment	3	3	3	1	1	172	1000000000	250000000	\N	E4YM2vTHhWEg66xpj52JErHUBU4pZ1yageL4TVDDpTTSsv8mK6YaH	CkpYkkekCL8HHXgNCcAPSH3aNzNP4o1jsMDgh5WD321qVuctCfAs6
174	payment	3	3	3	1	1	173	1000000000	250000000	\N	E4YM2vTHhWEg66xpj52JErHUBU4pZ1yageL4TVDDpTTSsv8mK6YaH	CkpZbMydgm5H5BizyYnEHTWjm7exVvznSFf1LfEMez8Zqekic6taL
175	payment	3	3	3	1	1	174	1000000000	250000000	\N	E4YM2vTHhWEg66xpj52JErHUBU4pZ1yageL4TVDDpTTSsv8mK6YaH	CkpaCZ5B4iEiP6efHht9TEFzcZ82Bq5zJxGhyCWz9rutM362UVLGL
176	payment	3	3	3	1	1	175	1000000000	250000000	\N	E4YM2vTHhWEg66xpj52JErHUBU4pZ1yageL4TVDDpTTSsv8mK6YaH	CkpYdCGwG8zbzntsGRrXmFEGRdV6tawiTHMea91Gf7aSHNozir19m
177	payment	3	3	3	1	1	176	1000000000	250000000	\N	E4YM2vTHhWEg66xpj52JErHUBU4pZ1yageL4TVDDpTTSsv8mK6YaH	CkpaHnA4TXhY4tKMt69pq5uUTHfd1JDYremDuzgobHAbZRxk48z1Q
178	payment	3	3	3	1	1	177	1000000000	250000000	\N	E4YM2vTHhWEg66xpj52JErHUBU4pZ1yageL4TVDDpTTSsv8mK6YaH	CkpYUEUCbFBrb7ysJFy11jYCNnq4qqzYnprQvhXe7NoVo8wTpjJ2n
179	payment	3	3	3	1	1	178	1000000000	250000000	\N	E4YM2vTHhWEg66xpj52JErHUBU4pZ1yageL4TVDDpTTSsv8mK6YaH	CkpYbWMetYcGqy64cYrwvgp3xpTyeDtW8hrsKgdpVLuKNvUw7iqqJ
180	payment	3	3	3	1	1	179	1000000000	250000000	\N	E4YM2vTHhWEg66xpj52JErHUBU4pZ1yageL4TVDDpTTSsv8mK6YaH	CkpaAvqKXBvndB8d48EogUnW9JYqsDkeVuYgG5wxZE6vTXKuE9b64
181	payment	3	3	3	1	1	180	1000000000	250000000	\N	E4YM2vTHhWEg66xpj52JErHUBU4pZ1yageL4TVDDpTTSsv8mK6YaH	CkpZuMnFPGNdEQpG1B5MUTM7yW7MQAuWpKRUSiXSUPpmCvNEtJJg4
182	payment	3	3	3	1	1	181	1000000000	250000000	\N	E4YM2vTHhWEg66xpj52JErHUBU4pZ1yageL4TVDDpTTSsv8mK6YaH	CkpYpDpFzMWMgAUZcx5WXPYfgkZieFwE2CUZXfBrrExmUKf4SvXTu
183	payment	3	3	3	1	1	182	1000000000	250000000	\N	E4YM2vTHhWEg66xpj52JErHUBU4pZ1yageL4TVDDpTTSsv8mK6YaH	CkpZ3MYciNajgyHD5rzx3x2HsAVJuwnVb4HUqiDCxpgVnaUgaXHDU
184	payment	3	3	3	1	1	183	1000000000	250000000	\N	E4YM2vTHhWEg66xpj52JErHUBU4pZ1yageL4TVDDpTTSsv8mK6YaH	CkpYjF5bNsQCLVB87PEGUMnYwsPZ5SBKfj3T1uWD4Nak9BhoTMC7s
185	payment	3	3	3	1	1	184	1000000000	250000000	\N	E4YM2vTHhWEg66xpj52JErHUBU4pZ1yageL4TVDDpTTSsv8mK6YaH	CkpZZ5A6SGGpKxrqACFYs31F2TeWRjZQwvEbB7j4PcDiDUBcSBdN2
186	payment	3	3	3	1	1	185	1000000000	250000000	\N	E4YM2vTHhWEg66xpj52JErHUBU4pZ1yageL4TVDDpTTSsv8mK6YaH	CkpYyU47hiDy9WtTtpVmWxQCkXnCSiNCK7CJ9KiJozDhUK4u21EV1
187	payment	3	3	3	1	1	186	1000000000	250000000	\N	E4YM2vTHhWEg66xpj52JErHUBU4pZ1yageL4TVDDpTTSsv8mK6YaH	CkpZHWth7iXUMBZ8g575tspND8G4QSEx1F3uNVx2DAUJBqtmBr2d3
188	payment	3	3	3	1	1	187	1000000000	250000000	\N	E4YM2vTHhWEg66xpj52JErHUBU4pZ1yageL4TVDDpTTSsv8mK6YaH	CkpZLRaQShhTZotdzZhcbqxzmLgKsz9CjqwHqPBp4x5Y71fv8ae35
189	payment	3	3	3	1	1	188	1000000000	250000000	\N	E4YM2vTHhWEg66xpj52JErHUBU4pZ1yageL4TVDDpTTSsv8mK6YaH	CkpYhnHFu9rpkyWj7q1i7SxnS1iHwBh7aDSTgmYDncpy1tK9ER5E7
190	payment	3	3	3	1	1	189	1000000000	250000000	\N	E4YM2vTHhWEg66xpj52JErHUBU4pZ1yageL4TVDDpTTSsv8mK6YaH	CkpZ8urwnSGAzehj1nTPQEGLo8Uev23Y6fuogeRfrMviwG2kKwUvK
191	payment	3	3	3	1	1	190	1000000000	250000000	\N	E4YM2vTHhWEg66xpj52JErHUBU4pZ1yageL4TVDDpTTSsv8mK6YaH	CkpZHd8BZnxeYKQCxxBvZ2P4LEhdUahQ7uosJ9ifAT3GRqfdrir8q
192	payment	3	3	3	1	1	191	1000000000	250000000	\N	E4YM2vTHhWEg66xpj52JErHUBU4pZ1yageL4TVDDpTTSsv8mK6YaH	CkpaKvvwzx2neb8Vb6XRd8DetjERTLBxznKe51mo7wgZkFeYX3cDU
193	payment	3	3	3	1	1	192	1000000000	250000000	\N	E4YM2vTHhWEg66xpj52JErHUBU4pZ1yageL4TVDDpTTSsv8mK6YaH	CkpZVjpqRWGVHkkQohf8u1FMvXXHchNSXsAyXhdhCAu8D5PTqghjF
194	payment	3	3	3	1	1	193	1000000000	250000000	\N	E4YM2vTHhWEg66xpj52JErHUBU4pZ1yageL4TVDDpTTSsv8mK6YaH	CkpZf4mNQbyyE5JijD4K6v847mR2SBE3kFFbU3SicnDyw9b6BZWDx
195	payment	3	3	3	1	1	194	1000000000	250000000	\N	E4YM2vTHhWEg66xpj52JErHUBU4pZ1yageL4TVDDpTTSsv8mK6YaH	CkpZkZQnpVBGqWkKUNyeJu9qLbXdidbBKehEpDiPFp7dsPb4WvpyP
196	payment	3	3	3	1	1	195	1000000000	250000000	\N	E4YM2vTHhWEg66xpj52JErHUBU4pZ1yageL4TVDDpTTSsv8mK6YaH	CkpZqFRqgMjFKbJ6matST83WpE23NuAuD9Xp6VttJoBrNAYBjGDiw
197	payment	3	3	3	1	1	196	1000000000	250000000	\N	E4YM2vTHhWEg66xpj52JErHUBU4pZ1yageL4TVDDpTTSsv8mK6YaH	CkpYWxHHp96cGeMskysczJjGrHuQpXjGFBfDrKhqkTnUkDdqsKrGK
198	payment	3	3	3	1	1	197	1000000000	250000000	\N	E4YM2vTHhWEg66xpj52JErHUBU4pZ1yageL4TVDDpTTSsv8mK6YaH	Ckpa1H45hzysyyruQrmyCaGZ8BQ2L25woRfiJ2dcnmQwNCUZvzZZe
199	payment	3	3	3	1	1	198	1000000000	250000000	\N	E4YM2vTHhWEg66xpj52JErHUBU4pZ1yageL4TVDDpTTSsv8mK6YaH	CkpYvjT5j4HFjRxVjmj7jpepWcYAQ1Lv5oqjjak5LDu6pEHJzAgAG
200	payment	3	3	3	1	1	199	1000000000	250000000	\N	E4YM2vTHhWEg66xpj52JErHUBU4pZ1yageL4TVDDpTTSsv8mK6YaH	CkpYr4qQTzxhd1aDF94GFnnAu41e6uYPxXthR3XYAuGV7aFi9ApAS
201	payment	3	3	3	1	1	200	1000000000	250000000	\N	E4YM2vTHhWEg66xpj52JErHUBU4pZ1yageL4TVDDpTTSsv8mK6YaH	CkpZz6Sc2rgtpPF8MSwyuQqYv5Z6CHReCEzUrdBy2T4jxLZqctmzc
202	payment	3	3	3	1	1	201	1000000000	250000000	\N	E4YM2vTHhWEg66xpj52JErHUBU4pZ1yageL4TVDDpTTSsv8mK6YaH	CkpYdKfDoB3gnkmqFAYvGPTwQnkg8D845HPBx6XaYSMzAXr2jkVmZ
203	payment	3	3	3	1	1	202	1000000000	250000000	\N	E4YM2vTHhWEg66xpj52JErHUBU4pZ1yageL4TVDDpTTSsv8mK6YaH	CkpZRZzUXASNZQw4MLnq1y3CN5vp6xEMgZ4PnT86oLJuCic2xVcBi
204	payment	3	3	3	1	1	203	1000000000	250000000	\N	E4YM2vTHhWEg66xpj52JErHUBU4pZ1yageL4TVDDpTTSsv8mK6YaH	Ckpa3zKD3hTGTw2CubD8LrREEkRqo3SCPkwP77T7LWL5ySv5VEFN4
205	payment	3	3	3	1	1	204	1000000000	250000000	\N	E4YM2vTHhWEg66xpj52JErHUBU4pZ1yageL4TVDDpTTSsv8mK6YaH	CkpYTSJCe1ZM4SPw5DweJDx6UXLFhc1AVUq4wipukzgCJfdVpsvkp
206	payment	3	3	3	1	1	205	1000000000	250000000	\N	E4YM2vTHhWEg66xpj52JErHUBU4pZ1yageL4TVDDpTTSsv8mK6YaH	CkpZ7CC5cW5HqUD72s8FkLFsCBmJz1KLdRyjxadHtw2TNZanCvyTu
207	payment	3	3	3	1	1	206	1000000000	250000000	\N	E4YM2vTHhWEg66xpj52JErHUBU4pZ1yageL4TVDDpTTSsv8mK6YaH	CkpYt3ERBQjdt6GFxmwi5xXpwT9DzXMyRahwjkvX4U7v31FweY1vh
208	payment	3	3	3	1	1	207	1000000000	250000000	\N	E4YM2vTHhWEg66xpj52JErHUBU4pZ1yageL4TVDDpTTSsv8mK6YaH	CkpZHzNejp2GrjCTGhySziSWXPiNyfQ29VAVBPJzFX9LMBud9soNU
209	payment	3	3	3	1	1	208	1000000000	250000000	\N	E4YM2vTHhWEg66xpj52JErHUBU4pZ1yageL4TVDDpTTSsv8mK6YaH	CkpYya5QZPiN6nHnafrd8h4oA9JyX11gzVVtFdcGexjsK6QHZY1ZC
210	payment	3	3	3	1	1	209	1000000000	250000000	\N	E4YM2vTHhWEg66xpj52JErHUBU4pZ1yageL4TVDDpTTSsv8mK6YaH	CkpZvHwa3pkLDzv1sD1EyeC4Ctr4Hr51PYpfpsiTEtPMPapWmN9SV
211	payment	3	3	3	1	1	210	1000000000	250000000	\N	E4YM2vTHhWEg66xpj52JErHUBU4pZ1yageL4TVDDpTTSsv8mK6YaH	Ckpa2xrDgEFa57K12EeW4NX2eCY8cJZGhTrpH8tqXTSszMR6pM9KV
212	payment	3	3	3	1	1	211	1000000000	250000000	\N	E4YM2vTHhWEg66xpj52JErHUBU4pZ1yageL4TVDDpTTSsv8mK6YaH	CkpYjJJZWs7m3Tgg6ybdNwAFYL6jKCmP6GWRuRagAYNdJk3ozWmXB
213	payment	3	3	3	1	1	212	1000000000	250000000	\N	E4YM2vTHhWEg66xpj52JErHUBU4pZ1yageL4TVDDpTTSsv8mK6YaH	CkpYkhYHFHbNkbq3pmBCwoCrKG2y1iEhk33Bbw5FCqhP6CUvHeN8G
214	payment	3	3	3	1	1	213	1000000000	250000000	\N	E4YM2vTHhWEg66xpj52JErHUBU4pZ1yageL4TVDDpTTSsv8mK6YaH	CkpaJfZUV3r5Zafp9y9WbjVZbYCt1wLAzEdm3YoAhPQiTekXujf2J
215	payment	3	3	3	1	1	214	1000000000	250000000	\N	E4YM2vTHhWEg66xpj52JErHUBU4pZ1yageL4TVDDpTTSsv8mK6YaH	CkpaCaumbZzr6RaZwsttiNu3o5hniuiGomDRmXajUopbzvbE82rHj
216	payment	3	3	3	1	1	215	1000000000	250000000	\N	E4YM2vTHhWEg66xpj52JErHUBU4pZ1yageL4TVDDpTTSsv8mK6YaH	CkpZRHHVWPCY75W7kG36yGLTgniPqTcXSRszhF8mNDyj3aQPrwB7h
217	payment	3	3	3	1	1	216	1000000000	250000000	\N	E4YM2vTHhWEg66xpj52JErHUBU4pZ1yageL4TVDDpTTSsv8mK6YaH	CkpZaAbUwEmYqmzS4GX1ATNrRXaBAL6P2XLT2T5sgfmbmW5JhNYui
218	payment	3	3	3	1	1	217	1000000000	250000000	\N	E4YM2vTHhWEg66xpj52JErHUBU4pZ1yageL4TVDDpTTSsv8mK6YaH	CkpZHVo8F392mDFR62DJzsmqee7crUQiYbXjdAs5kRPcKJjE6VzGN
219	payment	3	3	3	1	1	218	1000000000	250000000	\N	E4YM2vTHhWEg66xpj52JErHUBU4pZ1yageL4TVDDpTTSsv8mK6YaH	CkpaBqHSJXY1jkRZStJMm2SyFSGcKHXJ24yiLRZoJYoTHLDztnHYV
220	payment	3	3	3	1	1	219	1000000000	250000000	\N	E4YM2vTHhWEg66xpj52JErHUBU4pZ1yageL4TVDDpTTSsv8mK6YaH	CkpZ8FeutkcyRQGBEAPyzVysEGXsuYeUbDJZ3mFQNfT7FS2ZDNi7f
221	payment	3	3	3	1	1	220	1000000000	250000000	\N	E4YM2vTHhWEg66xpj52JErHUBU4pZ1yageL4TVDDpTTSsv8mK6YaH	CkpYYMpcVNiHYTNSALVT7Ui775Z4i483izp1SLkHb3iqckhW5ScaN
222	payment	3	3	3	1	1	221	1000000000	250000000	\N	E4YM2vTHhWEg66xpj52JErHUBU4pZ1yageL4TVDDpTTSsv8mK6YaH	CkpaGfkWz58iKzNqT4Q3mb3t9G6h9s3Pk4GxPFz4hiVYdxr5ow2os
223	payment	3	3	3	1	1	222	1000000000	250000000	\N	E4YM2vTHhWEg66xpj52JErHUBU4pZ1yageL4TVDDpTTSsv8mK6YaH	CkpZ3VF5M4Ziaaq1vXXsiJi2Z7CgiypgjNzGaFgp39KT8P1vDFJRn
224	payment	3	3	3	1	1	223	1000000000	250000000	\N	E4YM2vTHhWEg66xpj52JErHUBU4pZ1yageL4TVDDpTTSsv8mK6YaH	CkpZvN5oCQATvD2iJLevnYQRc2WNmRwcQeY6pspMx9uXPKfWEduik
225	payment	3	3	3	1	1	224	1000000000	250000000	\N	E4YM2vTHhWEg66xpj52JErHUBU4pZ1yageL4TVDDpTTSsv8mK6YaH	CkpZ9VWWcUQp7oLZMMBi6Qdo7z12JZeH6tfZka3iubLesFho7b8qx
226	payment	3	3	3	1	1	225	1000000000	250000000	\N	E4YM2vTHhWEg66xpj52JErHUBU4pZ1yageL4TVDDpTTSsv8mK6YaH	CkpZAvcCPGtsTeWzQEfyCtSQT2axfTXvLcyHyjEgmPG4VjZjuCtrr
227	payment	3	3	3	1	1	226	1000000000	250000000	\N	E4YM2vTHhWEg66xpj52JErHUBU4pZ1yageL4TVDDpTTSsv8mK6YaH	CkpYzjdVowLpCB5nFA66kRinEPVyLN4GZ1DN5SSaDTkPk1qUyM8Bp
228	payment	3	3	3	1	1	227	1000000000	250000000	\N	E4YM2vTHhWEg66xpj52JErHUBU4pZ1yageL4TVDDpTTSsv8mK6YaH	CkpYgxp6fV5V9GoSnVovjgy4M33UEL4HHyxrpNjcTxZ2uM1uXfVse
229	payment	3	3	3	1	1	228	1000000000	250000000	\N	E4YM2vTHhWEg66xpj52JErHUBU4pZ1yageL4TVDDpTTSsv8mK6YaH	Ckpa2AGGiSVdxCpjcasXwabb4LmP544c9KBksLHYxcVce7aZ12E3t
230	payment	3	3	3	1	1	229	1000000000	250000000	\N	E4YM2vTHhWEg66xpj52JErHUBU4pZ1yageL4TVDDpTTSsv8mK6YaH	CkpYrZHYLa12P7GFCdapLxgxzBHjc2p5tYQ1F61o9Hq1zfpcmqck9
231	payment	3	3	3	1	1	230	1000000000	250000000	\N	E4YM2vTHhWEg66xpj52JErHUBU4pZ1yageL4TVDDpTTSsv8mK6YaH	CkpZ9AVGJgPLvQGnanroh4cqzb4yc925qWSVGjhWVimduasxixKsg
232	payment	3	3	3	1	1	231	1000000000	250000000	\N	E4YM2vTHhWEg66xpj52JErHUBU4pZ1yageL4TVDDpTTSsv8mK6YaH	CkpZHAFpSBfeBccsEgeeyZSGPSygTADgMsWmgfHuLv5ZFnaFs4ZE3
233	payment	3	3	3	1	1	232	1000000000	250000000	\N	E4YM2vTHhWEg66xpj52JErHUBU4pZ1yageL4TVDDpTTSsv8mK6YaH	CkpZPtTto9KPMLuHZrSasaMa1tf231aWxikR5ojn4dnjy4cunbyLY
234	payment	3	3	3	1	1	233	1000000000	250000000	\N	E4YM2vTHhWEg66xpj52JErHUBU4pZ1yageL4TVDDpTTSsv8mK6YaH	CkpYqpVaSdZe68U2bKxech96QtJnnDn7gSLXg8QYFZLJvHfrpnidc
235	payment	3	3	3	1	1	234	1000000000	250000000	\N	E4YM2vTHhWEg66xpj52JErHUBU4pZ1yageL4TVDDpTTSsv8mK6YaH	CkpZQYCwuJ8rdfsvp752e4YgRxXRvPUPCAYqXRcwUarDaCh4H91G7
236	payment	3	3	3	1	1	235	1000000000	250000000	\N	E4YM2vTHhWEg66xpj52JErHUBU4pZ1yageL4TVDDpTTSsv8mK6YaH	CkpYQDLDibqUzAXyJ6j19CEKXx81e3nS62oXDfB8kXjg4wH6XoLZi
237	payment	3	3	3	1	1	236	1000000000	250000000	\N	E4YM2vTHhWEg66xpj52JErHUBU4pZ1yageL4TVDDpTTSsv8mK6YaH	CkpYyUcMcj4E2k184csymbqUei5YevNrW6CBz9ci6tzBxWsLT3FrF
238	payment	3	3	3	1	1	237	1000000000	250000000	\N	E4YM2vTHhWEg66xpj52JErHUBU4pZ1yageL4TVDDpTTSsv8mK6YaH	CkpaK9ejHBsboA61xCysA75ahuqrXuK85zQQS4h8SdTQEsP2FHrdM
239	payment	3	3	3	1	1	238	1000000000	250000000	\N	E4YM2vTHhWEg66xpj52JErHUBU4pZ1yageL4TVDDpTTSsv8mK6YaH	CkpaBD8gPFeRZC7cYiPHPe5nT2QVFrnqVWyXz3Anbhomsc85Hft99
240	payment	3	3	3	1	1	239	1000000000	250000000	\N	E4YM2vTHhWEg66xpj52JErHUBU4pZ1yageL4TVDDpTTSsv8mK6YaH	CkpaJfvmsN6qPhcH3ui7e4VZ9F4pg2jPU73XV6VueL7d9E3n4UKQ4
241	payment	3	3	3	1	1	240	1000000000	250000000	\N	E4YM2vTHhWEg66xpj52JErHUBU4pZ1yageL4TVDDpTTSsv8mK6YaH	CkpZ8YcJhTfYZJPuLGn6xjgKqjmJBPN5ovE8GU7UHjXVDdg6FZQ5W
242	payment	3	3	3	1	1	241	1000000000	250000000	\N	E4YM2vTHhWEg66xpj52JErHUBU4pZ1yageL4TVDDpTTSsv8mK6YaH	CkpZ4nqwS61dp4iseBeeyrc8JYPRk8jjxXThS1s8cFB1gQGrf1NxS
243	payment	3	3	3	1	1	242	1000000000	250000000	\N	E4YM2vTHhWEg66xpj52JErHUBU4pZ1yageL4TVDDpTTSsv8mK6YaH	CkpZFLjpFLPbqAg8b11WiEHqYmv8eht6fBvRNW71BsCoYajEn1vbG
244	payment	3	3	3	1	1	243	1000000000	250000000	\N	E4YM2vTHhWEg66xpj52JErHUBU4pZ1yageL4TVDDpTTSsv8mK6YaH	CkpYi8BLTqVLNJB6zi4wy5h1eiNVeicnjfG39L9TArBPq28xTFFXu
245	payment	3	3	3	1	1	244	1000000000	250000000	\N	E4YM2vTHhWEg66xpj52JErHUBU4pZ1yageL4TVDDpTTSsv8mK6YaH	CkpZCi8KkKyjEHN5k2gB1kDkYGi8SNWudgLU47BX2HhBGbeiBRKF9
246	payment	3	3	3	1	1	245	1000000000	250000000	\N	E4YM2vTHhWEg66xpj52JErHUBU4pZ1yageL4TVDDpTTSsv8mK6YaH	Ckpa3XFrPR3sM8aSiydkHhCzCagNhuDvSE91JFf5obz1rk2v5TaeF
247	payment	3	3	3	1	1	246	1000000000	250000000	\N	E4YM2vTHhWEg66xpj52JErHUBU4pZ1yageL4TVDDpTTSsv8mK6YaH	CkpYjoWuHU2DWGSL2hGsyEZk8Z8ETu29gGHenKXpuoTVSfGtLehWH
248	payment	3	3	3	1	1	247	1000000000	250000000	\N	E4YM2vTHhWEg66xpj52JErHUBU4pZ1yageL4TVDDpTTSsv8mK6YaH	CkpYboU1Dq8nfKATtLYEB51TwJpjLxg8LaUKRaJVkJ4vkiVrTQ2K4
249	payment	3	3	3	1	1	248	1000000000	250000000	\N	E4YM2vTHhWEg66xpj52JErHUBU4pZ1yageL4TVDDpTTSsv8mK6YaH	CkpZ6d6tPMJQWEC39FKef5cfPhwADUtBRh8RzxbR7NU2nKpSQaZZV
250	payment	3	3	3	1	1	249	1000000000	250000000	\N	E4YM2vTHhWEg66xpj52JErHUBU4pZ1yageL4TVDDpTTSsv8mK6YaH	CkpYYLWLMCZ5nTayjJ3GHyCWVNxeG4tTzdeqxjSQDzVVSdpYJFv2K
251	payment	3	3	3	1	1	250	1000000000	250000000	\N	E4YM2vTHhWEg66xpj52JErHUBU4pZ1yageL4TVDDpTTSsv8mK6YaH	CkpZod4PvL4xCSVrVjqEes7F5axGGELVFTzUspNLLrER3Ls24ixF5
252	payment	3	3	3	1	1	251	1000000000	250000000	\N	E4YM2vTHhWEg66xpj52JErHUBU4pZ1yageL4TVDDpTTSsv8mK6YaH	CkpZHtG4XiFsKLp2P82jvnpffUvnpa48625HJemMA7SwJW78ENyr3
253	payment	3	3	3	1	1	252	1000000000	250000000	\N	E4YM2vTHhWEg66xpj52JErHUBU4pZ1yageL4TVDDpTTSsv8mK6YaH	CkpYmVaWKiL343HH5NWtfdbtqe72916RjC6HQjm1mJBgEvatYgVrM
254	payment	3	3	3	1	1	253	1000000000	250000000	\N	E4YM2vTHhWEg66xpj52JErHUBU4pZ1yageL4TVDDpTTSsv8mK6YaH	CkpZxAV6SntWzatt9x55EwcbH1yLm6tj8yyQadAj9AE55at5mg7Nd
255	payment	3	3	3	1	1	254	1000000000	250000000	\N	E4YM2vTHhWEg66xpj52JErHUBU4pZ1yageL4TVDDpTTSsv8mK6YaH	CkpZKUZSQiS8K9djYhNd8KG9KGUHyQCPijBvrrfoinxG9vAR2dsGZ
256	payment	3	3	3	1	1	255	1000000000	250000000	\N	E4YM2vTHhWEg66xpj52JErHUBU4pZ1yageL4TVDDpTTSsv8mK6YaH	CkpYkaSyCredvko5jMqGk2En5Bf9RZFzT74yDHUXYavEqX1CfMBAH
257	payment	3	3	3	1	1	256	1000000000	250000000	\N	E4YM2vTHhWEg66xpj52JErHUBU4pZ1yageL4TVDDpTTSsv8mK6YaH	CkpZmCbeyeSPKGu7TLRM7wnrwDLX13LtCcXCruKYTKz94eoZu4vmS
258	payment	3	3	3	1	1	257	1000000000	250000000	\N	E4YM2vTHhWEg66xpj52JErHUBU4pZ1yageL4TVDDpTTSsv8mK6YaH	CkpaKAQRP5Go4CHtqphLY69XeaqzxDLVLotupaBaxZYhkRAbFGTcr
259	payment	3	3	3	1	1	258	1000000000	250000000	\N	E4YM2vTHhWEg66xpj52JErHUBU4pZ1yageL4TVDDpTTSsv8mK6YaH	CkpZDcatHDmKZhVVEAtWXjryqFh2bUrhHSqwy1TFop25YG1xsfRiW
260	payment	3	3	3	1	1	259	1000000000	250000000	\N	E4YM2vTHhWEg66xpj52JErHUBU4pZ1yageL4TVDDpTTSsv8mK6YaH	CkpZi9DvyGZ77XecdY9cM5RdzmPypMa9TpdKkm7bqaSjSD84bhEaP
261	payment	3	3	3	1	1	260	1000000000	250000000	\N	E4YM2vTHhWEg66xpj52JErHUBU4pZ1yageL4TVDDpTTSsv8mK6YaH	Ckpa4njLFr9AMyK7bKL4Y9KAbg3rSpGY37x6zEYfJDnK85yJbHojW
262	payment	3	3	3	1	1	261	1000000000	250000000	\N	E4YM2vTHhWEg66xpj52JErHUBU4pZ1yageL4TVDDpTTSsv8mK6YaH	CkpZ7w5Dht5vwJVpBtFDx6CtC1k9EsbmdFRhA8PeVHnZEdsRCM4nL
263	payment	3	3	3	1	1	262	1000000000	250000000	\N	E4YM2vTHhWEg66xpj52JErHUBU4pZ1yageL4TVDDpTTSsv8mK6YaH	CkpYfxW2GL5fA6UvpxdywgqSB37hnpMXVi9Jo2wQ6aHx3h9qDYpt8
264	payment	3	3	3	1	1	263	1000000000	250000000	\N	E4YM2vTHhWEg66xpj52JErHUBU4pZ1yageL4TVDDpTTSsv8mK6YaH	CkpYhixX8tVZFZrqbSoTKaQkU1pf7Q7GriaHTeLAxgJByohTFKPkr
265	payment	3	3	3	1	1	264	1000000000	250000000	\N	E4YM2vTHhWEg66xpj52JErHUBU4pZ1yageL4TVDDpTTSsv8mK6YaH	CkpZMEENGeJqptKbrHJRroqXKKUEDQosaV5YhWeaKwKqy3sezF9cg
266	payment	3	3	3	1	1	265	1000000000	250000000	\N	E4YM2vTHhWEg66xpj52JErHUBU4pZ1yageL4TVDDpTTSsv8mK6YaH	CkpZrsrj6LziXHoMuzEHYq5rJsgKuHDZLCVRtrQTKKw6oiiX9X9Gg
267	payment	3	3	3	1	1	266	1000000000	250000000	\N	E4YM2vTHhWEg66xpj52JErHUBU4pZ1yageL4TVDDpTTSsv8mK6YaH	CkpZYS7QWnnm72tLym5ouiCnc6XWa7cQgNEyLwRvBayoZ9m4UmokE
268	payment	3	3	3	1	1	267	1000000000	250000000	\N	E4YM2vTHhWEg66xpj52JErHUBU4pZ1yageL4TVDDpTTSsv8mK6YaH	CkpZBh3K8vY4QtZmqS6uGdXvcri3juSvuMXA1kMqoj1d9Twxq3ZgD
269	payment	3	3	3	1	1	268	1000000000	250000000	\N	E4YM2vTHhWEg66xpj52JErHUBU4pZ1yageL4TVDDpTTSsv8mK6YaH	CkpZEen5wFH5jT5dbWDxuwhAqKdRYMvZVpZcAHCsDAPcVfqhUDTuD
270	payment	3	3	3	1	1	269	1000000000	250000000	\N	E4YM2vTHhWEg66xpj52JErHUBU4pZ1yageL4TVDDpTTSsv8mK6YaH	CkpaLJXLnRN4VKxZKy5CF9SUhCWrJyBUrDfTAyx1KRu1n5kgkd88k
271	payment	3	3	3	1	1	270	1000000000	250000000	\N	E4YM2vTHhWEg66xpj52JErHUBU4pZ1yageL4TVDDpTTSsv8mK6YaH	CkpYhxEGQ1SNAXrpMLHd7dFb99N56JBG16w7yTm3SiHaqUFi7dD6z
272	payment	3	3	3	1	1	271	1000000000	250000000	\N	E4YM2vTHhWEg66xpj52JErHUBU4pZ1yageL4TVDDpTTSsv8mK6YaH	CkpYf3QFk5n7bpvVMub66FtmRzkGfFNqNHNy4giyDZ77qkkwfJnUL
273	payment	3	3	3	1	1	272	1000000000	250000000	\N	E4YM2vTHhWEg66xpj52JErHUBU4pZ1yageL4TVDDpTTSsv8mK6YaH	CkpZ7WJ4jL6RrsK7MKjLsH9j1a4uFixMx6jeRUSLGdriaeAf3zvH7
274	payment	3	3	3	1	1	273	1000000000	250000000	\N	E4YM2vTHhWEg66xpj52JErHUBU4pZ1yageL4TVDDpTTSsv8mK6YaH	CkpZFhDbKwwccYZX6qjDk1ELKBKFFEGSHuv7tAGVhhRAgTg4grkVf
275	payment	3	3	3	1	1	274	1000000000	250000000	\N	E4YM2vTHhWEg66xpj52JErHUBU4pZ1yageL4TVDDpTTSsv8mK6YaH	CkpYdqGXmd6kUNquRPBv8dqNuy1DAw6WLieiecTHqxthsJ4DJVZzg
276	payment	3	3	3	1	1	275	1000000000	250000000	\N	E4YM2vTHhWEg66xpj52JErHUBU4pZ1yageL4TVDDpTTSsv8mK6YaH	CkpaKHeFBspPsLSy4Daex9LMXMSxewkvKPg3agaktLNdSEDhEvF6G
277	payment	3	3	3	1	1	276	1000000000	250000000	\N	E4YM2vTHhWEg66xpj52JErHUBU4pZ1yageL4TVDDpTTSsv8mK6YaH	CkpYmhh3SwFwtzwUZ2GZgMtYKqP842SNL8FD6K3G1YPVXqx5C9r8k
278	payment	3	3	3	1	1	277	1000000000	250000000	\N	E4YM2vTHhWEg66xpj52JErHUBU4pZ1yageL4TVDDpTTSsv8mK6YaH	CkpZSwTLKQRCWpWjhs7y1UC3NE17Fuifh5rGwPAwgAP8j73s6oYCu
279	payment	3	3	3	1	1	278	1000000000	250000000	\N	E4YM2vTHhWEg66xpj52JErHUBU4pZ1yageL4TVDDpTTSsv8mK6YaH	Ckpa55JeaTN5gLb2tyRTqgZU18qZTucssehdvemaeqMYY7sQzapv9
280	payment	3	3	3	1	1	279	1000000000	250000000	\N	E4YM2vTHhWEg66xpj52JErHUBU4pZ1yageL4TVDDpTTSsv8mK6YaH	CkpaKULgdLQ6YgyTGtxSqoWXaPsKRffA7pRPNrcM4kJjDdXzjU3Xu
281	payment	3	3	3	1	1	280	1000000000	250000000	\N	E4YM2vTHhWEg66xpj52JErHUBU4pZ1yageL4TVDDpTTSsv8mK6YaH	CkpYwXFs1QLqP8qvd9GgdPyuZ2KqBoFCqNufZrRpKsKStxEbZZs8w
282	payment	3	3	3	1	1	281	1000000000	250000000	\N	E4YM2vTHhWEg66xpj52JErHUBU4pZ1yageL4TVDDpTTSsv8mK6YaH	CkpZCBb3HWu8YJziN9YGorejwEWg3js5CwTwfCFM7mLnz96kxeRsK
283	payment	3	3	3	1	1	282	1000000000	250000000	\N	E4YM2vTHhWEg66xpj52JErHUBU4pZ1yageL4TVDDpTTSsv8mK6YaH	CkpaEUDudA5iEghytD9bRhmD8Neo7GNWoZdQrJtVXMKDdz8uC5meW
284	payment	3	3	3	1	1	283	1000000000	250000000	\N	E4YM2vTHhWEg66xpj52JErHUBU4pZ1yageL4TVDDpTTSsv8mK6YaH	CkpZgbSJ3vrsAVWKAQoD47tfrzi15o4V63YR8R2E7sXNFpdCgYxB8
285	payment	3	3	3	1	1	284	1000000000	250000000	\N	E4YM2vTHhWEg66xpj52JErHUBU4pZ1yageL4TVDDpTTSsv8mK6YaH	CkpZtVw32W3F3nFqgiUhWAdgLYhTbVy6MheXjEQWUxr11fvtTyf9P
286	payment	3	3	3	1	1	285	1000000000	250000000	\N	E4YM2vTHhWEg66xpj52JErHUBU4pZ1yageL4TVDDpTTSsv8mK6YaH	CkpZHAXAzW3s3TCNiV7Z2u1Np6kcYv3eYZUJW1mG4TnZLzhVSaJYy
287	payment	3	3	3	1	1	286	1000000000	250000000	\N	E4YM2vTHhWEg66xpj52JErHUBU4pZ1yageL4TVDDpTTSsv8mK6YaH	CkpYtPB77dMpt8DGewrNQL92HmYEj2kt1Snz35ixgQvh6EyhksAA1
288	payment	3	3	3	1	1	287	1000000000	250000000	\N	E4YM2vTHhWEg66xpj52JErHUBU4pZ1yageL4TVDDpTTSsv8mK6YaH	CkpZFZfLVRRHtaLbne5mcK1pfSizR6tCAeuuABKu7HdxTZxFScQfB
289	payment	3	3	3	1	1	288	1000000000	250000000	\N	E4YM2vTHhWEg66xpj52JErHUBU4pZ1yageL4TVDDpTTSsv8mK6YaH	CkpZUiziynpQDVK33pVADVjTF933vk5UAvuP43hHsLkKM8q9vK4xh
290	payment	3	3	3	1	1	289	1000000000	250000000	\N	E4YM2vTHhWEg66xpj52JErHUBU4pZ1yageL4TVDDpTTSsv8mK6YaH	CkpaE5qiD19mCHFnAhDHG7AcuS5EFw3zukSopS2R67Y2ohWo5Rs34
291	payment	3	3	3	1	1	290	1000000000	250000000	\N	E4YM2vTHhWEg66xpj52JErHUBU4pZ1yageL4TVDDpTTSsv8mK6YaH	CkpYrhV3WEJiNFqzyizL2CM6a1ke7yn8WFWSYVWJkHoXz22LewjtY
292	payment	3	3	3	1	1	291	1000000000	250000000	\N	E4YM2vTHhWEg66xpj52JErHUBU4pZ1yageL4TVDDpTTSsv8mK6YaH	CkpZv71J2nnxU7qdHqjXmt6PJ9MWiobZsmhB446zjWKmq4E9SiKrn
293	payment	3	3	3	1	1	292	1000000000	250000000	\N	E4YM2vTHhWEg66xpj52JErHUBU4pZ1yageL4TVDDpTTSsv8mK6YaH	CkpZkLUtFeffeSEWJ7xxuEwpP4UCTZVYmMNGyaQoLSBeauo5PHfNT
294	payment	3	3	3	1	1	293	1000000000	250000000	\N	E4YM2vTHhWEg66xpj52JErHUBU4pZ1yageL4TVDDpTTSsv8mK6YaH	CkpaD4eKsGBKdYiUror4RJpujFiWcwPKdmRaCUw6CCo84vAFPXf8i
295	payment	3	3	3	1	1	294	1000000000	250000000	\N	E4YM2vTHhWEg66xpj52JErHUBU4pZ1yageL4TVDDpTTSsv8mK6YaH	CkpYxDP1E8h8wv9Mk8K1BDb5NQHBnCwrStyuFxZyvYFiUNhUPPGox
296	payment	3	3	3	1	1	295	1000000000	250000000	\N	E4YM2vTHhWEg66xpj52JErHUBU4pZ1yageL4TVDDpTTSsv8mK6YaH	CkpYoYcaCyZ62A2mATJTAuZ1ciRcrKoSPh8vQseTk1cCTyznP9R68
297	payment	3	3	3	1	1	296	1000000000	250000000	\N	E4YM2vTHhWEg66xpj52JErHUBU4pZ1yageL4TVDDpTTSsv8mK6YaH	CkpZthLrCYYXSEuc3dGtcDLAdoRJivC1AC5yrKoytxXAToKoMAMco
298	payment	3	3	3	1	1	297	1000000000	250000000	\N	E4YM2vTHhWEg66xpj52JErHUBU4pZ1yageL4TVDDpTTSsv8mK6YaH	CkpZkNFS6XGWnSMtWTSTmjx49oMY1rYKdHSc92Cqwg5vo6nUPtxxu
299	payment	3	3	3	1	1	298	1000000000	250000000	\N	E4YM2vTHhWEg66xpj52JErHUBU4pZ1yageL4TVDDpTTSsv8mK6YaH	CkpZqyYmrEof4nT8JZbv75TbZoBS63qW8YdarCcio6u4K2TmxxT97
300	payment	3	3	3	1	1	299	1000000000	250000000	\N	E4YM2vTHhWEg66xpj52JErHUBU4pZ1yageL4TVDDpTTSsv8mK6YaH	CkpYuN2FvPmfFbUTnpuk3yXRHRo6PL4DgXXE56aKfwUUY3ZxvfsLm
301	payment	3	3	3	1	1	300	1000000000	250000000	\N	E4YM2vTHhWEg66xpj52JErHUBU4pZ1yageL4TVDDpTTSsv8mK6YaH	CkpZ7Snic9ke8k7EGgSha5Fbb2ReHKzBwQv5UMLNPGktn6wX7E8Hp
302	payment	3	3	3	1	1	301	1000000000	250000000	\N	E4YM2vTHhWEg66xpj52JErHUBU4pZ1yageL4TVDDpTTSsv8mK6YaH	CkpaEkYo4t8FAoBhQzwcMBCizKtnmoBHHjiGbgE7ipuxKbRMb9GoR
303	payment	3	3	3	1	1	302	1000000000	250000000	\N	E4YM2vTHhWEg66xpj52JErHUBU4pZ1yageL4TVDDpTTSsv8mK6YaH	CkpZf6ntt8S58tT1xL3o4xNTbzfxFrghZ5UHbbjJ25TFeGTrkLP89
304	payment	3	3	3	1	1	303	1000000000	250000000	\N	E4YM2vTHhWEg66xpj52JErHUBU4pZ1yageL4TVDDpTTSsv8mK6YaH	CkpZqAE81BKRQufJQZgPYCLBap2JtGi6wS7CW4xduJiCZqsJwBVEw
305	payment	3	3	3	1	1	304	1000000000	250000000	\N	E4YM2vTHhWEg66xpj52JErHUBU4pZ1yageL4TVDDpTTSsv8mK6YaH	CkpYgLwoGNw6VFcMmbHeBtpwfivEPPTu1d2dvdzaxoFD1fxFaCanQ
306	payment	3	3	3	1	1	305	1000000000	250000000	\N	E4YM2vTHhWEg66xpj52JErHUBU4pZ1yageL4TVDDpTTSsv8mK6YaH	CkpaBYr36twY3X2g6M5FZPhMnCnXRXapTxjRwCBmQeKeqqCmpqaBF
307	payment	3	3	3	1	1	306	1000000000	250000000	\N	E4YM2vTHhWEg66xpj52JErHUBU4pZ1yageL4TVDDpTTSsv8mK6YaH	CkpaBeFcrHjZKL2TLuKMrQkyKpXe8YuFPxU6jR97ZyvKkFBxbcWZi
308	payment	3	3	3	1	1	307	1000000000	250000000	\N	E4YM2vTHhWEg66xpj52JErHUBU4pZ1yageL4TVDDpTTSsv8mK6YaH	CkpZ7fj3YoXLHyP8hoyV6XQ3nSKSA4YwZ2dxG2zCdxCHhR7xT57u5
309	payment	3	3	3	1	1	308	1000000000	250000000	\N	E4YM2vTHhWEg66xpj52JErHUBU4pZ1yageL4TVDDpTTSsv8mK6YaH	CkpZmxHBKM3zx6fJWFm1idujRhKnGnycpprPFh63BZQSKaqvckg8i
310	payment	3	3	3	1	1	309	1000000000	250000000	\N	E4YM2vTHhWEg66xpj52JErHUBU4pZ1yageL4TVDDpTTSsv8mK6YaH	CkpZVYuHqMPDEcaAxEXfTj32EqfqdFjA3FsPX5VF1qua5RAUA31bL
311	payment	3	3	3	1	1	310	1000000000	250000000	\N	E4YM2vTHhWEg66xpj52JErHUBU4pZ1yageL4TVDDpTTSsv8mK6YaH	CkpZPYeuQWTi3A6G5usK9RNxQZ6F6CT73PxH6gDADRvg7BUkBAqF1
312	payment	3	3	3	1	1	311	1000000000	250000000	\N	E4YM2vTHhWEg66xpj52JErHUBU4pZ1yageL4TVDDpTTSsv8mK6YaH	CkpYvMEthnwzxFGiZcp3LQ9nyAWdDc3vNpYr1BDRMZ5UdACSC79io
313	payment	3	3	3	1	1	312	1000000000	250000000	\N	E4YM2vTHhWEg66xpj52JErHUBU4pZ1yageL4TVDDpTTSsv8mK6YaH	CkpZ6f3So3bo62k6bBcM8xg1P9sV5Hc6LqcjoVzSHRLDgtf4dP9vY
314	payment	3	3	3	1	1	313	1000000000	250000000	\N	E4YM2vTHhWEg66xpj52JErHUBU4pZ1yageL4TVDDpTTSsv8mK6YaH	CkpZKz8VUxZiPUhkDkves4cNRtyYEz3Bob6mCRhC2PW5tS2jfjVTW
315	payment	3	3	3	1	1	314	1000000000	250000000	\N	E4YM2vTHhWEg66xpj52JErHUBU4pZ1yageL4TVDDpTTSsv8mK6YaH	CkpYy7A85kJcJsxZtMUwpH5abZma3rDH8DZtQbdWHe3XVqBz3Gmyw
316	payment	3	3	3	1	1	315	1000000000	250000000	\N	E4YM2vTHhWEg66xpj52JErHUBU4pZ1yageL4TVDDpTTSsv8mK6YaH	CkpYYSn1Yimq9xADiFZcaeKYwicFsmEjErFWq89zhSdpUx59xhR8Z
317	payment	3	3	3	1	1	316	1000000000	250000000	\N	E4YM2vTHhWEg66xpj52JErHUBU4pZ1yageL4TVDDpTTSsv8mK6YaH	CkpZKtJcJZMStnhJhsTPJaB9ZBVzmLzrqPBEPWmxAbuKeDmbRxYem
318	payment	3	3	3	1	1	317	1000000000	250000000	\N	E4YM2vTHhWEg66xpj52JErHUBU4pZ1yageL4TVDDpTTSsv8mK6YaH	CkpZVyxTFBkd1KL7aDiFXxEuG1VpB98wPbJHzqsfjYzY5aFrpqpKy
319	payment	3	3	3	1	1	318	1000000000	250000000	\N	E4YM2vTHhWEg66xpj52JErHUBU4pZ1yageL4TVDDpTTSsv8mK6YaH	CkpZCzW1pCBApPSYwTHBBipyuE2LU2qZJXBSD49HFcZKKX8cMiH9n
320	payment	3	3	3	1	1	319	1000000000	250000000	\N	E4YM2vTHhWEg66xpj52JErHUBU4pZ1yageL4TVDDpTTSsv8mK6YaH	CkpZN4uCkzYS7hTvAhV2F4MNfrGBTdkFeLKmPSfMemBMybC3DFVgZ
321	payment	3	3	3	1	1	320	1000000000	250000000	\N	E4YM2vTHhWEg66xpj52JErHUBU4pZ1yageL4TVDDpTTSsv8mK6YaH	CkpZbXb5fWqLJ1m9R8DkWpJnRijLr11Bj24BRUnVeZzbMYdbtqrBc
322	payment	3	3	3	1	1	321	1000000000	250000000	\N	E4YM2vTHhWEg66xpj52JErHUBU4pZ1yageL4TVDDpTTSsv8mK6YaH	Ckpa1NNsywM7oAydHwqE2tuAVRV9YEM1uRKgdbKRLHBbzfmHaXhQN
323	payment	3	3	3	1	1	322	1000000000	250000000	\N	E4YM2vTHhWEg66xpj52JErHUBU4pZ1yageL4TVDDpTTSsv8mK6YaH	CkpaKMp9sPgryj6c3ekFGfJd6WnG2QUDzEY8bK82X5wH6qZbG8xU8
324	payment	3	3	3	1	1	323	1000000000	250000000	\N	E4YM2vTHhWEg66xpj52JErHUBU4pZ1yageL4TVDDpTTSsv8mK6YaH	CkpYpq7rvDwx6yYQ5v7G9Ve6o6Uc8UjmCRBCn1JRymWo1tG6a2R54
325	payment	3	3	3	1	1	324	1000000000	250000000	\N	E4YM2vTHhWEg66xpj52JErHUBU4pZ1yageL4TVDDpTTSsv8mK6YaH	CkpYTNzbz9cjzPx6yUdVHuFJKp7sbu35VLV2E6AFH3TKjsB6nH1iN
326	payment	3	3	3	1	1	325	1000000000	250000000	\N	E4YM2vTHhWEg66xpj52JErHUBU4pZ1yageL4TVDDpTTSsv8mK6YaH	CkpaDG5Ds4cw7oFj8RRW9jCnaEkPVeAah67wz5SEHQqPvzsdgBaQt
327	payment	3	3	3	1	1	326	1000000000	250000000	\N	E4YM2vTHhWEg66xpj52JErHUBU4pZ1yageL4TVDDpTTSsv8mK6YaH	CkpaCkbwwrR5W7mUh2Svmi3XJXgFk6VjbvT48Zs5JqXKANvnFJEYJ
328	payment	3	3	3	1	1	327	1000000000	250000000	\N	E4YM2vTHhWEg66xpj52JErHUBU4pZ1yageL4TVDDpTTSsv8mK6YaH	CkpZStahbwC4ptW8p9JArZwv1N5dmvt3K4Cfh5nsfwR3EahzVEhqR
329	payment	3	3	3	1	1	328	1000000000	250000000	\N	E4YM2vTHhWEg66xpj52JErHUBU4pZ1yageL4TVDDpTTSsv8mK6YaH	CkpZmi4DthAtmpUqjKJjhLJBZPSsUE94fLFNxLKoYYZuYvYN8NbD5
330	payment	3	3	3	1	1	329	1000000000	250000000	\N	E4YM2vTHhWEg66xpj52JErHUBU4pZ1yageL4TVDDpTTSsv8mK6YaH	CkpaGuaDTwVmNotGK2fYGwCme1GruVKqQm56XeM8dY2ruKrBnxUj9
331	payment	3	3	3	1	1	330	1000000000	250000000	\N	E4YM2vTHhWEg66xpj52JErHUBU4pZ1yageL4TVDDpTTSsv8mK6YaH	CkpYWo1sGRmt4Y2fVhb6pmtxT4CHSADCFjsedhXXrtVrqZ2MvGPWr
332	payment	3	3	3	1	1	331	1000000000	250000000	\N	E4YM2vTHhWEg66xpj52JErHUBU4pZ1yageL4TVDDpTTSsv8mK6YaH	CkpZRjPDsDwuwPqvFzV3JgDPeMWNUnfPtKmPdPiDhBz4UtmEzGpoJ
333	payment	3	3	3	1	1	332	1000000000	250000000	\N	E4YM2vTHhWEg66xpj52JErHUBU4pZ1yageL4TVDDpTTSsv8mK6YaH	Ckpa8LmpNnRiooDAsvX3tb7RZitiN4QapJGupK6TSS2HPX6MfRLMV
334	payment	3	3	3	1	1	333	1000000000	250000000	\N	E4YM2vTHhWEg66xpj52JErHUBU4pZ1yageL4TVDDpTTSsv8mK6YaH	CkpZKeVXArbgVtLeVyEWnEDJMnNmzcHpwE6n5VfdVPDGkZ51QTy23
335	payment	3	3	3	1	1	334	1000000000	250000000	\N	E4YM2vTHhWEg66xpj52JErHUBU4pZ1yageL4TVDDpTTSsv8mK6YaH	CkpYQJ26t1AWPLs56LbPX8bdiiHy9zNFMHtnmFfwN5cVzNtFXXgb7
336	payment	3	3	3	1	1	335	1000000000	250000000	\N	E4YM2vTHhWEg66xpj52JErHUBU4pZ1yageL4TVDDpTTSsv8mK6YaH	CkpYa4MBudLF6NJJ69HAk5BVxmvAuSd8LABTzX7R5WemW43Fvi48D
337	payment	3	3	3	1	1	336	1000000000	250000000	\N	E4YM2vTHhWEg66xpj52JErHUBU4pZ1yageL4TVDDpTTSsv8mK6YaH	CkpZmkGKPFbEpFNuQHEyH1b7y3GmM9SeosRMB6XU2V9Ra6Vu8bp5n
338	payment	3	3	3	1	1	337	1000000000	250000000	\N	E4YM2vTHhWEg66xpj52JErHUBU4pZ1yageL4TVDDpTTSsv8mK6YaH	CkpYko4LiH6FAaW1GhsXpfsExeQn4z8TL2LE4ZTfn5wn5fMhv5E7x
339	payment	3	3	3	1	1	338	1000000000	250000000	\N	E4YM2vTHhWEg66xpj52JErHUBU4pZ1yageL4TVDDpTTSsv8mK6YaH	Ckpa1W1giebNyKYY3C96T16Pc4CwrZkf7RMbs8FdpEk1mpzhAmDiY
340	payment	3	3	3	1	1	339	1000000000	250000000	\N	E4YM2vTHhWEg66xpj52JErHUBU4pZ1yageL4TVDDpTTSsv8mK6YaH	CkpZqF2H7s3AicHhuQLVZjbg35SJjiwXr4yedacy9QpqSSCTqLL2x
341	payment	3	3	3	1	1	340	1000000000	250000000	\N	E4YM2vTHhWEg66xpj52JErHUBU4pZ1yageL4TVDDpTTSsv8mK6YaH	CkpYTqBjcNn8Pqn7vxgHc9zeFnpkyUAvhHUVyzJpcR2RTSLcbNTor
342	payment	3	3	3	1	1	341	1000000000	250000000	\N	E4YM2vTHhWEg66xpj52JErHUBU4pZ1yageL4TVDDpTTSsv8mK6YaH	CkpZcXYH7oPFRyuQkDn4MCYpV4LGxYEaJYGDn1DVkAw568h64b7jw
343	payment	3	3	3	1	1	342	1000000000	250000000	\N	E4YM2vTHhWEg66xpj52JErHUBU4pZ1yageL4TVDDpTTSsv8mK6YaH	CkpZHmVY28VRY3wiSQ66C4UVU7ng5SoLTtpKp8JEw3WieXHSx7B5B
344	payment	3	3	3	1	1	343	1000000000	250000000	\N	E4YM2vTHhWEg66xpj52JErHUBU4pZ1yageL4TVDDpTTSsv8mK6YaH	Ckpa4471c8W33dmd2uW7pQMVengpWM4qmmXTVmbQch81GjcWo4DEM
345	payment	3	3	3	1	1	344	1000000000	250000000	\N	E4YM2vTHhWEg66xpj52JErHUBU4pZ1yageL4TVDDpTTSsv8mK6YaH	CkpYue5DzHZrNTA83fb7TPAr41XXTFrt9utRTd3DgZyk6kFedHeMS
346	payment	3	3	3	1	1	345	1000000000	250000000	\N	E4YM2vTHhWEg66xpj52JErHUBU4pZ1yageL4TVDDpTTSsv8mK6YaH	CkpaGjVWxME922bqc4796mz1JJHWqv4RwjmAfk6FTJc8Sm2q3aCgC
347	payment	3	3	3	1	1	346	1000000000	250000000	\N	E4YM2vTHhWEg66xpj52JErHUBU4pZ1yageL4TVDDpTTSsv8mK6YaH	CkpYkTQHqCUL9CfxLyYrPPoPBsVVGjN3eLcPrCj1u2MztcNTcNby3
348	payment	3	3	3	1	1	347	1000000000	250000000	\N	E4YM2vTHhWEg66xpj52JErHUBU4pZ1yageL4TVDDpTTSsv8mK6YaH	CkpYqJJ7NbEhsgEchnvqto2CQv5uRYfbQDeBXk1aT2yBBKwihdB4q
349	payment	3	3	3	1	1	348	1000000000	250000000	\N	E4YM2vTHhWEg66xpj52JErHUBU4pZ1yageL4TVDDpTTSsv8mK6YaH	CkpZ69WJNfCqbMA87vZVLNsygEgzydPz89fyMmp6jYZHA9QaLHa8n
350	payment	3	3	3	1	1	349	1000000000	250000000	\N	E4YM2vTHhWEg66xpj52JErHUBU4pZ1yageL4TVDDpTTSsv8mK6YaH	CkpYtf1MSuq1LmgaFW65jWFMrZJA3TxCmheXuCZrxNsDCdGV8UwXN
351	payment	3	3	3	1	1	350	1000000000	250000000	\N	E4YM2vTHhWEg66xpj52JErHUBU4pZ1yageL4TVDDpTTSsv8mK6YaH	CkpYwsiFs1qFe4LzUmEgTJmSm1LuSQWivYUDDmKbyre1fpeKxbFbr
352	payment	3	3	3	1	1	351	1000000000	250000000	\N	E4YM2vTHhWEg66xpj52JErHUBU4pZ1yageL4TVDDpTTSsv8mK6YaH	CkpZGAY8fZAbqwFhUcNCZRMCnkhANEo3127xyH8Pm6EhcxfKCXsGT
353	payment	3	3	3	1	1	352	1000000000	250000000	\N	E4YM2vTHhWEg66xpj52JErHUBU4pZ1yageL4TVDDpTTSsv8mK6YaH	CkpZbAKw8ULGx8vqqPC9dPrjTJKWdpdLoyW8Y7FV2Nz5C9dAbtCjB
354	payment	3	3	3	1	1	353	1000000000	250000000	\N	E4YM2vTHhWEg66xpj52JErHUBU4pZ1yageL4TVDDpTTSsv8mK6YaH	CkpZEPkRVos9THrQoD7wqqdUEuxu7ySBdrz1vsKoVdhGdjKbTApzH
355	payment	3	3	3	1	1	354	1000000000	250000000	\N	E4YM2vTHhWEg66xpj52JErHUBU4pZ1yageL4TVDDpTTSsv8mK6YaH	Ckpa5b7qzqBL1z7T3jt1xmthqNAw4rxPq4mj4ZB74kRTgVgbTMHgr
356	payment	3	3	3	1	1	355	1000000000	250000000	\N	E4YM2vTHhWEg66xpj52JErHUBU4pZ1yageL4TVDDpTTSsv8mK6YaH	CkpZ6CqkSaXeGh4Edb6bHeMTbHSSvK54aoS91tAhSVfADUhSHKKXx
357	payment	3	3	3	1	1	356	1000000000	250000000	\N	E4YM2vTHhWEg66xpj52JErHUBU4pZ1yageL4TVDDpTTSsv8mK6YaH	CkpZ8Pyzy2a28jMLRhrkaSZBEMeMhmCJWp53U4mrmAYtn5KdkVCEE
358	payment	3	3	3	1	1	357	1000000000	250000000	\N	E4YM2vTHhWEg66xpj52JErHUBU4pZ1yageL4TVDDpTTSsv8mK6YaH	CkpZy8DBHkMXXqCyB7zutSbzsQrhYpeAm23uQmohckBLkQVmqEuV5
359	payment	3	3	3	1	1	358	1000000000	250000000	\N	E4YM2vTHhWEg66xpj52JErHUBU4pZ1yageL4TVDDpTTSsv8mK6YaH	CkpZ3JFqochCcKvgWyTevtpMjWN3r7eNA9pFGMuV3Sg5SSjTfhUFM
360	payment	3	3	3	1	1	359	1000000000	250000000	\N	E4YM2vTHhWEg66xpj52JErHUBU4pZ1yageL4TVDDpTTSsv8mK6YaH	CkpYnTymXZQVW87vgfMT6CrFoq4X6hZxinYVkeyBGWTtyRJRM7QRe
361	payment	3	3	3	1	1	360	1000000000	250000000	\N	E4YM2vTHhWEg66xpj52JErHUBU4pZ1yageL4TVDDpTTSsv8mK6YaH	CkpZTCdTNu1R6UVWjaniZ4AqDaMERJv2egbnEV7uQ9JqWRN5yLWGm
362	payment	3	3	3	1	1	361	1000000000	250000000	\N	E4YM2vTHhWEg66xpj52JErHUBU4pZ1yageL4TVDDpTTSsv8mK6YaH	CkpZjG9RGkeATYrviNZSbxKQoLWPBN82nc9fFGGcvcMvTvCR4UfYS
363	payment	3	3	3	1	1	362	1000000000	250000000	\N	E4YM2vTHhWEg66xpj52JErHUBU4pZ1yageL4TVDDpTTSsv8mK6YaH	CkpZNrrCDNQ8EKvgJzPgUNpRSksR6VvJsQGs5ikgR9UXodk9hFiEk
364	payment	3	3	3	1	1	363	1000000000	250000000	\N	E4YM2vTHhWEg66xpj52JErHUBU4pZ1yageL4TVDDpTTSsv8mK6YaH	CkpZTPwCcUm9fhW88TT6zuZEqzXcQZFV2GGN9WbjpNU3Jgzx17cwf
365	payment	3	3	3	1	1	364	1000000000	250000000	\N	E4YM2vTHhWEg66xpj52JErHUBU4pZ1yageL4TVDDpTTSsv8mK6YaH	CkpaBvHjDrhh1aMouYth3ZZw6Z5iW4p5sbBxe4D568ij4hHUUiJjW
366	payment	3	3	3	1	1	365	1000000000	250000000	\N	E4YM2vTHhWEg66xpj52JErHUBU4pZ1yageL4TVDDpTTSsv8mK6YaH	CkpZfycUiUXyYe8NkDW3BUvWe3nY1KopUDr2DAcMbxGhQ2FWoEGut
367	payment	3	3	3	1	1	366	1000000000	250000000	\N	E4YM2vTHhWEg66xpj52JErHUBU4pZ1yageL4TVDDpTTSsv8mK6YaH	CkpYjLf16hvesu2vk6EZL8srECsrjNzhkstKtVwjFF7mpjiNaDkk1
368	payment	3	3	3	1	1	367	1000000000	250000000	\N	E4YM2vTHhWEg66xpj52JErHUBU4pZ1yageL4TVDDpTTSsv8mK6YaH	CkpZ4v4qeongH5xb2HizhsCVvfTtYXzoEg2MsvUUuCFw2Mm6YS7w5
369	payment	3	3	3	1	1	368	1000000000	250000000	\N	E4YM2vTHhWEg66xpj52JErHUBU4pZ1yageL4TVDDpTTSsv8mK6YaH	CkpaBCoFnLg6S3iJ4W359bj1BUuzbJETdQSzrwG3mRZFbaQMfWWi8
370	payment	3	3	3	1	1	369	1000000000	250000000	\N	E4YM2vTHhWEg66xpj52JErHUBU4pZ1yageL4TVDDpTTSsv8mK6YaH	CkpaJBnM7p54f3hNaStBgKg3L7vFtgUX9uW7vRE8yiv46mC19nokk
371	payment	3	3	3	1	1	370	1000000000	250000000	\N	E4YM2vTHhWEg66xpj52JErHUBU4pZ1yageL4TVDDpTTSsv8mK6YaH	CkpZXt9roARjjFqvApRKAnzcqRivDACcnr3tyx14izvTrGnEAatPm
372	payment	3	3	3	1	1	371	1000000000	250000000	\N	E4YM2vTHhWEg66xpj52JErHUBU4pZ1yageL4TVDDpTTSsv8mK6YaH	CkpYutoryUdCVyXDVp9hUST1ACAdR36rjPKRg6dAEs7vYiAxEWMCz
373	payment	3	3	3	1	1	372	1000000000	250000000	\N	E4YM2vTHhWEg66xpj52JErHUBU4pZ1yageL4TVDDpTTSsv8mK6YaH	CkpYrtPUtBpNk949nw29S2T6bUsWx9JT3QihjcotnFfGziLcXD3Bb
374	payment	3	3	3	1	1	373	1000000000	250000000	\N	E4YM2vTHhWEg66xpj52JErHUBU4pZ1yageL4TVDDpTTSsv8mK6YaH	CkpYbzdNAoRW7ZiwdSsMnSsxM8rh7yzQWYFxVLpap37w3X84oD6MW
375	payment	3	3	3	1	1	374	1000000000	250000000	\N	E4YM2vTHhWEg66xpj52JErHUBU4pZ1yageL4TVDDpTTSsv8mK6YaH	CkpZvfcwCWLF5J9jzmuUp7bEHf5dLmNFqPTRfpVBGNL6rKhyL29vt
376	payment	3	3	3	1	1	375	1000000000	250000000	\N	E4YM2vTHhWEg66xpj52JErHUBU4pZ1yageL4TVDDpTTSsv8mK6YaH	CkpYynhr86u7ZMEkdvBFL8eUvTmcRQHYUQShefjLa44E4kpskWrix
377	payment	3	3	3	1	1	376	1000000000	250000000	\N	E4YM2vTHhWEg66xpj52JErHUBU4pZ1yageL4TVDDpTTSsv8mK6YaH	CkpaAPz4HktkSY2PdGzYD9UntjpztViPy31NCbhB5F3FgtjCCvRFE
378	payment	3	3	3	1	1	377	1000000000	250000000	\N	E4YM2vTHhWEg66xpj52JErHUBU4pZ1yageL4TVDDpTTSsv8mK6YaH	CkpaFW3nyspCeSfuMW1ZfCKFA4ZaeNXvNXN9YrVfc56Dj6WveMXMu
379	payment	3	3	3	1	1	378	1000000000	250000000	\N	E4YM2vTHhWEg66xpj52JErHUBU4pZ1yageL4TVDDpTTSsv8mK6YaH	CkpYW6rngN8EHxkeG1XtC4qShnKMv5JjBhBU1HfNSvZna39zzMURi
380	payment	3	3	3	1	1	379	1000000000	250000000	\N	E4YM2vTHhWEg66xpj52JErHUBU4pZ1yageL4TVDDpTTSsv8mK6YaH	CkpZLThQnKsjQidvPUK4j8QWaLJuDC9WqbBMDHRiCpDMLJzU18Ev1
381	payment	3	3	3	1	1	380	1000000000	250000000	\N	E4YM2vTHhWEg66xpj52JErHUBU4pZ1yageL4TVDDpTTSsv8mK6YaH	Ckpa6xcbqJpTfGH81cVtVz6fPPngjEuEieQN4PEHuYDm2cMFmmXrE
382	payment	3	3	3	1	1	381	1000000000	250000000	\N	E4YM2vTHhWEg66xpj52JErHUBU4pZ1yageL4TVDDpTTSsv8mK6YaH	CkpYtX8StT1GUrShx7Gh6RY5krDVjVt38bu7z54QAY1sAXMnUaz3g
383	payment	3	3	3	1	1	382	1000000000	250000000	\N	E4YM2vTHhWEg66xpj52JErHUBU4pZ1yageL4TVDDpTTSsv8mK6YaH	CkpaFa19oRh6kzFJZSGoP849Yp8RTQsqVWEwUbjuzRCJGBvFubsaD
384	payment	3	3	3	1	1	383	1000000000	250000000	\N	E4YM2vTHhWEg66xpj52JErHUBU4pZ1yageL4TVDDpTTSsv8mK6YaH	CkpZLE8Z77gK49hi52ddQ8sfUGwBYmqbekfvSGSvAsAkkPrJoRRzq
385	payment	3	3	3	1	1	384	1000000000	250000000	\N	E4YM2vTHhWEg66xpj52JErHUBU4pZ1yageL4TVDDpTTSsv8mK6YaH	CkpZ5QYkM5pCtcJN8bZwbzjAqPyw663WywsvFDDoB51u3WDv127M5
386	payment	3	3	3	1	1	385	1000000000	250000000	\N	E4YM2vTHhWEg66xpj52JErHUBU4pZ1yageL4TVDDpTTSsv8mK6YaH	CkpZzD3fzdqJ1hjsHFodXo11ynsuZs4mdkYVPfSDzxkn6nParCSHf
387	payment	3	3	3	1	1	386	1000000000	250000000	\N	E4YM2vTHhWEg66xpj52JErHUBU4pZ1yageL4TVDDpTTSsv8mK6YaH	CkpaDYaZrJUtq3jXz62y81KAikn6eF9hbZMpMyKurAE3p4Py9eK8o
388	payment	3	3	3	1	1	387	1000000000	250000000	\N	E4YM2vTHhWEg66xpj52JErHUBU4pZ1yageL4TVDDpTTSsv8mK6YaH	CkpYZr1di7whjM6A5qWYXaxMo7YCb7d6unERQSiCnEXunQhVtpoD6
\.


--
-- Name: balances_id_seq; Type: SEQUENCE SET; Schema: public; Owner: postgres
--

SELECT pg_catalog.setval('public.balances_id_seq', 559, true);


--
-- Name: blocks_id_seq; Type: SEQUENCE SET; Schema: public; Owner: postgres
--

SELECT pg_catalog.setval('public.blocks_id_seq', 23, true);


--
-- Name: epoch_data_id_seq; Type: SEQUENCE SET; Schema: public; Owner: postgres
--

SELECT pg_catalog.setval('public.epoch_data_id_seq', 24, true);


--
-- Name: internal_commands_id_seq; Type: SEQUENCE SET; Schema: public; Owner: postgres
--

SELECT pg_catalog.setval('public.internal_commands_id_seq', 14, true);


--
-- Name: public_keys_id_seq; Type: SEQUENCE SET; Schema: public; Owner: postgres
--

SELECT pg_catalog.setval('public.public_keys_id_seq', 7, true);


--
-- Name: snarked_ledger_hashes_id_seq; Type: SEQUENCE SET; Schema: public; Owner: postgres
--

SELECT pg_catalog.setval('public.snarked_ledger_hashes_id_seq', 1, true);


--
-- Name: timing_info_id_seq; Type: SEQUENCE SET; Schema: public; Owner: postgres
--

SELECT pg_catalog.setval('public.timing_info_id_seq', 6, true);


--
-- Name: user_commands_id_seq; Type: SEQUENCE SET; Schema: public; Owner: postgres
--

SELECT pg_catalog.setval('public.user_commands_id_seq', 388, true);


--
-- Name: balances balances_pkey; Type: CONSTRAINT; Schema: public; Owner: postgres
--

ALTER TABLE ONLY public.balances
    ADD CONSTRAINT balances_pkey PRIMARY KEY (id);


--
-- Name: balances balances_public_key_id_balance_block_id_block_height_block__key; Type: CONSTRAINT; Schema: public; Owner: postgres
--

ALTER TABLE ONLY public.balances
    ADD CONSTRAINT balances_public_key_id_balance_block_id_block_height_block__key UNIQUE (public_key_id, balance, block_id, block_height, block_sequence_no, block_secondary_sequence_no);


--
-- Name: blocks_internal_commands blocks_internal_commands_pkey; Type: CONSTRAINT; Schema: public; Owner: postgres
--

ALTER TABLE ONLY public.blocks_internal_commands
    ADD CONSTRAINT blocks_internal_commands_pkey PRIMARY KEY (block_id, internal_command_id, sequence_no, secondary_sequence_no);


--
-- Name: blocks blocks_pkey; Type: CONSTRAINT; Schema: public; Owner: postgres
--

ALTER TABLE ONLY public.blocks
    ADD CONSTRAINT blocks_pkey PRIMARY KEY (id);


--
-- Name: blocks blocks_state_hash_key; Type: CONSTRAINT; Schema: public; Owner: postgres
--

ALTER TABLE ONLY public.blocks
    ADD CONSTRAINT blocks_state_hash_key UNIQUE (state_hash);


--
-- Name: blocks_user_commands blocks_user_commands_pkey; Type: CONSTRAINT; Schema: public; Owner: postgres
--

ALTER TABLE ONLY public.blocks_user_commands
    ADD CONSTRAINT blocks_user_commands_pkey PRIMARY KEY (block_id, user_command_id, sequence_no);


--
-- Name: epoch_data epoch_data_pkey; Type: CONSTRAINT; Schema: public; Owner: postgres
--

ALTER TABLE ONLY public.epoch_data
    ADD CONSTRAINT epoch_data_pkey PRIMARY KEY (id);


--
-- Name: internal_commands internal_commands_hash_type_key; Type: CONSTRAINT; Schema: public; Owner: postgres
--

ALTER TABLE ONLY public.internal_commands
    ADD CONSTRAINT internal_commands_hash_type_key UNIQUE (hash, type);


--
-- Name: internal_commands internal_commands_pkey; Type: CONSTRAINT; Schema: public; Owner: postgres
--

ALTER TABLE ONLY public.internal_commands
    ADD CONSTRAINT internal_commands_pkey PRIMARY KEY (id);


--
-- Name: public_keys public_keys_pkey; Type: CONSTRAINT; Schema: public; Owner: postgres
--

ALTER TABLE ONLY public.public_keys
    ADD CONSTRAINT public_keys_pkey PRIMARY KEY (id);


--
-- Name: public_keys public_keys_value_key; Type: CONSTRAINT; Schema: public; Owner: postgres
--

ALTER TABLE ONLY public.public_keys
    ADD CONSTRAINT public_keys_value_key UNIQUE (value);


--
-- Name: snarked_ledger_hashes snarked_ledger_hashes_pkey; Type: CONSTRAINT; Schema: public; Owner: postgres
--

ALTER TABLE ONLY public.snarked_ledger_hashes
    ADD CONSTRAINT snarked_ledger_hashes_pkey PRIMARY KEY (id);


--
-- Name: snarked_ledger_hashes snarked_ledger_hashes_value_key; Type: CONSTRAINT; Schema: public; Owner: postgres
--

ALTER TABLE ONLY public.snarked_ledger_hashes
    ADD CONSTRAINT snarked_ledger_hashes_value_key UNIQUE (value);


--
-- Name: timing_info timing_info_pkey; Type: CONSTRAINT; Schema: public; Owner: postgres
--

ALTER TABLE ONLY public.timing_info
    ADD CONSTRAINT timing_info_pkey PRIMARY KEY (id);


--
-- Name: user_commands user_commands_hash_key; Type: CONSTRAINT; Schema: public; Owner: postgres
--

ALTER TABLE ONLY public.user_commands
    ADD CONSTRAINT user_commands_hash_key UNIQUE (hash);


--
-- Name: user_commands user_commands_pkey; Type: CONSTRAINT; Schema: public; Owner: postgres
--

ALTER TABLE ONLY public.user_commands
    ADD CONSTRAINT user_commands_pkey PRIMARY KEY (id);


--
-- Name: idx_balances_height_seq_nos; Type: INDEX; Schema: public; Owner: postgres
--

CREATE INDEX idx_balances_height_seq_nos ON public.balances USING btree (block_height, block_sequence_no, block_secondary_sequence_no);


--
-- Name: idx_balances_id; Type: INDEX; Schema: public; Owner: postgres
--

CREATE INDEX idx_balances_id ON public.balances USING btree (id);


--
-- Name: idx_balances_public_key_id; Type: INDEX; Schema: public; Owner: postgres
--

CREATE INDEX idx_balances_public_key_id ON public.balances USING btree (public_key_id);


--
-- Name: idx_blocks_creator_id; Type: INDEX; Schema: public; Owner: postgres
--

CREATE INDEX idx_blocks_creator_id ON public.blocks USING btree (creator_id);


--
-- Name: idx_blocks_height; Type: INDEX; Schema: public; Owner: postgres
--

CREATE INDEX idx_blocks_height ON public.blocks USING btree (height);


--
-- Name: idx_blocks_id; Type: INDEX; Schema: public; Owner: postgres
--

CREATE INDEX idx_blocks_id ON public.blocks USING btree (id);


--
-- Name: idx_blocks_internal_commands_block_id; Type: INDEX; Schema: public; Owner: postgres
--

CREATE INDEX idx_blocks_internal_commands_block_id ON public.blocks_internal_commands USING btree (block_id);


--
-- Name: idx_blocks_internal_commands_internal_command_id; Type: INDEX; Schema: public; Owner: postgres
--

CREATE INDEX idx_blocks_internal_commands_internal_command_id ON public.blocks_internal_commands USING btree (internal_command_id);


--
-- Name: idx_blocks_internal_commands_receiver_balance; Type: INDEX; Schema: public; Owner: postgres
--

CREATE INDEX idx_blocks_internal_commands_receiver_balance ON public.blocks_internal_commands USING btree (receiver_balance);


--
-- Name: idx_blocks_parent_id; Type: INDEX; Schema: public; Owner: postgres
--

CREATE INDEX idx_blocks_parent_id ON public.blocks USING btree (parent_id);


--
-- Name: idx_blocks_state_hash; Type: INDEX; Schema: public; Owner: postgres
--

CREATE INDEX idx_blocks_state_hash ON public.blocks USING btree (state_hash);


--
-- Name: idx_blocks_user_commands_block_id; Type: INDEX; Schema: public; Owner: postgres
--

CREATE INDEX idx_blocks_user_commands_block_id ON public.blocks_user_commands USING btree (block_id);


--
-- Name: idx_blocks_user_commands_fee_payer_balance; Type: INDEX; Schema: public; Owner: postgres
--

CREATE INDEX idx_blocks_user_commands_fee_payer_balance ON public.blocks_user_commands USING btree (fee_payer_balance);


--
-- Name: idx_blocks_user_commands_receiver_balance; Type: INDEX; Schema: public; Owner: postgres
--

CREATE INDEX idx_blocks_user_commands_receiver_balance ON public.blocks_user_commands USING btree (receiver_balance);


--
-- Name: idx_blocks_user_commands_source_balance; Type: INDEX; Schema: public; Owner: postgres
--

CREATE INDEX idx_blocks_user_commands_source_balance ON public.blocks_user_commands USING btree (source_balance);


--
-- Name: idx_blocks_user_commands_user_command_id; Type: INDEX; Schema: public; Owner: postgres
--

CREATE INDEX idx_blocks_user_commands_user_command_id ON public.blocks_user_commands USING btree (user_command_id);


--
-- Name: idx_chain_status; Type: INDEX; Schema: public; Owner: postgres
--

CREATE INDEX idx_chain_status ON public.blocks USING btree (chain_status);


--
-- Name: idx_public_key_id; Type: INDEX; Schema: public; Owner: postgres
--

CREATE INDEX idx_public_key_id ON public.timing_info USING btree (public_key_id);


--
-- Name: idx_public_keys_id; Type: INDEX; Schema: public; Owner: postgres
--

CREATE INDEX idx_public_keys_id ON public.public_keys USING btree (id);


--
-- Name: idx_public_keys_value; Type: INDEX; Schema: public; Owner: postgres
--

CREATE INDEX idx_public_keys_value ON public.public_keys USING btree (value);


--
-- Name: idx_snarked_ledger_hashes_value; Type: INDEX; Schema: public; Owner: postgres
--

CREATE INDEX idx_snarked_ledger_hashes_value ON public.snarked_ledger_hashes USING btree (value);


--
-- Name: balances balances_block_id_fkey; Type: FK CONSTRAINT; Schema: public; Owner: postgres
--

ALTER TABLE ONLY public.balances
    ADD CONSTRAINT balances_block_id_fkey FOREIGN KEY (block_id) REFERENCES public.blocks(id) ON DELETE CASCADE;


--
-- Name: balances balances_public_key_id_fkey; Type: FK CONSTRAINT; Schema: public; Owner: postgres
--

ALTER TABLE ONLY public.balances
    ADD CONSTRAINT balances_public_key_id_fkey FOREIGN KEY (public_key_id) REFERENCES public.public_keys(id);


--
-- Name: blocks blocks_block_winner_id_fkey; Type: FK CONSTRAINT; Schema: public; Owner: postgres
--

ALTER TABLE ONLY public.blocks
    ADD CONSTRAINT blocks_block_winner_id_fkey FOREIGN KEY (block_winner_id) REFERENCES public.public_keys(id);


--
-- Name: blocks blocks_creator_id_fkey; Type: FK CONSTRAINT; Schema: public; Owner: postgres
--

ALTER TABLE ONLY public.blocks
    ADD CONSTRAINT blocks_creator_id_fkey FOREIGN KEY (creator_id) REFERENCES public.public_keys(id);


--
-- Name: blocks_internal_commands blocks_internal_commands_block_id_fkey; Type: FK CONSTRAINT; Schema: public; Owner: postgres
--

ALTER TABLE ONLY public.blocks_internal_commands
    ADD CONSTRAINT blocks_internal_commands_block_id_fkey FOREIGN KEY (block_id) REFERENCES public.blocks(id) ON DELETE CASCADE;


--
-- Name: blocks_internal_commands blocks_internal_commands_internal_command_id_fkey; Type: FK CONSTRAINT; Schema: public; Owner: postgres
--

ALTER TABLE ONLY public.blocks_internal_commands
    ADD CONSTRAINT blocks_internal_commands_internal_command_id_fkey FOREIGN KEY (internal_command_id) REFERENCES public.internal_commands(id) ON DELETE CASCADE;


--
-- Name: blocks_internal_commands blocks_internal_commands_receiver_balance_fkey; Type: FK CONSTRAINT; Schema: public; Owner: postgres
--

ALTER TABLE ONLY public.blocks_internal_commands
    ADD CONSTRAINT blocks_internal_commands_receiver_balance_fkey FOREIGN KEY (receiver_balance) REFERENCES public.balances(id) ON DELETE CASCADE;


--
-- Name: blocks blocks_next_epoch_data_id_fkey; Type: FK CONSTRAINT; Schema: public; Owner: postgres
--

ALTER TABLE ONLY public.blocks
    ADD CONSTRAINT blocks_next_epoch_data_id_fkey FOREIGN KEY (next_epoch_data_id) REFERENCES public.epoch_data(id);


--
-- Name: blocks blocks_parent_id_fkey; Type: FK CONSTRAINT; Schema: public; Owner: postgres
--

ALTER TABLE ONLY public.blocks
    ADD CONSTRAINT blocks_parent_id_fkey FOREIGN KEY (parent_id) REFERENCES public.blocks(id);


--
-- Name: blocks blocks_snarked_ledger_hash_id_fkey; Type: FK CONSTRAINT; Schema: public; Owner: postgres
--

ALTER TABLE ONLY public.blocks
    ADD CONSTRAINT blocks_snarked_ledger_hash_id_fkey FOREIGN KEY (snarked_ledger_hash_id) REFERENCES public.snarked_ledger_hashes(id);


--
-- Name: blocks blocks_staking_epoch_data_id_fkey; Type: FK CONSTRAINT; Schema: public; Owner: postgres
--

ALTER TABLE ONLY public.blocks
    ADD CONSTRAINT blocks_staking_epoch_data_id_fkey FOREIGN KEY (staking_epoch_data_id) REFERENCES public.epoch_data(id);


--
-- Name: blocks_user_commands blocks_user_commands_block_id_fkey; Type: FK CONSTRAINT; Schema: public; Owner: postgres
--

ALTER TABLE ONLY public.blocks_user_commands
    ADD CONSTRAINT blocks_user_commands_block_id_fkey FOREIGN KEY (block_id) REFERENCES public.blocks(id) ON DELETE CASCADE;


--
-- Name: blocks_user_commands blocks_user_commands_fee_payer_balance_fkey; Type: FK CONSTRAINT; Schema: public; Owner: postgres
--

ALTER TABLE ONLY public.blocks_user_commands
    ADD CONSTRAINT blocks_user_commands_fee_payer_balance_fkey FOREIGN KEY (fee_payer_balance) REFERENCES public.balances(id) ON DELETE CASCADE;


--
-- Name: blocks_user_commands blocks_user_commands_receiver_balance_fkey; Type: FK CONSTRAINT; Schema: public; Owner: postgres
--

ALTER TABLE ONLY public.blocks_user_commands
    ADD CONSTRAINT blocks_user_commands_receiver_balance_fkey FOREIGN KEY (receiver_balance) REFERENCES public.balances(id) ON DELETE CASCADE;


--
-- Name: blocks_user_commands blocks_user_commands_source_balance_fkey; Type: FK CONSTRAINT; Schema: public; Owner: postgres
--

ALTER TABLE ONLY public.blocks_user_commands
    ADD CONSTRAINT blocks_user_commands_source_balance_fkey FOREIGN KEY (source_balance) REFERENCES public.balances(id) ON DELETE CASCADE;


--
-- Name: blocks_user_commands blocks_user_commands_user_command_id_fkey; Type: FK CONSTRAINT; Schema: public; Owner: postgres
--

ALTER TABLE ONLY public.blocks_user_commands
    ADD CONSTRAINT blocks_user_commands_user_command_id_fkey FOREIGN KEY (user_command_id) REFERENCES public.user_commands(id) ON DELETE CASCADE;


--
-- Name: epoch_data epoch_data_ledger_hash_id_fkey; Type: FK CONSTRAINT; Schema: public; Owner: postgres
--

ALTER TABLE ONLY public.epoch_data
    ADD CONSTRAINT epoch_data_ledger_hash_id_fkey FOREIGN KEY (ledger_hash_id) REFERENCES public.snarked_ledger_hashes(id);


--
-- Name: internal_commands internal_commands_receiver_id_fkey; Type: FK CONSTRAINT; Schema: public; Owner: postgres
--

ALTER TABLE ONLY public.internal_commands
    ADD CONSTRAINT internal_commands_receiver_id_fkey FOREIGN KEY (receiver_id) REFERENCES public.public_keys(id);


--
-- Name: timing_info timing_info_public_key_id_fkey; Type: FK CONSTRAINT; Schema: public; Owner: postgres
--

ALTER TABLE ONLY public.timing_info
    ADD CONSTRAINT timing_info_public_key_id_fkey FOREIGN KEY (public_key_id) REFERENCES public.public_keys(id);


--
-- Name: user_commands user_commands_fee_payer_id_fkey; Type: FK CONSTRAINT; Schema: public; Owner: postgres
--

ALTER TABLE ONLY public.user_commands
    ADD CONSTRAINT user_commands_fee_payer_id_fkey FOREIGN KEY (fee_payer_id) REFERENCES public.public_keys(id);


--
-- Name: user_commands user_commands_receiver_id_fkey; Type: FK CONSTRAINT; Schema: public; Owner: postgres
--

ALTER TABLE ONLY public.user_commands
    ADD CONSTRAINT user_commands_receiver_id_fkey FOREIGN KEY (receiver_id) REFERENCES public.public_keys(id);


--
-- Name: user_commands user_commands_source_id_fkey; Type: FK CONSTRAINT; Schema: public; Owner: postgres
--

ALTER TABLE ONLY public.user_commands
    ADD CONSTRAINT user_commands_source_id_fkey FOREIGN KEY (source_id) REFERENCES public.public_keys(id);


--
-- PostgreSQL database dump complete
--

